Scenario - EJ_AudRL_CS100_delay500
Logfile written - 01/19/2021 17:02:49

Subject	Trial	Event Type	Code	Time	TTime	Uncertainty	Duration	Uncertainty	ReqTime	ReqDur	Stim Type	Pair Index

210119_RL#220_15g	0	Manual	01/19/2021 15:47:13	1052	1052	NA
210119_RL#220_15g	0	Manual	1	3614	3614	NA
210119_RL#220_15g	1	Sound	211	5010	1094	1			0		other	0
210119_RL#220_15g	1	Port Input	1	6631	2716	4
210119_RL#220_15g	1	Response	1	6631	2716	4
210119_RL#220_15g	1	Port Input	1	7638	3722	4
210119_RL#220_15g	1	Response	1	7638	3722	4
210119_RL#220_15g	1	Port Input	1	7641	3725	4
210119_RL#220_15g	1	Response	1	7641	3725	4
210119_RL#220_15g	1	Port Input	1	8096	4181	4
210119_RL#220_15g	1	Response	1	8096	4181	4
210119_RL#220_15g	2	Picture	555	9075	0	2	5159	4	0	next	false_alarm	14
210119_RL#220_15g	2	Port Input	1	9617	542	4
210119_RL#220_15g	2	Response	1	9617	542	4
210119_RL#220_15g	2	Port Input	1	11083	2008	4
210119_RL#220_15g	2	Response	1	11083	2008	4
210119_RL#220_15g	2	Port Input	1	12577	3501	4
210119_RL#220_15g	2	Response	1	12577	3501	4
210119_RL#220_15g	2	Port Input	1	14079	5003	12
210119_RL#220_15g	2	Response	1	14079	5003	12
210119_RL#220_15g	3	Picture	10	14235	0	2	1664	4	0	next	hit	23
210119_RL#220_15g	3	Port Input	1	15703	1468	4
210119_RL#220_15g	3	Response	1	15703	1468	4
210119_RL#220_15g	4	Picture	351	15899	0	2	499	4	0	next	other	0
210119_RL#220_15g	5	Picture	1	16398	0	2	20305	3	0	next	false_alarm	27
210119_RL#220_15g	5	Port Input	1	17199	801	4
210119_RL#220_15g	5	Response	1	17199	801	4
210119_RL#220_15g	5	Port Input	1	18220	1822	4
210119_RL#220_15g	5	Response	1	18220	1822	4
210119_RL#220_15g	5	Port Input	1	19452	3053	4
210119_RL#220_15g	5	Response	1	19452	3053	4
210119_RL#220_15g	5	Port Input	1	19457	3059	4
210119_RL#220_15g	5	Response	1	19457	3059	4
210119_RL#220_15g	5	Port Input	1	20585	4186	4
210119_RL#220_15g	5	Response	1	20585	4186	4
210119_RL#220_15g	5	Port Input	1	21866	5468	4
210119_RL#220_15g	5	Response	1	21866	5468	4
210119_RL#220_15g	5	Port Input	1	23169	6771	4
210119_RL#220_15g	5	Response	1	23169	6771	4
210119_RL#220_15g	5	Port Input	1	24580	8181	4
210119_RL#220_15g	5	Response	1	24580	8181	4
210119_RL#220_15g	5	Port Input	1	24585	8187	4
210119_RL#220_15g	5	Response	1	24585	8187	4
210119_RL#220_15g	5	Port Input	1	26081	9682	4
210119_RL#220_15g	5	Response	1	26081	9682	4
210119_RL#220_15g	6	Picture	3511	36704	0	1	666	1	0	next	other	0
210119_RL#220_15g	7	Picture	666	37369	0	1	20305	2	0	next	false_alarm	49
210119_RL#220_15g	7	Port Input	1	45166	7797	4
210119_RL#220_15g	7	Response	1	45166	7797	4
210119_RL#220_15g	7	Port Input	1	45170	7801	4
210119_RL#220_15g	7	Response	1	45170	7801	4
210119_RL#220_15g	8	Picture	777	57674	0	1	20303	4	0	next	other	0
210119_RL#220_15g	8	Manual	1	77686	20012	NA
210119_RL#220_15g	9	Sound	211	79010	1033	1			0		other	0
210119_RL#220_15g	9	Port Input	1	81584	3606	4
210119_RL#220_15g	9	Response	1	81584	3606	4
210119_RL#220_15g	10	Picture	555	83137	0	3	5159	6	0	next	false_alarm	59
210119_RL#220_15g	10	Port Input	1	83255	118	4
210119_RL#220_15g	10	Response	1	83255	118	4
210119_RL#220_15g	10	Port Input	1	84802	1665	5
210119_RL#220_15g	10	Response	1	84802	1665	5
210119_RL#220_15g	10	Port Input	1	86271	3134	4
210119_RL#220_15g	10	Response	1	86271	3134	4
210119_RL#220_15g	10	Port Input	1	87703	4567	3
210119_RL#220_15g	10	Response	1	87703	4567	3
210119_RL#220_15g	11	Picture	10	88296	0	3	999	6	0	next	hit	68
210119_RL#220_15g	11	Port Input	1	89042	746	5
210119_RL#220_15g	11	Response	1	89042	746	5
210119_RL#220_15g	12	Picture	351	89295	0	3	499	6	0	next	other	0
210119_RL#220_15g	13	Picture	1	89794	0	3	20139	6	0	next	false_alarm	72
210119_RL#220_15g	13	Port Input	1	90395	601	4
210119_RL#220_15g	13	Response	1	90395	601	4
210119_RL#220_15g	13	Port Input	1	91407	1613	4
210119_RL#220_15g	13	Response	1	91407	1613	4
210119_RL#220_15g	13	Port Input	1	92530	2736	4
210119_RL#220_15g	13	Response	1	92530	2736	4
210119_RL#220_15g	13	Port Input	1	93734	3940	4
210119_RL#220_15g	13	Response	1	93734	3940	4
210119_RL#220_15g	13	Port Input	1	94931	5137	4
210119_RL#220_15g	13	Response	1	94931	5137	4
210119_RL#220_15g	13	Port Input	1	96230	6436	4
210119_RL#220_15g	13	Response	1	96230	6436	4
210119_RL#220_15g	13	Port Input	1	96233	6439	4
210119_RL#220_15g	13	Response	1	96233	6439	4
210119_RL#220_15g	13	Port Input	1	97465	7671	4
210119_RL#220_15g	13	Response	1	97465	7671	4
210119_RL#220_15g	13	Port Input	1	97468	7674	4
210119_RL#220_15g	13	Response	1	97468	7674	4
210119_RL#220_15g	13	Port Input	1	98895	9101	4
210119_RL#220_15g	13	Response	1	98895	9101	4
210119_RL#220_15g	14	Picture	3511	109933	0	4	667	5	0	next	other	0
210119_RL#220_15g	15	Picture	666	110600	0	2	20134	8	0	next	false_alarm	94
210119_RL#220_15g	15	Port Input	1	114513	3913	6
210119_RL#220_15g	15	Response	1	114513	3913	6
210119_RL#220_15g	15	Port Input	1	115710	5110	4
210119_RL#220_15g	15	Response	1	115710	5110	4
210119_RL#220_15g	15	Port Input	1	115714	5114	4
210119_RL#220_15g	15	Response	1	115714	5114	4
210119_RL#220_15g	15	Port Input	1	117074	6474	4
210119_RL#220_15g	15	Response	1	117074	6474	4
210119_RL#220_15g	15	Port Input	1	117078	6478	4
210119_RL#220_15g	15	Response	1	117078	6478	4
210119_RL#220_15g	15	Port Input	1	118364	7764	5
210119_RL#220_15g	15	Response	1	118364	7764	5
210119_RL#220_15g	15	Port Input	1	118369	7768	4
210119_RL#220_15g	15	Response	1	118369	7768	4
210119_RL#220_15g	15	Port Input	1	130558	19958	5
210119_RL#220_15g	15	Response	1	130558	19958	5
210119_RL#220_15g	16	Picture	777	130734	0	7	20310	8	0	next	other	0
210119_RL#220_15g	16	Manual	2	150747	20014	NA
210119_RL#220_15g	17	Sound	212	153010	1967	1			0		other	0
210119_RL#220_15g	18	Picture	555	156369	0	1	5326	2	0	next	other	0
210119_RL#220_15g	19	Picture	10	161695	0	1	17975	2	0	next	hit	115
210119_RL#220_15g	19	Port Input	1	179303	17608	4
210119_RL#220_15g	19	Response	1	179303	17608	4
210119_RL#220_15g	20	Picture	311	179670	0	1	500	2	0	next	other	0
210119_RL#220_15g	21	Picture	444	180170	0	1	80552	4	0	next	false_alarm	119
210119_RL#220_15g	21	Port Input	1	184902	4733	4
210119_RL#220_15g	21	Response	1	184902	4733	4
210119_RL#220_15g	21	Port Input	1	184907	4738	4
210119_RL#220_15g	21	Response	1	184907	4738	4
210119_RL#220_15g	21	Port Input	1	189700	9531	4
210119_RL#220_15g	21	Response	1	189700	9531	4
210119_RL#220_15g	21	Port Input	1	200255	20085	4
210119_RL#220_15g	21	Response	1	200255	20085	4
210119_RL#220_15g	21	Port Input	1	227372	47203	5
210119_RL#220_15g	21	Response	1	227372	47203	5
210119_RL#220_15g	22	Picture	666	260722	0	4	20307	4	0	next	other	0
210119_RL#220_15g	23	Picture	777	281028	0	1	20305	2	0	next	other	0
210119_RL#220_15g	23	Manual	2	301042	20014	NA
210119_RL#220_15g	24	Sound	212	303010	1677	1			0		other	0
210119_RL#220_15g	24	Port Input	1	305220	3887	4
210119_RL#220_15g	24	Response	1	305220	3887	4
210119_RL#220_15g	25	Picture	555	306658	0	3	5326	5	0	next	other	0
210119_RL#220_15g	26	Picture	10	311983	0	3	19639	6	0	next	hit	137
210119_RL#220_15g	26	Port Input	1	331337	19354	4
210119_RL#220_15g	26	Response	1	331337	19354	4
210119_RL#220_15g	27	Picture	311	331622	0	3	499	6	0	next	other	0
210119_RL#220_15g	28	Picture	444	332122	0	3	80722	4	0	next	false_alarm	141
210119_RL#220_15g	28	Port Input	1	353572	21450	4
210119_RL#220_15g	28	Response	1	353572	21450	4
210119_RL#220_15g	29	Picture	666	412844	0	1	20303	3	0	next	false_alarm	144
210119_RL#220_15g	29	Port Input	1	417531	4687	4
210119_RL#220_15g	29	Response	1	417531	4687	4
210119_RL#220_15g	29	Port Input	1	421250	8406	4
210119_RL#220_15g	29	Response	1	421250	8406	4
210119_RL#220_15g	29	Port Input	1	421254	8410	4
210119_RL#220_15g	29	Response	1	421254	8410	4
210119_RL#220_15g	30	Picture	777	433147	0	3	20305	6	0	next	other	0
210119_RL#220_15g	30	Manual	1	453163	20016	NA
210119_RL#220_15g	31	Sound	212	455011	1559	1			0		other	0
210119_RL#220_15g	32	Picture	555	458611	0	4	5160	6	0	next	other	0
210119_RL#220_15g	33	Picture	10	463771	0	3	14646	6	0	next	hit	155
210119_RL#220_15g	33	Port Input	1	478219	14448	4
210119_RL#220_15g	33	Response	1	478219	14448	4
210119_RL#220_15g	34	Picture	311	478417	0	3	500	6	0	next	other	0
210119_RL#220_15g	35	Picture	444	478917	0	3	81053	5	0	next	false_alarm	159
210119_RL#220_15g	35	Port Input	1	484209	5292	4
210119_RL#220_15g	35	Response	1	484209	5292	4
210119_RL#220_15g	35	Port Input	1	484213	5296	4
210119_RL#220_15g	35	Response	1	484213	5296	4
210119_RL#220_15g	36	Picture	666	559970	0	3	20139	5	0	next	other	0
210119_RL#220_15g	37	Picture	777	580108	0	3	20138	6	0	next	false_alarm	165
210119_RL#220_15g	37	Port Input	1	588387	8279	5
210119_RL#220_15g	37	Response	1	588387	8279	5
210119_RL#220_15g	37	Port Input	1	588391	8283	4
210119_RL#220_15g	37	Response	1	588391	8283	4
210119_RL#220_15g	37	Port Input	1	589887	9779	4
210119_RL#220_15g	37	Response	1	589887	9779	4
210119_RL#220_15g	37	Port Input	1	591321	11212	4
210119_RL#220_15g	37	Response	1	591321	11212	4
210119_RL#220_15g	37	Port Input	1	592939	12831	4
210119_RL#220_15g	37	Response	1	592939	12831	4
210119_RL#220_15g	37	Port Input	1	594389	14281	4
210119_RL#220_15g	37	Response	1	594389	14281	4
210119_RL#220_15g	37	Port Input	1	594393	14284	5
210119_RL#220_15g	37	Response	1	594393	14284	5
210119_RL#220_15g	37	Port Input	1	595977	15869	4
210119_RL#220_15g	37	Response	1	595977	15869	4
210119_RL#220_15g	37	Port Input	1	597489	17380	4
210119_RL#220_15g	37	Response	1	597489	17380	4
210119_RL#220_15g	37	Port Input	1	598995	18886	5
210119_RL#220_15g	37	Response	1	598995	18886	5
210119_RL#220_15g	37	Manual	2	600122	20014	NA
210119_RL#220_15g	38	Sound	211	602011	1764	1			0		other	0
210119_RL#220_15g	38	Port Input	1	604470	4223	4
210119_RL#220_15g	38	Response	1	604470	4223	4
210119_RL#220_15g	38	Port Input	1	605169	4923	4
210119_RL#220_15g	38	Response	1	605169	4923	4
210119_RL#220_15g	39	Picture	555	605406	0	4	5160	7	0	next	false_alarm	192
210119_RL#220_15g	39	Port Input	1	606719	1314	4
210119_RL#220_15g	39	Response	1	606719	1314	4
210119_RL#220_15g	39	Port Input	1	608364	2958	4
210119_RL#220_15g	39	Response	1	608364	2958	4
210119_RL#220_15g	39	Port Input	1	610031	4625	4
210119_RL#220_15g	39	Response	1	610031	4625	4
210119_RL#220_15g	40	Picture	10	610566	0	4	1331	7	0	next	hit	199
210119_RL#220_15g	40	Port Input	1	611641	1076	4
210119_RL#220_15g	40	Response	1	611641	1076	4
210119_RL#220_15g	41	Picture	351	611897	0	4	500	7	0	next	other	0
210119_RL#220_15g	42	Picture	1	612396	0	3	20306	4	0	next	false_alarm	203
210119_RL#220_15g	42	Port Input	1	613095	699	4
210119_RL#220_15g	42	Response	1	613095	699	4
210119_RL#220_15g	42	Port Input	1	614100	1704	4
210119_RL#220_15g	42	Response	1	614100	1704	4
210119_RL#220_15g	42	Port Input	1	615229	2833	4
210119_RL#220_15g	42	Response	1	615229	2833	4
210119_RL#220_15g	42	Port Input	1	616429	4032	4
210119_RL#220_15g	42	Response	1	616429	4032	4
210119_RL#220_15g	42	Port Input	1	616433	4036	9
210119_RL#220_15g	42	Response	1	616433	4036	9
210119_RL#220_15g	42	Port Input	1	617687	5290	4
210119_RL#220_15g	42	Response	1	617687	5290	4
210119_RL#220_15g	42	Port Input	1	619061	6665	4
210119_RL#220_15g	42	Response	1	619061	6665	4
210119_RL#220_15g	42	Port Input	1	620456	8060	4
210119_RL#220_15g	42	Response	1	620456	8060	4
210119_RL#220_15g	42	Port Input	1	621881	9485	9
210119_RL#220_15g	42	Response	1	621881	9485	9
210119_RL#220_15g	42	Port Input	1	623330	10933	4
210119_RL#220_15g	42	Response	1	623330	10933	4
210119_RL#220_15g	42	Port Input	1	624739	12342	4
210119_RL#220_15g	42	Response	1	624739	12342	4
210119_RL#220_15g	42	Port Input	1	624742	12346	4
210119_RL#220_15g	42	Response	1	624742	12346	4
210119_RL#220_15g	43	Picture	3511	632703	0	1	666	2	0	next	other	0
210119_RL#220_15g	44	Picture	666	633368	0	1	20305	2	0	next	false_alarm	229
210119_RL#220_15g	44	Port Input	1	634653	1285	4
210119_RL#220_15g	44	Response	1	634653	1285	4
210119_RL#220_15g	44	Port Input	1	649015	15647	4
210119_RL#220_15g	44	Response	1	649015	15647	4
210119_RL#220_15g	44	Port Input	1	649019	15651	4
210119_RL#220_15g	44	Response	1	649019	15651	4
210119_RL#220_15g	45	Picture	777	653673	0	1	20303	4	0	next	false_alarm	236
210119_RL#220_15g	45	Port Input	1	671960	18287	4
210119_RL#220_15g	45	Response	1	671960	18287	4
210119_RL#220_15g	45	Port Input	1	671963	18290	4
210119_RL#220_15g	45	Response	1	671963	18290	4
210119_RL#220_15g	45	Port Input	1	673320	19647	4
210119_RL#220_15g	45	Response	1	673320	19647	4
210119_RL#220_15g	45	Manual	1	673687	20014	NA
210119_RL#220_15g	46	Sound	212	675011	1034	1			0		other	0
210119_RL#220_15g	47	Picture	555	679302	0	3	5160	6	0	next	other	0
210119_RL#220_15g	48	Picture	10	684462	0	3	20139	6	0	next	miss	0
210119_RL#220_15g	49	Picture	411	704601	0	3	832	6	0	next	other	0
210119_RL#220_15g	50	Picture	666	705432	0	4	20139	7	0	next	false_alarm	248
210119_RL#220_15g	50	Port Input	1	710614	5181	4
210119_RL#220_15g	50	Response	1	710614	5181	4
210119_RL#220_15g	50	Port Input	1	710619	5187	4
210119_RL#220_15g	50	Response	1	710619	5187	4
210119_RL#220_15g	50	Port Input	1	711961	6529	4
210119_RL#220_15g	50	Response	1	711961	6529	4
210119_RL#220_15g	50	Port Input	1	711965	6532	4
210119_RL#220_15g	50	Response	1	711965	6532	4
210119_RL#220_15g	50	Port Input	1	713510	8078	4
210119_RL#220_15g	50	Response	1	713510	8078	4
210119_RL#220_15g	50	Port Input	1	715172	9739	4
210119_RL#220_15g	50	Response	1	715172	9739	4
210119_RL#220_15g	50	Port Input	1	715175	9743	4
210119_RL#220_15g	50	Response	1	715175	9743	4
210119_RL#220_15g	50	Port Input	1	716897	11465	4
210119_RL#220_15g	50	Response	1	716897	11465	4
210119_RL#220_15g	50	Port Input	1	720158	14725	4
210119_RL#220_15g	50	Response	1	720158	14725	4
210119_RL#220_15g	51	Picture	777	725571	0	4	20306	4	0	next	other	0
210119_RL#220_15g	51	Manual	1	745585	20014	NA
210119_RL#220_15g	52	Sound	211	747011	1133	1			0		other	0
210119_RL#220_15g	52	Port Input	1	749093	3215	4
210119_RL#220_15g	52	Response	1	749093	3215	4
210119_RL#220_15g	52	Port Input	1	749096	3219	4
210119_RL#220_15g	52	Response	1	749096	3219	4
210119_RL#220_15g	52	Port Input	1	750463	4585	4
210119_RL#220_15g	52	Response	1	750463	4585	4
210119_RL#220_15g	52	Port Input	1	750466	4588	3
210119_RL#220_15g	52	Response	1	750466	4588	3
210119_RL#220_15g	53	Picture	555	751203	0	1	5326	1	0	next	false_alarm	278
210119_RL#220_15g	53	Port Input	1	751343	140	4
210119_RL#220_15g	53	Response	1	751343	140	4
210119_RL#220_15g	53	Port Input	1	751875	672	4
210119_RL#220_15g	53	Response	1	751875	672	4
210119_RL#220_15g	53	Port Input	1	753372	2168	5
210119_RL#220_15g	53	Response	1	753372	2168	5
210119_RL#220_15g	53	Port Input	1	753376	2173	4
210119_RL#220_15g	53	Response	1	753376	2173	4
210119_RL#220_15g	53	Port Input	1	754935	3731	4
210119_RL#220_15g	53	Response	1	754935	3731	4
210119_RL#220_15g	53	Port Input	1	754938	3735	4
210119_RL#220_15g	53	Response	1	754938	3735	4
210119_RL#220_15g	53	Port Input	1	756403	5200	6
210119_RL#220_15g	53	Response	1	756403	5200	6
210119_RL#220_15g	54	Picture	10	756529	0	1	1665	1	0	next	hit	293
210119_RL#220_15g	54	Port Input	1	757870	1341	5
210119_RL#220_15g	54	Response	1	757870	1341	5
210119_RL#220_15g	55	Picture	351	758194	0	1	665	2	0	next	other	0
210119_RL#220_15g	56	Picture	1	758859	0	1	20304	3	0	next	false_alarm	297
210119_RL#220_15g	56	Port Input	1	759407	548	4
210119_RL#220_15g	56	Response	1	759407	548	4
210119_RL#220_15g	56	Port Input	1	760466	1607	4
210119_RL#220_15g	56	Response	1	760466	1607	4
210119_RL#220_15g	56	Port Input	1	761515	2656	5
210119_RL#220_15g	56	Response	1	761515	2656	5
210119_RL#220_15g	56	Port Input	1	762721	3862	4
210119_RL#220_15g	56	Response	1	762721	3862	4
210119_RL#220_15g	56	Port Input	1	762724	3865	4
210119_RL#220_15g	56	Response	1	762724	3865	4
210119_RL#220_15g	56	Port Input	1	763977	5118	4
210119_RL#220_15g	56	Response	1	763977	5118	4
210119_RL#220_15g	56	Port Input	1	765334	6475	4
210119_RL#220_15g	56	Response	1	765334	6475	4
210119_RL#220_15g	56	Port Input	1	765338	6479	4
210119_RL#220_15g	56	Response	1	765338	6479	4
210119_RL#220_15g	56	Port Input	1	766759	7900	4
210119_RL#220_15g	56	Response	1	766759	7900	4
210119_RL#220_15g	56	Port Input	1	766762	7903	4
210119_RL#220_15g	56	Response	1	766762	7903	4
210119_RL#220_15g	56	Port Input	1	768128	9269	4
210119_RL#220_15g	56	Response	1	768128	9269	4
210119_RL#220_15g	57	Picture	3511	779163	0	3	666	5	0	next	other	0
210119_RL#220_15g	58	Picture	666	779829	0	2	20305	5	0	next	other	0
210119_RL#220_15g	59	Picture	777	800134	0	3	20305	5	0	next	false_alarm	322
210119_RL#220_15g	59	Port Input	1	807154	7020	6
210119_RL#220_15g	59	Response	1	807154	7020	6
210119_RL#220_15g	59	Port Input	1	807161	7027	4
210119_RL#220_15g	59	Response	1	807161	7027	4
210119_RL#220_15g	59	Manual	1	820150	20016	NA
210119_RL#220_15g	60	Sound	211	822011	1573	1			0		other	0
210119_RL#220_15g	61	Picture	555	825598	0	3	5159	6	0	next	false_alarm	329
210119_RL#220_15g	61	Port Input	1	826155	557	3
210119_RL#220_15g	61	Response	1	826155	557	3
210119_RL#220_15g	61	Port Input	1	827095	1497	4
210119_RL#220_15g	61	Response	1	827095	1497	4
210119_RL#220_15g	61	Port Input	1	828633	3035	4
210119_RL#220_15g	61	Response	1	828633	3035	4
210119_RL#220_15g	61	Port Input	1	830289	4691	5
210119_RL#220_15g	61	Response	1	830289	4691	5
210119_RL#220_15g	62	Picture	10	830757	0	3	1331	7	0	next	hit	338
210119_RL#220_15g	62	Port Input	1	831899	1142	4
210119_RL#220_15g	62	Response	1	831899	1142	4
210119_RL#220_15g	63	Picture	351	832088	0	4	500	7	0	next	other	0
210119_RL#220_15g	64	Picture	1	832588	0	3	20138	7	0	next	false_alarm	342
210119_RL#220_15g	64	Port Input	1	833709	1121	5
210119_RL#220_15g	64	Response	1	833709	1121	5
210119_RL#220_15g	64	Port Input	1	834683	2095	4
210119_RL#220_15g	64	Response	1	834683	2095	4
210119_RL#220_15g	64	Port Input	1	835800	3212	4
210119_RL#220_15g	64	Response	1	835800	3212	4
210119_RL#220_15g	64	Port Input	1	836960	4372	4
210119_RL#220_15g	64	Response	1	836960	4372	4
210119_RL#220_15g	64	Port Input	1	838244	5656	4
210119_RL#220_15g	64	Response	1	838244	5656	4
210119_RL#220_15g	64	Port Input	1	839554	6966	4
210119_RL#220_15g	64	Response	1	839554	6966	4
210119_RL#220_15g	64	Port Input	1	841004	8416	4
210119_RL#220_15g	64	Response	1	841004	8416	4
210119_RL#220_15g	65	Picture	3511	852726	0	4	666	7	0	next	other	0
210119_RL#220_15g	66	Picture	666	853392	0	4	20306	4	0	next	false_alarm	358
210119_RL#220_15g	66	Port Input	1	870764	17372	4
210119_RL#220_15g	66	Response	1	870764	17372	4
210119_RL#220_15g	66	Port Input	1	872113	18721	4
210119_RL#220_15g	66	Response	1	872113	18721	4
210119_RL#220_15g	67	Picture	777	873698	0	1	20305	2	0	next	false_alarm	365
210119_RL#220_15g	67	Port Input	1	873815	117	5
210119_RL#220_15g	67	Response	1	873815	117	5
210119_RL#220_15g	67	Port Input	1	875686	1987	4
210119_RL#220_15g	67	Response	1	875686	1987	4
210119_RL#220_15g	67	Manual	1	893711	20013	NA
210119_RL#220_15g	68	Sound	211	895011	1008	1			0		other	0
210119_RL#220_15g	68	Port Input	1	897715	3712	7
210119_RL#220_15g	68	Response	1	897715	3712	7
210119_RL#220_15g	68	Port Input	1	899152	5148	8
210119_RL#220_15g	68	Response	1	899152	5148	8
210119_RL#220_15g	69	Picture	555	899328	0	3	5326	5	0	next	false_alarm	374
210119_RL#220_15g	69	Port Input	1	900541	1213	4
210119_RL#220_15g	69	Response	1	900541	1213	4
210119_RL#220_15g	69	Port Input	1	901964	2636	4
210119_RL#220_15g	69	Response	1	901964	2636	4
210119_RL#220_15g	69	Port Input	1	903389	4061	4
210119_RL#220_15g	69	Response	1	903389	4061	4
210119_RL#220_15g	69	Port Input	1	903392	4064	4
210119_RL#220_15g	69	Response	1	903392	4064	4
210119_RL#220_15g	70	Picture	10	904654	0	3	333	5	0	next	hit	383
210119_RL#220_15g	70	Port Input	1	904769	115	4
210119_RL#220_15g	70	Response	1	904769	115	4
210119_RL#220_15g	71	Picture	351	904987	0	3	501	4	0	next	other	0
210119_RL#220_15g	72	Picture	1	905487	0	1	20304	4	0	next	false_alarm	387
210119_RL#220_15g	72	Port Input	1	906245	758	4
210119_RL#220_15g	72	Response	1	906245	758	4
210119_RL#220_15g	72	Port Input	1	907231	1744	4
210119_RL#220_15g	72	Response	1	907231	1744	4
210119_RL#220_15g	72	Port Input	1	907235	1748	5
210119_RL#220_15g	72	Response	1	907235	1748	5
210119_RL#220_15g	72	Port Input	1	908370	2882	4
210119_RL#220_15g	72	Response	1	908370	2882	4
210119_RL#220_15g	72	Port Input	1	909562	4075	4
210119_RL#220_15g	72	Response	1	909562	4075	4
210119_RL#220_15g	72	Port Input	1	909565	4078	4
210119_RL#220_15g	72	Response	1	909565	4078	4
210119_RL#220_15g	72	Port Input	1	910794	5307	4
210119_RL#220_15g	72	Response	1	910794	5307	4
210119_RL#220_15g	72	Port Input	1	912045	6558	4
210119_RL#220_15g	72	Response	1	912045	6558	4
210119_RL#220_15g	72	Port Input	1	912049	6561	4
210119_RL#220_15g	72	Response	1	912049	6561	4
210119_RL#220_15g	72	Port Input	1	913429	7942	4
210119_RL#220_15g	72	Response	1	913429	7942	4
210119_RL#220_15g	72	Port Input	1	914793	9305	4
210119_RL#220_15g	72	Response	1	914793	9305	4
210119_RL#220_15g	72	Port Input	1	914796	9309	4
210119_RL#220_15g	72	Response	1	914796	9309	4
210119_RL#220_15g	73	Picture	3511	925791	0	3	499	6	0	next	other	0
210119_RL#220_15g	74	Picture	666	926290	0	3	20139	6	0	next	false_alarm	413
210119_RL#220_15g	74	Port Input	1	932558	6268	4
210119_RL#220_15g	74	Response	1	932558	6268	4
210119_RL#220_15g	74	Port Input	1	932561	6271	4
210119_RL#220_15g	74	Response	1	932561	6271	4
210119_RL#220_15g	74	Port Input	1	934028	7738	4
210119_RL#220_15g	74	Response	1	934028	7738	4
210119_RL#220_15g	75	Picture	777	946429	0	3	20138	7	0	next	false_alarm	420
210119_RL#220_15g	75	Port Input	1	951827	5399	4
210119_RL#220_15g	75	Response	1	951827	5399	4
210119_RL#220_15g	75	Manual	2	966443	20015	NA
210119_RL#220_15g	76	Sound	212	968011	1444	1			0		other	0
210119_RL#220_15g	77	Picture	555	971727	0	4	5327	4	0	next	other	0
210119_RL#220_15g	78	Picture	10	977054	0	1	4327	2	0	next	hit	426
210119_RL#220_15g	78	Port Input	1	980976	3922	4
210119_RL#220_15g	78	Response	1	980976	3922	4
210119_RL#220_15g	79	Picture	311	981381	0	1	499	1	0	next	other	0
210119_RL#220_15g	80	Picture	444	981881	0	1	80719	4	0	next	false_alarm	430
210119_RL#220_15g	80	Port Input	1	998770	16889	4
210119_RL#220_15g	80	Response	1	998770	16889	4
210119_RL#220_15g	80	Port Input	1	999799	17918	4
210119_RL#220_15g	80	Response	1	999799	17918	4
210119_RL#220_15g	80	Port Input	1	999804	17923	4
210119_RL#220_15g	80	Response	1	999804	17923	4
210119_RL#220_15g	80	Port Input	1	1000721	18841	4
210119_RL#220_15g	80	Response	1	1000721	18841	4
210119_RL#220_15g	80	Port Input	1	1004270	22390	8
210119_RL#220_15g	80	Response	1	1004270	22390	8
210119_RL#220_15g	80	Port Input	1	1006073	24192	4
210119_RL#220_15g	80	Response	1	1006073	24192	4
210119_RL#220_15g	80	Port Input	1	1006081	24200	4
210119_RL#220_15g	80	Response	1	1006081	24200	4
210119_RL#220_15g	80	Port Input	1	1006085	24204	3
210119_RL#220_15g	80	Response	1	1006085	24204	3
210119_RL#220_15g	80	Port Input	1	1007339	25459	4
210119_RL#220_15g	80	Response	1	1007339	25459	4
210119_RL#220_15g	80	Port Input	1	1007719	25839	4
210119_RL#220_15g	80	Response	1	1007719	25839	4
210119_RL#220_15g	80	Port Input	1	1011495	29614	4
210119_RL#220_15g	80	Response	1	1011495	29614	4
210119_RL#220_15g	80	Port Input	1	1022140	40259	4
210119_RL#220_15g	80	Response	1	1022140	40259	4
210119_RL#220_15g	80	Port Input	1	1022146	40265	4
210119_RL#220_15g	80	Response	1	1022146	40265	4
210119_RL#220_15g	80	Port Input	1	1026273	44392	4
210119_RL#220_15g	80	Response	1	1026273	44392	4
210119_RL#220_15g	80	Port Input	1	1035972	54091	4
210119_RL#220_15g	80	Response	1	1035972	54091	4
210119_RL#220_15g	80	Port Input	1	1036042	54161	4
210119_RL#220_15g	80	Response	1	1036042	54161	4
210119_RL#220_15g	80	Port Input	1	1040313	58432	4
210119_RL#220_15g	80	Response	1	1040313	58432	4
210119_RL#220_15g	80	Port Input	1	1047083	65203	5
210119_RL#220_15g	80	Response	1	1047083	65203	5
210119_RL#220_15g	80	Port Input	1	1047090	65209	4
210119_RL#220_15g	80	Response	1	1047090	65209	4
210119_RL#220_15g	81	Picture	666	1062599	0	3	20138	6	0	next	false_alarm	469
210119_RL#220_15g	81	Port Input	1	1067382	4782	4
210119_RL#220_15g	81	Response	1	1067382	4782	4
210119_RL#220_15g	81	Port Input	1	1069058	6459	4
210119_RL#220_15g	81	Response	1	1069058	6459	4
210119_RL#220_15g	81	Port Input	1	1069062	6462	4
210119_RL#220_15g	81	Response	1	1069062	6462	4
210119_RL#220_15g	81	Port Input	1	1070408	7808	4
210119_RL#220_15g	81	Response	1	1070408	7808	4
210119_RL#220_15g	81	Port Input	1	1071867	9268	5
210119_RL#220_15g	81	Response	1	1071867	9268	5
210119_RL#220_15g	81	Port Input	1	1077298	14699	4
210119_RL#220_15g	81	Response	1	1077298	14699	4
210119_RL#220_15g	81	Port Input	1	1077301	14702	4
210119_RL#220_15g	81	Response	1	1077301	14702	4
210119_RL#220_15g	81	Port Input	1	1078511	15912	4
210119_RL#220_15g	81	Response	1	1078511	15912	4
210119_RL#220_15g	81	Port Input	1	1078515	15915	4
210119_RL#220_15g	81	Response	1	1078515	15915	4
210119_RL#220_15g	81	Port Input	1	1081381	18781	3
210119_RL#220_15g	81	Response	1	1081381	18781	3
210119_RL#220_15g	81	Port Input	1	1081385	18786	4
210119_RL#220_15g	81	Response	1	1081385	18786	4
210119_RL#220_15g	82	Picture	777	1082738	0	4	20306	4	0	next	false_alarm	492
210119_RL#220_15g	82	Port Input	1	1087496	4759	4
210119_RL#220_15g	82	Response	1	1087496	4759	4
210119_RL#220_15g	82	Manual	1	1102750	20013	NA
210119_RL#220_15g	83	Sound	212	1105011	1967	1			0		other	0
210119_RL#220_15g	84	Picture	555	1108370	0	1	5326	1	0	next	other	0
210119_RL#220_15g	85	Picture	10	1113696	0	1	20305	2	0	next	miss	0
210119_RL#220_15g	86	Picture	411	1134001	0	1	666	2	0	next	other	0
210119_RL#220_15g	87	Picture	666	1134667	0	1	20303	3	0	next	false_alarm	500
210119_RL#220_15g	87	Port Input	1	1142499	7832	4
210119_RL#220_15g	87	Response	1	1142499	7832	4
210119_RL#220_15g	88	Picture	777	1154970	0	3	20305	6	0	next	other	0
210119_RL#220_15g	88	Manual	1	1174988	20018	NA
210119_RL#220_15g	89	Sound	212	1177011	1736	1			0		other	0
210119_RL#220_15g	90	Picture	555	1180434	0	3	5160	6	0	next	other	0
210119_RL#220_15g	91	Picture	10	1185594	0	3	20139	6	0	next	miss	0
210119_RL#220_15g	92	Picture	411	1205733	0	4	832	6	0	next	other	0
210119_RL#220_15g	93	Picture	666	1206565	0	3	20306	4	0	next	other	0
210119_RL#220_15g	94	Picture	777	1226871	0	1	20305	2	0	next	other	0
210119_RL#220_15g	94	Manual	2	1246883	20013	NA
210119_RL#220_15g	95	Sound	212	1249011	1836	1			0		other	0
210119_RL#220_15g	95	Port Input	1	1249824	2648	4
210119_RL#220_15g	95	Response	1	1249824	2648	4
210119_RL#220_15g	95	Port Input	1	1251338	4162	5
210119_RL#220_15g	95	Response	1	1251338	4162	5
210119_RL#220_15g	96	Picture	555	1252502	0	1	5325	4	0	next	other	0
210119_RL#220_15g	97	Picture	10	1257826	0	3	20305	6	0	next	miss	0
210119_RL#220_15g	98	Picture	411	1278131	0	3	666	6	0	next	other	0
210119_RL#220_15g	99	Picture	666	1278796	0	3	20139	6	0	next	other	0
210119_RL#220_15g	100	Picture	777	1298935	0	3	20139	6	0	next	false_alarm	521
210119_RL#220_15g	100	Port Input	1	1300638	1703	4
210119_RL#220_15g	100	Response	1	1300638	1703	4
210119_RL#220_15g	100	Port Input	1	1303360	4424	4
210119_RL#220_15g	100	Response	1	1303360	4424	4
210119_RL#220_15g	100	Port Input	1	1303363	4428	4
210119_RL#220_15g	100	Response	1	1303363	4428	4
210119_RL#220_15g	100	Port Input	1	1304842	5906	3
210119_RL#220_15g	100	Response	1	1304842	5906	3
210119_RL#220_15g	100	Manual	1	1318948	20013	NA
210119_RL#220_15g	101	Sound	211	1321012	1938	1			0		other	0
210119_RL#220_15g	101	Port Input	1	1323368	4295	4
210119_RL#220_15g	101	Response	1	1323368	4295	4
210119_RL#220_15g	102	Picture	555	1324233	0	4	5159	7	0	next	false_alarm	534
210119_RL#220_15g	102	Port Input	1	1325107	873	4
210119_RL#220_15g	102	Response	1	1325107	873	4
210119_RL#220_15g	102	Port Input	1	1326470	2237	4
210119_RL#220_15g	102	Response	1	1326470	2237	4
210119_RL#220_15g	102	Port Input	1	1327992	3759	4
210119_RL#220_15g	102	Response	1	1327992	3759	4
210119_RL#220_15g	103	Picture	10	1329393	0	4	7824	4	0	next	hit	541
210119_RL#220_15g	103	Port Input	1	1336873	7480	4
210119_RL#220_15g	103	Response	1	1336873	7480	4
210119_RL#220_15g	103	Port Input	1	1336876	7484	4
210119_RL#220_15g	103	Response	1	1336876	7484	4
210119_RL#220_15g	104	Picture	351	1337217	0	1	499	1	0	next	other	0
210119_RL#220_15g	105	Picture	1	1337716	0	1	20305	1	0	next	false_alarm	547
210119_RL#220_15g	105	Port Input	1	1338508	792	4
210119_RL#220_15g	105	Response	1	1338508	792	4
210119_RL#220_15g	105	Port Input	1	1339520	1804	4
210119_RL#220_15g	105	Response	1	1339520	1804	4
210119_RL#220_15g	105	Port Input	1	1340656	2940	5
210119_RL#220_15g	105	Response	1	1340656	2940	5
210119_RL#220_15g	105	Port Input	1	1340660	2944	4
210119_RL#220_15g	105	Response	1	1340660	2944	4
210119_RL#220_15g	105	Port Input	1	1341877	4162	3
210119_RL#220_15g	105	Response	1	1341877	4162	3
210119_RL#220_15g	105	Port Input	1	1343101	5385	4
210119_RL#220_15g	105	Response	1	1343101	5385	4
210119_RL#220_15g	105	Port Input	1	1343105	5389	4
210119_RL#220_15g	105	Response	1	1343105	5389	4
210119_RL#220_15g	105	Port Input	1	1344467	6751	4
210119_RL#220_15g	105	Response	1	1344467	6751	4
210119_RL#220_15g	105	Port Input	1	1344470	6754	4
210119_RL#220_15g	105	Response	1	1344470	6754	4
210119_RL#220_15g	105	Port Input	1	1345937	8221	4
210119_RL#220_15g	105	Response	1	1345937	8221	4
210119_RL#220_15g	105	Port Input	1	1347425	9709	4
210119_RL#220_15g	105	Response	1	1347425	9709	4
210119_RL#220_15g	105	Port Input	1	1348961	11245	4
210119_RL#220_15g	105	Response	1	1348961	11245	4
210119_RL#220_15g	105	Port Input	1	1348967	11251	4
210119_RL#220_15g	105	Response	1	1348967	11251	4
210119_RL#220_15g	106	Picture	3511	1358021	0	1	666	1	0	next	other	0
210119_RL#220_15g	107	Picture	666	1358686	0	1	20304	3	0	next	false_alarm	575
210119_RL#220_15g	107	Port Input	1	1364914	6228	4
210119_RL#220_15g	107	Response	1	1364914	6228	4
210119_RL#220_15g	107	Port Input	1	1364919	6233	3
210119_RL#220_15g	107	Response	1	1364919	6233	3
210119_RL#220_15g	108	Picture	777	1378990	0	3	20305	5	0	next	other	0
210119_RL#220_15g	108	Manual	2	1399006	20016	NA
210119_RL#220_15g	109	Sound	211	1401012	1717	1			0		other	0
210119_RL#220_15g	109	Port Input	1	1403654	4359	5
210119_RL#220_15g	109	Response	1	1403654	4359	5
210119_RL#220_15g	110	Picture	555	1404454	0	3	5159	6	0	next	false_alarm	585
210119_RL#220_15g	110	Port Input	1	1405191	737	5
210119_RL#220_15g	110	Response	1	1405191	737	5
210119_RL#220_15g	110	Port Input	1	1406790	2335	4
210119_RL#220_15g	110	Response	1	1406790	2335	4
210119_RL#220_15g	110	Port Input	1	1406793	2339	4
210119_RL#220_15g	110	Response	1	1406793	2339	4
210119_RL#220_15g	110	Port Input	1	1408505	4050	6
210119_RL#220_15g	110	Response	1	1408505	4050	6
210119_RL#220_15g	111	Picture	10	1409613	0	4	1165	7	0	next	hit	594
210119_RL#220_15g	111	Port Input	1	1410573	960	4
210119_RL#220_15g	111	Response	1	1410573	960	4
210119_RL#220_15g	112	Picture	351	1410779	0	3	499	6	0	next	other	0
210119_RL#220_15g	113	Picture	1	1411278	0	3	20138	7	0	next	false_alarm	598
210119_RL#220_15g	113	Port Input	1	1411907	629	4
210119_RL#220_15g	113	Response	1	1411907	629	4
210119_RL#220_15g	113	Port Input	1	1414233	2955	4
210119_RL#220_15g	113	Response	1	1414233	2955	4
210119_RL#220_15g	113	Port Input	1	1414241	2963	4
210119_RL#220_15g	113	Response	1	1414241	2963	4
210119_RL#220_15g	113	Port Input	1	1415088	3810	4
210119_RL#220_15g	113	Response	1	1415088	3810	4
210119_RL#220_15g	113	Port Input	1	1416345	5067	4
210119_RL#220_15g	113	Response	1	1416345	5067	4
210119_RL#220_15g	113	Port Input	1	1420509	9231	5
210119_RL#220_15g	113	Response	1	1420509	9231	5
210119_RL#220_15g	114	Picture	3511	1431416	0	4	668	5	0	next	other	0
210119_RL#220_15g	115	Picture	666	1432084	0	2	20305	2	0	next	other	0
210119_RL#220_15g	116	Picture	777	1452389	0	1	20305	1	0	next	other	0
210119_RL#220_15g	116	Manual	2	1472407	20019	NA
210119_RL#220_15g	117	Sound	211	1474012	1318	1			0		other	0
210119_RL#220_15g	117	Port Input	1	1477763	5069	5
210119_RL#220_15g	117	Response	1	1477763	5069	5
210119_RL#220_15g	118	Picture	555	1478019	0	1	5326	1	0	next	false_alarm	618
210119_RL#220_15g	118	Port Input	1	1479331	1311	3
210119_RL#220_15g	118	Response	1	1479331	1311	3
210119_RL#220_15g	118	Port Input	1	1479333	1314	5
210119_RL#220_15g	118	Response	1	1479333	1314	5
210119_RL#220_15g	118	Port Input	1	1480901	2881	4
210119_RL#220_15g	118	Response	1	1480901	2881	4
210119_RL#220_15g	118	Port Input	1	1482580	4560	4
210119_RL#220_15g	118	Response	1	1482580	4560	4
210119_RL#220_15g	119	Picture	10	1483345	0	1	999	2	0	next	hit	627
210119_RL#220_15g	119	Port Input	1	1484096	751	4
210119_RL#220_15g	119	Response	1	1484096	751	4
210119_RL#220_15g	120	Picture	351	1484344	0	1	500	2	0	next	other	0
210119_RL#220_15g	121	Picture	1	1484843	0	1	20303	3	0	next	false_alarm	631
210119_RL#220_15g	121	Port Input	1	1485826	982	4
210119_RL#220_15g	121	Response	1	1485826	982	4
210119_RL#220_15g	121	Port Input	1	1486882	2039	4
210119_RL#220_15g	121	Response	1	1486882	2039	4
210119_RL#220_15g	121	Port Input	1	1486885	2042	4
210119_RL#220_15g	121	Response	1	1486885	2042	4
210119_RL#220_15g	121	Port Input	1	1488070	3227	4
210119_RL#220_15g	121	Response	1	1488070	3227	4
210119_RL#220_15g	121	Port Input	1	1489298	4455	4
210119_RL#220_15g	121	Response	1	1489298	4455	4
210119_RL#220_15g	121	Port Input	1	1490603	5760	4
210119_RL#220_15g	121	Response	1	1490603	5760	4
210119_RL#220_15g	121	Port Input	1	1491982	7138	4
210119_RL#220_15g	121	Response	1	1491982	7138	4
210119_RL#220_15g	121	Port Input	1	1491986	7142	5
210119_RL#220_15g	121	Response	1	1491986	7142	5
210119_RL#220_15g	121	Port Input	1	1493340	8497	4
210119_RL#220_15g	121	Response	1	1493340	8497	4
210119_RL#220_15g	121	Port Input	1	1494817	9974	4
210119_RL#220_15g	121	Response	1	1494817	9974	4
210119_RL#220_15g	121	Port Input	1	1504151	19307	4
210119_RL#220_15g	121	Response	1	1504151	19307	4
210119_RL#220_15g	121	Port Input	1	1504156	19313	4
210119_RL#220_15g	121	Response	1	1504156	19313	4
210119_RL#220_15g	122	Picture	3511	1505147	0	3	499	5	0	next	other	0
210119_RL#220_15g	123	Picture	666	1505646	0	3	20305	6	0	next	false_alarm	657
210119_RL#220_15g	123	Port Input	1	1506676	1031	4
210119_RL#220_15g	123	Response	1	1506676	1031	4
210119_RL#220_15g	123	Port Input	1	1506680	1034	4
210119_RL#220_15g	123	Response	1	1506680	1034	4
210119_RL#220_15g	124	Picture	777	1525951	0	3	20139	6	0	next	other	0
210119_RL#220_15g	124	Manual	2	1545966	20015	NA
210119_RL#220_15g	125	Sound	212	1548012	1923	1			0		other	0
210119_RL#220_15g	126	Picture	555	1551249	0	3	5159	7	0	next	other	0
210119_RL#220_15g	127	Picture	10	1556408	0	4	20307	4	0	next	miss	0
210119_RL#220_15g	128	Picture	411	1576715	0	1	999	2	0	next	other	0
210119_RL#220_15g	129	Picture	666	1577713	0	1	20305	1	0	next	other	0
210119_RL#220_15g	130	Picture	777	1598018	0	1	20303	3	0	next	other	0
210119_RL#220_15g	130	Manual	2	1618031	20013	NA
210119_RL#220_15g	131	Sound	212	1620012	1691	1			0		other	0
210119_RL#220_15g	132	Picture	555	1623648	0	3	5326	5	0	next	other	0
210119_RL#220_15g	133	Picture	10	1628973	0	3	20138	5	0	next	miss	0
210119_RL#220_15g	134	Picture	411	1649112	0	3	1000	4	0	next	other	0
210119_RL#220_15g	135	Picture	666	1650112	0	2	20137	5	0	next	other	0
210119_RL#220_15g	136	Picture	777	1670249	0	4	20306	5	0	next	other	0
210119_RL#220_15g	136	Manual	1	1690263	20014	NA
210119_RL#220_15g	137	Sound	211	1692012	1457	1			0		other	0
210119_RL#220_15g	138	Picture	555	1695881	0	1	5326	2	0	next	false_alarm	679
210119_RL#220_15g	138	Port Input	1	1698660	2780	4
210119_RL#220_15g	138	Response	1	1698660	2780	4
210119_RL#220_15g	138	Port Input	1	1698664	2783	4
210119_RL#220_15g	138	Response	1	1698664	2783	4
210119_RL#220_15g	138	Port Input	1	1700337	4456	4
210119_RL#220_15g	138	Response	1	1700337	4456	4
210119_RL#220_15g	138	Port Input	1	1700342	4461	4
210119_RL#220_15g	138	Response	1	1700342	4461	4
210119_RL#220_15g	139	Picture	10	1701207	0	1	1165	2	0	next	hit	688
210119_RL#220_15g	139	Port Input	1	1702085	879	4
210119_RL#220_15g	139	Response	1	1702085	879	4
210119_RL#220_15g	140	Picture	351	1702372	0	1	500	2	0	next	other	0
210119_RL#220_15g	141	Picture	1	1702871	0	1	20305	2	0	next	false_alarm	692
210119_RL#220_15g	141	Port Input	1	1703997	1126	4
210119_RL#220_15g	141	Response	1	1703997	1126	4
210119_RL#220_15g	141	Port Input	1	1705058	2187	4
210119_RL#220_15g	141	Response	1	1705058	2187	4
210119_RL#220_15g	141	Port Input	1	1706158	3287	4
210119_RL#220_15g	141	Response	1	1706158	3287	4
210119_RL#220_15g	141	Port Input	1	1706162	3291	4
210119_RL#220_15g	141	Response	1	1706162	3291	4
210119_RL#220_15g	141	Port Input	1	1707346	4474	4
210119_RL#220_15g	141	Response	1	1707346	4474	4
210119_RL#220_15g	141	Port Input	1	1707350	4478	4
210119_RL#220_15g	141	Response	1	1707350	4478	4
210119_RL#220_15g	141	Port Input	1	1708609	5737	4
210119_RL#220_15g	141	Response	1	1708609	5737	4
210119_RL#220_15g	142	Picture	3511	1723176	0	1	666	2	0	next	other	0
210119_RL#220_15g	143	Picture	666	1723842	0	1	20303	3	0	next	false_alarm	708
210119_RL#220_15g	143	Port Input	1	1724172	330	3
210119_RL#220_15g	143	Response	1	1724172	330	3
210119_RL#220_15g	144	Picture	777	1744145	0	3	20305	6	0	next	other	0
210119_RL#220_15g	144	Manual	2	1764163	20017	NA
210119_RL#220_15g	145	Sound	211	1766012	1562	1			0		other	0
210119_RL#220_15g	146	Picture	555	1769610	0	3	5159	6	0	next	false_alarm	714
210119_RL#220_15g	146	Port Input	1	1770210	600	4
210119_RL#220_15g	146	Response	1	1770210	600	4
210119_RL#220_15g	146	Port Input	1	1771683	2073	4
210119_RL#220_15g	146	Response	1	1771683	2073	4
210119_RL#220_15g	146	Port Input	1	1772627	3016	4
210119_RL#220_15g	146	Response	1	1772627	3016	4
210119_RL#220_15g	146	Port Input	1	1773154	3544	4
210119_RL#220_15g	146	Response	1	1773154	3544	4
210119_RL#220_15g	146	Port Input	1	1774687	5076	5
210119_RL#220_15g	146	Response	1	1774687	5076	5
210119_RL#220_15g	147	Picture	10	1774769	0	3	1664	6	0	next	hit	725
210119_RL#220_15g	147	Port Input	1	1776152	1383	4
210119_RL#220_15g	147	Response	1	1776152	1383	4
210119_RL#220_15g	148	Picture	351	1776434	0	4	499	7	0	next	other	0
210119_RL#220_15g	149	Picture	1	1776932	0	4	20139	7	0	next	false_alarm	729
210119_RL#220_15g	149	Port Input	1	1777592	660	3
210119_RL#220_15g	149	Response	1	1777592	660	3
210119_RL#220_15g	149	Port Input	1	1778598	1666	4
210119_RL#220_15g	149	Response	1	1778598	1666	4
210119_RL#220_15g	149	Port Input	1	1779715	2783	4
210119_RL#220_15g	149	Response	1	1779715	2783	4
210119_RL#220_15g	149	Port Input	1	1780911	3978	4
210119_RL#220_15g	149	Response	1	1780911	3978	4
210119_RL#220_15g	149	Port Input	1	1780914	3982	4
210119_RL#220_15g	149	Response	1	1780914	3982	4
210119_RL#220_15g	149	Port Input	1	1782132	5199	4
210119_RL#220_15g	149	Response	1	1782132	5199	4
210119_RL#220_15g	149	Port Input	1	1783446	6514	4
210119_RL#220_15g	149	Response	1	1783446	6514	4
210119_RL#220_15g	149	Port Input	1	1784852	7920	4
210119_RL#220_15g	149	Response	1	1784852	7920	4
210119_RL#220_15g	149	Port Input	1	1784856	7923	4
210119_RL#220_15g	149	Response	1	1784856	7923	4
210119_RL#220_15g	150	Picture	3511	1797071	0	4	665	7	0	next	other	0
210119_RL#220_15g	151	Picture	666	1797737	0	4	20307	5	0	next	false_alarm	749
210119_RL#220_15g	151	Port Input	1	1803765	6028	4
210119_RL#220_15g	151	Response	1	1803765	6028	4
210119_RL#220_15g	151	Port Input	1	1805016	7279	4
210119_RL#220_15g	151	Response	1	1805016	7279	4
210119_RL#220_15g	151	Port Input	1	1805019	7283	4
210119_RL#220_15g	151	Response	1	1805019	7283	4
210119_RL#220_15g	152	Picture	777	1818043	0	1	20305	2	0	next	other	0
210119_RL#220_15g	152	Manual	2	1838055	20011	NA
210119_RL#220_15g	153	Sound	211	1840012	1664	1			0		other	0
210119_RL#220_15g	154	Picture	555	1843674	0	1	5326	1	0	next	false_alarm	759
210119_RL#220_15g	154	Port Input	1	1844296	622	5
210119_RL#220_15g	154	Response	1	1844296	622	5
210119_RL#220_15g	154	Port Input	1	1846115	2441	4
210119_RL#220_15g	154	Response	1	1846115	2441	4
210119_RL#220_15g	154	Port Input	1	1847654	3980	5
210119_RL#220_15g	154	Response	1	1847654	3980	5
210119_RL#220_15g	155	Picture	10	1849000	0	1	499	1	0	next	hit	766
210119_RL#220_15g	155	Port Input	1	1849304	304	3
210119_RL#220_15g	155	Response	1	1849304	304	3
210119_RL#220_15g	155	Port Input	1	1849307	306	4
210119_RL#220_15g	155	Response	1	1849307	306	4
210119_RL#220_15g	156	Picture	351	1849500	0	1	498	3	0	next	other	0
210119_RL#220_15g	157	Picture	1	1849998	0	2	20304	5	0	next	false_alarm	772
210119_RL#220_15g	157	Port Input	1	1851026	1028	3
210119_RL#220_15g	157	Response	1	1851026	1028	3
210119_RL#220_15g	157	Port Input	1	1852040	2043	4
210119_RL#220_15g	157	Response	1	1852040	2043	4
210119_RL#220_15g	157	Port Input	1	1853198	3200	4
210119_RL#220_15g	157	Response	1	1853198	3200	4
210119_RL#220_15g	157	Port Input	1	1853201	3204	4
210119_RL#220_15g	157	Response	1	1853201	3204	4
210119_RL#220_15g	157	Port Input	1	1854403	4405	4
210119_RL#220_15g	157	Response	1	1854403	4405	4
210119_RL#220_15g	157	Port Input	1	1855614	5616	4
210119_RL#220_15g	157	Response	1	1855614	5616	4
210119_RL#220_15g	157	Port Input	1	1855617	5620	4
210119_RL#220_15g	157	Response	1	1855617	5620	4
210119_RL#220_15g	157	Port Input	1	1856452	6454	4
210119_RL#220_15g	157	Response	1	1856452	6454	4
210119_RL#220_15g	157	Port Input	1	1856954	6956	4
210119_RL#220_15g	157	Response	1	1856954	6956	4
210119_RL#220_15g	157	Port Input	1	1858382	8385	4
210119_RL#220_15g	157	Response	1	1858382	8385	4
210119_RL#220_15g	157	Port Input	1	1858385	8388	4
210119_RL#220_15g	157	Response	1	1858385	8388	4
210119_RL#220_15g	157	Port Input	1	1859731	9733	4
210119_RL#220_15g	157	Response	1	1859731	9733	4
210119_RL#220_15g	158	Picture	3511	1870302	0	3	499	6	0	next	other	0
210119_RL#220_15g	159	Picture	666	1870801	0	3	20139	6	0	next	false_alarm	798
210119_RL#220_15g	159	Port Input	1	1881165	10364	4
210119_RL#220_15g	159	Response	1	1881165	10364	4
210119_RL#220_15g	159	Port Input	1	1881171	10369	4
210119_RL#220_15g	159	Response	1	1881171	10369	4
210119_RL#220_15g	159	Port Input	1	1882721	11920	4
210119_RL#220_15g	159	Response	1	1882721	11920	4
210119_RL#220_15g	159	Port Input	1	1882725	11924	4
210119_RL#220_15g	159	Response	1	1882725	11924	4
210119_RL#220_15g	159	Port Input	1	1884888	14086	4
210119_RL#220_15g	159	Response	1	1884888	14086	4
210119_RL#220_15g	159	Port Input	1	1884895	14094	4
210119_RL#220_15g	159	Response	1	1884895	14094	4
210119_RL#220_15g	159	Port Input	1	1885605	14804	4
210119_RL#220_15g	159	Response	1	1885605	14804	4
210119_RL#220_15g	159	Port Input	1	1885711	14909	4
210119_RL#220_15g	159	Response	1	1885711	14909	4
210119_RL#220_15g	160	Picture	777	1890940	0	4	20138	7	0	next	other	0
210119_RL#220_15g	160	Manual	1	1910952	20012	NA
210119_RL#220_15g	161	Sound	212	1913012	1934	1			0		other	0
210119_RL#220_15g	162	Picture	555	1916238	0	4	5159	7	0	next	other	0
210119_RL#220_15g	163	Picture	10	1921397	0	4	19142	4	0	next	hit	819
210119_RL#220_15g	163	Port Input	1	1940279	18882	4
210119_RL#220_15g	163	Response	1	1940279	18882	4
210119_RL#220_15g	163	Port Input	1	1940283	18885	4
210119_RL#220_15g	163	Response	1	1940283	18885	4
210119_RL#220_15g	164	Picture	311	1940539	0	1	499	2	0	next	other	0
210119_RL#220_15g	165	Picture	444	1941038	0	1	80719	4	0	next	other	0
210119_RL#220_15g	166	Picture	666	2021757	0	4	20138	7	0	next	other	0
210119_RL#220_15g	167	Picture	777	2041895	0	4	20306	4	0	next	other	0
210119_RL#220_15g	167	Manual	1	2061911	20015	NA
210119_RL#220_15g	168	Sound	212	2064012	1811	1			0		other	0
210119_RL#220_15g	169	Picture	555	2067528	0	1	5326	1	0	next	other	0
210119_RL#220_15g	170	Picture	10	2072853	0	1	20304	3	0	next	miss	0
210119_RL#220_15g	171	Picture	411	2093157	0	3	666	5	0	next	other	0
210119_RL#220_15g	172	Picture	666	2093823	0	3	20304	6	0	next	other	0
210119_RL#220_15g	173	Picture	777	2114127	0	4	20139	6	0	next	other	0
210119_RL#220_15g	173	Manual	2	2134143	20016	NA
210119_RL#220_15g	174	Sound	211	2136012	1746	1			0		other	0
210119_RL#220_15g	175	Picture	555	2139426	0	3	5160	6	0	next	other	0
210119_RL#220_15g	175	Port Input	1	2139490	64	6
210119_RL#220_15g	175	Response	1	2139490	64	6
210119_RL#220_15g	176	Picture	10	2144585	0	3	20306	4	0	next	miss	0
210119_RL#220_15g	177	Picture	451	2164891	0	1	832	1	0	next	other	0
210119_RL#220_15g	178	Picture	666	2165723	0	1	20305	1	0	next	false_alarm	842
210119_RL#220_15g	178	Port Input	1	2167498	1774	4
210119_RL#220_15g	178	Response	1	2167498	1774	4
210119_RL#220_15g	179	Picture	777	2186028	0	1	20305	1	0	next	other	0
210119_RL#220_15g	179	Manual	1	2206041	20013	NA
210119_RL#220_15g	180	Sound	212	2208013	1679	1			0		other	0
210119_RL#220_15g	181	Picture	555	2211658	0	3	5326	5	0	next	other	0
210119_RL#220_15g	182	Picture	10	2216984	0	3	20305	5	0	next	miss	0
210119_RL#220_15g	183	Picture	411	2237289	0	3	665	6	0	next	other	0
210119_RL#220_15g	184	Picture	666	2237954	0	4	20139	6	0	next	other	0
210119_RL#220_15g	185	Picture	777	2258093	0	3	20139	6	0	next	other	0
210119_RL#220_15g	185	Manual	2	2278106	20013	NA
210119_RL#220_15g	186	Sound	212	2280013	1781	1			0		other	0
210119_RL#220_15g	187	Picture	555	2283559	0	1	5326	2	0	next	other	0
210119_RL#220_15g	188	Picture	10	2288884	0	1	20305	2	0	next	miss	0
210119_RL#220_15g	189	Picture	411	2309189	0	1	832	1	0	next	other	0
210119_RL#220_15g	190	Picture	666	2310021	0	1	20304	3	0	next	other	0
210119_RL#220_15g	191	Picture	777	2330325	0	3	20305	5	0	next	other	0
210119_RL#220_15g	191	Manual	1	2350341	20016	NA
210119_RL#220_15g	192	Sound	211	2352013	1383	1			0		other	0
210119_RL#220_15g	192	Port Input	1	2355179	4550	4
210119_RL#220_15g	192	Response	1	2355179	4550	4
210119_RL#220_15g	193	Picture	555	2355789	0	3	5160	6	0	next	false_alarm	864
210119_RL#220_15g	193	Port Input	1	2356728	939	4
210119_RL#220_15g	193	Response	1	2356728	939	4
210119_RL#220_15g	193	Port Input	1	2356732	942	4
210119_RL#220_15g	193	Response	1	2356732	942	4
210119_RL#220_15g	193	Port Input	1	2358378	2589	5
210119_RL#220_15g	193	Response	1	2358378	2589	5
210119_RL#220_15g	193	Port Input	1	2359953	4164	4
210119_RL#220_15g	193	Response	1	2359953	4164	4
210119_RL#220_15g	193	Port Input	1	2359956	4167	5
210119_RL#220_15g	193	Response	1	2359956	4167	5
210119_RL#220_15g	194	Picture	10	2360949	0	3	666	6	0	next	hit	875
210119_RL#220_15g	194	Port Input	1	2361464	515	4
210119_RL#220_15g	194	Response	1	2361464	515	4
210119_RL#220_15g	195	Picture	351	2361615	0	3	499	6	0	next	other	0
210119_RL#220_15g	196	Picture	1	2362114	0	3	20139	6	0	next	false_alarm	879
210119_RL#220_15g	196	Port Input	1	2362842	728	3
210119_RL#220_15g	196	Response	1	2362842	728	3
210119_RL#220_15g	196	Port Input	1	2363861	1747	3
210119_RL#220_15g	196	Response	1	2363861	1747	3
210119_RL#220_15g	196	Port Input	1	2364991	2877	4
210119_RL#220_15g	196	Response	1	2364991	2877	4
210119_RL#220_15g	196	Port Input	1	2366211	4098	4
210119_RL#220_15g	196	Response	1	2366211	4098	4
210119_RL#220_15g	196	Port Input	1	2366215	4102	4
210119_RL#220_15g	196	Response	1	2366215	4102	4
210119_RL#220_15g	196	Port Input	1	2367479	5365	4
210119_RL#220_15g	196	Response	1	2367479	5365	4
210119_RL#220_15g	196	Port Input	1	2367482	5369	4
210119_RL#220_15g	196	Response	1	2367482	5369	4
210119_RL#220_15g	196	Port Input	1	2368735	6622	4
210119_RL#220_15g	196	Response	1	2368735	6622	4
210119_RL#220_15g	197	Picture	3511	2382252	0	4	832	7	0	next	other	0
210119_RL#220_15g	198	Picture	666	2383084	0	4	20307	4	0	next	false_alarm	897
210119_RL#220_15g	198	Port Input	1	2397357	14272	5
210119_RL#220_15g	198	Response	1	2397357	14272	5
210119_RL#220_15g	198	Port Input	1	2398739	15655	4
210119_RL#220_15g	198	Response	1	2398739	15655	4
210119_RL#220_15g	198	Port Input	1	2398743	15658	4
210119_RL#220_15g	198	Response	1	2398743	15658	4
210119_RL#220_15g	199	Picture	777	2403391	0	1	20305	1	0	next	other	0
210119_RL#220_15g	199	Manual	1	2423407	20016	NA
210119_RL#220_15g	200	Sound	212	2425013	1317	1			0		other	0
210119_RL#220_15g	201	Picture	555	2429022	0	1	5326	1	0	next	other	0
210119_RL#220_15g	202	Picture	10	2434347	0	1	20304	3	0	next	miss	0
210119_RL#220_15g	203	Picture	411	2454651	0	3	665	5	0	next	other	0
210119_RL#220_15g	204	Picture	666	2455317	0	3	20305	5	0	next	false_alarm	910
210119_RL#220_15g	204	Port Input	1	2474031	18715	4
210119_RL#220_15g	204	Response	1	2474031	18715	4
210119_RL#220_15g	204	Port Input	1	2474035	18718	4
210119_RL#220_15g	204	Response	1	2474035	18718	4
210119_RL#220_15g	204	Port Input	1	2475561	20245	5
210119_RL#220_15g	204	Response	1	2475561	20245	5
210119_RL#220_15g	205	Picture	777	2475622	0	3	20138	6	0	next	false_alarm	917
210119_RL#220_15g	205	Port Input	1	2477167	1545	4
210119_RL#220_15g	205	Response	1	2477167	1545	4
210119_RL#220_15g	205	Port Input	1	2478719	3097	4
210119_RL#220_15g	205	Response	1	2478719	3097	4
210119_RL#220_15g	205	Port Input	1	2480192	4570	4
210119_RL#220_15g	205	Response	1	2480192	4570	4
210119_RL#220_15g	205	Port Input	1	2481682	6060	4
210119_RL#220_15g	205	Response	1	2481682	6060	4
210119_RL#220_15g	205	Port Input	1	2484293	8671	4
210119_RL#220_15g	205	Response	1	2484293	8671	4
210119_RL#220_15g	205	Port Input	1	2485048	9426	4
210119_RL#220_15g	205	Response	1	2485048	9426	4
210119_RL#220_15g	205	Port Input	1	2487097	11475	3
210119_RL#220_15g	205	Response	1	2487097	11475	3
210119_RL#220_15g	205	Port Input	1	2487100	11478	3
210119_RL#220_15g	205	Response	1	2487100	11478	3
210119_RL#220_15g	205	Manual	2	2495635	20013	NA
210119_RL#220_15g	206	Sound	212	2497013	1253	1			0		other	0
210119_RL#220_15g	207	Picture	555	2500920	0	4	5160	7	0	next	other	0
210119_RL#220_15g	208	Picture	10	2506079	0	4	20306	4	0	next	miss	0
210119_RL#220_15g	209	Picture	411	2526385	0	1	666	1	0	next	other	0
210119_RL#220_15g	210	Picture	666	2527051	0	1	20305	1	0	next	other	0
210119_RL#220_15g	211	Picture	777	2547356	0	1	20304	3	0	next	other	0
210119_RL#220_15g	211	Manual	2	2567369	20013	NA
210119_RL#220_15g	212	Sound	211	2569013	1354	1			0		other	0
210119_RL#220_15g	212	Port Input	1	2571993	4334	4
210119_RL#220_15g	212	Response	1	2571993	4334	4
210119_RL#220_15g	213	Picture	555	2572985	0	3	5326	5	0	next	false_alarm	945
210119_RL#220_15g	213	Port Input	1	2573460	474	3
210119_RL#220_15g	213	Response	1	2573460	474	3
210119_RL#220_15g	213	Port Input	1	2573463	477	3
210119_RL#220_15g	213	Response	1	2573463	477	3
210119_RL#220_15g	213	Port Input	1	2574996	2011	6
210119_RL#220_15g	213	Response	1	2574996	2011	6
210119_RL#220_15g	213	Port Input	1	2576516	3530	4
210119_RL#220_15g	213	Response	1	2576516	3530	4
210119_RL#220_15g	213	Port Input	1	2578025	5040	5
210119_RL#220_15g	213	Response	1	2578025	5040	5
210119_RL#220_15g	214	Picture	10	2578311	0	3	1498	6	0	next	hit	956
210119_RL#220_15g	214	Port Input	1	2579570	1260	3
210119_RL#220_15g	214	Response	1	2579570	1260	3
210119_RL#220_15g	215	Picture	351	2579809	0	3	500	5	0	next	other	0
210119_RL#220_15g	216	Picture	1	2580309	0	3	20138	6	0	next	false_alarm	960
210119_RL#220_15g	216	Port Input	1	2580943	634	3
210119_RL#220_15g	216	Response	1	2580943	634	3
210119_RL#220_15g	216	Port Input	1	2581967	1659	4
210119_RL#220_15g	216	Response	1	2581967	1659	4
210119_RL#220_15g	216	Port Input	1	2581971	1662	4
210119_RL#220_15g	216	Response	1	2581971	1662	4
210119_RL#220_15g	216	Port Input	1	2583115	2807	4
210119_RL#220_15g	216	Response	1	2583115	2807	4
210119_RL#220_15g	216	Port Input	1	2584392	4083	4
210119_RL#220_15g	216	Response	1	2584392	4083	4
210119_RL#220_15g	216	Port Input	1	2585695	5386	4
210119_RL#220_15g	216	Response	1	2585695	5386	4
210119_RL#220_15g	216	Port Input	1	2587029	6720	4
210119_RL#220_15g	216	Response	1	2587029	6720	4
210119_RL#220_15g	216	Port Input	1	2588351	8042	3
210119_RL#220_15g	216	Response	1	2588351	8042	3
210119_RL#220_15g	217	Picture	3511	2600447	0	3	666	6	0	next	other	0
210119_RL#220_15g	218	Picture	666	2601112	0	3	20139	6	0	next	false_alarm	978
210119_RL#220_15g	218	Port Input	1	2619736	18624	4
210119_RL#220_15g	218	Response	1	2619736	18624	4
210119_RL#220_15g	218	Port Input	1	2621077	19964	6
210119_RL#220_15g	218	Response	1	2621077	19964	6
210119_RL#220_15g	219	Picture	777	2621251	0	3	20139	7	0	next	false_alarm	983
210119_RL#220_15g	219	Port Input	1	2624690	3439	4
210119_RL#220_15g	219	Response	1	2624690	3439	4
210119_RL#220_15g	219	Manual	1	2641265	20014	NA
210119_RL#220_15g	220	Sound	211	2643013	1623	1			0		other	0
210119_RL#220_15g	220	Port Input	1	2645820	4430	4
210119_RL#220_15g	220	Response	1	2645820	4430	4
210119_RL#220_15g	221	Picture	555	2646717	0	1	5326	2	0	next	false_alarm	990
210119_RL#220_15g	221	Port Input	1	2647227	510	4
210119_RL#220_15g	221	Response	1	2647227	510	4
210119_RL#220_15g	221	Port Input	1	2648092	1375	4
210119_RL#220_15g	221	Response	1	2648092	1375	4
210119_RL#220_15g	221	Port Input	1	2648122	1405	4
210119_RL#220_15g	221	Response	1	2648122	1405	4
210119_RL#220_15g	221	Port Input	1	2648755	2038	5
210119_RL#220_15g	221	Response	1	2648755	2038	5
210119_RL#220_15g	221	Port Input	1	2650232	3516	4
210119_RL#220_15g	221	Response	1	2650232	3516	4
210119_RL#220_15g	221	Port Input	1	2651753	5036	6
210119_RL#220_15g	221	Response	1	2651753	5036	6
210119_RL#220_15g	222	Picture	10	2652043	0	1	1498	2	0	next	hit	1003
210119_RL#220_15g	222	Port Input	1	2653216	1173	4
210119_RL#220_15g	222	Response	1	2653216	1173	4
210119_RL#220_15g	223	Picture	351	2653540	0	1	500	2	0	next	other	0
210119_RL#220_15g	224	Picture	1	2654040	0	1	20305	2	0	next	false_alarm	1007
210119_RL#220_15g	224	Port Input	1	2654580	540	4
210119_RL#220_15g	224	Response	1	2654580	540	4
210119_RL#220_15g	224	Port Input	1	2655594	1553	4
210119_RL#220_15g	224	Response	1	2655594	1553	4
210119_RL#220_15g	224	Port Input	1	2656699	2659	4
210119_RL#220_15g	224	Response	1	2656699	2659	4
210119_RL#220_15g	224	Port Input	1	2656702	2662	3
210119_RL#220_15g	224	Response	1	2656702	2662	3
210119_RL#220_15g	224	Port Input	1	2657906	3866	4
210119_RL#220_15g	224	Response	1	2657906	3866	4
210119_RL#220_15g	224	Port Input	1	2659197	5157	5
210119_RL#220_15g	224	Response	1	2659197	5157	5
210119_RL#220_15g	224	Port Input	1	2660555	6515	4
210119_RL#220_15g	224	Response	1	2660555	6515	4
210119_RL#220_15g	224	Port Input	1	2661881	7841	4
210119_RL#220_15g	224	Response	1	2661881	7841	4
210119_RL#220_15g	224	Port Input	1	2672813	18773	4
210119_RL#220_15g	224	Response	1	2672813	18773	4
210119_RL#220_15g	224	Port Input	1	2674270	20230	6
210119_RL#220_15g	224	Response	1	2674270	20230	6
210119_RL#220_15g	225	Picture	3511	2674345	0	1	832	2	0	next	other	0
210119_RL#220_15g	226	Picture	666	2675177	0	1	20303	3	0	next	false_alarm	1029
210119_RL#220_15g	226	Port Input	1	2675587	410	4
210119_RL#220_15g	226	Response	1	2675587	410	4
210119_RL#220_15g	226	Port Input	1	2677137	1960	4
210119_RL#220_15g	226	Response	1	2677137	1960	4
210119_RL#220_15g	227	Picture	777	2695480	0	3	20306	4	0	next	false_alarm	1034
210119_RL#220_15g	227	Port Input	1	2705965	10485	4
210119_RL#220_15g	227	Response	1	2705965	10485	4
210119_RL#220_15g	227	Manual	1	2715496	20016	NA
210119_RL#220_15g	228	Sound	212	2717013	1226	1			0		other	0
210119_RL#220_15g	229	Picture	555	2720944	0	4	5160	7	0	next	other	0
210119_RL#220_15g	230	Picture	10	2726104	0	3	20139	6	0	next	miss	0
210119_RL#220_15g	231	Picture	411	2746243	0	3	832	7	0	next	other	0
210119_RL#220_15g	232	Picture	666	2747075	0	4	20307	4	0	next	other	0
210119_RL#220_15g	233	Picture	777	2767381	0	1	20305	2	0	next	other	0
210119_RL#220_15g	233	Manual	1	2787395	20014	NA
210119_RL#220_15g	234	Sound	211	2789013	1327	1			0		other	0
210119_RL#220_15g	234	Port Input	1	2791971	4285	4
210119_RL#220_15g	234	Response	1	2791971	4285	4
210119_RL#220_15g	234	Port Input	1	2792690	5004	12
210119_RL#220_15g	234	Response	1	2792690	5004	12
210119_RL#220_15g	235	Picture	555	2793012	0	1	5326	2	0	next	false_alarm	1050
210119_RL#220_15g	235	Port Input	1	2793331	319	3
210119_RL#220_15g	235	Response	1	2793331	319	3
210119_RL#220_15g	235	Port Input	1	2794775	1763	3
210119_RL#220_15g	235	Response	1	2794775	1763	3
210119_RL#220_15g	235	Port Input	1	2795572	2560	4
210119_RL#220_15g	235	Response	1	2795572	2560	4
210119_RL#220_15g	235	Port Input	1	2796193	3181	4
210119_RL#220_15g	235	Response	1	2796193	3181	4
210119_RL#220_15g	235	Port Input	1	2797616	4604	4
210119_RL#220_15g	235	Response	1	2797616	4604	4
210119_RL#220_15g	236	Picture	10	2798338	0	1	999	2	0	next	hit	1061
210119_RL#220_15g	236	Port Input	1	2799050	712	5
210119_RL#220_15g	236	Response	1	2799050	712	5
210119_RL#220_15g	237	Picture	351	2799337	0	1	499	2	0	next	other	0
210119_RL#220_15g	238	Picture	1	2799836	0	1	20303	4	0	next	false_alarm	1065
210119_RL#220_15g	238	Port Input	1	2800408	572	3
210119_RL#220_15g	238	Response	1	2800408	572	3
210119_RL#220_15g	238	Port Input	1	2800411	575	3
210119_RL#220_15g	238	Response	1	2800411	575	3
210119_RL#220_15g	238	Port Input	1	2801424	1588	3
210119_RL#220_15g	238	Response	1	2801424	1588	3
210119_RL#220_15g	238	Port Input	1	2801427	1591	4
210119_RL#220_15g	238	Response	1	2801427	1591	4
210119_RL#220_15g	238	Port Input	1	2802570	2733	4
210119_RL#220_15g	238	Response	1	2802570	2733	4
210119_RL#220_15g	238	Port Input	1	2803829	3993	4
210119_RL#220_15g	238	Response	1	2803829	3993	4
210119_RL#220_15g	238	Port Input	1	2805080	5244	4
210119_RL#220_15g	238	Response	1	2805080	5244	4
210119_RL#220_15g	238	Port Input	1	2806404	6568	4
210119_RL#220_15g	238	Response	1	2806404	6568	4
210119_RL#220_15g	238	Port Input	1	2812367	12531	6
210119_RL#220_15g	238	Response	1	2812367	12531	6
210119_RL#220_15g	238	Port Input	1	2814443	14607	4
210119_RL#220_15g	238	Response	1	2814443	14607	4
210119_RL#220_15g	238	Port Input	1	2814447	14611	4
210119_RL#220_15g	238	Response	1	2814447	14611	4
210119_RL#220_15g	239	Picture	3511	2820139	0	3	499	6	0	next	other	0
210119_RL#220_15g	240	Picture	666	2820638	0	3	20139	6	0	next	false_alarm	1089
210119_RL#220_15g	240	Port Input	1	2825710	5071	4
210119_RL#220_15g	240	Response	1	2825710	5071	4
210119_RL#220_15g	240	Port Input	1	2827172	6534	5
210119_RL#220_15g	240	Response	1	2827172	6534	5
210119_RL#220_15g	241	Picture	777	2840777	0	3	20138	6	0	next	false_alarm	1094
210119_RL#220_15g	241	Port Input	1	2845591	4814	4
210119_RL#220_15g	241	Response	1	2845591	4814	4
210119_RL#220_15g	241	Port Input	1	2846943	6166	4
210119_RL#220_15g	241	Response	1	2846943	6166	4
210119_RL#220_15g	241	Manual	1	2860790	20013	NA
210119_RL#220_15g	242	Sound	212	2862013	1098	1			0		other	0
210119_RL#220_15g	243	Picture	555	2866075	0	4	5159	7	0	next	other	0
210119_RL#220_15g	244	Picture	10	2871234	0	4	20307	5	0	next	miss	0
210119_RL#220_15g	245	Picture	411	2891541	0	1	832	2	0	next	other	0
210119_RL#220_15g	246	Picture	666	2892373	0	1	20305	2	0	next	other	0
210119_RL#220_15g	247	Picture	777	2912678	0	1	20303	4	0	next	other	0
210119_RL#220_15g	247	Manual	1	2932692	20014	NA
210119_RL#220_15g	248	Sound	211	2934013	1032	1			0		other	0
210119_RL#220_15g	248	Port Input	1	2937082	4101	4
210119_RL#220_15g	248	Response	1	2937082	4101	4
210119_RL#220_15g	249	Picture	555	2938307	0	3	5161	4	0	next	false_alarm	1110
210119_RL#220_15g	249	Port Input	1	2938420	113	3
210119_RL#220_15g	249	Response	1	2938420	113	3
210119_RL#220_15g	249	Port Input	1	2938422	115	3
210119_RL#220_15g	249	Response	1	2938422	115	3
210119_RL#220_15g	249	Port Input	1	2939859	1552	4
210119_RL#220_15g	249	Response	1	2939859	1552	4
210119_RL#220_15g	249	Port Input	1	2941310	3003	4
210119_RL#220_15g	249	Response	1	2941310	3003	4
210119_RL#220_15g	249	Port Input	1	2942817	4510	4
210119_RL#220_15g	249	Response	1	2942817	4510	4
210119_RL#220_15g	250	Picture	10	2943468	0	2	1164	4	0	next	hit	1121
210119_RL#220_15g	250	Port Input	1	2944360	891	4
210119_RL#220_15g	250	Response	1	2944360	891	4
210119_RL#220_15g	251	Picture	351	2944632	0	3	499	5	0	next	other	0
210119_RL#220_15g	252	Picture	1	2945131	0	3	20138	6	0	next	false_alarm	1125
210119_RL#220_15g	252	Port Input	1	2945739	607	4
210119_RL#220_15g	252	Response	1	2945739	607	4
210119_RL#220_15g	252	Port Input	1	2946673	1542	4
210119_RL#220_15g	252	Response	1	2946673	1542	4
210119_RL#220_15g	252	Port Input	1	2947736	2605	4
210119_RL#220_15g	252	Response	1	2947736	2605	4
210119_RL#220_15g	252	Port Input	1	2948955	3824	4
210119_RL#220_15g	252	Response	1	2948955	3824	4
210119_RL#220_15g	252	Port Input	1	2950276	5145	5
210119_RL#220_15g	252	Response	1	2950276	5145	5
210119_RL#220_15g	252	Port Input	1	2951683	6552	4
210119_RL#220_15g	252	Response	1	2951683	6552	4
210119_RL#220_15g	252	Port Input	1	2951687	6556	4
210119_RL#220_15g	252	Response	1	2951687	6556	4
210119_RL#220_15g	252	Port Input	1	2953207	8076	4
210119_RL#220_15g	252	Response	1	2953207	8076	4
210119_RL#220_15g	252	Port Input	1	2953210	8079	3
210119_RL#220_15g	252	Response	1	2953210	8079	3
210119_RL#220_15g	252	Port Input	1	2954555	9424	4
210119_RL#220_15g	252	Response	1	2954555	9424	4
210119_RL#220_15g	252	Port Input	1	2964500	19369	4
210119_RL#220_15g	252	Response	1	2964500	19369	4
210119_RL#220_15g	253	Picture	3511	2965269	0	3	666	6	0	next	other	0
210119_RL#220_15g	254	Picture	666	2965935	0	3	20138	7	0	next	false_alarm	1151
210119_RL#220_15g	254	Port Input	1	2965942	7	6
210119_RL#220_15g	254	Response	1	2965942	7	6
210119_RL#220_15g	254	Port Input	1	2967695	1760	4
210119_RL#220_15g	254	Response	1	2967695	1760	4
210119_RL#220_15g	254	Port Input	1	2967698	1763	4
210119_RL#220_15g	254	Response	1	2967698	1763	4
210119_RL#220_15g	254	Port Input	1	2967702	1767	4
210119_RL#220_15g	254	Response	1	2967702	1767	4
210119_RL#220_15g	254	Port Input	1	2982206	16271	4
210119_RL#220_15g	254	Response	1	2982206	16271	4
210119_RL#220_15g	254	Port Input	1	2983524	17588	4
210119_RL#220_15g	254	Response	1	2983524	17588	4
210119_RL#220_15g	255	Picture	777	2986073	0	4	20307	4	0	next	other	0
210119_RL#220_15g	255	Manual	2	3006090	20017	NA
210119_RL#220_15g	256	Sound	212	3008013	1633	1			0		other	0
210119_RL#220_15g	256	Port Input	1	3009210	2829	4
210119_RL#220_15g	256	Response	1	3009210	2829	4
210119_RL#220_15g	257	Picture	555	3011706	0	1	5326	2	0	next	other	0
210119_RL#220_15g	258	Picture	10	3017032	0	1	20305	1	0	next	miss	0
210119_RL#220_15g	259	Picture	411	3037337	0	1	666	1	0	next	other	0
210119_RL#220_15g	260	Picture	666	3038003	0	1	20303	3	0	next	other	0
210119_RL#220_15g	261	Picture	777	3058306	0	3	20305	6	0	next	other	0
210119_RL#220_15g	261	Manual	1	3078319	20013	NA
210119_RL#220_15g	262	Sound	211	3080014	1403	1			0		other	0
210119_RL#220_15g	262	Port Input	1	3082790	4179	4
210119_RL#220_15g	262	Response	1	3082790	4179	4
210119_RL#220_15g	262	Port Input	1	3083578	4967	4
210119_RL#220_15g	262	Response	1	3083578	4967	4
210119_RL#220_15g	263	Picture	555	3083770	0	3	5159	6	0	next	false_alarm	1178
210119_RL#220_15g	263	Port Input	1	3084257	487	4
210119_RL#220_15g	263	Response	1	3084257	487	4
210119_RL#220_15g	263	Port Input	1	3085788	2017	4
210119_RL#220_15g	263	Response	1	3085788	2017	4
210119_RL#220_15g	263	Port Input	1	3087208	3437	4
210119_RL#220_15g	263	Response	1	3087208	3437	4
210119_RL#220_15g	263	Port Input	1	3088697	4927	4
210119_RL#220_15g	263	Response	1	3088697	4927	4
210119_RL#220_15g	264	Picture	10	3088930	0	3	1498	6	0	next	hit	1187
210119_RL#220_15g	264	Port Input	1	3090145	1215	4
210119_RL#220_15g	264	Response	1	3090145	1215	4
210119_RL#220_15g	265	Picture	351	3090428	0	3	499	6	0	next	other	0
210119_RL#220_15g	266	Picture	1	3090927	0	3	20139	6	0	next	false_alarm	1191
210119_RL#220_15g	266	Port Input	1	3091484	557	3
210119_RL#220_15g	266	Response	1	3091484	557	3
210119_RL#220_15g	266	Port Input	1	3091487	560	3
210119_RL#220_15g	266	Response	1	3091487	560	3
210119_RL#220_15g	266	Port Input	1	3092541	1614	4
210119_RL#220_15g	266	Response	1	3092541	1614	4
210119_RL#220_15g	266	Port Input	1	3093682	2755	4
210119_RL#220_15g	266	Response	1	3093682	2755	4
210119_RL#220_15g	266	Port Input	1	3094960	4033	4
210119_RL#220_15g	266	Response	1	3094960	4033	4
210119_RL#220_15g	266	Port Input	1	3096272	5344	4
210119_RL#220_15g	266	Response	1	3096272	5344	4
210119_RL#220_15g	266	Port Input	1	3097615	6688	4
210119_RL#220_15g	266	Response	1	3097615	6688	4
210119_RL#220_15g	266	Port Input	1	3099072	8145	4
210119_RL#220_15g	266	Response	1	3099072	8145	4
210119_RL#220_15g	266	Port Input	1	3099076	8148	4
210119_RL#220_15g	266	Response	1	3099076	8148	4
210119_RL#220_15g	266	Port Input	1	3103770	12843	5
210119_RL#220_15g	266	Response	1	3103770	12843	5
210119_RL#220_15g	267	Picture	3511	3111066	0	4	665	7	0	next	other	0
210119_RL#220_15g	268	Picture	666	3111731	0	4	20307	4	0	next	false_alarm	1213
210119_RL#220_15g	268	Port Input	1	3119970	8239	4
210119_RL#220_15g	268	Response	1	3119970	8239	4
210119_RL#220_15g	268	Port Input	1	3119973	8242	4
210119_RL#220_15g	268	Response	1	3119973	8242	4
210119_RL#220_15g	268	Port Input	1	3121449	9718	4
210119_RL#220_15g	268	Response	1	3121449	9718	4
210119_RL#220_15g	268	Port Input	1	3130576	18845	4
210119_RL#220_15g	268	Response	1	3130576	18845	4
210119_RL#220_15g	268	Port Input	1	3132022	20291	5
210119_RL#220_15g	268	Response	1	3132022	20291	5
210119_RL#220_15g	269	Picture	777	3132038	0	1	20305	2	0	next	false_alarm	1224
210119_RL#220_15g	269	Port Input	1	3144328	12291	4
210119_RL#220_15g	269	Response	1	3144328	12291	4
210119_RL#220_15g	269	Port Input	1	3144332	12295	4
210119_RL#220_15g	269	Response	1	3144332	12295	4
210119_RL#220_15g	269	Manual	1	3152051	20013	NA
210119_RL#220_15g	270	Sound	211	3154014	1671	1			0		other	0
210119_RL#220_15g	270	Port Input	1	3156948	4606	4
210119_RL#220_15g	270	Response	1	3156948	4606	4
210119_RL#220_15g	271	Picture	555	3157668	0	1	5325	3	0	next	false_alarm	1233
210119_RL#220_15g	271	Port Input	1	3157708	40	4
210119_RL#220_15g	271	Response	1	3157708	40	4
210119_RL#220_15g	271	Port Input	1	3158337	669	5
210119_RL#220_15g	271	Response	1	3158337	669	5
210119_RL#220_15g	271	Port Input	1	3159877	2209	4
210119_RL#220_15g	271	Response	1	3159877	2209	4
210119_RL#220_15g	271	Port Input	1	3161427	3759	4
210119_RL#220_15g	271	Response	1	3161427	3759	4
210119_RL#220_15g	271	Port Input	1	3162944	5275	6
210119_RL#220_15g	271	Response	1	3162944	5275	6
210119_RL#220_15g	272	Picture	10	3162993	0	3	1664	5	0	next	hit	1244
210119_RL#220_15g	272	Port Input	1	3164375	1382	6
210119_RL#220_15g	272	Response	1	3164375	1382	6
210119_RL#220_15g	273	Picture	351	3164657	0	3	499	5	0	next	other	0
210119_RL#220_15g	274	Picture	1	3165156	0	3	20306	4	0	next	false_alarm	1248
210119_RL#220_15g	274	Port Input	1	3165701	545	3
210119_RL#220_15g	274	Response	1	3165701	545	3
210119_RL#220_15g	274	Port Input	1	3166679	1522	4
210119_RL#220_15g	274	Response	1	3166679	1522	4
210119_RL#220_15g	274	Port Input	1	3167761	2604	4
210119_RL#220_15g	274	Response	1	3167761	2604	4
210119_RL#220_15g	274	Port Input	1	3169014	3858	4
210119_RL#220_15g	274	Response	1	3169014	3858	4
210119_RL#220_15g	274	Port Input	1	3170329	5173	4
210119_RL#220_15g	274	Response	1	3170329	5173	4
210119_RL#220_15g	274	Port Input	1	3171726	6570	3
210119_RL#220_15g	274	Response	1	3171726	6570	3
210119_RL#220_15g	274	Port Input	1	3173212	8055	4
210119_RL#220_15g	274	Response	1	3173212	8055	4
210119_RL#220_15g	275	Picture	3511	3185463	0	2	498	4	0	next	other	0
210119_RL#220_15g	276	Picture	666	3185960	0	3	20139	6	0	next	false_alarm	1264
210119_RL#220_15g	276	Port Input	1	3189886	3925	4
210119_RL#220_15g	276	Response	1	3189886	3925	4
210119_RL#220_15g	276	Port Input	1	3191227	5267	4
210119_RL#220_15g	276	Response	1	3191227	5267	4
210119_RL#220_15g	276	Port Input	1	3192784	6823	4
210119_RL#220_15g	276	Response	1	3192784	6823	4
210119_RL#220_15g	276	Port Input	1	3204705	18745	4
210119_RL#220_15g	276	Response	1	3204705	18745	4
210119_RL#220_15g	276	Port Input	1	3204709	18749	4
210119_RL#220_15g	276	Response	1	3204709	18749	4
210119_RL#220_15g	276	Port Input	1	3206049	20089	5
210119_RL#220_15g	276	Response	1	3206049	20089	5
210119_RL#220_15g	277	Picture	777	3206099	0	4	20139	7	0	next	other	0
210119_RL#220_15g	277	Manual	1	3226113	20014	NA
210119_RL#220_15g	278	Sound	212	3228014	1776	1			0		other	0
210119_RL#220_15g	279	Picture	555	3231397	0	4	5327	4	0	next	other	0
210119_RL#220_15g	280	Picture	10	3236724	0	1	16810	2	0	next	hit	1281
210119_RL#220_15g	280	Port Input	1	3253146	16421	4
210119_RL#220_15g	280	Response	1	3253146	16421	4
210119_RL#220_15g	281	Picture	311	3253534	0	1	666	1	0	next	other	0
210119_RL#220_15g	282	Picture	444	3254200	0	1	80886	4	0	next	false_alarm	1287
210119_RL#220_15g	282	Port Input	1	3254342	142	6
210119_RL#220_15g	282	Response	1	3254342	142	6
210119_RL#220_15g	282	Port Input	1	3258341	4141	4
210119_RL#220_15g	282	Response	1	3258341	4141	4
210119_RL#220_15g	282	Port Input	1	3309383	55184	4
210119_RL#220_15g	282	Response	1	3309383	55184	4
210119_RL#220_15g	282	Port Input	1	3310793	56594	4
210119_RL#220_15g	282	Response	1	3310793	56594	4
210119_RL#220_15g	283	Picture	666	3335086	0	3	20306	4	0	next	other	0
210119_RL#220_15g	284	Picture	777	3355392	0	1	20305	2	0	next	other	0
210119_RL#220_15g	284	Manual	1	3375408	20016	NA
210119_RL#220_15g	285	Sound	211	3377014	1318	1			0		other	0
210119_RL#220_15g	285	Port Input	1	3380306	4610	7
210119_RL#220_15g	285	Response	1	3380306	4610	7
210119_RL#220_15g	286	Picture	555	3381022	0	1	5326	1	0	next	false_alarm	1300
210119_RL#220_15g	286	Port Input	1	3381631	609	3
210119_RL#220_15g	286	Response	1	3381631	609	3
210119_RL#220_15g	286	Port Input	1	3381634	612	3
210119_RL#220_15g	286	Response	1	3381634	612	3
210119_RL#220_15g	286	Port Input	1	3383010	1988	4
210119_RL#220_15g	286	Response	1	3383010	1988	4
210119_RL#220_15g	286	Port Input	1	3384414	3392	4
210119_RL#220_15g	286	Response	1	3384414	3392	4
210119_RL#220_15g	286	Port Input	1	3385931	4909	4
210119_RL#220_15g	286	Response	1	3385931	4909	4
210119_RL#220_15g	287	Picture	10	3386348	0	1	1498	2	0	next	hit	1311
210119_RL#220_15g	287	Port Input	1	3387492	1144	3
210119_RL#220_15g	287	Response	1	3387492	1144	3
210119_RL#220_15g	287	Port Input	1	3387495	1147	4
210119_RL#220_15g	287	Response	1	3387495	1147	4
210119_RL#220_15g	288	Picture	351	3387846	0	1	499	2	0	next	other	0
210119_RL#220_15g	289	Picture	1	3388345	0	1	20303	4	0	next	false_alarm	1317
210119_RL#220_15g	289	Port Input	1	3389124	778	4
210119_RL#220_15g	289	Response	1	3389124	778	4
210119_RL#220_15g	289	Port Input	1	3390161	1815	4
210119_RL#220_15g	289	Response	1	3390161	1815	4
210119_RL#220_15g	289	Port Input	1	3391410	3065	4
210119_RL#220_15g	289	Response	1	3391410	3065	4
210119_RL#220_15g	289	Port Input	1	3392651	4305	4
210119_RL#220_15g	289	Response	1	3392651	4305	4
210119_RL#220_15g	289	Port Input	1	3392654	4309	4
210119_RL#220_15g	289	Response	1	3392654	4309	4
210119_RL#220_15g	289	Port Input	1	3393910	5565	4
210119_RL#220_15g	289	Response	1	3393910	5565	4
210119_RL#220_15g	289	Port Input	1	3395312	6967	4
210119_RL#220_15g	289	Response	1	3395312	6967	4
210119_RL#220_15g	290	Picture	3511	3408649	0	3	499	6	0	next	other	0
210119_RL#220_15g	291	Picture	666	3409148	0	3	20305	6	0	next	false_alarm	1333
210119_RL#220_15g	291	Port Input	1	3426445	17298	4
210119_RL#220_15g	291	Response	1	3426445	17298	4
210119_RL#220_15g	292	Picture	777	3429453	0	3	20139	6	0	next	other	0
210119_RL#220_15g	292	Manual	1	3449468	20015	NA
210119_RL#220_15g	293	Sound	212	3451014	1422	1			0		other	0
210119_RL#220_15g	294	Picture	555	3454751	0	3	5159	7	0	next	other	0
210119_RL#220_15g	295	Picture	10	3459910	0	4	20307	5	0	next	miss	0
210119_RL#220_15g	296	Picture	411	3480217	0	1	832	2	0	next	other	0
210119_RL#220_15g	297	Picture	666	3481049	0	1	20305	1	0	next	other	0
210119_RL#220_15g	298	Picture	777	3501354	0	1	20304	3	0	next	other	0
210119_RL#220_15g	298	Manual	1	3521368	20014	NA
210119_RL#220_15g	299	Sound	211	3523014	1356	1			0		other	0
210119_RL#220_15g	299	Port Input	1	3526905	5247	4
210119_RL#220_15g	299	Response	1	3526905	5247	4
210119_RL#220_15g	299	Port Input	1	3526909	5252	4
210119_RL#220_15g	299	Response	1	3526909	5252	4
210119_RL#220_15g	300	Picture	555	3526983	0	3	5326	5	0	next	false_alarm	1350
210119_RL#220_15g	300	Port Input	1	3528294	1311	4
210119_RL#220_15g	300	Response	1	3528294	1311	4
210119_RL#220_15g	300	Port Input	1	3528298	1314	4
210119_RL#220_15g	300	Response	1	3528298	1314	4
210119_RL#220_15g	300	Port Input	1	3529656	2672	4
210119_RL#220_15g	300	Response	1	3529656	2672	4
210119_RL#220_15g	300	Port Input	1	3531322	4339	4
210119_RL#220_15g	300	Response	1	3531322	4339	4
210119_RL#220_15g	301	Picture	10	3532309	0	3	2496	5	0	next	hit	1359
210119_RL#220_15g	301	Port Input	1	3534532	2222	3
210119_RL#220_15g	301	Response	1	3534532	2222	3
210119_RL#220_15g	302	Picture	351	3534805	0	3	500	5	0	next	other	0
210119_RL#220_15g	303	Picture	1	3535305	0	3	20139	5	0	next	false_alarm	1363
210119_RL#220_15g	303	Port Input	1	3536400	1095	4
210119_RL#220_15g	303	Response	1	3536400	1095	4
210119_RL#220_15g	303	Port Input	1	3537495	2190	4
210119_RL#220_15g	303	Response	1	3537495	2190	4
210119_RL#220_15g	303	Port Input	1	3537499	2193	4
210119_RL#220_15g	303	Response	1	3537499	2193	4
210119_RL#220_15g	303	Port Input	1	3538602	3297	4
210119_RL#220_15g	303	Response	1	3538602	3297	4
210119_RL#220_15g	303	Port Input	1	3538607	3302	3
210119_RL#220_15g	303	Response	1	3538607	3302	3
210119_RL#220_15g	303	Port Input	1	3539818	4513	5
210119_RL#220_15g	303	Response	1	3539818	4513	5
210119_RL#220_15g	303	Port Input	1	3541003	5698	3
210119_RL#220_15g	303	Response	1	3541003	5698	3
210119_RL#220_15g	303	Port Input	1	3541006	5701	5
210119_RL#220_15g	303	Response	1	3541006	5701	5
210119_RL#220_15g	303	Port Input	1	3542214	6908	4
210119_RL#220_15g	303	Response	1	3542214	6908	4
210119_RL#220_15g	303	Port Input	1	3543490	8185	4
210119_RL#220_15g	303	Response	1	3543490	8185	4
210119_RL#220_15g	303	Port Input	1	3543494	8189	3
210119_RL#220_15g	303	Response	1	3543494	8189	3
210119_RL#220_15g	303	Port Input	1	3544882	9577	3
210119_RL#220_15g	303	Response	1	3544882	9577	3
210119_RL#220_15g	303	Port Input	1	3546314	11009	4
210119_RL#220_15g	303	Response	1	3546314	11009	4
210119_RL#220_15g	303	Port Input	1	3546318	11012	4
210119_RL#220_15g	303	Response	1	3546318	11012	4
210119_RL#220_15g	304	Picture	3511	3555444	0	3	833	4	0	next	other	0
210119_RL#220_15g	305	Picture	666	3556277	0	2	20137	5	0	next	false_alarm	1393
210119_RL#220_15g	305	Port Input	1	3559872	3595	4
210119_RL#220_15g	305	Response	1	3559872	3595	4
210119_RL#220_15g	305	Port Input	1	3561286	5008	4
210119_RL#220_15g	305	Response	1	3561286	5008	4
210119_RL#220_15g	305	Port Input	1	3572408	16131	4
210119_RL#220_15g	305	Response	1	3572408	16131	4
210119_RL#220_15g	305	Port Input	1	3573785	17508	4
210119_RL#220_15g	305	Response	1	3573785	17508	4
210119_RL#220_15g	306	Picture	777	3576414	0	4	20306	4	0	next	other	0
210119_RL#220_15g	306	Manual	2	3596433	20019	NA
210119_RL#220_15g	307	Sound	212	3598014	1294	1			0		other	0
210119_RL#220_15g	308	Picture	555	3602046	0	1	5326	2	0	next	other	0
210119_RL#220_15g	309	Picture	10	3607372	0	1	20305	2	0	next	miss	0
210119_RL#220_15g	310	Picture	411	3627677	0	1	666	2	0	next	other	0
210119_RL#220_15g	311	Picture	666	3628343	0	1	20304	3	0	next	other	0
210119_RL#220_15g	312	Picture	777	3648646	0	3	20305	5	0	next	other	0
210119_RL#220_15g	312	Manual	2	3668663	20016	NA
210119_RL#220_15g	313	Sound	211	3670014	1063	1			0		other	0
210119_RL#220_15g	313	Port Input	1	3673575	4624	4
210119_RL#220_15g	313	Response	1	3673575	4624	4
210119_RL#220_15g	314	Picture	555	3674111	0	3	5159	6	0	next	false_alarm	1414
210119_RL#220_15g	314	Port Input	1	3675076	965	4
210119_RL#220_15g	314	Response	1	3675076	965	4
210119_RL#220_15g	314	Port Input	1	3676701	2590	4
210119_RL#220_15g	314	Response	1	3676701	2590	4
210119_RL#220_15g	314	Port Input	1	3678102	3991	4
210119_RL#220_15g	314	Response	1	3678102	3991	4
210119_RL#220_15g	315	Picture	10	3679270	0	4	500	6	0	next	hit	1421
210119_RL#220_15g	315	Port Input	1	3679553	283	4
210119_RL#220_15g	315	Response	1	3679553	283	4
210119_RL#220_15g	316	Picture	351	3679770	0	3	499	6	0	next	other	0
210119_RL#220_15g	317	Picture	1	3680269	0	3	20138	7	0	next	false_alarm	1425
210119_RL#220_15g	317	Port Input	1	3680961	692	4
210119_RL#220_15g	317	Response	1	3680961	692	4
210119_RL#220_15g	317	Port Input	1	3681969	1700	4
210119_RL#220_15g	317	Response	1	3681969	1700	4
210119_RL#220_15g	317	Port Input	1	3683119	2850	5
210119_RL#220_15g	317	Response	1	3683119	2850	5
210119_RL#220_15g	317	Port Input	1	3684308	4040	4
210119_RL#220_15g	317	Response	1	3684308	4040	4
210119_RL#220_15g	317	Port Input	1	3685579	5311	4
210119_RL#220_15g	317	Response	1	3685579	5311	4
210119_RL#220_15g	317	Port Input	1	3686941	6673	4
210119_RL#220_15g	317	Response	1	3686941	6673	4
210119_RL#220_15g	317	Port Input	1	3688218	7949	4
210119_RL#220_15g	317	Response	1	3688218	7949	4
210119_RL#220_15g	317	Port Input	1	3688221	7953	4
210119_RL#220_15g	317	Response	1	3688221	7953	4
210119_RL#220_15g	318	Picture	3511	3700407	0	4	666	7	0	next	other	0
210119_RL#220_15g	319	Picture	666	3701073	0	4	20306	5	0	next	false_alarm	1443
210119_RL#220_15g	319	Port Input	1	3701545	472	4
210119_RL#220_15g	319	Response	1	3701545	472	4
210119_RL#220_15g	319	Port Input	1	3701549	476	4
210119_RL#220_15g	319	Response	1	3701549	476	4
210119_RL#220_15g	319	Port Input	1	3702892	1819	4
210119_RL#220_15g	319	Response	1	3702892	1819	4
210119_RL#220_15g	319	Port Input	1	3702896	1823	4
210119_RL#220_15g	319	Response	1	3702896	1823	4
210119_RL#220_15g	319	Port Input	1	3704467	3394	4
210119_RL#220_15g	319	Response	1	3704467	3394	4
210119_RL#220_15g	319	Port Input	1	3704470	3397	4
210119_RL#220_15g	319	Response	1	3704470	3397	4
210119_RL#220_15g	319	Port Input	1	3706094	5021	4
210119_RL#220_15g	319	Response	1	3706094	5021	4
210119_RL#220_15g	319	Port Input	1	3714991	13918	4
210119_RL#220_15g	319	Response	1	3714991	13918	4
210119_RL#220_15g	319	Port Input	1	3714995	13922	4
210119_RL#220_15g	319	Response	1	3714995	13922	4
210119_RL#220_15g	320	Picture	777	3721379	0	1	20305	2	0	next	other	0
210119_RL#220_15g	320	Manual	1	3741393	20013	NA
210119_RL#220_15g	321	Sound	211	3743014	1330	1			0		other	0
210119_RL#220_15g	321	Port Input	1	3745206	3522	4
210119_RL#220_15g	321	Response	1	3745206	3522	4
210119_RL#220_15g	321	Port Input	1	3746036	4352	4
210119_RL#220_15g	321	Response	1	3746036	4352	4
210119_RL#220_15g	321	Port Input	1	3746541	4857	4
210119_RL#220_15g	321	Response	1	3746541	4857	4
210119_RL#220_15g	322	Picture	555	3747010	0	1	5326	2	0	next	false_alarm	1471
210119_RL#220_15g	322	Port Input	1	3748018	1008	4
210119_RL#220_15g	322	Response	1	3748018	1008	4
210119_RL#220_15g	322	Port Input	1	3749481	2471	4
210119_RL#220_15g	322	Response	1	3749481	2471	4
210119_RL#220_15g	322	Port Input	1	3750930	3920	4
210119_RL#220_15g	322	Response	1	3750930	3920	4
210119_RL#220_15g	322	Port Input	1	3752335	5325	5
210119_RL#220_15g	322	Response	1	3752335	5325	5
210119_RL#220_15g	323	Picture	10	3752336	0	1	1829	3	0	next	hit	1480
210119_RL#220_15g	323	Port Input	1	3753903	1567	4
210119_RL#220_15g	323	Response	1	3753903	1567	4
210119_RL#220_15g	324	Picture	351	3754165	0	3	499	5	0	next	other	0
210119_RL#220_15g	325	Picture	1	3754664	0	3	20306	5	0	next	false_alarm	1484
210119_RL#220_15g	325	Port Input	1	3755304	640	3
210119_RL#220_15g	325	Response	1	3755304	640	3
210119_RL#220_15g	325	Port Input	1	3756309	1644	5
210119_RL#220_15g	325	Response	1	3756309	1644	5
210119_RL#220_15g	325	Port Input	1	3757488	2824	5
210119_RL#220_15g	325	Response	1	3757488	2824	5
210119_RL#220_15g	325	Port Input	1	3758698	4033	4
210119_RL#220_15g	325	Response	1	3758698	4033	4
210119_RL#220_15g	325	Port Input	1	3762391	7726	3
210119_RL#220_15g	325	Response	1	3762391	7726	3
210119_RL#220_15g	325	Port Input	1	3762395	7731	3
210119_RL#220_15g	325	Response	1	3762395	7731	3
210119_RL#220_15g	325	Port Input	1	3763747	9083	4
210119_RL#220_15g	325	Response	1	3763747	9083	4
210119_RL#220_15g	325	Port Input	1	3763751	9086	3
210119_RL#220_15g	325	Response	1	3763751	9086	3
210119_RL#220_15g	325	Port Input	1	3765755	11091	3
210119_RL#220_15g	325	Response	1	3765755	11091	3
210119_RL#220_15g	325	Port Input	1	3765763	11098	3
210119_RL#220_15g	325	Response	1	3765763	11098	3
210119_RL#220_15g	325	Port Input	1	3766598	11934	4
210119_RL#220_15g	325	Response	1	3766598	11934	4
210119_RL#220_15g	325	Port Input	1	3766607	11943	4
210119_RL#220_15g	325	Response	1	3766607	11943	4
210119_RL#220_15g	325	Port Input	1	3766785	12121	3
210119_RL#220_15g	325	Response	1	3766785	12121	3
210119_RL#220_15g	326	Picture	3511	3774970	0	3	498	5	0	next	other	0
210119_RL#220_15g	327	Picture	666	3775468	0	3	20139	6	0	next	other	0
210119_RL#220_15g	328	Picture	777	3795607	0	3	20138	7	0	next	other	0
210119_RL#220_15g	328	Manual	1	3815623	20016	NA
210119_RL#220_15g	329	Sound	212	3817014	1269	1			0		other	0
210119_RL#220_15g	329	Port Input	1	3817541	1796	4
210119_RL#220_15g	329	Response	1	3817541	1796	4
210119_RL#220_15g	330	Picture	555	3820905	0	4	5159	7	0	next	other	0
210119_RL#220_15g	331	Picture	10	3826064	0	4	20307	5	0	next	miss	0
210119_RL#220_15g	332	Picture	411	3846371	0	1	666	2	0	next	other	0
210119_RL#220_15g	333	Picture	666	3847037	0	1	20305	2	0	next	other	0
210119_RL#220_15g	334	Picture	777	3867342	0	1	20303	4	0	next	other	0
210119_RL#220_15g	334	Manual	2	3887354	20013	NA
210119_RL#220_15g	335	Sound	212	3889014	1369	1			0		other	0
210119_RL#220_15g	335	Port Input	1	3891858	4213	4
210119_RL#220_15g	335	Response	1	3891858	4213	4
210119_RL#220_15g	336	Picture	555	3892805	0	3	5159	5	0	next	false_alarm	1527
210119_RL#220_15g	336	Port Input	1	3893502	698	4
210119_RL#220_15g	336	Response	1	3893502	698	4
210119_RL#220_15g	336	Port Input	1	3895009	2204	4
210119_RL#220_15g	336	Response	1	3895009	2204	4
210119_RL#220_15g	337	Picture	10	3897964	0	3	6325	6	0	next	hit	1534
210119_RL#220_15g	337	Port Input	1	3897973	9	6
210119_RL#220_15g	337	Response	1	3897973	9	6
210119_RL#220_15g	337	Port Input	1	3904116	6152	4
210119_RL#220_15g	337	Response	1	3904116	6152	4
210119_RL#220_15g	338	Picture	311	3904289	0	3	499	6	0	next	other	0
210119_RL#220_15g	338	Port Input	1	3904762	474	4
210119_RL#220_15g	338	Response	1	3904762	474	4
210119_RL#220_15g	339	Picture	444	3904787	0	3	80556	4	0	next	false_alarm	1540
210119_RL#220_15g	339	Port Input	1	3905932	1145	3
210119_RL#220_15g	339	Response	1	3905932	1145	3
210119_RL#220_15g	339	Port Input	1	3914494	9707	4
210119_RL#220_15g	339	Response	1	3914494	9707	4
210119_RL#220_15g	339	Port Input	1	3916557	11769	5
210119_RL#220_15g	339	Response	1	3916557	11769	5
210119_RL#220_15g	339	Port Input	1	3916563	11776	4
210119_RL#220_15g	339	Response	1	3916563	11776	4
210119_RL#220_15g	339	Port Input	1	3916651	11863	4
210119_RL#220_15g	339	Response	1	3916651	11863	4
210119_RL#220_15g	339	Port Input	1	3916766	11978	4
210119_RL#220_15g	339	Response	1	3916766	11978	4
210119_RL#220_15g	339	Port Input	1	3916769	11982	4
210119_RL#220_15g	339	Response	1	3916769	11982	4
210119_RL#220_15g	339	Port Input	1	3929518	24731	4
210119_RL#220_15g	339	Response	1	3929518	24731	4
210119_RL#220_15g	339	Port Input	1	3941508	36720	4
210119_RL#220_15g	339	Response	1	3941508	36720	4
210119_RL#220_15g	339	Port Input	1	3941683	36895	4
210119_RL#220_15g	339	Response	1	3941683	36895	4
210119_RL#220_15g	339	Port Input	1	3941702	36914	4
210119_RL#220_15g	339	Response	1	3941702	36914	4
210119_RL#220_15g	339	Port Input	1	3941707	36920	4
210119_RL#220_15g	339	Response	1	3941707	36920	4
210119_RL#220_15g	339	Port Input	1	3941711	36924	4
210119_RL#220_15g	339	Response	1	3941711	36924	4
210119_RL#220_15g	339	Port Input	1	3942408	37621	4
210119_RL#220_15g	339	Response	1	3942408	37621	4
210119_RL#220_15g	339	Port Input	1	3943739	38951	4
210119_RL#220_15g	339	Response	1	3943739	38951	4
210119_RL#220_15g	339	Port Input	1	3943763	38976	4
210119_RL#220_15g	339	Response	1	3943763	38976	4
210119_RL#220_15g	339	Port Input	1	3945364	40577	4
210119_RL#220_15g	339	Response	1	3945364	40577	4
210119_RL#220_15g	339	Port Input	1	3945368	40580	4
210119_RL#220_15g	339	Response	1	3945368	40580	4
210119_RL#220_15g	339	Port Input	1	3946014	41227	5
210119_RL#220_15g	339	Response	1	3946014	41227	5
210119_RL#220_15g	339	Port Input	1	3946511	41724	4
210119_RL#220_15g	339	Response	1	3946511	41724	4
210119_RL#220_15g	339	Port Input	1	3948611	43824	4
210119_RL#220_15g	339	Response	1	3948611	43824	4
210119_RL#220_15g	339	Port Input	1	3948614	43827	4
210119_RL#220_15g	339	Response	1	3948614	43827	4
210119_RL#220_15g	339	Port Input	1	3948711	43924	4
210119_RL#220_15g	339	Response	1	3948711	43924	4
210119_RL#220_15g	339	Port Input	1	3949173	44386	4
210119_RL#220_15g	339	Response	1	3949173	44386	4
210119_RL#220_15g	339	Port Input	1	3955731	50944	4
210119_RL#220_15g	339	Response	1	3955731	50944	4
210119_RL#220_15g	339	Port Input	1	3955737	50950	4
210119_RL#220_15g	339	Response	1	3955737	50950	4
210119_RL#220_15g	339	Port Input	1	3957632	52845	4
210119_RL#220_15g	339	Response	1	3957632	52845	4
210119_RL#220_15g	339	Port Input	1	3959370	54582	4
210119_RL#220_15g	339	Response	1	3959370	54582	4
210119_RL#220_15g	339	Port Input	1	3962944	58157	4
210119_RL#220_15g	339	Response	1	3962944	58157	4
210119_RL#220_15g	339	Port Input	1	3962949	58162	4
210119_RL#220_15g	339	Response	1	3962949	58162	4
210119_RL#220_15g	339	Port Input	1	3964645	59858	4
210119_RL#220_15g	339	Response	1	3964645	59858	4
210119_RL#220_15g	339	Port Input	1	3965575	60788	4
210119_RL#220_15g	339	Response	1	3965575	60788	4
210119_RL#220_15g	339	Port Input	1	3966149	61361	4
210119_RL#220_15g	339	Response	1	3966149	61361	4
210119_RL#220_15g	339	Port Input	1	3966153	61365	4
210119_RL#220_15g	339	Response	1	3966153	61365	4
210119_RL#220_15g	339	Port Input	1	3967891	63104	4
210119_RL#220_15g	339	Response	1	3967891	63104	4
210119_RL#220_15g	339	Port Input	1	3967894	63107	4
210119_RL#220_15g	339	Response	1	3967894	63107	4
210119_RL#220_15g	339	Port Input	1	3967991	63204	4
210119_RL#220_15g	339	Response	1	3967991	63204	4
210119_RL#220_15g	339	Port Input	1	3967995	63207	4
210119_RL#220_15g	339	Response	1	3967995	63207	4
210119_RL#220_15g	340	Picture	666	3985343	0	1	20303	3	0	next	other	0
210119_RL#220_15g	341	Picture	777	4005647	0	3	20305	6	0	next	false_alarm	1618
210119_RL#220_15g	341	Port Input	1	4011589	5943	4
210119_RL#220_15g	341	Response	1	4011589	5943	4
210119_RL#220_15g	341	Port Input	1	4012954	7308	4
210119_RL#220_15g	341	Response	1	4012954	7308	4
210119_RL#220_15g	341	Port Input	1	4014433	8786	4
210119_RL#220_15g	341	Response	1	4014433	8786	4
210119_RL#220_15g	341	Port Input	1	4016066	10420	4
210119_RL#220_15g	341	Response	1	4016066	10420	4
210119_RL#220_15g	341	Port Input	1	4017445	11798	4
210119_RL#220_15g	341	Response	1	4017445	11798	4
210119_RL#220_15g	341	Port Input	1	4017449	11802	4
210119_RL#220_15g	341	Response	1	4017449	11802	4
210119_RL#220_15g	341	Manual	2	4025666	20020	NA
210119_RL#220_15g	342	Sound	211	4027015	1063	1			0		other	0
210119_RL#220_15g	342	Port Input	1	4029009	3057	4
210119_RL#220_15g	342	Response	1	4029009	3057	4
210119_RL#220_15g	342	Port Input	1	4030306	4354	4
210119_RL#220_15g	342	Response	1	4030306	4354	4
210119_RL#220_15g	343	Picture	555	4031111	0	3	5159	6	0	next	false_alarm	1637
210119_RL#220_15g	343	Port Input	1	4031706	595	5
210119_RL#220_15g	343	Response	1	4031706	595	5
210119_RL#220_15g	344	Picture	10	4036271	0	3	3162	6	0	next	hit	1640
210119_RL#220_15g	344	Port Input	1	4039303	3032	4
210119_RL#220_15g	344	Response	1	4039303	3032	4
210119_RL#220_15g	345	Picture	351	4039433	0	3	499	6	0	next	other	0
210119_RL#220_15g	346	Picture	1	4039932	0	4	20139	7	0	next	false_alarm	1644
210119_RL#220_15g	346	Port Input	1	4040853	922	3
210119_RL#220_15g	346	Response	1	4040853	922	3
210119_RL#220_15g	346	Port Input	1	4040857	925	3
210119_RL#220_15g	346	Response	1	4040857	925	3
210119_RL#220_15g	346	Port Input	1	4040860	928	3
210119_RL#220_15g	346	Response	1	4040860	928	3
210119_RL#220_15g	346	Port Input	1	4041475	1544	4
210119_RL#220_15g	346	Response	1	4041475	1544	4
210119_RL#220_15g	346	Port Input	1	4042141	2209	3
210119_RL#220_15g	346	Response	1	4042141	2209	3
210119_RL#220_15g	346	Port Input	1	4042147	2215	4
210119_RL#220_15g	346	Response	1	4042147	2215	4
210119_RL#220_15g	346	Port Input	1	4043147	3216	4
210119_RL#220_15g	346	Response	1	4043147	3216	4
210119_RL#220_15g	346	Port Input	1	4044261	4329	4
210119_RL#220_15g	346	Response	1	4044261	4329	4
210119_RL#220_15g	346	Port Input	1	4045448	5516	4
210119_RL#220_15g	346	Response	1	4045448	5516	4
210119_RL#220_15g	346	Port Input	1	4046714	6783	4
210119_RL#220_15g	346	Response	1	4046714	6783	4
210119_RL#220_15g	346	Port Input	1	4048006	8074	4
210119_RL#220_15g	346	Response	1	4048006	8074	4
210119_RL#220_15g	346	Port Input	1	4049258	9326	4
210119_RL#220_15g	346	Response	1	4049258	9326	4
210119_RL#220_15g	346	Port Input	1	4050859	10928	4
210119_RL#220_15g	346	Response	1	4050859	10928	4
210119_RL#220_15g	346	Port Input	1	4050866	10934	4
210119_RL#220_15g	346	Response	1	4050866	10934	4
210119_RL#220_15g	346	Port Input	1	4052330	12398	5
210119_RL#220_15g	346	Response	1	4052330	12398	5
210119_RL#220_15g	347	Picture	3511	4060071	0	4	665	7	0	next	other	0
210119_RL#220_15g	348	Picture	666	4060736	0	4	20307	4	0	next	false_alarm	1676
210119_RL#220_15g	348	Port Input	1	4066793	6057	4
210119_RL#220_15g	348	Response	1	4066793	6057	4
210119_RL#220_15g	348	Port Input	1	4066797	6061	4
210119_RL#220_15g	348	Response	1	4066797	6061	4
210119_RL#220_15g	348	Port Input	1	4068136	7400	4
210119_RL#220_15g	348	Response	1	4068136	7400	4
210119_RL#220_15g	348	Port Input	1	4068141	7405	4
210119_RL#220_15g	348	Response	1	4068141	7405	4
210119_RL#220_15g	348	Port Input	1	4069408	8672	4
210119_RL#220_15g	348	Response	1	4069408	8672	4
210119_RL#220_15g	348	Port Input	1	4070858	10122	4
210119_RL#220_15g	348	Response	1	4070858	10122	4
210119_RL#220_15g	348	Port Input	1	4072068	11332	4
210119_RL#220_15g	348	Response	1	4072068	11332	4
210119_RL#220_15g	348	Port Input	1	4073520	12784	4
210119_RL#220_15g	348	Response	1	4073520	12784	4
210119_RL#220_15g	348	Port Input	1	4073525	12789	4
210119_RL#220_15g	348	Response	1	4073525	12789	4
210119_RL#220_15g	348	Port Input	1	4078852	18116	4
210119_RL#220_15g	348	Response	1	4078852	18116	4
210119_RL#220_15g	348	Port Input	1	4080524	19788	4
210119_RL#220_15g	348	Response	1	4080524	19788	4
210119_RL#220_15g	348	Port Input	1	4080528	19792	3
210119_RL#220_15g	348	Response	1	4080528	19792	3
210119_RL#220_15g	349	Picture	777	4081043	0	1	20305	1	0	next	other	0
210119_RL#220_15g	349	Manual	1	4101054	20011	NA
210119_RL#220_15g	350	Sound	211	4103015	1667	1			0		other	0
210119_RL#220_15g	351	Picture	555	4106673	0	1	5324	3	0	next	false_alarm	1704
210119_RL#220_15g	351	Port Input	1	4107089	416	4
210119_RL#220_15g	351	Response	1	4107089	416	4
210119_RL#220_15g	351	Port Input	1	4107093	419	4
210119_RL#220_15g	351	Response	1	4107093	419	4
210119_RL#220_15g	351	Port Input	1	4108437	1764	6
210119_RL#220_15g	351	Response	1	4108437	1764	6
210119_RL#220_15g	351	Port Input	1	4109954	3280	4
210119_RL#220_15g	351	Response	1	4109954	3280	4
210119_RL#220_15g	351	Port Input	1	4111412	4738	4
210119_RL#220_15g	351	Response	1	4111412	4738	4
210119_RL#220_15g	352	Picture	10	4111998	0	3	1165	4	0	next	hit	1715
210119_RL#220_15g	352	Port Input	1	4112852	854	4
210119_RL#220_15g	352	Response	1	4112852	854	4
210119_RL#220_15g	352	Port Input	1	4112855	858	4
210119_RL#220_15g	352	Response	1	4112855	858	4
210119_RL#220_15g	353	Picture	351	4113163	0	2	499	4	0	next	other	0
210119_RL#220_15g	354	Picture	1	4113662	0	2	20305	5	0	next	false_alarm	1721
210119_RL#220_15g	354	Port Input	1	4114221	559	3
210119_RL#220_15g	354	Response	1	4114221	559	3
210119_RL#220_15g	354	Port Input	1	4115289	1627	4
210119_RL#220_15g	354	Response	1	4115289	1627	4
210119_RL#220_15g	354	Port Input	1	4115293	1631	4
210119_RL#220_15g	354	Response	1	4115293	1631	4
210119_RL#220_15g	354	Port Input	1	4116459	2797	4
210119_RL#220_15g	354	Response	1	4116459	2797	4
210119_RL#220_15g	354	Port Input	1	4117736	4074	4
210119_RL#220_15g	354	Response	1	4117736	4074	4
210119_RL#220_15g	354	Port Input	1	4119074	5412	4
210119_RL#220_15g	354	Response	1	4119074	5412	4
210119_RL#220_15g	354	Port Input	1	4120509	6847	4
210119_RL#220_15g	354	Response	1	4120509	6847	4
210119_RL#220_15g	354	Port Input	1	4121993	8331	4
210119_RL#220_15g	354	Response	1	4121993	8331	4
210119_RL#220_15g	355	Picture	3511	4133967	0	3	666	5	0	next	other	0
210119_RL#220_15g	356	Picture	666	4134633	0	3	20138	5	0	next	false_alarm	1739
210119_RL#220_15g	356	Port Input	1	4140329	5696	4
210119_RL#220_15g	356	Response	1	4140329	5696	4
210119_RL#220_15g	356	Port Input	1	4141577	6944	4
210119_RL#220_15g	356	Response	1	4141577	6944	4
210119_RL#220_15g	356	Port Input	1	4142996	8363	6
210119_RL#220_15g	356	Response	1	4142996	8363	6
210119_RL#220_15g	356	Port Input	1	4144299	9666	5
210119_RL#220_15g	356	Response	1	4144299	9666	5
210119_RL#220_15g	357	Picture	777	4154771	0	3	20138	7	0	next	false_alarm	1748
210119_RL#220_15g	357	Port Input	1	4155443	671	4
210119_RL#220_15g	357	Response	1	4155443	671	4
210119_RL#220_15g	357	Manual	1	4174785	20014	NA
210119_RL#220_15g	358	Sound	212	4176015	1105	1			0		other	0
210119_RL#220_15g	359	Picture	555	4180069	0	4	5160	7	0	next	other	0
210119_RL#220_15g	360	Picture	10	4185228	0	4	20306	4	0	next	miss	0
210119_RL#220_15g	361	Picture	411	4205535	0	1	999	1	0	next	other	0
210119_RL#220_15g	362	Picture	666	4206533	0	1	20305	1	0	next	other	0
210119_RL#220_15g	363	Picture	777	4226839	0	1	20303	4	0	next	other	0
210119_RL#220_15g	363	Manual	2	4246852	20014	NA
210119_RL#220_15g	364	Sound	212	4249015	1873	1			0		other	0
210119_RL#220_15g	365	Picture	555	4252302	0	3	5159	5	0	next	other	0
210119_RL#220_15g	366	Picture	10	4257461	0	3	20138	7	0	next	miss	0
210119_RL#220_15g	367	Picture	411	4277599	0	4	832	7	0	next	other	0
210119_RL#220_15g	368	Picture	666	4278431	0	3	20139	7	0	next	other	0
210119_RL#220_15g	369	Picture	777	4298570	0	4	20306	4	0	next	false_alarm	1764
210119_RL#220_15g	369	Port Input	1	4309057	10487	4
210119_RL#220_15g	369	Response	1	4309057	10487	4
210119_RL#220_15g	369	Port Input	1	4309060	10490	4
210119_RL#220_15g	369	Response	1	4309060	10490	4
210119_RL#220_15g	369	Port Input	1	4310593	12023	4
210119_RL#220_15g	369	Response	1	4310593	12023	4
210119_RL#220_15g	369	Port Input	1	4312287	13717	4
210119_RL#220_15g	369	Response	1	4312287	13717	4
210119_RL#220_15g	369	Manual	2	4318586	20016	NA
210119_RL#220_15g	370	Sound	211	4320015	1138	1			0		other	0
210119_RL#220_15g	370	Port Input	1	4323095	4219	4
210119_RL#220_15g	370	Response	1	4323095	4219	4
210119_RL#220_15g	371	Picture	555	4324202	0	1	5326	1	0	next	false_alarm	1777
210119_RL#220_15g	371	Port Input	1	4324744	542	3
210119_RL#220_15g	371	Response	1	4324744	542	3
210119_RL#220_15g	371	Port Input	1	4326539	2337	4
210119_RL#220_15g	371	Response	1	4326539	2337	4
210119_RL#220_15g	371	Port Input	1	4326543	2341	4
210119_RL#220_15g	371	Response	1	4326543	2341	4
210119_RL#220_15g	371	Port Input	1	4328124	3922	4
210119_RL#220_15g	371	Response	1	4328124	3922	4
210119_RL#220_15g	371	Port Input	1	4328128	3926	4
210119_RL#220_15g	371	Response	1	4328128	3926	4
210119_RL#220_15g	372	Picture	10	4329528	0	1	499	1	0	next	hit	1788
210119_RL#220_15g	372	Port Input	1	4329728	200	3
210119_RL#220_15g	372	Response	1	4329728	200	3
210119_RL#220_15g	373	Picture	351	4330027	0	1	666	1	0	next	other	0
210119_RL#220_15g	374	Picture	1	4330693	0	1	20304	3	0	next	false_alarm	1792
210119_RL#220_15g	374	Port Input	1	4331257	564	4
210119_RL#220_15g	374	Response	1	4331257	564	4
210119_RL#220_15g	374	Port Input	1	4332339	1646	5
210119_RL#220_15g	374	Response	1	4332339	1646	5
210119_RL#220_15g	374	Port Input	1	4333551	2858	4
210119_RL#220_15g	374	Response	1	4333551	2858	4
210119_RL#220_15g	374	Port Input	1	4334908	4215	4
210119_RL#220_15g	374	Response	1	4334908	4215	4
210119_RL#220_15g	374	Port Input	1	4336329	5636	5
210119_RL#220_15g	374	Response	1	4336329	5636	5
210119_RL#220_15g	374	Port Input	1	4337925	7232	4
210119_RL#220_15g	374	Response	1	4337925	7232	4
210119_RL#220_15g	374	Port Input	1	4350506	19813	4
210119_RL#220_15g	374	Response	1	4350506	19813	4
210119_RL#220_15g	375	Picture	3511	4350997	0	3	500	5	0	next	other	0
210119_RL#220_15g	376	Picture	666	4351496	0	2	20305	5	0	next	false_alarm	1808
210119_RL#220_15g	376	Port Input	1	4351946	450	4
210119_RL#220_15g	376	Response	1	4351946	450	4
210119_RL#220_15g	376	Port Input	1	4351952	456	4
210119_RL#220_15g	376	Response	1	4351952	456	4
210119_RL#220_15g	376	Port Input	1	4353758	2262	4
210119_RL#220_15g	376	Response	1	4353758	2262	4
210119_RL#220_15g	376	Port Input	1	4360937	9441	5
210119_RL#220_15g	376	Response	1	4360937	9441	5
210119_RL#220_15g	376	Port Input	1	4362442	10946	4
210119_RL#220_15g	376	Response	1	4362442	10946	4
210119_RL#220_15g	376	Port Input	1	4362967	11471	4
210119_RL#220_15g	376	Response	1	4362967	11471	4
210119_RL#220_15g	376	Port Input	1	4362972	11475	4
210119_RL#220_15g	376	Response	1	4362972	11475	4
210119_RL#220_15g	376	Port Input	1	4362975	11479	4
210119_RL#220_15g	376	Response	1	4362975	11479	4
210119_RL#220_15g	376	Port Input	1	4364580	13083	4
210119_RL#220_15g	376	Response	1	4364580	13083	4
210119_RL#220_15g	376	Port Input	1	4364585	13089	4
210119_RL#220_15g	376	Response	1	4364585	13089	4
210119_RL#220_15g	376	Port Input	1	4365003	13506	4
210119_RL#220_15g	376	Response	1	4365003	13506	4
210119_RL#220_15g	376	Port Input	1	4365006	13510	4
210119_RL#220_15g	376	Response	1	4365006	13510	4
210119_RL#220_15g	376	Port Input	1	4365010	13514	4
210119_RL#220_15g	376	Response	1	4365010	13514	4
210119_RL#220_15g	377	Picture	777	4371801	0	3	20305	5	0	next	other	0
210119_RL#220_15g	377	Manual	1	4391815	20014	NA
210119_RL#220_15g	378	Sound	212	4394015	1909	1			0		other	0
210119_RL#220_15g	379	Picture	555	4397265	0	3	5159	6	0	next	other	0
210119_RL#220_15g	380	Picture	10	4402425	0	3	20138	7	0	next	miss	0
210119_RL#220_15g	381	Picture	411	4422563	0	4	665	7	0	next	other	0
210119_RL#220_15g	382	Picture	666	4423228	0	4	20306	5	0	next	other	0
210119_RL#220_15g	383	Picture	777	4443535	0	1	20305	2	0	next	false_alarm	1842
210119_RL#220_15g	383	Port Input	1	4461585	18050	4
210119_RL#220_15g	383	Response	1	4461585	18050	4
210119_RL#220_15g	383	Port Input	1	4463050	19515	4
210119_RL#220_15g	383	Response	1	4463050	19515	4
210119_RL#220_15g	383	Manual	1	4463552	20017	NA
210119_RL#220_15g	384	Port Input	1	4464832	992	4
210119_RL#220_15g	384	Response	1	4464832	992	4
210119_RL#220_15g	384	Port Input	1	4464835	995	4
210119_RL#220_15g	384	Response	1	4464835	995	4
210119_RL#220_15g	384	Sound	211	4465015	1175	1			0		other	0
210119_RL#220_15g	384	Port Input	1	4466401	2561	4
210119_RL#220_15g	384	Response	1	4466401	2561	4
210119_RL#220_15g	384	Port Input	1	4468115	4275	4
210119_RL#220_15g	384	Response	1	4468115	4275	4
210119_RL#220_15g	384	Port Input	1	4468118	4278	4
210119_RL#220_15g	384	Response	1	4468118	4278	4
210119_RL#220_15g	385	Picture	555	4469165	0	2	5325	5	0	next	false_alarm	1859
210119_RL#220_15g	385	Port Input	1	4469663	498	4
210119_RL#220_15g	385	Response	1	4469663	498	4
210119_RL#220_15g	385	Port Input	1	4471094	1929	4
210119_RL#220_15g	385	Response	1	4471094	1929	4
210119_RL#220_15g	385	Port Input	1	4472564	3399	4
210119_RL#220_15g	385	Response	1	4472564	3399	4
210119_RL#220_15g	385	Port Input	1	4474092	4927	4
210119_RL#220_15g	385	Response	1	4474092	4927	4
210119_RL#220_15g	386	Picture	10	4474490	0	3	1331	5	0	next	hit	1868
210119_RL#220_15g	386	Port Input	1	4475630	1139	4
210119_RL#220_15g	386	Response	1	4475630	1139	4
210119_RL#220_15g	387	Picture	351	4475822	0	3	499	6	0	next	other	0
210119_RL#220_15g	388	Picture	1	4476321	0	3	20305	6	0	next	false_alarm	1872
210119_RL#220_15g	388	Port Input	1	4477024	703	4
210119_RL#220_15g	388	Response	1	4477024	703	4
210119_RL#220_15g	388	Port Input	1	4478009	1689	4
210119_RL#220_15g	388	Response	1	4478009	1689	4
210119_RL#220_15g	388	Port Input	1	4479159	2838	7
210119_RL#220_15g	388	Response	1	4479159	2838	7
210119_RL#220_15g	388	Port Input	1	4480571	4251	5
210119_RL#220_15g	388	Response	1	4480571	4251	5
210119_RL#220_15g	388	Port Input	1	4482207	5887	5
210119_RL#220_15g	388	Response	1	4482207	5887	5
210119_RL#220_15g	388	Port Input	1	4483673	7352	5
210119_RL#220_15g	388	Response	1	4483673	7352	5
210119_RL#220_15g	388	Port Input	1	4485211	8890	4
210119_RL#220_15g	388	Response	1	4485211	8890	4
210119_RL#220_15g	388	Port Input	1	4486663	10342	4
210119_RL#220_15g	388	Response	1	4486663	10342	4
210119_RL#220_15g	388	Port Input	1	4488102	11781	4
210119_RL#220_15g	388	Response	1	4488102	11781	4
210119_RL#220_15g	389	Picture	3511	4496626	0	3	666	6	0	next	other	0
210119_RL#220_15g	390	Picture	666	4497292	0	3	20139	6	0	next	false_alarm	1892
210119_RL#220_15g	390	Port Input	1	4498532	1240	4
210119_RL#220_15g	390	Response	1	4498532	1240	4
210119_RL#220_15g	391	Picture	777	4517430	0	3	20139	7	0	next	other	0
210119_RL#220_15g	391	Manual	1	4537443	20013	NA
210119_RL#220_15g	392	Sound	212	4539015	1446	1			0		other	0
210119_RL#220_15g	393	Picture	555	4542896	0	1	5326	2	0	next	false_alarm	1898
210119_RL#220_15g	393	Port Input	1	4543743	847	4
210119_RL#220_15g	393	Response	1	4543743	847	4
210119_RL#220_15g	393	Port Input	1	4545526	2630	4
210119_RL#220_15g	393	Response	1	4545526	2630	4
210119_RL#220_15g	393	Port Input	1	4545531	2636	4
210119_RL#220_15g	393	Response	1	4545531	2636	4
210119_RL#220_15g	394	Picture	10	4548222	0	1	20305	2	0	next	miss	0
210119_RL#220_15g	395	Picture	411	4568527	0	1	832	2	0	next	other	0
210119_RL#220_15g	396	Picture	666	4569359	0	1	20303	3	0	next	other	0
210119_RL#220_15g	397	Picture	777	4589662	0	3	20305	5	0	next	other	0
210119_RL#220_15g	397	Manual	1	4609679	20016	NA
210119_RL#220_15g	398	Sound	212	4611015	1048	1			0		other	0
210119_RL#220_15g	399	Picture	555	4615127	0	3	5159	6	0	next	other	0
210119_RL#220_15g	400	Picture	10	4620286	0	3	20138	7	0	next	miss	0
210119_RL#220_15g	401	Picture	411	4640425	0	4	832	7	0	next	other	0
210119_RL#220_15g	402	Picture	666	4641257	0	4	20139	7	0	next	other	0
210119_RL#220_15g	403	Picture	777	4661395	0	4	20306	4	0	next	other	0
210119_RL#220_15g	403	Manual	2	4681409	20014	NA
210119_RL#220_15g	404	Sound	211	4683015	1314	1			0		other	0
210119_RL#220_15g	404	Port Input	1	4686073	4372	3
210119_RL#220_15g	404	Response	1	4686073	4372	3
210119_RL#220_15g	405	Picture	555	4687028	0	1	5326	1	0	next	false_alarm	1920
210119_RL#220_15g	405	Port Input	1	4687288	260	3
210119_RL#220_15g	405	Response	1	4687288	260	3
210119_RL#220_15g	405	Port Input	1	4687290	263	3
210119_RL#220_15g	405	Response	1	4687290	263	3
210119_RL#220_15g	405	Port Input	1	4688702	1674	4
210119_RL#220_15g	405	Response	1	4688702	1674	4
210119_RL#220_15g	405	Port Input	1	4688705	1677	4
210119_RL#220_15g	405	Response	1	4688705	1677	4
210119_RL#220_15g	405	Port Input	1	4690108	3080	4
210119_RL#220_15g	405	Response	1	4690108	3080	4
210119_RL#220_15g	405	Port Input	1	4691537	4510	5
210119_RL#220_15g	405	Response	1	4691537	4510	5
210119_RL#220_15g	406	Picture	10	4692353	0	1	999	1	0	next	hit	1933
210119_RL#220_15g	406	Port Input	1	4693011	658	4
210119_RL#220_15g	406	Response	1	4693011	658	4
210119_RL#220_15g	407	Picture	351	4693352	0	1	666	1	0	next	other	0
210119_RL#220_15g	408	Picture	1	4694018	0	1	20303	4	0	next	false_alarm	1937
210119_RL#220_15g	408	Port Input	1	4694479	461	3
210119_RL#220_15g	408	Response	1	4694479	461	3
210119_RL#220_15g	408	Port Input	1	4694481	464	2
210119_RL#220_15g	408	Response	1	4694481	464	2
210119_RL#220_15g	408	Port Input	1	4695545	1528	4
210119_RL#220_15g	408	Response	1	4695545	1528	4
210119_RL#220_15g	408	Port Input	1	4696732	2714	4
210119_RL#220_15g	408	Response	1	4696732	2714	4
210119_RL#220_15g	408	Port Input	1	4698022	4004	4
210119_RL#220_15g	408	Response	1	4698022	4004	4
210119_RL#220_15g	408	Port Input	1	4699377	5359	4
210119_RL#220_15g	408	Response	1	4699377	5359	4
210119_RL#220_15g	408	Port Input	1	4700813	6796	4
210119_RL#220_15g	408	Response	1	4700813	6796	4
210119_RL#220_15g	408	Port Input	1	4703354	9336	3
210119_RL#220_15g	408	Response	1	4703354	9336	3
210119_RL#220_15g	408	Port Input	1	4703358	9340	3
210119_RL#220_15g	408	Response	1	4703358	9340	3
210119_RL#220_15g	408	Port Input	1	4703998	9980	4
210119_RL#220_15g	408	Response	1	4703998	9980	4
210119_RL#220_15g	409	Picture	3511	4714321	0	3	666	5	0	next	other	0
210119_RL#220_15g	410	Picture	666	4714987	0	3	20305	6	0	next	false_alarm	1959
210119_RL#220_15g	410	Port Input	1	4715152	165	3
210119_RL#220_15g	410	Response	1	4715152	165	3
210119_RL#220_15g	410	Port Input	1	4716698	1711	4
210119_RL#220_15g	410	Response	1	4716698	1711	4
210119_RL#220_15g	411	Picture	777	4735292	0	3	20139	6	0	next	other	0
210119_RL#220_15g	411	Manual	1	4755304	20012	NA
210119_RL#220_15g	412	Sound	211	4757015	1585	1			0		other	0
210119_RL#220_15g	412	Port Input	1	4760478	5047	4
210119_RL#220_15g	412	Response	1	4760478	5047	4
210119_RL#220_15g	413	Picture	555	4760590	0	3	5159	6	0	next	false_alarm	1969
210119_RL#220_15g	413	Port Input	1	4761812	1222	4
210119_RL#220_15g	413	Response	1	4761812	1222	4
210119_RL#220_15g	413	Port Input	1	4763296	2705	4
210119_RL#220_15g	413	Response	1	4763296	2705	4
210119_RL#220_15g	413	Port Input	1	4764870	4280	4
210119_RL#220_15g	413	Response	1	4764870	4280	4
210119_RL#220_15g	414	Picture	10	4765749	0	4	666	6	0	next	hit	1976
210119_RL#220_15g	414	Port Input	1	4766263	514	4
210119_RL#220_15g	414	Response	1	4766263	514	4
210119_RL#220_15g	415	Picture	351	4766415	0	3	499	7	0	next	other	0
210119_RL#220_15g	416	Picture	1	4766914	0	4	20307	4	0	next	false_alarm	1980
210119_RL#220_15g	416	Port Input	1	4767560	646	5
210119_RL#220_15g	416	Response	1	4767560	646	5
210119_RL#220_15g	416	Port Input	1	4768612	1698	4
210119_RL#220_15g	416	Response	1	4768612	1698	4
210119_RL#220_15g	416	Port Input	1	4769748	2834	4
210119_RL#220_15g	416	Response	1	4769748	2834	4
210119_RL#220_15g	416	Port Input	1	4770967	4053	4
210119_RL#220_15g	416	Response	1	4770967	4053	4
210119_RL#220_15g	416	Port Input	1	4772286	5372	4
210119_RL#220_15g	416	Response	1	4772286	5372	4
210119_RL#220_15g	416	Port Input	1	4773687	6773	4
210119_RL#220_15g	416	Response	1	4773687	6773	4
210119_RL#220_15g	416	Port Input	1	4775000	8086	6
210119_RL#220_15g	416	Response	1	4775000	8086	6
210119_RL#220_15g	416	Port Input	1	4786940	20026	4
210119_RL#220_15g	416	Response	1	4786940	20026	4
210119_RL#220_15g	417	Picture	3511	4787221	0	1	666	1	0	next	other	0
210119_RL#220_15g	418	Picture	666	4787887	0	1	20305	1	0	next	false_alarm	1998
210119_RL#220_15g	418	Port Input	1	4788356	470	3
210119_RL#220_15g	418	Response	1	4788356	470	3
210119_RL#220_15g	418	Port Input	1	4790042	2156	4
210119_RL#220_15g	418	Response	1	4790042	2156	4
210119_RL#220_15g	418	Port Input	1	4791840	3953	4
210119_RL#220_15g	418	Response	1	4791840	3953	4
210119_RL#220_15g	418	Port Input	1	4798528	10642	4
210119_RL#220_15g	418	Response	1	4798528	10642	4
210119_RL#220_15g	419	Picture	777	4808191	0	1	20304	3	0	next	other	0
210119_RL#220_15g	419	Manual	2	4828203	20012	NA
210119_RL#220_15g	420	Sound	212	4830016	1521	1			0		other	0
210119_RL#220_15g	421	Picture	555	4833821	0	3	5326	5	0	next	other	0
210119_RL#220_15g	422	Picture	10	4839147	0	3	20138	5	0	next	miss	0
210119_RL#220_15g	423	Picture	411	4859285	0	3	832	6	0	next	other	0
210119_RL#220_15g	424	Picture	666	4860117	0	3	20139	7	0	next	other	0
210119_RL#220_15g	425	Picture	777	4880256	0	4	20306	5	0	next	false_alarm	2014
210119_RL#220_15g	425	Port Input	1	4890020	9765	4
210119_RL#220_15g	425	Response	1	4890020	9765	4
210119_RL#220_15g	425	Port Input	1	4890024	9768	4
210119_RL#220_15g	425	Response	1	4890024	9768	4
210119_RL#220_15g	425	Port Input	1	4891491	11235	4
210119_RL#220_15g	425	Response	1	4891491	11235	4
210119_RL#220_15g	425	Manual	1	4900273	20017	NA
210119_RL#220_15g	426	Sound	212	4902016	1454	1			0		other	0
210119_RL#220_15g	427	Picture	555	4905888	0	1	5326	2	0	next	other	0
210119_RL#220_15g	428	Picture	10	4911214	0	1	14813	2	0	next	hit	2024
210119_RL#220_15g	428	Port Input	1	4925761	14547	4
210119_RL#220_15g	428	Response	1	4925761	14547	4
210119_RL#220_15g	429	Picture	311	4926026	0	1	666	1	0	next	other	0
210119_RL#220_15g	430	Picture	444	4926692	0	1	80719	4	0	next	false_alarm	2028
210119_RL#220_15g	430	Port Input	1	4936594	9902	4
210119_RL#220_15g	430	Response	1	4936594	9902	4
210119_RL#220_15g	430	Port Input	1	4936598	9906	5
210119_RL#220_15g	430	Response	1	4936598	9906	5
210119_RL#220_15g	431	Picture	666	5007411	0	4	20306	5	0	next	other	0
210119_RL#220_15g	432	Picture	777	5027717	0	1	20305	2	0	next	other	0
210119_RL#220_15g	432	Manual	2	5047730	20013	NA
210119_RL#220_15g	433	Sound	212	5050016	1993	1			0		other	0
210119_RL#220_15g	434	Picture	555	5053348	0	1	5326	1	0	next	other	0
210119_RL#220_15g	435	Picture	10	5058674	0	1	20303	3	0	next	miss	0
210119_RL#220_15g	436	Picture	411	5078978	0	3	832	6	0	next	other	0
210119_RL#220_15g	437	Picture	666	5079809	0	3	20139	6	0	next	other	0
210119_RL#220_15g	438	Picture	777	5099948	0	3	20139	6	0	next	other	0
210119_RL#220_15g	438	Manual	2	5119963	20015	NA
210119_RL#220_15g	439	Sound	211	5122016	1929	1			0		other	0
210119_RL#220_15g	440	Picture	555	5125246	0	4	5159	7	0	next	false_alarm	2044
210119_RL#220_15g	440	Port Input	1	5130023	4777	4
210119_RL#220_15g	440	Response	1	5130023	4777	4
210119_RL#220_15g	440	Port Input	1	5130028	4782	4
210119_RL#220_15g	440	Response	1	5130028	4782	4
210119_RL#220_15g	441	Picture	10	5130405	0	4	500	7	0	next	hit	2049
210119_RL#220_15g	441	Port Input	1	5130796	391	4
210119_RL#220_15g	441	Response	1	5130796	391	4
210119_RL#220_15g	442	Picture	351	5130905	0	4	499	7	0	next	other	0
210119_RL#220_15g	443	Picture	1	5131404	0	4	20307	5	0	next	false_alarm	2053
210119_RL#220_15g	443	Port Input	1	5132186	783	4
210119_RL#220_15g	443	Response	1	5132186	783	4
210119_RL#220_15g	443	Port Input	1	5133177	1774	4
210119_RL#220_15g	443	Response	1	5133177	1774	4
210119_RL#220_15g	443	Port Input	1	5133181	1777	4
210119_RL#220_15g	443	Response	1	5133181	1777	4
210119_RL#220_15g	443	Port Input	1	5134274	2870	4
210119_RL#220_15g	443	Response	1	5134274	2870	4
210119_RL#220_15g	443	Port Input	1	5135520	4116	4
210119_RL#220_15g	443	Response	1	5135520	4116	4
210119_RL#220_15g	443	Port Input	1	5135526	4122	4
210119_RL#220_15g	443	Response	1	5135526	4122	4
210119_RL#220_15g	443	Port Input	1	5136841	5437	4
210119_RL#220_15g	443	Response	1	5136841	5437	4
210119_RL#220_15g	443	Port Input	1	5138290	6886	4
210119_RL#220_15g	443	Response	1	5138290	6886	4
210119_RL#220_15g	443	Port Input	1	5138294	6890	4
210119_RL#220_15g	443	Response	1	5138294	6890	4
210119_RL#220_15g	443	Port Input	1	5139959	8555	3
210119_RL#220_15g	443	Response	1	5139959	8555	3
210119_RL#220_15g	443	Port Input	1	5141545	10141	4
210119_RL#220_15g	443	Response	1	5141545	10141	4
210119_RL#220_15g	443	Port Input	1	5141548	10145	4
210119_RL#220_15g	443	Response	1	5141548	10145	4
210119_RL#220_15g	444	Picture	3511	5151711	0	1	666	1	0	next	other	0
210119_RL#220_15g	445	Picture	666	5152376	0	1	20305	1	0	next	other	0
210119_RL#220_15g	446	Picture	777	5172681	0	1	20303	3	0	next	other	0
210119_RL#220_15g	446	Manual	2	5192696	20014	NA
210119_RL#220_15g	447	Sound	211	5194016	1031	1			0		other	0
210119_RL#220_15g	447	Port Input	1	5197075	4090	4
210119_RL#220_15g	447	Response	1	5197075	4090	4
210119_RL#220_15g	447	Port Input	1	5197079	4094	4
210119_RL#220_15g	447	Response	1	5197079	4094	4
210119_RL#220_15g	448	Picture	555	5198311	0	3	5159	5	0	next	false_alarm	2087
210119_RL#220_15g	448	Port Input	1	5198357	46	4
210119_RL#220_15g	448	Response	1	5198357	46	4
210119_RL#220_15g	448	Port Input	1	5199661	1350	4
210119_RL#220_15g	448	Response	1	5199661	1350	4
210119_RL#220_15g	448	Port Input	1	5200959	2649	4
210119_RL#220_15g	448	Response	1	5200959	2649	4
210119_RL#220_15g	448	Port Input	1	5202232	3921	4
210119_RL#220_15g	448	Response	1	5202232	3921	4
210119_RL#220_15g	449	Picture	10	5203470	0	3	333	5	0	next	hit	2096
210119_RL#220_15g	449	Port Input	1	5203585	115	4
210119_RL#220_15g	449	Response	1	5203585	115	4
210119_RL#220_15g	450	Picture	351	5203803	0	3	499	5	0	next	other	0
210119_RL#220_15g	451	Picture	1	5204302	0	3	20138	6	0	next	false_alarm	2100
210119_RL#220_15g	451	Port Input	1	5204795	492	4
210119_RL#220_15g	451	Response	1	5204795	492	4
210119_RL#220_15g	451	Port Input	1	5205766	1464	4
210119_RL#220_15g	451	Response	1	5205766	1464	4
210119_RL#220_15g	451	Port Input	1	5205770	1467	4
210119_RL#220_15g	451	Response	1	5205770	1467	4
210119_RL#220_15g	451	Port Input	1	5206853	2551	4
210119_RL#220_15g	451	Response	1	5206853	2551	4
210119_RL#220_15g	451	Port Input	1	5208042	3740	4
210119_RL#220_15g	451	Response	1	5208042	3740	4
210119_RL#220_15g	451	Port Input	1	5209302	5000	4
210119_RL#220_15g	451	Response	1	5209302	5000	4
210119_RL#220_15g	451	Port Input	1	5209306	5004	4
210119_RL#220_15g	451	Response	1	5209306	5004	4
210119_RL#220_15g	451	Port Input	1	5210611	6309	4
210119_RL#220_15g	451	Response	1	5210611	6309	4
210119_RL#220_15g	451	Port Input	1	5212111	7809	4
210119_RL#220_15g	451	Response	1	5212111	7809	4
210119_RL#220_15g	451	Port Input	1	5212115	7812	4
210119_RL#220_15g	451	Response	1	5212115	7812	4
210119_RL#220_15g	451	Port Input	1	5213463	9161	4
210119_RL#220_15g	451	Response	1	5213463	9161	4
210119_RL#220_15g	451	Port Input	1	5213467	9165	4
210119_RL#220_15g	451	Response	1	5213467	9165	4
210119_RL#220_15g	451	Port Input	1	5224180	19878	4
210119_RL#220_15g	451	Response	1	5224180	19878	4
210119_RL#220_15g	452	Picture	3511	5224441	0	3	665	6	0	next	other	0
210119_RL#220_15g	453	Picture	666	5225106	0	4	20139	7	0	next	false_alarm	2128
210119_RL#220_15g	453	Port Input	1	5225643	537	5
210119_RL#220_15g	453	Response	1	5225643	537	5
210119_RL#220_15g	454	Picture	777	5245245	0	4	20306	5	0	next	other	0
210119_RL#220_15g	454	Manual	1	5265261	20016	NA
210119_RL#220_15g	455	Sound	212	5267016	1465	1			0		other	0
210119_RL#220_15g	456	Picture	555	5270877	0	1	5326	1	0	next	other	0
210119_RL#220_15g	457	Picture	10	5276203	0	1	20305	2	0	next	miss	0
210119_RL#220_15g	458	Picture	411	5296508	0	1	666	2	0	next	other	0
210119_RL#220_15g	459	Picture	666	5297174	0	1	20303	3	0	next	other	0
210119_RL#220_15g	460	Picture	777	5317477	0	3	20305	6	0	next	false_alarm	2138
210119_RL#220_15g	460	Port Input	1	5334680	17203	6
210119_RL#220_15g	460	Response	1	5334680	17203	6
210119_RL#220_15g	460	Port Input	1	5336043	18566	4
210119_RL#220_15g	460	Response	1	5336043	18566	4
210119_RL#220_15g	460	Port Input	1	5336046	18569	4
210119_RL#220_15g	460	Response	1	5336046	18569	4
210119_RL#220_15g	460	Manual	2	5337490	20013	NA
210119_RL#220_15g	461	Sound	211	5339016	1234	1			0		other	0
210119_RL#220_15g	461	Port Input	1	5342158	4376	4
210119_RL#220_15g	461	Response	1	5342158	4376	4
210119_RL#220_15g	462	Picture	555	5342941	0	3	5160	6	0	next	false_alarm	2149
210119_RL#220_15g	462	Port Input	1	5343621	679	4
210119_RL#220_15g	462	Response	1	5343621	679	4
210119_RL#220_15g	462	Port Input	1	5345164	2223	4
210119_RL#220_15g	462	Response	1	5345164	2223	4
210119_RL#220_15g	462	Port Input	1	5346047	3106	4
210119_RL#220_15g	462	Response	1	5346047	3106	4
210119_RL#220_15g	462	Port Input	1	5346672	3730	4
210119_RL#220_15g	462	Response	1	5346672	3730	4
210119_RL#220_15g	463	Picture	10	5348101	0	3	334	5	0	next	hit	2158
210119_RL#220_15g	463	Port Input	1	5348173	72	7
210119_RL#220_15g	463	Response	1	5348173	72	7
210119_RL#220_15g	464	Picture	351	5348435	0	2	332	4	0	next	other	0
210119_RL#220_15g	465	Picture	1	5348767	0	3	20138	6	0	next	false_alarm	2162
210119_RL#220_15g	465	Port Input	1	5349574	807	3
210119_RL#220_15g	465	Response	1	5349574	807	3
210119_RL#220_15g	465	Port Input	1	5350605	1838	4
210119_RL#220_15g	465	Response	1	5350605	1838	4
210119_RL#220_15g	465	Port Input	1	5350608	1841	4
210119_RL#220_15g	465	Response	1	5350608	1841	4
210119_RL#220_15g	465	Port Input	1	5351806	3039	4
210119_RL#220_15g	465	Response	1	5351806	3039	4
210119_RL#220_15g	465	Port Input	1	5351809	3042	4
210119_RL#220_15g	465	Response	1	5351809	3042	4
210119_RL#220_15g	465	Port Input	1	5353094	4327	4
210119_RL#220_15g	465	Response	1	5353094	4327	4
210119_RL#220_15g	465	Port Input	1	5354408	5641	5
210119_RL#220_15g	465	Response	1	5354408	5641	5
210119_RL#220_15g	465	Port Input	1	5355872	7105	4
210119_RL#220_15g	465	Response	1	5355872	7105	4
210119_RL#220_15g	465	Port Input	1	5357392	8625	4
210119_RL#220_15g	465	Response	1	5357392	8625	4
210119_RL#220_15g	465	Port Input	1	5358867	10100	4
210119_RL#220_15g	465	Response	1	5358867	10100	4
210119_RL#220_15g	465	Port Input	1	5368090	19323	4
210119_RL#220_15g	465	Response	1	5368090	19323	4
210119_RL#220_15g	466	Picture	3511	5368905	0	3	832	7	0	next	other	0
210119_RL#220_15g	467	Picture	666	5369737	0	4	20307	5	0	next	other	0
210119_RL#220_15g	468	Picture	777	5390044	0	1	20305	2	0	next	other	0
210119_RL#220_15g	468	Manual	1	5410059	20015	NA
210119_RL#220_15g	469	Sound	212	5412016	1668	1			0		other	0
210119_RL#220_15g	470	Picture	555	5415674	0	1	5325	4	0	next	other	0
210119_RL#220_15g	471	Picture	10	5420999	0	3	20305	6	0	next	miss	0
210119_RL#220_15g	472	Picture	411	5441304	0	3	666	6	0	next	other	0
210119_RL#220_15g	473	Picture	666	5441969	0	3	20140	5	0	next	other	0
210119_RL#220_15g	474	Picture	777	5462109	0	2	20137	5	0	next	other	0
210119_RL#220_15g	474	Manual	2	5482121	20011	NA
210119_RL#220_15g	475	Sound	211	5484016	1770	1			0		other	0
210119_RL#220_15g	475	Port Input	1	5486336	4090	4
210119_RL#220_15g	475	Response	1	5486336	4090	4
210119_RL#220_15g	476	Picture	555	5487406	0	4	5160	7	0	next	false_alarm	2199
210119_RL#220_15g	476	Port Input	1	5487963	557	3
210119_RL#220_15g	476	Response	1	5487963	557	3
210119_RL#220_15g	476	Port Input	1	5489509	2103	5
210119_RL#220_15g	476	Response	1	5489509	2103	5
210119_RL#220_15g	476	Port Input	1	5490985	3579	4
210119_RL#220_15g	476	Response	1	5490985	3579	4
210119_RL#220_15g	476	Port Input	1	5490989	3583	4
210119_RL#220_15g	476	Response	1	5490989	3583	4
210119_RL#220_15g	476	Port Input	1	5492427	5021	4
210119_RL#220_15g	476	Response	1	5492427	5021	4
210119_RL#220_15g	477	Picture	10	5492565	0	4	1498	7	0	next	hit	2210
210119_RL#220_15g	477	Port Input	1	5493877	1311	4
210119_RL#220_15g	477	Response	1	5493877	1311	4
210119_RL#220_15g	478	Picture	351	5494064	0	4	500	5	0	next	other	0
210119_RL#220_15g	479	Picture	1	5494564	0	2	20305	3	0	next	false_alarm	2214
210119_RL#220_15g	479	Port Input	1	5495259	695	4
210119_RL#220_15g	479	Response	1	5495259	695	4
210119_RL#220_15g	479	Port Input	1	5496276	1712	3
210119_RL#220_15g	479	Response	1	5496276	1712	3
210119_RL#220_15g	479	Port Input	1	5497385	2821	4
210119_RL#220_15g	479	Response	1	5497385	2821	4
210119_RL#220_15g	479	Port Input	1	5497389	2825	4
210119_RL#220_15g	479	Response	1	5497389	2825	4
210119_RL#220_15g	479	Port Input	1	5498585	4021	4
210119_RL#220_15g	479	Response	1	5498585	4021	4
210119_RL#220_15g	479	Port Input	1	5498588	4025	4
210119_RL#220_15g	479	Response	1	5498588	4025	4
210119_RL#220_15g	479	Port Input	1	5499858	5294	4
210119_RL#220_15g	479	Response	1	5499858	5294	4
210119_RL#220_15g	479	Port Input	1	5501226	6662	4
210119_RL#220_15g	479	Response	1	5501226	6662	4
210119_RL#220_15g	479	Port Input	1	5501230	6666	4
210119_RL#220_15g	479	Response	1	5501230	6666	4
210119_RL#220_15g	479	Port Input	1	5502524	7960	4
210119_RL#220_15g	479	Response	1	5502524	7960	4
210119_RL#220_15g	479	Port Input	1	5509470	14906	4
210119_RL#220_15g	479	Response	1	5509470	14906	4
210119_RL#220_15g	479	Port Input	1	5510855	16291	4
210119_RL#220_15g	479	Response	1	5510855	16291	4
210119_RL#220_15g	479	Port Input	1	5512423	17859	4
210119_RL#220_15g	479	Response	1	5512423	17859	4
210119_RL#220_15g	480	Picture	3511	5514869	0	1	666	1	0	next	other	0
210119_RL#220_15g	481	Picture	666	5515535	0	1	20305	2	0	next	false_alarm	2242
210119_RL#220_15g	481	Port Input	1	5522903	7368	4
210119_RL#220_15g	481	Response	1	5522903	7368	4
210119_RL#220_15g	482	Picture	777	5535840	0	1	20304	4	0	next	other	0
210119_RL#220_15g	482	Manual	1	5555858	20018	NA
210119_RL#220_15g	483	Sound	211	5558016	1873	1			0		other	0
210119_RL#220_15g	484	Picture	555	5561302	0	3	5160	6	0	next	false_alarm	2250
210119_RL#220_15g	484	Port Input	1	5561305	3	6
210119_RL#220_15g	484	Response	1	5561305	3	6
210119_RL#220_15g	484	Port Input	1	5562926	1624	5
210119_RL#220_15g	484	Response	1	5562926	1624	5
210119_RL#220_15g	484	Port Input	1	5564410	3107	4
210119_RL#220_15g	484	Response	1	5564410	3107	4
210119_RL#220_15g	484	Port Input	1	5565872	4569	4
210119_RL#220_15g	484	Response	1	5565872	4569	4
210119_RL#220_15g	485	Picture	10	5566462	0	3	1331	6	0	next	hit	2257
210119_RL#220_15g	485	Port Input	1	5567524	1062	5
210119_RL#220_15g	485	Response	1	5567524	1062	5
210119_RL#220_15g	485	Port Input	1	5567529	1066	4
210119_RL#220_15g	485	Response	1	5567529	1066	4
210119_RL#220_15g	486	Picture	351	5567793	0	3	500	6	0	next	other	0
210119_RL#220_15g	487	Picture	1	5568293	0	3	20138	6	0	next	false_alarm	2263
210119_RL#220_15g	487	Port Input	1	5568851	558	4
210119_RL#220_15g	487	Response	1	5568851	558	4
210119_RL#220_15g	487	Port Input	1	5569820	1528	5
210119_RL#220_15g	487	Response	1	5569820	1528	5
210119_RL#220_15g	487	Port Input	1	5570903	2610	4
210119_RL#220_15g	487	Response	1	5570903	2610	4
210119_RL#220_15g	487	Port Input	1	5570906	2613	3
210119_RL#220_15g	487	Response	1	5570906	2613	3
210119_RL#220_15g	487	Port Input	1	5572109	3816	4
210119_RL#220_15g	487	Response	1	5572109	3816	4
210119_RL#220_15g	487	Port Input	1	5573424	5131	4
210119_RL#220_15g	487	Response	1	5573424	5131	4
210119_RL#220_15g	487	Port Input	1	5573429	5136	4
210119_RL#220_15g	487	Response	1	5573429	5136	4
210119_RL#220_15g	487	Port Input	1	5574830	6537	4
210119_RL#220_15g	487	Response	1	5574830	6537	4
210119_RL#220_15g	487	Port Input	1	5574837	6544	4
210119_RL#220_15g	487	Response	1	5574837	6544	4
210119_RL#220_15g	488	Picture	3511	5588431	0	4	666	7	0	next	other	0
210119_RL#220_15g	489	Picture	666	5589097	0	4	20139	7	0	next	false_alarm	2283
210119_RL#220_15g	489	Port Input	1	5591537	2440	4
210119_RL#220_15g	489	Response	1	5591537	2440	4
210119_RL#220_15g	489	Port Input	1	5591541	2444	4
210119_RL#220_15g	489	Response	1	5591541	2444	4
210119_RL#220_15g	489	Port Input	1	5593569	4472	5
210119_RL#220_15g	489	Response	1	5593569	4472	5
210119_RL#220_15g	490	Picture	777	5609236	0	4	20306	4	0	next	other	0
210119_RL#220_15g	490	Manual	1	5629250	20014	NA
210119_RL#220_15g	491	Sound	212	5631016	1475	1			0		other	0
210119_RL#220_15g	492	Picture	555	5634868	0	1	5326	1	0	next	other	0
210119_RL#220_15g	493	Picture	10	5640193	0	1	20304	3	0	next	miss	0
210119_RL#220_15g	494	Picture	411	5660497	0	3	666	5	0	next	other	0
210119_RL#220_15g	495	Picture	666	5661162	0	3	20305	6	0	next	other	0
210119_RL#220_15g	496	Picture	777	5681467	0	3	20139	6	0	next	other	0
210119_RL#220_15g	496	Manual	1	5701481	20013	NA
210119_RL#220_15g	497	Sound	212	5703017	1411	1			0		other	0
210119_RL#220_15g	498	Picture	555	5706765	0	3	5160	6	0	next	other	0
210119_RL#220_15g	499	Picture	10	5711925	0	3	20138	7	0	next	miss	0
210119_RL#220_15g	500	Picture	411	5732064	0	4	832	7	0	next	other	0
210119_RL#220_15g	501	Picture	666	5732895	0	4	20306	4	0	next	false_alarm	2303
210119_RL#220_15g	501	Port Input	1	5742782	9886	4
210119_RL#220_15g	501	Response	1	5742782	9886	4
210119_RL#220_15g	501	Port Input	1	5744165	11270	4
210119_RL#220_15g	501	Response	1	5744165	11270	4
210119_RL#220_15g	501	Port Input	1	5745741	12846	4
210119_RL#220_15g	501	Response	1	5745741	12846	4
210119_RL#220_15g	501	Port Input	1	5745745	12850	4
210119_RL#220_15g	501	Response	1	5745745	12850	4
210119_RL#220_15g	502	Picture	777	5753202	0	1	20305	2	0	next	other	0
210119_RL#220_15g	502	Manual	2	5773215	20013	NA
210119_RL#220_15g	503	Sound	211	5775017	1510	1			0		other	0
210119_RL#220_15g	503	Port Input	1	5777959	4452	5
210119_RL#220_15g	503	Response	1	5777959	4452	5
210119_RL#220_15g	504	Picture	555	5778831	0	3	5326	5	0	next	false_alarm	2317
210119_RL#220_15g	504	Port Input	1	5779212	381	3
210119_RL#220_15g	504	Response	1	5779212	381	3
210119_RL#220_15g	504	Port Input	1	5780686	1855	4
210119_RL#220_15g	504	Response	1	5780686	1855	4
210119_RL#220_15g	504	Port Input	1	5782087	3255	4
210119_RL#220_15g	504	Response	1	5782087	3255	4
210119_RL#220_15g	504	Port Input	1	5783485	4654	4
210119_RL#220_15g	504	Response	1	5783485	4654	4
210119_RL#220_15g	505	Picture	10	5784157	0	2	998	5	0	next	hit	2326
210119_RL#220_15g	505	Port Input	1	5784925	768	3
210119_RL#220_15g	505	Response	1	5784925	768	3
210119_RL#220_15g	506	Picture	351	5785156	0	3	499	5	0	next	other	0
210119_RL#220_15g	507	Picture	1	5785655	0	3	20305	6	0	next	false_alarm	2330
210119_RL#220_15g	507	Port Input	1	5786336	681	4
210119_RL#220_15g	507	Response	1	5786336	681	4
210119_RL#220_15g	507	Port Input	1	5787313	1658	4
210119_RL#220_15g	507	Response	1	5787313	1658	4
210119_RL#220_15g	507	Port Input	1	5788443	2788	4
210119_RL#220_15g	507	Response	1	5788443	2788	4
210119_RL#220_15g	507	Port Input	1	5789629	3974	4
210119_RL#220_15g	507	Response	1	5789629	3974	4
210119_RL#220_15g	507	Port Input	1	5790913	5258	4
210119_RL#220_15g	507	Response	1	5790913	5258	4
210119_RL#220_15g	507	Port Input	1	5790917	5262	4
210119_RL#220_15g	507	Response	1	5790917	5262	4
210119_RL#220_15g	507	Port Input	1	5792202	6547	4
210119_RL#220_15g	507	Response	1	5792202	6547	4
210119_RL#220_15g	507	Port Input	1	5793620	7966	4
210119_RL#220_15g	507	Response	1	5793620	7966	4
210119_RL#220_15g	507	Port Input	1	5793624	7969	3
210119_RL#220_15g	507	Response	1	5793624	7969	3
210119_RL#220_15g	507	Port Input	1	5802550	16895	4
210119_RL#220_15g	507	Response	1	5802550	16895	4
210119_RL#220_15g	507	Port Input	1	5802554	16899	4
210119_RL#220_15g	507	Response	1	5802554	16899	4
210119_RL#220_15g	507	Port Input	1	5804204	18549	4
210119_RL#220_15g	507	Response	1	5804204	18549	4
210119_RL#220_15g	507	Port Input	1	5805113	19459	4
210119_RL#220_15g	507	Response	1	5805113	19459	4
210119_RL#220_15g	507	Port Input	1	5805117	19462	4
210119_RL#220_15g	507	Response	1	5805117	19462	4
210119_RL#220_15g	507	Port Input	1	5805322	19667	4
210119_RL#220_15g	507	Response	1	5805322	19667	4
210119_RL#220_15g	508	Picture	3511	5805960	0	3	499	6	0	next	false_alarm	2361
210119_RL#220_15g	508	Port Input	1	5806005	45	6
210119_RL#220_15g	508	Response	1	5806005	45	6
210119_RL#220_15g	508	Port Input	1	5806015	55	3
210119_RL#220_15g	508	Response	1	5806015	55	3
210119_RL#220_15g	509	Picture	666	5806459	0	3	20139	6	0	next	false_alarm	2366
210119_RL#220_15g	509	Port Input	1	5808195	1736	4
210119_RL#220_15g	509	Response	1	5808195	1736	4
210119_RL#220_15g	509	Port Input	1	5808198	1739	4
210119_RL#220_15g	509	Response	1	5808198	1739	4
210119_RL#220_15g	510	Picture	777	5826598	0	3	20135	10	0	next	other	0
210119_RL#220_15g	510	Manual	2	5846615	20017	NA
210119_RL#220_15g	511	Sound	212	5848017	1284	1			0		other	0
210119_RL#220_15g	512	Picture	555	5851896	0	4	5327	4	0	next	other	0
210119_RL#220_15g	513	Picture	10	5857223	0	1	9320	2	0	next	hit	2375
210119_RL#220_15g	513	Port Input	1	5866277	9053	5
210119_RL#220_15g	513	Response	1	5866277	9053	5
210119_RL#220_15g	513	Port Input	1	5866281	9058	5
210119_RL#220_15g	513	Response	1	5866281	9058	5
210119_RL#220_15g	514	Picture	311	5866543	0	1	666	1	0	next	other	0
210119_RL#220_15g	515	Picture	444	5867209	0	1	80552	4	0	next	false_alarm	2381
210119_RL#220_15g	515	Port Input	1	5896744	29534	4
210119_RL#220_15g	515	Response	1	5896744	29534	4
210119_RL#220_15g	515	Port Input	1	5896747	29538	4
210119_RL#220_15g	515	Response	1	5896747	29538	4
210119_RL#220_15g	515	Port Input	1	5898300	31091	5
210119_RL#220_15g	515	Response	1	5898300	31091	5
210119_RL#220_15g	516	Picture	666	5947761	0	4	20139	7	0	next	other	0
210119_RL#220_15g	517	Picture	777	5967900	0	4	20306	5	0	next	other	0
210119_RL#220_15g	517	Manual	1	5987913	20013	NA
210119_RL#220_15g	518	Sound	211	5990017	1811	1			0		other	0
210119_RL#220_15g	519	Picture	555	5993532	0	1	5326	1	0	next	other	0
210119_RL#220_15g	520	Picture	10	5998858	0	1	2996	1	0	next	hit	2393
210119_RL#220_15g	520	Port Input	1	6001647	2789	4
210119_RL#220_15g	520	Response	1	6001647	2789	4
210119_RL#220_15g	520	Port Input	1	6001650	2792	3
210119_RL#220_15g	520	Response	1	6001650	2792	3
210119_RL#220_15g	520	Port Input	1	6001726	2868	5
210119_RL#220_15g	520	Response	1	6001726	2868	5
210119_RL#220_15g	521	Picture	351	6001854	0	1	666	1	0	next	other	0
210119_RL#220_15g	522	Picture	1	6002520	0	1	20305	2	0	next	false_alarm	2401
210119_RL#220_15g	522	Port Input	1	6003168	648	4
210119_RL#220_15g	522	Response	1	6003168	648	4
210119_RL#220_15g	522	Port Input	1	6004204	1685	4
210119_RL#220_15g	522	Response	1	6004204	1685	4
210119_RL#220_15g	522	Port Input	1	6005282	2763	4
210119_RL#220_15g	522	Response	1	6005282	2763	4
210119_RL#220_15g	522	Port Input	1	6006430	3911	4
210119_RL#220_15g	522	Response	1	6006430	3911	4
210119_RL#220_15g	522	Port Input	1	6007684	5165	4
210119_RL#220_15g	522	Response	1	6007684	5165	4
210119_RL#220_15g	522	Port Input	1	6009017	6498	4
210119_RL#220_15g	522	Response	1	6009017	6498	4
210119_RL#220_15g	522	Port Input	1	6010422	7902	4
210119_RL#220_15g	522	Response	1	6010422	7902	4
210119_RL#220_15g	522	Port Input	1	6010426	7906	4
210119_RL#220_15g	522	Response	1	6010426	7906	4
210119_RL#220_15g	522	Port Input	1	6011727	9207	4
210119_RL#220_15g	522	Response	1	6011727	9207	4
210119_RL#220_15g	523	Picture	3511	6022824	0	2	664	4	0	next	other	0
210119_RL#220_15g	524	Picture	666	6023489	0	3	20305	5	0	next	other	0
210119_RL#220_15g	525	Picture	777	6043794	0	3	20139	6	0	next	false_alarm	2422
210119_RL#220_15g	525	Port Input	1	6046667	2873	4
210119_RL#220_15g	525	Response	1	6046667	2873	4
210119_RL#220_15g	525	Port Input	1	6048480	4686	4
210119_RL#220_15g	525	Response	1	6048480	4686	4
210119_RL#220_15g	525	Manual	2	6063807	20013	NA
210119_RL#220_15g	526	Sound	212	6065017	1085	1			0		other	0
210119_RL#220_15g	527	Picture	555	6069092	0	4	5159	7	0	next	other	0
210119_RL#220_15g	528	Picture	10	6074251	0	4	20306	5	0	next	miss	0
210119_RL#220_15g	529	Picture	411	6094557	0	1	666	2	0	next	other	0
210119_RL#220_15g	530	Picture	666	6095223	0	1	20305	1	0	next	other	0
210119_RL#220_15g	531	Picture	777	6115528	0	1	20303	3	0	next	other	0
210119_RL#220_15g	531	Manual	2	6135544	20016	NA
210119_RL#220_15g	532	Sound	211	6137017	1186	1			0		other	0
210119_RL#220_15g	533	Picture	555	6141157	0	3	5326	5	0	next	false_alarm	2436
210119_RL#220_15g	533	Port Input	1	6141686	528	4
210119_RL#220_15g	533	Response	1	6141686	528	4
210119_RL#220_15g	533	Port Input	1	6143245	2088	4
210119_RL#220_15g	533	Response	1	6143245	2088	4
210119_RL#220_15g	533	Port Input	1	6144832	3675	4
210119_RL#220_15g	533	Response	1	6144832	3675	4
210119_RL#220_15g	533	Port Input	1	6146279	5122	8
210119_RL#220_15g	533	Response	1	6146279	5122	8
210119_RL#220_15g	534	Picture	10	6146483	0	3	1498	6	0	next	hit	2445
210119_RL#220_15g	534	Port Input	1	6147748	1265	4
210119_RL#220_15g	534	Response	1	6147748	1265	4
210119_RL#220_15g	535	Picture	351	6147981	0	3	499	6	0	next	other	0
210119_RL#220_15g	536	Picture	1	6148480	0	3	20139	6	0	next	false_alarm	2449
210119_RL#220_15g	536	Port Input	1	6149071	591	5
210119_RL#220_15g	536	Response	1	6149071	591	5
210119_RL#220_15g	536	Port Input	1	6149075	595	4
210119_RL#220_15g	536	Response	1	6149075	595	4
210119_RL#220_15g	536	Port Input	1	6150069	1588	3
210119_RL#220_15g	536	Response	1	6150069	1588	3
210119_RL#220_15g	536	Port Input	1	6151189	2709	5
210119_RL#220_15g	536	Response	1	6151189	2709	5
210119_RL#220_15g	536	Port Input	1	6152455	3975	4
210119_RL#220_15g	536	Response	1	6152455	3975	4
210119_RL#220_15g	536	Port Input	1	6152461	3980	5
210119_RL#220_15g	536	Response	1	6152461	3980	5
210119_RL#220_15g	536	Port Input	1	6153723	5243	4
210119_RL#220_15g	536	Response	1	6153723	5243	4
210119_RL#220_15g	536	Port Input	1	6155076	6595	4
210119_RL#220_15g	536	Response	1	6155076	6595	4
210119_RL#220_15g	536	Port Input	1	6156521	8040	4
210119_RL#220_15g	536	Response	1	6156521	8040	4
210119_RL#220_15g	536	Port Input	1	6157918	9438	4
210119_RL#220_15g	536	Response	1	6157918	9438	4
210119_RL#220_15g	536	Port Input	1	6157922	9442	4
210119_RL#220_15g	536	Response	1	6157922	9442	4
210119_RL#220_15g	536	Port Input	1	6159621	11141	4
210119_RL#220_15g	536	Response	1	6159621	11141	4
210119_RL#220_15g	536	Port Input	1	6159627	11147	4
210119_RL#220_15g	536	Response	1	6159627	11147	4
210119_RL#220_15g	536	Port Input	1	6164337	15856	4
210119_RL#220_15g	536	Response	1	6164337	15856	4
210119_RL#220_15g	536	Port Input	1	6164341	15860	6
210119_RL#220_15g	536	Response	1	6164341	15860	6
210119_RL#220_15g	537	Picture	3511	6168619	0	3	667	4	0	next	other	0
210119_RL#220_15g	538	Picture	666	6169286	0	2	20137	5	0	next	false_alarm	2481
210119_RL#220_15g	538	Port Input	1	6171748	2462	4
210119_RL#220_15g	538	Response	1	6171748	2462	4
210119_RL#220_15g	538	Port Input	1	6173732	4446	4
210119_RL#220_15g	538	Response	1	6173732	4446	4
210119_RL#220_15g	538	Port Input	1	6173736	4449	4
210119_RL#220_15g	538	Response	1	6173736	4449	4
210119_RL#220_15g	538	Port Input	1	6174551	5265	4
210119_RL#220_15g	538	Response	1	6174551	5265	4
210119_RL#220_15g	538	Port Input	1	6174555	5268	4
210119_RL#220_15g	538	Response	1	6174555	5268	4
210119_RL#220_15g	538	Port Input	1	6188781	19495	4
210119_RL#220_15g	538	Response	1	6188781	19495	4
210119_RL#220_15g	539	Picture	777	6189423	0	4	20307	4	0	next	other	0
210119_RL#220_15g	539	Manual	1	6209442	20019	NA
210119_RL#220_15g	540	Sound	212	6211017	1288	1			0		other	0
210119_RL#220_15g	541	Picture	555	6215055	0	1	5326	2	0	next	other	0
210119_RL#220_15g	542	Picture	10	6220381	0	1	20305	2	0	next	miss	0
210119_RL#220_15g	543	Picture	411	6240686	0	1	832	1	0	next	other	0
210119_RL#220_15g	544	Picture	666	6241518	0	1	20304	3	0	next	other	0
210119_RL#220_15g	545	Picture	777	6261822	0	3	20304	6	0	next	other	0
210119_RL#220_15g	545	Manual	1	6281835	20013	NA
210119_RL#220_15g	546	Sound	212	6284017	1891	1			0		other	0
210119_RL#220_15g	547	Picture	555	6287286	0	3	5159	6	0	next	other	0
210119_RL#220_15g	548	Picture	10	6292446	0	3	20139	6	0	next	miss	0
210119_RL#220_15g	549	Picture	411	6312584	0	3	832	7	0	next	other	0
210119_RL#220_15g	550	Picture	666	6313416	0	4	20307	5	0	next	other	0
210119_RL#220_15g	551	Picture	777	6333723	0	1	20305	2	0	next	other	0
210119_RL#220_15g	551	Manual	1	6353736	20013	NA
210119_RL#220_15g	552	Sound	211	6356017	1990	1			0		other	0
210119_RL#220_15g	552	Port Input	1	6359235	5207	4
210119_RL#220_15g	552	Response	1	6359235	5207	4
210119_RL#220_15g	553	Picture	555	6359353	0	1	5326	1	0	next	false_alarm	2513
210119_RL#220_15g	553	Port Input	1	6360624	1271	4
210119_RL#220_15g	553	Response	1	6360624	1271	4
210119_RL#220_15g	553	Port Input	1	6362017	2663	4
210119_RL#220_15g	553	Response	1	6362017	2663	4
210119_RL#220_15g	553	Port Input	1	6363414	4060	4
210119_RL#220_15g	553	Response	1	6363414	4060	4
210119_RL#220_15g	554	Picture	10	6364680	0	1	499	1	0	next	hit	2520
210119_RL#220_15g	554	Port Input	1	6364881	201	3
210119_RL#220_15g	554	Response	1	6364881	201	3
210119_RL#220_15g	554	Port Input	1	6364884	204	3
210119_RL#220_15g	554	Response	1	6364884	204	3
210119_RL#220_15g	555	Picture	351	6365179	0	1	499	1	0	next	other	0
210119_RL#220_15g	556	Picture	1	6365678	0	1	20303	3	0	next	false_alarm	2526
210119_RL#220_15g	556	Port Input	1	6366218	540	4
210119_RL#220_15g	556	Response	1	6366218	540	4
210119_RL#220_15g	556	Port Input	1	6367233	1555	4
210119_RL#220_15g	556	Response	1	6367233	1555	4
210119_RL#220_15g	556	Port Input	1	6367236	1558	4
210119_RL#220_15g	556	Response	1	6367236	1558	4
210119_RL#220_15g	556	Port Input	1	6368335	2657	3
210119_RL#220_15g	556	Response	1	6368335	2657	3
210119_RL#220_15g	556	Port Input	1	6368338	2659	3
210119_RL#220_15g	556	Response	1	6368338	2659	3
210119_RL#220_15g	556	Port Input	1	6369552	3874	3
210119_RL#220_15g	556	Response	1	6369552	3874	3
210119_RL#220_15g	556	Port Input	1	6370867	5189	3
210119_RL#220_15g	556	Response	1	6370867	5189	3
210119_RL#220_15g	556	Port Input	1	6372202	6523	4
210119_RL#220_15g	556	Response	1	6372202	6523	4
210119_RL#220_15g	556	Port Input	1	6378278	12599	4
210119_RL#220_15g	556	Response	1	6378278	12599	4
210119_RL#220_15g	556	Port Input	1	6378284	12605	3
210119_RL#220_15g	556	Response	1	6378284	12605	3
210119_RL#220_15g	556	Port Input	1	6380916	15238	4
210119_RL#220_15g	556	Response	1	6380916	15238	4
210119_RL#220_15g	557	Picture	3511	6385982	0	3	667	4	0	next	other	0
210119_RL#220_15g	558	Picture	666	6386648	0	2	20134	8	0	next	other	0
210119_RL#220_15g	559	Picture	777	6406782	0	7	20143	8	0	next	other	0
210119_RL#220_15g	559	Manual	1	6426797	20015	NA
210119_RL#220_15g	560	Sound	211	6428017	1092	1			0		other	0
210119_RL#220_15g	560	Port Input	1	6431522	4596	4
210119_RL#220_15g	560	Response	1	6431522	4596	4
210119_RL#220_15g	561	Picture	555	6432084	0	4	5159	7	0	next	false_alarm	2556
210119_RL#220_15g	561	Port Input	1	6433162	1079	4
210119_RL#220_15g	561	Response	1	6433162	1079	4
210119_RL#220_15g	561	Port Input	1	6434821	2737	4
210119_RL#220_15g	561	Response	1	6434821	2737	4
210119_RL#220_15g	561	Port Input	1	6436294	4211	4
210119_RL#220_15g	561	Response	1	6436294	4211	4
210119_RL#220_15g	562	Picture	10	6437243	0	4	999	7	0	next	hit	2563
210119_RL#220_15g	562	Port Input	1	6438131	888	5
210119_RL#220_15g	562	Response	1	6438131	888	5
210119_RL#220_15g	563	Picture	351	6438242	0	4	499	7	0	next	other	0
210119_RL#220_15g	564	Picture	1	6438741	0	4	20306	4	0	next	false_alarm	2567
210119_RL#220_15g	564	Port Input	1	6439611	870	3
210119_RL#220_15g	564	Response	1	6439611	870	3
210119_RL#220_15g	564	Port Input	1	6439616	875	4
210119_RL#220_15g	564	Response	1	6439616	875	4
210119_RL#220_15g	564	Port Input	1	6440700	1960	4
210119_RL#220_15g	564	Response	1	6440700	1960	4
210119_RL#220_15g	564	Port Input	1	6441860	3119	4
210119_RL#220_15g	564	Response	1	6441860	3119	4
210119_RL#220_15g	564	Port Input	1	6443062	4321	4
210119_RL#220_15g	564	Response	1	6443062	4321	4
210119_RL#220_15g	564	Port Input	1	6444405	5665	4
210119_RL#220_15g	564	Response	1	6444405	5665	4
210119_RL#220_15g	564	Port Input	1	6445807	7066	4
210119_RL#220_15g	564	Response	1	6445807	7066	4
210119_RL#220_15g	564	Port Input	1	6445810	7069	4
210119_RL#220_15g	564	Response	1	6445810	7069	4
210119_RL#220_15g	564	Port Input	1	6447124	8383	4
210119_RL#220_15g	564	Response	1	6447124	8383	4
210119_RL#220_15g	564	Port Input	1	6448462	9722	4
210119_RL#220_15g	564	Response	1	6448462	9722	4
210119_RL#220_15g	564	Port Input	1	6458901	20160	6
210119_RL#220_15g	564	Response	1	6458901	20160	6
210119_RL#220_15g	565	Picture	3511	6459047	0	1	666	2	0	next	other	0
210119_RL#220_15g	566	Picture	666	6459713	0	1	20305	1	0	next	false_alarm	2591
210119_RL#220_15g	566	Port Input	1	6460464	751	3
210119_RL#220_15g	566	Response	1	6460464	751	3
210119_RL#220_15g	566	Port Input	1	6460467	754	3
210119_RL#220_15g	566	Response	1	6460467	754	3
210119_RL#220_15g	567	Picture	777	6480018	0	1	20304	3	0	next	other	0
210119_RL#220_15g	567	Manual	2	6500035	20017	NA
210119_RL#220_15g	568	Sound	212	6502018	1696	1			0		other	0
210119_RL#220_15g	569	Picture	555	6505647	0	3	5159	6	0	next	other	0
210119_RL#220_15g	570	Picture	10	6510807	0	3	20138	7	0	next	miss	0
210119_RL#220_15g	571	Picture	411	6530945	0	4	832	7	0	next	other	0
210119_RL#220_15g	572	Picture	666	6531777	0	3	20139	6	0	next	false_alarm	2602
210119_RL#220_15g	572	Port Input	1	6539959	8182	4
210119_RL#220_15g	572	Response	1	6539959	8182	4
210119_RL#220_15g	572	Port Input	1	6539962	8185	4
210119_RL#220_15g	572	Response	1	6539962	8185	4
210119_RL#220_15g	572	Port Input	1	6541521	9744	4
210119_RL#220_15g	572	Response	1	6541521	9744	4
210119_RL#220_15g	572	Port Input	1	6547916	16138	4
210119_RL#220_15g	572	Response	1	6547916	16138	4
210119_RL#220_15g	572	Port Input	1	6547919	16142	4
210119_RL#220_15g	572	Response	1	6547919	16142	4
210119_RL#220_15g	572	Port Input	1	6549432	17655	4
210119_RL#220_15g	572	Response	1	6549432	17655	4
210119_RL#220_15g	573	Picture	777	6551916	0	3	20306	4	0	next	other	0
210119_RL#220_15g	573	Manual	2	6571930	20013	NA
210119_RL#220_15g	574	Sound	211	6574018	1795	1			0		other	0
210119_RL#220_15g	574	Port Input	1	6577494	5272	5
210119_RL#220_15g	574	Response	1	6577494	5272	5
210119_RL#220_15g	575	Picture	555	6577548	0	1	5326	2	0	next	false_alarm	2620
210119_RL#220_15g	575	Port Input	1	6579089	1541	4
210119_RL#220_15g	575	Response	1	6579089	1541	4
210119_RL#220_15g	575	Port Input	1	6580492	2944	4
210119_RL#220_15g	575	Response	1	6580492	2944	4
210119_RL#220_15g	575	Port Input	1	6580826	3278	4
210119_RL#220_15g	575	Response	1	6580826	3278	4
210119_RL#220_15g	575	Port Input	1	6582439	4891	4
210119_RL#220_15g	575	Response	1	6582439	4891	4
210119_RL#220_15g	576	Picture	10	6582874	0	1	1498	2	0	next	hit	2629
210119_RL#220_15g	576	Port Input	1	6584046	1172	4
210119_RL#220_15g	576	Response	1	6584046	1172	4
210119_RL#220_15g	577	Picture	351	6584372	0	1	666	1	0	next	other	0
210119_RL#220_15g	578	Picture	1	6585038	0	1	20305	2	0	next	false_alarm	2633
210119_RL#220_15g	578	Port Input	1	6585442	405	3
210119_RL#220_15g	578	Response	1	6585442	405	3
210119_RL#220_15g	578	Port Input	1	6586494	1456	3
210119_RL#220_15g	578	Response	1	6586494	1456	3
210119_RL#220_15g	578	Port Input	1	6587597	2559	4
210119_RL#220_15g	578	Response	1	6587597	2559	4
210119_RL#220_15g	578	Port Input	1	6588820	3782	4
210119_RL#220_15g	578	Response	1	6588820	3782	4
210119_RL#220_15g	578	Port Input	1	6590189	5151	4
210119_RL#220_15g	578	Response	1	6590189	5151	4
210119_RL#220_15g	578	Port Input	1	6591518	6480	5
210119_RL#220_15g	578	Response	1	6591518	6480	5
210119_RL#220_15g	578	Port Input	1	6591523	6485	4
210119_RL#220_15g	578	Response	1	6591523	6485	4
210119_RL#220_15g	578	Port Input	1	6592896	7859	4
210119_RL#220_15g	578	Response	1	6592896	7859	4
210119_RL#220_15g	578	Port Input	1	6592900	7862	5
210119_RL#220_15g	578	Response	1	6592900	7862	5
210119_RL#220_15g	579	Picture	3511	6605342	0	1	832	2	0	next	other	0
210119_RL#220_15g	580	Picture	666	6606175	0	1	20303	4	0	next	false_alarm	2653
210119_RL#220_15g	580	Port Input	1	6606451	277	3
210119_RL#220_15g	580	Response	1	6606451	277	3
210119_RL#220_15g	580	Port Input	1	6607788	1614	4
210119_RL#220_15g	580	Response	1	6607788	1614	4
210119_RL#220_15g	581	Picture	777	6626478	0	3	20303	8	0	next	other	0
210119_RL#220_15g	581	Manual	1	6646491	20014	NA
210119_RL#220_15g	582	Sound	211	6648018	1237	1			0		other	0
210119_RL#220_15g	582	Port Input	1	6651334	4553	4
210119_RL#220_15g	582	Response	1	6651334	4553	4
210119_RL#220_15g	583	Picture	555	6651943	0	3	5159	6	0	next	false_alarm	2663
210119_RL#220_15g	583	Port Input	1	6652838	895	4
210119_RL#220_15g	583	Response	1	6652838	895	4
210119_RL#220_15g	583	Port Input	1	6654355	2412	4
210119_RL#220_15g	583	Response	1	6654355	2412	4
210119_RL#220_15g	583	Port Input	1	6655722	3779	5
210119_RL#220_15g	583	Response	1	6655722	3779	5
210119_RL#220_15g	583	Port Input	1	6657101	5159	4
210119_RL#220_15g	583	Response	1	6657101	5159	4
210119_RL#220_15g	584	Picture	10	6657102	0	3	1498	6	0	next	hit	2672
210119_RL#220_15g	584	Port Input	1	6658476	1374	4
210119_RL#220_15g	584	Response	1	6658476	1374	4
210119_RL#220_15g	584	Port Input	1	6658479	1377	4
210119_RL#220_15g	584	Response	1	6658479	1377	4
210119_RL#220_15g	585	Picture	351	6658600	0	3	499	6	0	next	other	0
210119_RL#220_15g	586	Picture	1	6659099	0	4	20139	7	0	next	false_alarm	2678
210119_RL#220_15g	586	Port Input	1	6660014	915	4
210119_RL#220_15g	586	Response	1	6660014	915	4
210119_RL#220_15g	586	Port Input	1	6660017	918	4
210119_RL#220_15g	586	Response	1	6660017	918	4
210119_RL#220_15g	586	Port Input	1	6660999	1900	4
210119_RL#220_15g	586	Response	1	6660999	1900	4
210119_RL#220_15g	586	Port Input	1	6661003	1904	4
210119_RL#220_15g	586	Response	1	6661003	1904	4
210119_RL#220_15g	586	Port Input	1	6662163	3064	4
210119_RL#220_15g	586	Response	1	6662163	3064	4
210119_RL#220_15g	586	Port Input	1	6663440	4341	4
210119_RL#220_15g	586	Response	1	6663440	4341	4
210119_RL#220_15g	586	Port Input	1	6664768	5669	4
210119_RL#220_15g	586	Response	1	6664768	5669	4
210119_RL#220_15g	586	Port Input	1	6664772	5673	4
210119_RL#220_15g	586	Response	1	6664772	5673	4
210119_RL#220_15g	586	Port Input	1	6666077	6978	4
210119_RL#220_15g	586	Response	1	6666077	6978	4
210119_RL#220_15g	586	Port Input	1	6667446	8348	4
210119_RL#220_15g	586	Response	1	6667446	8348	4
210119_RL#220_15g	587	Picture	3511	6679238	0	3	665	7	0	next	other	0
210119_RL#220_15g	588	Picture	666	6679903	0	4	20307	5	0	next	false_alarm	2700
210119_RL#220_15g	588	Port Input	1	6685281	5378	5
210119_RL#220_15g	588	Response	1	6685281	5378	5
210119_RL#220_15g	588	Port Input	1	6686632	6729	4
210119_RL#220_15g	588	Response	1	6686632	6729	4
210119_RL#220_15g	588	Port Input	1	6686636	6733	4
210119_RL#220_15g	588	Response	1	6686636	6733	4
210119_RL#220_15g	589	Picture	777	6700210	0	1	20305	2	0	next	other	0
210119_RL#220_15g	589	Manual	2	6720230	20020	NA
210119_RL#220_15g	590	Sound	212	6722018	1503	1			0		other	0
210119_RL#220_15g	591	Picture	555	6725841	0	1	5324	3	0	next	other	0
210119_RL#220_15g	592	Picture	10	6731165	0	3	20305	5	0	next	miss	0
210119_RL#220_15g	593	Picture	411	6751470	0	3	666	5	0	next	other	0
210119_RL#220_15g	594	Picture	666	6752136	0	3	20138	5	0	next	other	0
210119_RL#220_15g	595	Picture	777	6772274	0	3	20138	6	0	next	other	0
210119_RL#220_15g	595	Manual	1	6792296	20022	NA
210119_RL#220_15g	596	Sound	212	6794018	1605	1			0		other	0
210119_RL#220_15g	597	Picture	555	6797572	0	4	5160	7	0	next	other	0
210119_RL#220_15g	598	Picture	10	6802732	0	4	20306	4	0	next	miss	0
210119_RL#220_15g	599	Picture	411	6823038	0	1	832	2	0	next	other	0
210119_RL#220_15g	600	Picture	666	6823870	0	1	20305	2	0	next	other	0
210119_RL#220_15g	601	Picture	777	6844175	0	1	20304	3	0	next	other	0
210119_RL#220_15g	601	Manual	1	6864188	20013	NA
210119_RL#220_15g	602	Sound	212	6866018	1539	1			0		other	0
210119_RL#220_15g	603	Picture	555	6869638	0	3	5159	7	0	next	false_alarm	2724
210119_RL#220_15g	603	Port Input	1	6870374	737	4
210119_RL#220_15g	603	Response	1	6870374	737	4
210119_RL#220_15g	603	Port Input	1	6871863	2225	4
210119_RL#220_15g	603	Response	1	6871863	2225	4
210119_RL#220_15g	603	Port Input	1	6871867	2229	4
210119_RL#220_15g	603	Response	1	6871867	2229	4
210119_RL#220_15g	604	Picture	10	6874797	0	4	20139	7	0	next	miss	0
210119_RL#220_15g	605	Picture	411	6894936	0	3	832	6	0	next	other	0
210119_RL#220_15g	606	Picture	666	6895768	0	3	20139	7	0	next	other	0
210119_RL#220_15g	607	Picture	777	6915907	0	4	20306	4	0	next	other	0
210119_RL#220_15g	607	Manual	2	6935920	20013	NA
210119_RL#220_15g	608	Sound	211	6938018	1805	1			0		other	0
210119_RL#220_15g	608	Port Input	1	6941096	4883	4
210119_RL#220_15g	608	Response	1	6941096	4883	4
210119_RL#220_15g	609	Picture	555	6941539	0	1	5326	1	0	next	false_alarm	2739
210119_RL#220_15g	609	Port Input	1	6942386	848	4
210119_RL#220_15g	609	Response	1	6942386	848	4
210119_RL#220_15g	609	Port Input	1	6943740	2201	4
210119_RL#220_15g	609	Response	1	6943740	2201	4
210119_RL#220_15g	609	Port Input	1	6945203	3664	4
210119_RL#220_15g	609	Response	1	6945203	3664	4
210119_RL#220_15g	609	Port Input	1	6945206	3668	4
210119_RL#220_15g	609	Response	1	6945206	3668	4
210119_RL#220_15g	609	Port Input	1	6946586	5047	5
210119_RL#220_15g	609	Response	1	6946586	5047	5
210119_RL#220_15g	610	Picture	10	6946864	0	1	1498	1	0	next	hit	2750
210119_RL#220_15g	610	Port Input	1	6948018	1153	3
210119_RL#220_15g	610	Response	1	6948018	1153	3
210119_RL#220_15g	610	Port Input	1	6948021	1156	4
210119_RL#220_15g	610	Response	1	6948021	1156	4
210119_RL#220_15g	611	Picture	351	6948362	0	1	666	1	0	next	other	0
210119_RL#220_15g	612	Picture	1	6949028	0	1	20304	3	0	next	false_alarm	2756
210119_RL#220_15g	612	Port Input	1	6949431	403	4
210119_RL#220_15g	612	Response	1	6949431	403	4
210119_RL#220_15g	612	Port Input	1	6949434	406	3
210119_RL#220_15g	612	Response	1	6949434	406	3
210119_RL#220_15g	612	Port Input	1	6950451	1423	4
210119_RL#220_15g	612	Response	1	6950451	1423	4
210119_RL#220_15g	612	Port Input	1	6951646	2618	4
210119_RL#220_15g	612	Response	1	6951646	2618	4
210119_RL#220_15g	612	Port Input	1	6952796	3768	4
210119_RL#220_15g	612	Response	1	6952796	3768	4
210119_RL#220_15g	612	Port Input	1	6954023	4995	4
210119_RL#220_15g	612	Response	1	6954023	4995	4
210119_RL#220_15g	612	Port Input	1	6955371	6343	5
210119_RL#220_15g	612	Response	1	6955371	6343	5
210119_RL#220_15g	612	Port Input	1	6956694	7666	4
210119_RL#220_15g	612	Response	1	6956694	7666	4
210119_RL#220_15g	612	Port Input	1	6956698	7670	4
210119_RL#220_15g	612	Response	1	6956698	7670	4
210119_RL#220_15g	612	Port Input	1	6963418	14390	4
210119_RL#220_15g	612	Response	1	6963418	14390	4
210119_RL#220_15g	613	Picture	3511	6969332	0	2	665	5	0	next	other	0
210119_RL#220_15g	614	Picture	666	6969997	0	3	20305	6	0	next	false_alarm	2778
210119_RL#220_15g	614	Port Input	1	6988277	18280	4
210119_RL#220_15g	614	Response	1	6988277	18280	4
210119_RL#220_15g	614	Port Input	1	6988281	18284	5
210119_RL#220_15g	614	Response	1	6988281	18284	5
210119_RL#220_15g	614	Port Input	1	6989830	19833	4
210119_RL#220_15g	614	Response	1	6989830	19833	4
210119_RL#220_15g	615	Picture	777	6990302	0	3	20138	6	0	next	false_alarm	2785
210119_RL#220_15g	615	Port Input	1	7007643	17340	4
210119_RL#220_15g	615	Response	1	7007643	17340	4
210119_RL#220_15g	615	Port Input	1	7009069	18767	4
210119_RL#220_15g	615	Response	1	7009069	18767	4
210119_RL#220_15g	615	Manual	2	7010315	20013	NA
210119_RL#220_15g	616	Sound	211	7012018	1577	1			0		other	0
210119_RL#220_15g	616	Port Input	1	7015318	4877	4
210119_RL#220_15g	616	Response	1	7015318	4877	4
210119_RL#220_15g	617	Picture	555	7015600	0	3	5159	7	0	next	false_alarm	2794
210119_RL#220_15g	617	Port Input	1	7016749	1149	4
210119_RL#220_15g	617	Response	1	7016749	1149	4
210119_RL#220_15g	617	Port Input	1	7016753	1153	4
210119_RL#220_15g	617	Response	1	7016753	1153	4
210119_RL#220_15g	617	Port Input	1	7018502	2902	5
210119_RL#220_15g	617	Response	1	7018502	2902	5
210119_RL#220_15g	617	Port Input	1	7020216	4616	4
210119_RL#220_15g	617	Response	1	7020216	4616	4
210119_RL#220_15g	618	Picture	10	7020759	0	4	1165	7	0	next	hit	2803
210119_RL#220_15g	618	Port Input	1	7021749	990	5
210119_RL#220_15g	618	Response	1	7021749	990	5
210119_RL#220_15g	619	Picture	351	7021925	0	4	499	7	0	next	other	0
210119_RL#220_15g	620	Picture	1	7022424	0	4	20306	4	0	next	false_alarm	2807
210119_RL#220_15g	620	Port Input	1	7023470	1046	4
210119_RL#220_15g	620	Response	1	7023470	1046	4
210119_RL#220_15g	620	Port Input	1	7023473	1049	4
210119_RL#220_15g	620	Response	1	7023473	1049	4
210119_RL#220_15g	620	Port Input	1	7024511	2088	4
210119_RL#220_15g	620	Response	1	7024511	2088	4
210119_RL#220_15g	620	Port Input	1	7025722	3298	4
210119_RL#220_15g	620	Response	1	7025722	3298	4
210119_RL#220_15g	620	Port Input	1	7026927	4503	4
210119_RL#220_15g	620	Response	1	7026927	4503	4
210119_RL#220_15g	620	Port Input	1	7028201	5778	4
210119_RL#220_15g	620	Response	1	7028201	5778	4
210119_RL#220_15g	620	Port Input	1	7029621	7198	4
210119_RL#220_15g	620	Response	1	7029621	7198	4
210119_RL#220_15g	620	Port Input	1	7029625	7202	4
210119_RL#220_15g	620	Response	1	7029625	7202	4
210119_RL#220_15g	621	Picture	3511	7042730	0	1	832	2	0	next	other	0
210119_RL#220_15g	622	Picture	666	7043563	0	1	20305	1	0	next	false_alarm	2825
210119_RL#220_15g	622	Port Input	1	7047085	3522	4
210119_RL#220_15g	622	Response	1	7047085	3522	4
210119_RL#220_15g	622	Port Input	1	7047090	3528	4
210119_RL#220_15g	622	Response	1	7047090	3528	4
210119_RL#220_15g	622	Port Input	1	7048327	4765	4
210119_RL#220_15g	622	Response	1	7048327	4765	4
210119_RL#220_15g	622	Port Input	1	7049822	6259	4
210119_RL#220_15g	622	Response	1	7049822	6259	4
210119_RL#220_15g	622	Port Input	1	7049826	6263	4
210119_RL#220_15g	622	Response	1	7049826	6263	4
210119_RL#220_15g	622	Port Input	1	7051116	7554	4
210119_RL#220_15g	622	Response	1	7051116	7554	4
210119_RL#220_15g	622	Port Input	1	7051120	7557	4
210119_RL#220_15g	622	Response	1	7051120	7557	4
210119_RL#220_15g	622	Port Input	1	7052653	9091	4
210119_RL#220_15g	622	Response	1	7052653	9091	4
210119_RL#220_15g	622	Port Input	1	7058747	15185	4
210119_RL#220_15g	622	Response	1	7058747	15185	4
210119_RL#220_15g	623	Picture	777	7063867	0	1	20305	2	0	next	other	0
210119_RL#220_15g	623	Manual	2	7083884	20016	NA
210119_RL#220_15g	624	Sound	212	7086018	1846	1			0		other	0
210119_RL#220_15g	625	Picture	555	7089497	0	3	5326	5	0	next	other	0
210119_RL#220_15g	626	Picture	10	7094823	0	2	20304	6	0	next	miss	0
210119_RL#220_15g	627	Picture	411	7115127	0	4	666	7	0	next	other	0
210119_RL#220_15g	628	Picture	666	7115793	0	3	20139	6	0	next	other	0
210119_RL#220_15g	629	Picture	777	7135932	0	3	20138	7	0	next	other	0
210119_RL#220_15g	629	Manual	2	7155946	20014	NA
210119_RL#220_15g	630	Sound	212	7158018	1948	1			0		other	0
210119_RL#220_15g	631	Picture	555	7161230	0	4	5327	4	0	next	other	0
210119_RL#220_15g	632	Picture	10	7166557	0	1	20305	1	0	next	miss	0
210119_RL#220_15g	633	Picture	411	7186862	0	1	832	1	0	next	other	0
210119_RL#220_15g	634	Picture	666	7187694	0	1	20304	3	0	next	other	0
210119_RL#220_15g	635	Picture	777	7207998	0	3	20305	5	0	next	false_alarm	2858
210119_RL#220_15g	635	Port Input	1	7227562	19564	5
210119_RL#220_15g	635	Response	1	7227562	19564	5
210119_RL#220_15g	635	Manual	1	7228013	20016	NA
210119_RL#220_15g	636	Sound	211	7230018	1716	1			0		other	0
210119_RL#220_15g	636	Port Input	1	7233213	4910	4
210119_RL#220_15g	636	Response	1	7233213	4910	4
210119_RL#220_15g	637	Picture	555	7233462	0	3	5160	6	0	next	false_alarm	2865
210119_RL#220_15g	637	Port Input	1	7234696	1234	5
210119_RL#220_15g	637	Response	1	7234696	1234	5
210119_RL#220_15g	637	Port Input	1	7236253	2791	4
210119_RL#220_15g	637	Response	1	7236253	2791	4
210119_RL#220_15g	637	Port Input	1	7236257	2795	4
210119_RL#220_15g	637	Response	1	7236257	2795	4
210119_RL#220_15g	637	Port Input	1	7237745	4283	4
210119_RL#220_15g	637	Response	1	7237745	4283	4
210119_RL#220_15g	638	Picture	10	7238621	0	3	832	6	0	next	hit	2874
210119_RL#220_15g	638	Port Input	1	7239173	551	4
210119_RL#220_15g	638	Response	1	7239173	551	4
210119_RL#220_15g	639	Picture	351	7239454	0	3	499	6	0	next	other	0
210119_RL#220_15g	640	Picture	1	7239953	0	3	20139	6	0	next	false_alarm	2878
210119_RL#220_15g	640	Port Input	1	7240560	607	3
210119_RL#220_15g	640	Response	1	7240560	607	3
210119_RL#220_15g	640	Port Input	1	7241595	1642	4
210119_RL#220_15g	640	Response	1	7241595	1642	4
210119_RL#220_15g	640	Port Input	1	7242721	2769	4
210119_RL#220_15g	640	Response	1	7242721	2769	4
210119_RL#220_15g	640	Port Input	1	7243976	4024	4
210119_RL#220_15g	640	Response	1	7243976	4024	4
210119_RL#220_15g	640	Port Input	1	7245306	5353	4
210119_RL#220_15g	640	Response	1	7245306	5353	4
210119_RL#220_15g	640	Port Input	1	7245309	5357	4
210119_RL#220_15g	640	Response	1	7245309	5357	4
210119_RL#220_15g	640	Port Input	1	7246667	6714	4
210119_RL#220_15g	640	Response	1	7246667	6714	4
210119_RL#220_15g	640	Port Input	1	7247980	8027	4
210119_RL#220_15g	640	Response	1	7247980	8027	4
210119_RL#220_15g	640	Port Input	1	7247983	8030	4
210119_RL#220_15g	640	Response	1	7247983	8030	4
210119_RL#220_15g	640	Port Input	1	7248730	8778	5
210119_RL#220_15g	640	Response	1	7248730	8778	5
210119_RL#220_15g	640	Port Input	1	7249276	9324	4
210119_RL#220_15g	640	Response	1	7249276	9324	4
210119_RL#220_15g	640	Port Input	1	7252851	12898	5
210119_RL#220_15g	640	Response	1	7252851	12898	5
210119_RL#220_15g	640	Port Input	1	7252855	12903	4
210119_RL#220_15g	640	Response	1	7252855	12903	4
210119_RL#220_15g	641	Picture	3511	7260091	0	4	665	7	0	next	other	0
210119_RL#220_15g	642	Picture	666	7260757	0	4	20139	7	0	next	false_alarm	2906
210119_RL#220_15g	642	Port Input	1	7268401	7644	4
210119_RL#220_15g	642	Response	1	7268401	7644	4
210119_RL#220_15g	642	Port Input	1	7268407	7650	4
210119_RL#220_15g	642	Response	1	7268407	7650	4
210119_RL#220_15g	642	Port Input	1	7269367	8610	4
210119_RL#220_15g	642	Response	1	7269367	8610	4
210119_RL#220_15g	642	Port Input	1	7269370	8614	4
210119_RL#220_15g	642	Response	1	7269370	8614	4
210119_RL#220_15g	642	Port Input	1	7269505	8748	4
210119_RL#220_15g	642	Response	1	7269505	8748	4
210119_RL#220_15g	643	Picture	777	7280896	0	4	20306	4	0	next	other	0
210119_RL#220_15g	643	Manual	2	7300909	20013	NA
210119_RL#220_15g	644	Sound	211	7303018	1817	1			0		other	0
210119_RL#220_15g	644	Port Input	1	7305702	4500	4
210119_RL#220_15g	644	Response	1	7305702	4500	4
210119_RL#220_15g	644	Port Input	1	7305706	4504	4
210119_RL#220_15g	644	Response	1	7305706	4504	4
210119_RL#220_15g	644	Port Input	1	7306209	5007	15
210119_RL#220_15g	644	Response	1	7306209	5007	15
210119_RL#220_15g	645	Picture	555	7306528	0	1	5326	1	0	next	false_alarm	2926
210119_RL#220_15g	645	Port Input	1	7307616	1089	4
210119_RL#220_15g	645	Response	1	7307616	1089	4
210119_RL#220_15g	645	Port Input	1	7307620	1092	4
210119_RL#220_15g	645	Response	1	7307620	1092	4
210119_RL#220_15g	645	Port Input	1	7308984	2456	4
210119_RL#220_15g	645	Response	1	7308984	2456	4
210119_RL#220_15g	645	Port Input	1	7310515	3988	4
210119_RL#220_15g	645	Response	1	7310515	3988	4
210119_RL#220_15g	645	Port Input	1	7310519	3991	4
210119_RL#220_15g	645	Response	1	7310519	3991	4
210119_RL#220_15g	646	Picture	10	7311853	0	1	6325	2	0	next	hit	2939
210119_RL#220_15g	646	Port Input	1	7311975	121	3
210119_RL#220_15g	646	Response	1	7311975	121	3
210119_RL#220_15g	646	Port Input	1	7317941	6088	4
210119_RL#220_15g	646	Response	1	7317941	6088	4
210119_RL#220_15g	647	Picture	351	7318178	0	1	499	2	0	next	other	0
210119_RL#220_15g	648	Picture	1	7318677	0	1	20303	4	0	next	false_alarm	2943
210119_RL#220_15g	648	Port Input	1	7319739	1061	4
210119_RL#220_15g	648	Response	1	7319739	1061	4
210119_RL#220_15g	648	Port Input	1	7319742	1064	4
210119_RL#220_15g	648	Response	1	7319742	1064	4
210119_RL#220_15g	648	Port Input	1	7320757	2080	4
210119_RL#220_15g	648	Response	1	7320757	2080	4
210119_RL#220_15g	648	Port Input	1	7321868	3190	4
210119_RL#220_15g	648	Response	1	7321868	3190	4
210119_RL#220_15g	648	Port Input	1	7323080	4402	4
210119_RL#220_15g	648	Response	1	7323080	4402	4
210119_RL#220_15g	648	Port Input	1	7323085	4407	4
210119_RL#220_15g	648	Response	1	7323085	4407	4
210119_RL#220_15g	648	Port Input	1	7324264	5586	4
210119_RL#220_15g	648	Response	1	7324264	5586	4
210119_RL#220_15g	648	Port Input	1	7324267	5590	4
210119_RL#220_15g	648	Response	1	7324267	5590	4
210119_RL#220_15g	648	Port Input	1	7324911	6234	4
210119_RL#220_15g	648	Response	1	7324911	6234	4
210119_RL#220_15g	648	Port Input	1	7324915	6238	4
210119_RL#220_15g	648	Response	1	7324915	6238	4
210119_RL#220_15g	648	Port Input	1	7324979	6301	4
210119_RL#220_15g	648	Response	1	7324979	6301	4
210119_RL#220_15g	648	Port Input	1	7324984	6306	4
210119_RL#220_15g	648	Response	1	7324984	6306	4
210119_RL#220_15g	648	Port Input	1	7328510	9832	4
210119_RL#220_15g	648	Response	1	7328510	9832	4
210119_RL#220_15g	649	Picture	3511	7338981	0	3	666	6	0	next	other	0
210119_RL#220_15g	650	Picture	666	7339646	0	3	20139	6	0	next	other	0
210119_RL#220_15g	651	Picture	777	7359785	0	3	20138	6	0	next	other	0
210119_RL#220_15g	651	Manual	2	7379802	20017	NA
210119_RL#220_15g	652	Sound	211	7381018	1095	1			0		other	0
210119_RL#220_15g	652	Port Input	1	7384200	4276	4
210119_RL#220_15g	652	Response	1	7384200	4276	4
210119_RL#220_15g	653	Picture	555	7385083	0	4	5160	7	0	next	false_alarm	2977
210119_RL#220_15g	653	Port Input	1	7385833	751	4
210119_RL#220_15g	653	Response	1	7385833	751	4
210119_RL#220_15g	653	Port Input	1	7387334	2252	4
210119_RL#220_15g	653	Response	1	7387334	2252	4
210119_RL#220_15g	653	Port Input	1	7387338	2255	4
210119_RL#220_15g	653	Response	1	7387338	2255	4
210119_RL#220_15g	654	Picture	10	7390242	0	4	6324	7	0	next	hit	2984
210119_RL#220_15g	654	Port Input	1	7396367	6125	4
210119_RL#220_15g	654	Response	1	7396367	6125	4
210119_RL#220_15g	655	Picture	351	7396567	0	4	499	7	0	next	other	0
210119_RL#220_15g	656	Picture	1	7397066	0	4	20306	4	0	next	false_alarm	2988
210119_RL#220_15g	656	Port Input	1	7398172	1106	4
210119_RL#220_15g	656	Response	1	7398172	1106	4
210119_RL#220_15g	656	Port Input	1	7400409	3343	4
210119_RL#220_15g	656	Response	1	7400409	3343	4
210119_RL#220_15g	656	Port Input	1	7401652	4586	4
210119_RL#220_15g	656	Response	1	7401652	4586	4
210119_RL#220_15g	656	Port Input	1	7402840	5774	5
210119_RL#220_15g	656	Response	1	7402840	5774	5
210119_RL#220_15g	656	Port Input	1	7404148	7082	4
210119_RL#220_15g	656	Response	1	7404148	7082	4
210119_RL#220_15g	656	Port Input	1	7405539	8473	4
210119_RL#220_15g	656	Response	1	7405539	8473	4
210119_RL#220_15g	656	Port Input	1	7406895	9829	4
210119_RL#220_15g	656	Response	1	7406895	9829	4
210119_RL#220_15g	656	Port Input	1	7406899	9833	4
210119_RL#220_15g	656	Response	1	7406899	9833	4
210119_RL#220_15g	656	Port Input	1	7408259	11193	4
210119_RL#220_15g	656	Response	1	7408259	11193	4
210119_RL#220_15g	656	Port Input	1	7409604	12538	4
210119_RL#220_15g	656	Response	1	7409604	12538	4
210119_RL#220_15g	656	Port Input	1	7409607	12541	4
210119_RL#220_15g	656	Response	1	7409607	12541	4
210119_RL#220_15g	656	Port Input	1	7410963	13896	4
210119_RL#220_15g	656	Response	1	7410963	13896	4
210119_RL#220_15g	657	Picture	3511	7417372	0	1	666	1	0	next	other	0
210119_RL#220_15g	658	Picture	666	7418038	0	1	20305	2	0	next	other	0
210119_RL#220_15g	659	Picture	777	7438343	0	1	20303	4	0	next	other	0
210119_RL#220_15g	659	Manual	2	7458356	20013	NA
210119_RL#220_15g	660	Sound	212	7460019	1372	1			0		other	0
210119_RL#220_15g	661	Picture	555	7463806	0	3	5159	5	0	next	other	0
210119_RL#220_15g	662	Picture	10	7468966	0	3	20138	6	0	next	miss	0
210119_RL#220_15g	663	Picture	411	7489104	0	3	666	6	0	next	other	0
210119_RL#220_15g	664	Picture	666	7489770	0	4	20138	7	0	next	other	0
210119_RL#220_15g	665	Picture	777	7509908	0	4	20307	5	0	next	other	0
210119_RL#220_15g	665	Manual	1	7529920	20013	NA
210119_RL#220_15g	666	Sound	212	7532019	1804	1			0		other	0
210119_RL#220_15g	667	Picture	555	7535540	0	1	5326	2	0	next	other	0
210119_RL#220_15g	668	Picture	10	7540866	0	1	20304	3	0	next	miss	0
210119_RL#220_15g	669	Picture	411	7561170	0	2	998	5	0	next	other	0
210119_RL#220_15g	670	Picture	666	7562168	0	3	20305	5	0	next	other	0
210119_RL#220_15g	671	Picture	777	7582473	0	3	20302	8	0	next	other	0
210119_RL#220_15g	671	Manual	1	7602486	20013	NA
210119_RL#220_15g	672	Sound	211	7604019	1243	1			0		other	0
210119_RL#220_15g	673	Picture	555	7607937	0	4	5160	7	0	next	other	0
210119_RL#220_15g	674	Picture	10	7613097	0	3	20140	5	0	next	miss	0
210119_RL#220_15g	675	Picture	451	7633237	0	2	1163	6	0	next	other	0
210119_RL#220_15g	676	Picture	666	7634400	0	4	20306	4	0	next	other	0
210119_RL#220_15g	677	Picture	777	7654707	0	1	20305	2	0	next	other	0
210119_RL#220_15g	677	Manual	1	7674725	20018	NA
210119_RL#220_15g	678	Sound	212	7676019	1007	1			0		other	0
210119_RL#220_15g	679	Picture	555	7680336	0	3	5326	5	0	next	other	0
210119_RL#220_15g	680	Picture	10	7685662	0	3	20304	5	0	next	miss	0
210119_RL#220_15g	681	Picture	411	7705967	0	3	666	6	0	next	other	0
210119_RL#220_15g	682	Picture	666	7706633	0	3	20135	10	0	next	other	0
210119_RL#220_15g	683	Picture	777	7726768	0	7	20142	11	0	next	other	0
210119_RL#220_15g	683	Manual	2	7746787	20019	NA
210119_RL#220_15g	684	Sound	212	7748019	1109	1			0		other	0
210119_RL#220_15g	685	Picture	555	7752070	0	4	5327	4	0	next	other	0
210119_RL#220_15g	686	Picture	10	7757396	0	1	20305	2	0	next	miss	0
210119_RL#220_15g	687	Picture	411	7777701	0	1	832	2	0	next	other	0
210119_RL#220_15g	688	Picture	666	7778534	0	1	20304	3	0	next	other	0
210119_RL#220_15g	689	Picture	777	7798837	0	3	20305	5	0	next	other	0
210119_RL#220_15g	689	Manual	2	7818853	20016	NA
210119_RL#220_15g	690	Sound	211	7821019	1877	1			0		other	0
210119_RL#220_15g	691	Picture	555	7824302	0	3	5159	6	0	next	false_alarm	3053
210119_RL#220_15g	691	Port Input	1	7826020	1718	4
210119_RL#220_15g	691	Response	1	7826020	1718	4
210119_RL#220_15g	692	Picture	10	7829461	0	3	2996	6	0	next	hit	3056
210119_RL#220_15g	692	Port Input	1	7832221	2760	4
210119_RL#220_15g	692	Response	1	7832221	2760	4
210119_RL#220_15g	692	Port Input	1	7832224	2764	4
210119_RL#220_15g	692	Response	1	7832224	2764	4
210119_RL#220_15g	693	Picture	351	7832457	0	3	499	6	0	next	other	0
210119_RL#220_15g	694	Picture	1	7832956	0	4	20139	6	0	next	false_alarm	3062
210119_RL#220_15g	694	Port Input	1	7834017	1061	4
210119_RL#220_15g	694	Response	1	7834017	1061	4
210119_RL#220_15g	695	Picture	3511	7853095	0	3	832	6	0	next	other	0
210119_RL#220_15g	696	Picture	666	7853926	0	4	20138	8	0	next	other	0
210119_RL#220_15g	697	Picture	777	7874065	0	4	20307	5	0	next	other	0
210119_RL#220_15g	697	Manual	1	7894083	20018	NA
210119_RL#220_15g	698	Sound	211	7896019	1648	1			0		other	0
210119_RL#220_15g	699	Picture	555	7899697	0	1	5326	1	0	next	other	0
210119_RL#220_15g	700	Picture	10	7905023	0	1	4993	2	0	next	hit	3071
210119_RL#220_15g	700	Port Input	1	7909699	4676	4
210119_RL#220_15g	700	Response	1	7909699	4676	4
210119_RL#220_15g	701	Picture	351	7910016	0	1	499	2	0	next	other	0
210119_RL#220_15g	702	Picture	1	7910516	0	1	20302	6	0	next	other	0
210119_RL#220_15g	703	Picture	3511	7930817	0	5	501	8	0	next	other	0
210119_RL#220_15g	704	Picture	666	7931318	0	3	20139	5	0	next	false_alarm	3077
210119_RL#220_15g	704	Port Input	1	7943221	11902	4
210119_RL#220_15g	704	Response	1	7943221	11902	4
210119_RL#220_15g	704	Port Input	1	7945497	14179	4
210119_RL#220_15g	704	Response	1	7945497	14179	4
210119_RL#220_15g	704	Port Input	1	7947562	16244	4
210119_RL#220_15g	704	Response	1	7947562	16244	4
210119_RL#220_15g	704	Port Input	1	7948715	17396	4
210119_RL#220_15g	704	Response	1	7948715	17396	4
210119_RL#220_15g	704	Port Input	1	7949876	18558	4
210119_RL#220_15g	704	Response	1	7949876	18558	4
210119_RL#220_15g	704	Port Input	1	7951082	19764	4
210119_RL#220_15g	704	Response	1	7951082	19764	4
210119_RL#220_15g	705	Picture	777	7951457	0	3	20138	6	0	next	false_alarm	3090
210119_RL#220_15g	705	Port Input	1	7952356	899	4
210119_RL#220_15g	705	Response	1	7952356	899	4
210119_RL#220_15g	705	Port Input	1	7953735	2278	4
210119_RL#220_15g	705	Response	1	7953735	2278	4
210119_RL#220_15g	705	Port Input	1	7955261	3804	4
210119_RL#220_15g	705	Response	1	7955261	3804	4
210119_RL#220_15g	705	Port Input	1	7955266	3809	4
210119_RL#220_15g	705	Response	1	7955266	3809	4
210119_RL#220_15g	705	Port Input	1	7956823	5366	4
210119_RL#220_15g	705	Response	1	7956823	5366	4
210119_RL#220_15g	705	Port Input	1	7958251	6794	4
210119_RL#220_15g	705	Response	1	7958251	6794	4
210119_RL#220_15g	705	Port Input	1	7958256	6799	4
210119_RL#220_15g	705	Response	1	7958256	6799	4
210119_RL#220_15g	705	Port Input	1	7959833	8375	4
210119_RL#220_15g	705	Response	1	7959833	8375	4
210119_RL#220_15g	705	Port Input	1	7959836	8379	4
210119_RL#220_15g	705	Response	1	7959836	8379	4
210119_RL#220_15g	705	Port Input	1	7961297	9840	4
210119_RL#220_15g	705	Response	1	7961297	9840	4
210119_RL#220_15g	705	Port Input	1	7962796	11339	5
210119_RL#220_15g	705	Response	1	7962796	11339	5
210119_RL#220_15g	705	Port Input	1	7969204	17747	4
210119_RL#220_15g	705	Response	1	7969204	17747	4
210119_RL#220_15g	705	Port Input	1	7969208	17750	4
210119_RL#220_15g	705	Response	1	7969208	17750	4
210119_RL#220_15g	705	Port Input	1	7970740	19282	4
210119_RL#220_15g	705	Response	1	7970740	19282	4
210119_RL#220_15g	705	Manual	2	7971474	20017	NA
210119_RL#220_15g	706	Sound	212	7973019	1424	1			0		other	0
210119_RL#220_15g	707	Picture	555	7976755	0	4	5160	7	0	next	false_alarm	3121
210119_RL#220_15g	707	Port Input	1	7980597	3842	4
210119_RL#220_15g	707	Response	1	7980597	3842	4
210119_RL#220_15g	707	Port Input	1	7980601	3846	5
210119_RL#220_15g	707	Response	1	7980601	3846	5
210119_RL#220_15g	708	Picture	10	7981914	0	3	8987	7	0	next	hit	3126
210119_RL#220_15g	708	Port Input	1	7990736	8821	4
210119_RL#220_15g	708	Response	1	7990736	8821	4
210119_RL#220_15g	709	Picture	311	7990902	0	4	499	7	0	next	other	0
210119_RL#220_15g	710	Picture	444	7991401	0	4	80721	6	0	next	false_alarm	3130
210119_RL#220_15g	710	Port Input	1	8001793	10392	4
210119_RL#220_15g	710	Response	1	8001793	10392	4
210119_RL#220_15g	710	Port Input	1	8004835	13434	4
210119_RL#220_15g	710	Response	1	8004835	13434	4
210119_RL#220_15g	710	Port Input	1	8005231	13830	4
210119_RL#220_15g	710	Response	1	8005231	13830	4
210119_RL#220_15g	710	Port Input	1	8010885	19484	4
210119_RL#220_15g	710	Response	1	8010885	19484	4
210119_RL#220_15g	710	Port Input	1	8010889	19488	4
210119_RL#220_15g	710	Response	1	8010889	19488	4
210119_RL#220_15g	710	Port Input	1	8012516	21115	4
210119_RL#220_15g	710	Response	1	8012516	21115	4
210119_RL#220_15g	710	Port Input	1	8027753	36353	5
210119_RL#220_15g	710	Response	1	8027753	36353	5
210119_RL#220_15g	710	Port Input	1	8029217	37817	4
210119_RL#220_15g	710	Response	1	8029217	37817	4
210119_RL#220_15g	711	Picture	666	8072121	0	3	20139	6	0	next	other	0
210119_RL#220_15g	712	Picture	777	8092260	0	3	20138	7	0	next	other	0
210119_RL#220_15g	712	Manual	2	8112273	20013	NA
210119_RL#220_15g	713	Sound	211	8114019	1621	1			0		other	0
210119_RL#220_15g	713	Port Input	1	8117118	4720	4
210119_RL#220_15g	713	Response	1	8117118	4720	4
210119_RL#220_15g	713	Port Input	1	8117121	4723	4
210119_RL#220_15g	713	Response	1	8117121	4723	4
210119_RL#220_15g	714	Picture	555	8117726	0	1	5326	2	0	next	false_alarm	3155
210119_RL#220_15g	714	Port Input	1	8118726	1000	4
210119_RL#220_15g	714	Response	1	8118726	1000	4
210119_RL#220_15g	714	Port Input	1	8120209	2484	4
210119_RL#220_15g	714	Response	1	8120209	2484	4
210119_RL#220_15g	714	Port Input	1	8121747	4021	4
210119_RL#220_15g	714	Response	1	8121747	4021	4
210119_RL#220_15g	715	Picture	10	8123051	0	1	499	2	0	next	hit	3162
210119_RL#220_15g	715	Port Input	1	8123290	239	4
210119_RL#220_15g	715	Response	1	8123290	239	4
210119_RL#220_15g	716	Picture	351	8123551	0	1	666	2	0	next	other	0
210119_RL#220_15g	717	Picture	1	8124217	0	1	20305	1	0	next	false_alarm	3166
210119_RL#220_15g	717	Port Input	1	8124688	471	4
210119_RL#220_15g	717	Response	1	8124688	471	4
210119_RL#220_15g	717	Port Input	1	8125744	1527	4
210119_RL#220_15g	717	Response	1	8125744	1527	4
210119_RL#220_15g	717	Port Input	1	8126875	2658	4
210119_RL#220_15g	717	Response	1	8126875	2658	4
210119_RL#220_15g	717	Port Input	1	8126879	2662	4
210119_RL#220_15g	717	Response	1	8126879	2662	4
210119_RL#220_15g	717	Port Input	1	8128072	3855	4
210119_RL#220_15g	717	Response	1	8128072	3855	4
210119_RL#220_15g	717	Port Input	1	8129363	5146	4
210119_RL#220_15g	717	Response	1	8129363	5146	4
210119_RL#220_15g	717	Port Input	1	8130757	6540	5
210119_RL#220_15g	717	Response	1	8130757	6540	5
210119_RL#220_15g	717	Port Input	1	8132168	7951	4
210119_RL#220_15g	717	Response	1	8132168	7951	4
210119_RL#220_15g	717	Port Input	1	8133606	9389	4
210119_RL#220_15g	717	Response	1	8133606	9389	4
210119_RL#220_15g	717	Port Input	1	8144503	20286	5
210119_RL#220_15g	717	Response	1	8144503	20286	5
210119_RL#220_15g	718	Picture	3511	8144521	0	1	666	1	0	next	other	0
210119_RL#220_15g	719	Picture	666	8145187	0	1	20303	4	0	next	false_alarm	3188
210119_RL#220_15g	719	Port Input	1	8145834	647	4
210119_RL#220_15g	719	Response	1	8145834	647	4
210119_RL#220_15g	720	Picture	777	8165490	0	3	20305	6	0	next	false_alarm	3191
210119_RL#220_15g	720	Port Input	1	8182537	17047	4
210119_RL#220_15g	720	Response	1	8182537	17047	4
210119_RL#220_15g	720	Port Input	1	8182541	17050	4
210119_RL#220_15g	720	Response	1	8182541	17050	4
210119_RL#220_15g	720	Port Input	1	8184063	18573	4
210119_RL#220_15g	720	Response	1	8184063	18573	4
210119_RL#220_15g	720	Manual	2	8185503	20013	NA
210119_RL#220_15g	721	Sound	212	8187019	1224	1			0		other	0
210119_RL#220_15g	722	Picture	555	8190954	0	4	5160	7	0	next	other	0
210119_RL#220_15g	723	Picture	10	8196115	0	3	20138	6	0	next	miss	0
210119_RL#220_15g	724	Picture	411	8216253	0	4	665	7	0	next	other	0
210119_RL#220_15g	725	Picture	666	8216918	0	4	20307	4	0	next	other	0
210119_RL#220_15g	726	Picture	777	8237225	0	1	20305	1	0	next	other	0
210119_RL#220_15g	726	Manual	2	8257240	20015	NA
210119_RL#220_15g	727	Sound	211	8259019	1490	1			0		other	0
210119_RL#220_15g	727	Port Input	1	8260986	3456	4
210119_RL#220_15g	727	Response	1	8260986	3456	4
210119_RL#220_15g	727	Port Input	1	8262533	5003	11
210119_RL#220_15g	727	Response	1	8262533	5003	11
210119_RL#220_15g	728	Picture	555	8262856	0	1	5326	2	0	next	false_alarm	3211
210119_RL#220_15g	728	Port Input	1	8264212	1356	4
210119_RL#220_15g	728	Response	1	8264212	1356	4
210119_RL#220_15g	728	Port Input	1	8265889	3034	3
210119_RL#220_15g	728	Response	1	8265889	3034	3
210119_RL#220_15g	728	Port Input	1	8265893	3037	4
210119_RL#220_15g	728	Response	1	8265893	3037	4
210119_RL#220_15g	728	Port Input	1	8267664	4808	5
210119_RL#220_15g	728	Response	1	8267664	4808	5
210119_RL#220_15g	728	Port Input	1	8267668	4812	4
210119_RL#220_15g	728	Response	1	8267668	4812	4
210119_RL#220_15g	729	Picture	10	8268181	0	1	1331	3	0	next	hit	3222
210119_RL#220_15g	729	Port Input	1	8269301	1120	4
210119_RL#220_15g	729	Response	1	8269301	1120	4
210119_RL#220_15g	730	Picture	351	8269513	0	2	500	2	0	next	other	0
210119_RL#220_15g	731	Picture	1	8270013	0	1	20303	3	0	next	false_alarm	3226
210119_RL#220_15g	731	Port Input	1	8270870	857	4
210119_RL#220_15g	731	Response	1	8270870	857	4
210119_RL#220_15g	731	Port Input	1	8271881	1868	4
210119_RL#220_15g	731	Response	1	8271881	1868	4
210119_RL#220_15g	731	Port Input	1	8272990	2977	4
210119_RL#220_15g	731	Response	1	8272990	2977	4
210119_RL#220_15g	731	Port Input	1	8274201	4188	4
210119_RL#220_15g	731	Response	1	8274201	4188	4
210119_RL#220_15g	731	Port Input	1	8275515	5502	4
210119_RL#220_15g	731	Response	1	8275515	5502	4
210119_RL#220_15g	731	Port Input	1	8276930	6918	4
210119_RL#220_15g	731	Response	1	8276930	6918	4
210119_RL#220_15g	731	Port Input	1	8276934	6921	4
210119_RL#220_15g	731	Response	1	8276934	6921	4
210119_RL#220_15g	731	Port Input	1	8278349	8337	4
210119_RL#220_15g	731	Response	1	8278349	8337	4
210119_RL#220_15g	732	Picture	3511	8290316	0	3	498	7	0	next	other	0
210119_RL#220_15g	733	Picture	666	8290813	0	5	20140	8	0	next	other	0
210119_RL#220_15g	734	Picture	777	8310953	0	3	20139	6	0	next	false_alarm	3245
210119_RL#220_15g	734	Port Input	1	8323018	12065	4
210119_RL#220_15g	734	Response	1	8323018	12065	4
210119_RL#220_15g	734	Port Input	1	8323022	12069	4
210119_RL#220_15g	734	Response	1	8323022	12069	4
210119_RL#220_15g	734	Port Input	1	8324246	13292	4
210119_RL#220_15g	734	Response	1	8324246	13292	4
210119_RL#220_15g	734	Port Input	1	8325663	14710	5
210119_RL#220_15g	734	Response	1	8325663	14710	5
210119_RL#220_15g	734	Port Input	1	8328762	17809	4
210119_RL#220_15g	734	Response	1	8328762	17809	4
210119_RL#220_15g	734	Manual	2	8330971	20018	NA
210119_RL#220_15g	735	Sound	211	8333020	1928	1			0		other	0
210119_RL#220_15g	736	Picture	555	8336252	0	3	5159	7	0	next	false_alarm	3258
210119_RL#220_15g	736	Port Input	1	8336383	132	4
210119_RL#220_15g	736	Response	1	8336383	132	4
210119_RL#220_15g	736	Port Input	1	8338095	1843	5
210119_RL#220_15g	736	Response	1	8338095	1843	5
210119_RL#220_15g	736	Port Input	1	8339887	3636	4
210119_RL#220_15g	736	Response	1	8339887	3636	4
210119_RL#220_15g	737	Picture	10	8341411	0	4	333	7	0	next	hit	3265
210119_RL#220_15g	737	Port Input	1	8341529	118	3
210119_RL#220_15g	737	Response	1	8341529	118	3
210119_RL#220_15g	738	Picture	351	8341744	0	4	333	7	0	next	other	0
210119_RL#220_15g	739	Picture	1	8342077	0	4	20306	4	0	next	false_alarm	3269
210119_RL#220_15g	739	Port Input	1	8343447	1370	3
210119_RL#220_15g	739	Response	1	8343447	1370	3
210119_RL#220_15g	739	Port Input	1	8343450	1374	3
210119_RL#220_15g	739	Response	1	8343450	1374	3
210119_RL#220_15g	739	Port Input	1	8344528	2451	4
210119_RL#220_15g	739	Response	1	8344528	2451	4
210119_RL#220_15g	739	Port Input	1	8345722	3646	4
210119_RL#220_15g	739	Response	1	8345722	3646	4
210119_RL#220_15g	739	Port Input	1	8346981	4904	4
210119_RL#220_15g	739	Response	1	8346981	4904	4
210119_RL#220_15g	739	Port Input	1	8348248	6171	4
210119_RL#220_15g	739	Response	1	8348248	6171	4
210119_RL#220_15g	739	Port Input	1	8349656	7579	4
210119_RL#220_15g	739	Response	1	8349656	7579	4
210119_RL#220_15g	739	Port Input	1	8351075	8998	4
210119_RL#220_15g	739	Response	1	8351075	8998	4
210119_RL#220_15g	739	Port Input	1	8351079	9002	4
210119_RL#220_15g	739	Response	1	8351079	9002	4
210119_RL#220_15g	740	Picture	3511	8362383	0	1	666	2	0	next	other	0
210119_RL#220_15g	741	Picture	666	8363049	0	1	20304	2	0	next	false_alarm	3289
210119_RL#220_15g	741	Port Input	1	8365308	2259	4
210119_RL#220_15g	741	Response	1	8365308	2259	4
210119_RL#220_15g	741	Port Input	1	8365311	2263	5
210119_RL#220_15g	741	Response	1	8365311	2263	5
210119_RL#220_15g	741	Port Input	1	8366559	3510	4
210119_RL#220_15g	741	Response	1	8366559	3510	4
210119_RL#220_15g	741	Port Input	1	8366565	3516	4
210119_RL#220_15g	741	Response	1	8366565	3516	4
210119_RL#220_15g	741	Port Input	1	8378590	15542	4
210119_RL#220_15g	741	Response	1	8378590	15542	4
210119_RL#220_15g	742	Picture	777	8383353	0	1	20304	4	0	next	other	0
210119_RL#220_15g	742	Manual	1	8403367	20014	NA
210119_RL#220_15g	743	Sound	211	8405020	1362	1			0		other	0
210119_RL#220_15g	744	Picture	555	8408983	0	3	5159	6	0	next	other	0
210119_RL#220_15g	745	Picture	10	8414142	0	4	20139	7	0	next	miss	0
210119_RL#220_15g	746	Picture	451	8434281	0	4	832	7	0	next	other	0
210119_RL#220_15g	747	Picture	666	8435113	0	4	20139	6	0	next	false_alarm	3306
210119_RL#220_15g	747	Port Input	1	8445340	10227	4
210119_RL#220_15g	747	Response	1	8445340	10227	4
210119_RL#220_15g	748	Picture	777	8455252	0	3	20306	4	0	next	other	0
210119_RL#220_15g	748	Manual	1	8475265	20013	NA
210119_RL#220_15g	749	Sound	212	8477020	1462	1			0		other	0
210119_RL#220_15g	750	Picture	555	8480884	0	1	5326	2	0	next	other	0
210119_RL#220_15g	751	Picture	10	8486210	0	1	20305	2	0	next	miss	0
210119_RL#220_15g	752	Picture	411	8506515	0	1	666	2	0	next	other	0
210119_RL#220_15g	753	Picture	666	8507181	0	1	20303	4	0	next	other	0
210119_RL#220_15g	754	Picture	777	8527484	0	3	20305	6	0	next	other	0
210119_RL#220_15g	754	Manual	1	8547498	20014	NA
210119_RL#220_15g	755	Sound	212	8549020	1231	1			0		other	0
210119_RL#220_15g	756	Picture	555	8552948	0	3	5159	7	0	next	other	0
210119_RL#220_15g	757	Picture	10	8558107	0	4	20139	7	0	next	miss	0
210119_RL#220_15g	758	Picture	411	8578246	0	4	832	7	0	next	other	0
210119_RL#220_15g	759	Picture	666	8579078	0	4	20306	4	0	next	other	0
210119_RL#220_15g	760	Picture	777	8599385	0	1	20305	2	0	next	other	0
210119_RL#220_15g	760	Manual	2	8619401	20016	NA
210119_RL#220_15g	761	Sound	212	8621020	1330	1			0		other	0
210119_RL#220_15g	762	Picture	555	8625015	0	1	5326	2	0	next	other	0
210119_RL#220_15g	763	Picture	10	8630341	0	1	20303	4	0	next	miss	0
210119_RL#220_15g	764	Picture	411	8650645	0	3	666	6	0	next	other	0
210119_RL#220_15g	765	Picture	666	8651310	0	3	20138	6	0	next	other	0
210119_RL#220_15g	766	Picture	777	8671449	0	4	20139	7	0	next	other	0
210119_RL#220_15g	766	Manual	1	8691462	20013	NA
210119_RL#220_15g	767	Sound	211	8693020	1432	1			0		other	0
210119_RL#220_15g	768	Picture	555	8696747	0	4	5160	7	0	next	false_alarm	3333
210119_RL#220_15g	768	Port Input	1	8698523	1777	4
210119_RL#220_15g	768	Response	1	8698523	1777	4
210119_RL#220_15g	768	Port Input	1	8699982	3235	4
210119_RL#220_15g	768	Response	1	8699982	3235	4
210119_RL#220_15g	768	Port Input	1	8700049	3302	4
210119_RL#220_15g	768	Response	1	8700049	3302	4
210119_RL#220_15g	769	Picture	10	8701907	0	4	3329	7	0	next	hit	3340
210119_RL#220_15g	769	Port Input	1	8704992	3085	4
210119_RL#220_15g	769	Response	1	8704992	3085	4
210119_RL#220_15g	770	Picture	351	8705235	0	4	499	7	0	next	other	0
210119_RL#220_15g	771	Picture	1	8705735	0	4	20306	5	0	next	false_alarm	3344
210119_RL#220_15g	771	Port Input	1	8706973	1238	4
210119_RL#220_15g	771	Response	1	8706973	1238	4
210119_RL#220_15g	771	Port Input	1	8707986	2252	4
210119_RL#220_15g	771	Response	1	8707986	2252	4
210119_RL#220_15g	771	Port Input	1	8709185	3451	4
210119_RL#220_15g	771	Response	1	8709185	3451	4
210119_RL#220_15g	771	Port Input	1	8710355	4620	4
210119_RL#220_15g	771	Response	1	8710355	4620	4
210119_RL#220_15g	771	Port Input	1	8711559	5825	4
210119_RL#220_15g	771	Response	1	8711559	5825	4
210119_RL#220_15g	771	Port Input	1	8712877	7142	4
210119_RL#220_15g	771	Response	1	8712877	7142	4
210119_RL#220_15g	771	Port Input	1	8712882	7148	4
210119_RL#220_15g	771	Response	1	8712882	7148	4
210119_RL#220_15g	771	Port Input	1	8714294	8560	4
210119_RL#220_15g	771	Response	1	8714294	8560	4
210119_RL#220_15g	771	Port Input	1	8714298	8563	4
210119_RL#220_15g	771	Response	1	8714298	8563	4
210119_RL#220_15g	771	Port Input	1	8715638	9904	4
210119_RL#220_15g	771	Response	1	8715638	9904	4
210119_RL#220_15g	771	Port Input	1	8720528	14793	4
210119_RL#220_15g	771	Response	1	8720528	14793	4
210119_RL#220_15g	772	Picture	3511	8726041	0	1	832	2	0	next	other	0
210119_RL#220_15g	773	Picture	666	8726873	0	1	20305	2	0	next	other	0
210119_RL#220_15g	774	Picture	777	8747178	0	1	20304	4	0	next	false_alarm	3369
210119_RL#220_15g	774	Port Input	1	8754619	7441	4
210119_RL#220_15g	774	Response	1	8754619	7441	4
210119_RL#220_15g	774	Port Input	1	8756770	9592	4
210119_RL#220_15g	774	Response	1	8756770	9592	4
210119_RL#220_15g	774	Port Input	1	8758449	11271	4
210119_RL#220_15g	774	Response	1	8758449	11271	4
210119_RL#220_15g	774	Port Input	1	8758452	11274	4
210119_RL#220_15g	774	Response	1	8758452	11274	4
210119_RL#220_15g	774	Port Input	1	8760131	12953	4
210119_RL#220_15g	774	Response	1	8760131	12953	4
210119_RL#220_15g	774	Manual	1	8767190	20013	NA
210119_RL#220_15g	775	Sound	211	8769020	1539	1			0		other	0
210119_RL#220_15g	776	Picture	555	8772641	0	3	5159	5	0	next	false_alarm	3382
210119_RL#220_15g	776	Port Input	1	8773315	674	4
210119_RL#220_15g	776	Response	1	8773315	674	4
210119_RL#220_15g	776	Port Input	1	8774809	2169	4
210119_RL#220_15g	776	Response	1	8774809	2169	4
210119_RL#220_15g	776	Port Input	1	8776394	3753	4
210119_RL#220_15g	776	Response	1	8776394	3753	4
210119_RL#220_15g	777	Picture	10	8777800	0	3	333	6	0	next	hit	3389
210119_RL#220_15g	777	Port Input	1	8777976	176	4
210119_RL#220_15g	777	Response	1	8777976	176	4
210119_RL#220_15g	778	Picture	351	8778133	0	3	499	6	0	next	other	0
210119_RL#220_15g	779	Picture	1	8778632	0	3	20136	8	0	next	false_alarm	3393
210119_RL#220_15g	779	Port Input	1	8779399	767	4
210119_RL#220_15g	779	Response	1	8779399	767	4
210119_RL#220_15g	779	Port Input	1	8780437	1805	4
210119_RL#220_15g	779	Response	1	8780437	1805	4
210119_RL#220_15g	779	Port Input	1	8781596	2964	4
210119_RL#220_15g	779	Response	1	8781596	2964	4
210119_RL#220_15g	779	Port Input	1	8782797	4164	4
210119_RL#220_15g	779	Response	1	8782797	4164	4
210119_RL#220_15g	779	Port Input	1	8784075	5442	4
210119_RL#220_15g	779	Response	1	8784075	5442	4
210119_RL#220_15g	779	Port Input	1	8785509	6877	4
210119_RL#220_15g	779	Response	1	8785509	6877	4
210119_RL#220_15g	779	Port Input	1	8786850	8217	4
210119_RL#220_15g	779	Response	1	8786850	8217	4
210119_RL#220_15g	780	Picture	3511	8798769	0	6	836	7	0	next	other	0
210119_RL#220_15g	781	Picture	666	8799605	0	2	20137	5	0	next	false_alarm	3409
210119_RL#220_15g	781	Port Input	1	8807034	7429	4
210119_RL#220_15g	781	Response	1	8807034	7429	4
210119_RL#220_15g	781	Port Input	1	8808330	8725	4
210119_RL#220_15g	781	Response	1	8808330	8725	4
210119_RL#220_15g	781	Port Input	1	8809872	10267	4
210119_RL#220_15g	781	Response	1	8809872	10267	4
210119_RL#220_15g	781	Port Input	1	8811361	11756	4
210119_RL#220_15g	781	Response	1	8811361	11756	4
210119_RL#220_15g	781	Port Input	1	8811364	11760	5
210119_RL#220_15g	781	Response	1	8811364	11760	5
210119_RL#220_15g	782	Picture	777	8819741	0	4	20307	5	0	next	other	0
210119_RL#220_15g	782	Manual	2	8839754	20012	NA
210119_RL#220_15g	783	Sound	212	8842020	1972	1			0		other	0
210119_RL#220_15g	784	Picture	555	8845374	0	1	5326	2	0	next	other	0
210119_RL#220_15g	785	Picture	10	8850699	0	1	20304	3	0	next	miss	0
210119_RL#220_15g	786	Picture	411	8871003	0	3	665	5	0	next	other	0
210119_RL#220_15g	787	Picture	666	8871668	0	3	20305	6	0	next	false_alarm	3426
210119_RL#220_15g	787	Port Input	1	8873496	1828	4
210119_RL#220_15g	787	Response	1	8873496	1828	4
210119_RL#220_15g	787	Port Input	1	8875016	3347	4
210119_RL#220_15g	787	Response	1	8875016	3347	4
210119_RL#220_15g	787	Port Input	1	8875020	3351	4
210119_RL#220_15g	787	Response	1	8875020	3351	4
210119_RL#220_15g	788	Picture	777	8891974	0	3	20305	6	0	next	other	0
210119_RL#220_15g	788	Manual	1	8911992	20019	NA
210119_RL#220_15g	789	Sound	212	8914020	1742	1			0		other	0
210119_RL#220_15g	790	Picture	555	8917438	0	4	5159	7	0	next	other	0
210119_RL#220_15g	791	Picture	10	8922597	0	4	20139	7	0	next	miss	0
210119_RL#220_15g	792	Picture	411	8942736	0	4	832	7	0	next	other	0
210119_RL#220_15g	793	Picture	666	8943568	0	4	20306	5	0	next	other	0
210119_RL#220_15g	794	Picture	777	8963874	0	1	20303	5	0	next	other	0
210119_RL#220_15g	794	Manual	2	8983889	20015	NA
210119_RL#220_15g	795	Sound	212	8986020	1843	1			0		other	0
210119_RL#220_15g	795	Port Input	1	8988705	4528	4
210119_RL#220_15g	795	Response	1	8988705	4528	4
210119_RL#220_15g	795	Port Input	1	8988709	4532	4
210119_RL#220_15g	795	Response	1	8988709	4532	4
210119_RL#220_15g	796	Picture	555	8989504	0	3	5326	5	0	next	false_alarm	3447
210119_RL#220_15g	796	Port Input	1	8991979	2475	4
210119_RL#220_15g	796	Response	1	8991979	2475	4
210119_RL#220_15g	797	Picture	10	8994830	0	3	20305	5	0	next	miss	0
210119_RL#220_15g	798	Picture	411	9015134	0	3	666	6	0	next	other	0
210119_RL#220_15g	799	Picture	666	9015800	0	3	20139	6	0	next	other	0
210119_RL#220_15g	800	Picture	777	9035939	0	3	20138	7	0	next	false_alarm	3453
210119_RL#220_15g	800	Port Input	1	9055159	19220	4
210119_RL#220_15g	800	Response	1	9055159	19220	4
210119_RL#220_15g	800	Port Input	1	9055162	19223	4
210119_RL#220_15g	800	Response	1	9055162	19223	4
210119_RL#220_15g	800	Manual	1	9055953	20014	NA
210119_RL#220_15g	801	Port Input	1	9056985	908	4
210119_RL#220_15g	801	Response	1	9056985	908	4
210119_RL#220_15g	801	Sound	211	9058020	1943	1			0		other	0
210119_RL#220_15g	801	Port Input	1	9061067	4990	4
210119_RL#220_15g	801	Response	1	9061067	4990	4
210119_RL#220_15g	802	Picture	555	9061237	0	4	5327	5	0	next	false_alarm	3464
210119_RL#220_15g	802	Port Input	1	9062498	1261	4
210119_RL#220_15g	802	Response	1	9062498	1261	4
210119_RL#220_15g	802	Port Input	1	9062502	1265	4
210119_RL#220_15g	802	Response	1	9062502	1265	4
210119_RL#220_15g	802	Port Input	1	9064095	2858	4
210119_RL#220_15g	802	Response	1	9064095	2858	4
210119_RL#220_15g	802	Port Input	1	9065658	4422	4
210119_RL#220_15g	802	Response	1	9065658	4422	4
210119_RL#220_15g	802	Port Input	1	9065662	4425	4
210119_RL#220_15g	802	Response	1	9065662	4425	4
210119_RL#220_15g	803	Picture	10	9066564	0	1	998	3	0	next	hit	3475
210119_RL#220_15g	803	Port Input	1	9067279	715	4
210119_RL#220_15g	803	Response	1	9067279	715	4
210119_RL#220_15g	804	Picture	351	9067562	0	2	500	2	0	next	other	0
210119_RL#220_15g	805	Picture	1	9068062	0	1	20305	1	0	next	false_alarm	3479
210119_RL#220_15g	805	Port Input	1	9068865	803	4
210119_RL#220_15g	805	Response	1	9068865	803	4
210119_RL#220_15g	805	Port Input	1	9069920	1858	4
210119_RL#220_15g	805	Response	1	9069920	1858	4
210119_RL#220_15g	805	Port Input	1	9071023	2961	4
210119_RL#220_15g	805	Response	1	9071023	2961	4
210119_RL#220_15g	805	Port Input	1	9072222	4160	4
210119_RL#220_15g	805	Response	1	9072222	4160	4
210119_RL#220_15g	805	Port Input	1	9073515	5453	5
210119_RL#220_15g	805	Response	1	9073515	5453	5
210119_RL#220_15g	805	Port Input	1	9074846	6784	4
210119_RL#220_15g	805	Response	1	9074846	6784	4
210119_RL#220_15g	805	Port Input	1	9076185	8122	4
210119_RL#220_15g	805	Response	1	9076185	8122	4
210119_RL#220_15g	805	Port Input	1	9076190	8128	4
210119_RL#220_15g	805	Response	1	9076190	8128	4
210119_RL#220_15g	805	Port Input	1	9077647	9585	4
210119_RL#220_15g	805	Response	1	9077647	9585	4
210119_RL#220_15g	805	Port Input	1	9077651	9589	4
210119_RL#220_15g	805	Response	1	9077651	9589	4
210119_RL#220_15g	806	Picture	3511	9088367	0	1	666	1	0	next	other	0
210119_RL#220_15g	807	Picture	666	9089033	0	1	20304	3	0	next	false_alarm	3501
210119_RL#220_15g	807	Port Input	1	9090127	1095	4
210119_RL#220_15g	807	Response	1	9090127	1095	4
210119_RL#220_15g	807	Port Input	1	9091554	2522	5
210119_RL#220_15g	807	Response	1	9091554	2522	5
210119_RL#220_15g	807	Port Input	1	9092919	3886	4
210119_RL#220_15g	807	Response	1	9092919	3886	4
210119_RL#220_15g	807	Port Input	1	9097071	8038	4
210119_RL#220_15g	807	Response	1	9097071	8038	4
210119_RL#220_15g	808	Picture	777	9109336	0	3	20304	5	0	next	false_alarm	3510
210119_RL#220_15g	808	Port Input	1	9110380	1044	4
210119_RL#220_15g	808	Response	1	9110380	1044	4
210119_RL#220_15g	808	Port Input	1	9110383	1047	4
210119_RL#220_15g	808	Response	1	9110383	1047	4
210119_RL#220_15g	808	Manual	1	9129350	20014	NA
210119_RL#220_15g	809	Sound	211	9131020	1380	1			0		other	0
210119_RL#220_15g	809	Port Input	1	9134013	4373	5
210119_RL#220_15g	809	Response	1	9134013	4373	5
210119_RL#220_15g	810	Picture	555	9134797	0	7	5163	9	0	next	false_alarm	3519
210119_RL#220_15g	810	Port Input	1	9135308	512	4
210119_RL#220_15g	810	Response	1	9135308	512	4
210119_RL#220_15g	810	Port Input	1	9135312	515	4
210119_RL#220_15g	810	Response	1	9135312	515	4
210119_RL#220_15g	810	Port Input	1	9136787	1990	4
210119_RL#220_15g	810	Response	1	9136787	1990	4
210119_RL#220_15g	810	Port Input	1	9138167	3371	4
210119_RL#220_15g	810	Response	1	9138167	3371	4
210119_RL#220_15g	810	Port Input	1	9138171	3374	4
210119_RL#220_15g	810	Response	1	9138171	3374	4
210119_RL#220_15g	810	Port Input	1	9139721	4925	4
210119_RL#220_15g	810	Response	1	9139721	4925	4
210119_RL#220_15g	810	Port Input	1	9139725	4928	4
210119_RL#220_15g	810	Response	1	9139725	4928	4
210119_RL#220_15g	811	Picture	10	9139960	0	3	1331	6	0	next	hit	3534
210119_RL#220_15g	811	Port Input	1	9141139	1179	4
210119_RL#220_15g	811	Response	1	9141139	1179	4
210119_RL#220_15g	811	Port Input	1	9141143	1182	5
210119_RL#220_15g	811	Response	1	9141143	1182	5
210119_RL#220_15g	812	Picture	351	9141291	0	3	500	6	0	next	other	0
210119_RL#220_15g	813	Picture	1	9141791	0	3	20140	5	0	next	false_alarm	3540
210119_RL#220_15g	813	Port Input	1	9142545	754	4
210119_RL#220_15g	813	Response	1	9142545	754	4
210119_RL#220_15g	813	Port Input	1	9143540	1750	4
210119_RL#220_15g	813	Response	1	9143540	1750	4
210119_RL#220_15g	813	Port Input	1	9143544	1753	4
210119_RL#220_15g	813	Response	1	9143544	1753	4
210119_RL#220_15g	813	Port Input	1	9144691	2900	4
210119_RL#220_15g	813	Response	1	9144691	2900	4
210119_RL#220_15g	813	Port Input	1	9145829	4038	4
210119_RL#220_15g	813	Response	1	9145829	4038	4
210119_RL#220_15g	813	Port Input	1	9147064	5273	4
210119_RL#220_15g	813	Response	1	9147064	5273	4
210119_RL#220_15g	813	Port Input	1	9148555	6764	4
210119_RL#220_15g	813	Response	1	9148555	6764	4
210119_RL#220_15g	813	Port Input	1	9149881	8090	4
210119_RL#220_15g	813	Response	1	9149881	8090	4
210119_RL#220_15g	813	Port Input	1	9151207	9416	4
210119_RL#220_15g	813	Response	1	9151207	9416	4
210119_RL#220_15g	813	Port Input	1	9151211	9420	4
210119_RL#220_15g	813	Response	1	9151211	9420	4
210119_RL#220_15g	813	Port Input	1	9161063	19272	4
210119_RL#220_15g	813	Response	1	9161063	19272	4
210119_RL#220_15g	814	Picture	3511	9161930	0	2	498	5	0	next	other	0
210119_RL#220_15g	815	Picture	666	9162428	0	4	20139	7	0	next	false_alarm	3564
210119_RL#220_15g	815	Port Input	1	9177969	15541	4
210119_RL#220_15g	815	Response	1	9177969	15541	4
210119_RL#220_15g	815	Port Input	1	9179284	16856	4
210119_RL#220_15g	815	Response	1	9179284	16856	4
210119_RL#220_15g	815	Port Input	1	9180734	18306	4
210119_RL#220_15g	815	Response	1	9180734	18306	4
210119_RL#220_15g	815	Port Input	1	9180738	18310	4
210119_RL#220_15g	815	Response	1	9180738	18310	4
210119_RL#220_15g	816	Picture	777	9182567	0	4	20306	4	0	next	other	0
210119_RL#220_15g	816	Manual	1	9202585	20018	NA
210119_RL#220_15g	817	Sound	212	9205021	2148	1			0		other	0
210119_RL#220_15g	818	Picture	555	9208199	0	1	5326	1	0	next	other	0
210119_RL#220_15g	819	Picture	10	9213525	0	1	20303	3	0	next	miss	0
210119_RL#220_15g	820	Picture	411	9233828	0	3	666	5	0	next	other	0
210119_RL#220_15g	821	Picture	666	9234494	0	3	20305	5	0	next	other	0
210119_RL#220_15g	822	Picture	777	9254799	0	3	20138	6	0	next	false_alarm	3580
210119_RL#220_15g	822	Port Input	1	9271976	17177	6
210119_RL#220_15g	822	Response	1	9271976	17177	6
210119_RL#220_15g	822	Port Input	1	9273277	18478	4
210119_RL#220_15g	822	Response	1	9273277	18478	4
210119_RL#220_15g	822	Manual	1	9274812	20013	NA
210119_RL#220_15g	823	Sound	212	9276021	1083	1			0		other	0
210119_RL#220_15g	824	Picture	555	9280097	0	3	5159	7	0	next	other	0
210119_RL#220_15g	825	Picture	10	9285256	0	4	20307	4	0	next	miss	0
210119_RL#220_15g	826	Picture	411	9305563	0	1	832	2	0	next	other	0
210119_RL#220_15g	827	Picture	666	9306395	0	1	20305	1	0	next	other	0
210119_RL#220_15g	828	Picture	777	9326700	0	1	20304	3	0	next	false_alarm	3591
210119_RL#220_15g	828	Port Input	1	9327423	723	4
210119_RL#220_15g	828	Response	1	9327423	723	4
210119_RL#220_15g	828	Port Input	1	9329263	2563	4
210119_RL#220_15g	828	Response	1	9329263	2563	4
210119_RL#220_15g	828	Manual	1	9346715	20015	NA
210119_RL#220_15g	829	Sound	211	9348021	1017	1			0		other	0
210119_RL#220_15g	829	Port Input	1	9351533	4529	5
210119_RL#220_15g	829	Response	1	9351533	4529	5
210119_RL#220_15g	830	Picture	555	9352331	0	1	5324	3	0	next	false_alarm	3600
210119_RL#220_15g	830	Port Input	1	9352886	555	3
210119_RL#220_15g	830	Response	1	9352886	555	3
210119_RL#220_15g	830	Port Input	1	9353790	1460	4
210119_RL#220_15g	830	Response	1	9353790	1460	4
210119_RL#220_15g	830	Port Input	1	9354416	2085	4
210119_RL#220_15g	830	Response	1	9354416	2085	4
210119_RL#220_15g	830	Port Input	1	9354419	2088	4
210119_RL#220_15g	830	Response	1	9354419	2088	4
210119_RL#220_15g	830	Port Input	1	9355829	3498	4
210119_RL#220_15g	830	Response	1	9355829	3498	4
210119_RL#220_15g	830	Port Input	1	9357183	4852	4
210119_RL#220_15g	830	Response	1	9357183	4852	4
210119_RL#220_15g	830	Port Input	1	9357186	4855	4
210119_RL#220_15g	830	Response	1	9357186	4855	4
210119_RL#220_15g	831	Picture	10	9357655	0	3	1165	5	0	next	hit	3615
210119_RL#220_15g	831	Port Input	1	9358507	852	4
210119_RL#220_15g	831	Response	1	9358507	852	4
210119_RL#220_15g	832	Picture	351	9358820	0	3	333	5	0	next	other	0
210119_RL#220_15g	833	Picture	1	9359153	0	3	20139	6	0	next	false_alarm	3619
210119_RL#220_15g	833	Port Input	1	9360004	851	4
210119_RL#220_15g	833	Response	1	9360004	851	4
210119_RL#220_15g	833	Port Input	1	9361036	1883	4
210119_RL#220_15g	833	Response	1	9361036	1883	4
210119_RL#220_15g	833	Port Input	1	9362173	3021	4
210119_RL#220_15g	833	Response	1	9362173	3021	4
210119_RL#220_15g	833	Port Input	1	9363416	4263	4
210119_RL#220_15g	833	Response	1	9363416	4263	4
210119_RL#220_15g	833	Port Input	1	9364702	5549	3
210119_RL#220_15g	833	Response	1	9364702	5549	3
210119_RL#220_15g	833	Port Input	1	9364705	5552	4
210119_RL#220_15g	833	Response	1	9364705	5552	4
210119_RL#220_15g	833	Port Input	1	9366075	6922	4
210119_RL#220_15g	833	Response	1	9366075	6922	4
210119_RL#220_15g	833	Port Input	1	9367443	8290	4
210119_RL#220_15g	833	Response	1	9367443	8290	4
210119_RL#220_15g	833	Port Input	1	9367447	8294	4
210119_RL#220_15g	833	Response	1	9367447	8294	4
210119_RL#220_15g	833	Port Input	1	9368942	9789	4
210119_RL#220_15g	833	Response	1	9368942	9789	4
210119_RL#220_15g	833	Port Input	1	9368948	9795	4
210119_RL#220_15g	833	Response	1	9368948	9795	4
210119_RL#220_15g	833	Port Input	1	9375085	15932	4
210119_RL#220_15g	833	Response	1	9375085	15932	4
210119_RL#220_15g	834	Picture	3511	9379292	0	3	834	4	0	next	other	0
210119_RL#220_15g	835	Picture	666	9380125	0	2	20137	5	0	next	false_alarm	3645
210119_RL#220_15g	835	Port Input	1	9393577	13452	4
210119_RL#220_15g	835	Response	1	9393577	13452	4
210119_RL#220_15g	836	Picture	777	9400262	0	3	20138	7	0	next	other	0
210119_RL#220_15g	836	Manual	1	9420276	20013	NA
210119_RL#220_15g	837	Sound	211	9422021	1620	1			0		other	0
210119_RL#220_15g	838	Picture	555	9425728	0	1	5326	2	0	next	false_alarm	3651
210119_RL#220_15g	838	Port Input	1	9425741	13	4
210119_RL#220_15g	838	Response	1	9425741	13	4
210119_RL#220_15g	838	Port Input	1	9426920	1192	4
210119_RL#220_15g	838	Response	1	9426920	1192	4
210119_RL#220_15g	838	Port Input	1	9428297	2569	4
210119_RL#220_15g	838	Response	1	9428297	2569	4
210119_RL#220_15g	838	Port Input	1	9428300	2572	4
210119_RL#220_15g	838	Response	1	9428300	2572	4
210119_RL#220_15g	838	Port Input	1	9429575	3847	4
210119_RL#220_15g	838	Response	1	9429575	3847	4
210119_RL#220_15g	839	Picture	10	9431054	0	1	1831	2	0	next	hit	3664
210119_RL#220_15g	839	Port Input	1	9431089	35	5
210119_RL#220_15g	839	Response	1	9431089	35	5
210119_RL#220_15g	839	Port Input	1	9432622	1568	4
210119_RL#220_15g	839	Response	1	9432622	1568	4
210119_RL#220_15g	840	Picture	351	9432885	0	1	500	2	0	next	other	0
210119_RL#220_15g	841	Picture	1	9433384	0	1	20305	1	0	next	false_alarm	3668
210119_RL#220_15g	841	Port Input	1	9434117	733	3
210119_RL#220_15g	841	Response	1	9434117	733	3
210119_RL#220_15g	841	Port Input	1	9435121	1737	3
210119_RL#220_15g	841	Response	1	9435121	1737	3
210119_RL#220_15g	841	Port Input	1	9436253	2869	5
210119_RL#220_15g	841	Response	1	9436253	2869	5
210119_RL#220_15g	841	Port Input	1	9437395	4010	5
210119_RL#220_15g	841	Response	1	9437395	4010	5
210119_RL#220_15g	841	Port Input	1	9438613	5229	4
210119_RL#220_15g	841	Response	1	9438613	5229	4
210119_RL#220_15g	841	Port Input	1	9439969	6585	4
210119_RL#220_15g	841	Response	1	9439969	6585	4
210119_RL#220_15g	841	Port Input	1	9441293	7909	4
210119_RL#220_15g	841	Response	1	9441293	7909	4
210119_RL#220_15g	841	Port Input	1	9441296	7912	4
210119_RL#220_15g	841	Response	1	9441296	7912	4
210119_RL#220_15g	841	Port Input	1	9442692	9308	4
210119_RL#220_15g	841	Response	1	9442692	9308	4
210119_RL#220_15g	841	Port Input	1	9444095	10710	4
210119_RL#220_15g	841	Response	1	9444095	10710	4
210119_RL#220_15g	841	Port Input	1	9444098	10714	4
210119_RL#220_15g	841	Response	1	9444098	10714	4
210119_RL#220_15g	842	Picture	3511	9453689	0	1	666	1	0	next	other	0
210119_RL#220_15g	843	Picture	666	9454355	0	1	20303	3	0	next	false_alarm	3692
210119_RL#220_15g	843	Port Input	1	9455366	1011	4
210119_RL#220_15g	843	Response	1	9455366	1011	4
210119_RL#220_15g	843	Port Input	1	9455369	1014	4
210119_RL#220_15g	843	Response	1	9455369	1014	4
210119_RL#220_15g	843	Port Input	1	9456689	2335	4
210119_RL#220_15g	843	Response	1	9456689	2335	4
210119_RL#220_15g	843	Port Input	1	9456693	2339	5
210119_RL#220_15g	843	Response	1	9456693	2339	5
210119_RL#220_15g	843	Port Input	1	9458351	3996	4
210119_RL#220_15g	843	Response	1	9458351	3996	4
210119_RL#220_15g	843	Port Input	1	9458354	4000	4
210119_RL#220_15g	843	Response	1	9458354	4000	4
210119_RL#220_15g	843	Port Input	1	9460600	6245	4
210119_RL#220_15g	843	Response	1	9460600	6245	4
210119_RL#220_15g	843	Port Input	1	9460603	6249	6
210119_RL#220_15g	843	Response	1	9460603	6249	6
210119_RL#220_15g	843	Port Input	1	9462291	7937	4
210119_RL#220_15g	843	Response	1	9462291	7937	4
210119_RL#220_15g	843	Port Input	1	9462295	7940	4
210119_RL#220_15g	843	Response	1	9462295	7940	4
210119_RL#220_15g	844	Picture	777	9474658	0	3	20305	5	0	next	false_alarm	3713
210119_RL#220_15g	844	Port Input	1	9482937	8279	4
210119_RL#220_15g	844	Response	1	9482937	8279	4
210119_RL#220_15g	844	Port Input	1	9482942	8284	4
210119_RL#220_15g	844	Response	1	9482942	8284	4
210119_RL#220_15g	844	Manual	2	9494676	20018	NA
210119_RL#220_15g	845	Sound	211	9496021	1058	1			0		other	0
210119_RL#220_15g	845	Port Input	1	9497493	2530	4
210119_RL#220_15g	845	Response	1	9497493	2530	4
210119_RL#220_15g	845	Port Input	1	9498838	3875	4
210119_RL#220_15g	845	Response	1	9498838	3875	4
210119_RL#220_15g	845	Port Input	1	9498842	3878	4
210119_RL#220_15g	845	Response	1	9498842	3878	4
210119_RL#220_15g	845	Port Input	1	9499774	4810	4
210119_RL#220_15g	845	Response	1	9499774	4810	4
210119_RL#220_15g	846	Picture	555	9500123	0	3	5159	6	0	next	false_alarm	3728
210119_RL#220_15g	846	Port Input	1	9500389	266	4
210119_RL#220_15g	846	Response	1	9500389	266	4
210119_RL#220_15g	846	Port Input	1	9500392	269	4
210119_RL#220_15g	846	Response	1	9500392	269	4
210119_RL#220_15g	846	Port Input	1	9501924	1801	4
210119_RL#220_15g	846	Response	1	9501924	1801	4
210119_RL#220_15g	846	Port Input	1	9503451	3328	4
210119_RL#220_15g	846	Response	1	9503451	3328	4
210119_RL#220_15g	846	Port Input	1	9504895	4773	4
210119_RL#220_15g	846	Response	1	9504895	4773	4
210119_RL#220_15g	847	Picture	10	9505282	0	3	1165	6	0	next	hit	3739
210119_RL#220_15g	847	Port Input	1	9506293	1011	4
210119_RL#220_15g	847	Response	1	9506293	1011	4
210119_RL#220_15g	848	Picture	351	9506447	0	3	499	6	0	next	other	0
210119_RL#220_15g	849	Picture	1	9506946	0	4	20138	7	0	next	false_alarm	3743
210119_RL#220_15g	849	Port Input	1	9507631	685	4
210119_RL#220_15g	849	Response	1	9507631	685	4
210119_RL#220_15g	849	Port Input	1	9508658	1712	5
210119_RL#220_15g	849	Response	1	9508658	1712	5
210119_RL#220_15g	849	Port Input	1	9509732	2786	4
210119_RL#220_15g	849	Response	1	9509732	2786	4
210119_RL#220_15g	849	Port Input	1	9510936	3990	4
210119_RL#220_15g	849	Response	1	9510936	3990	4
210119_RL#220_15g	849	Port Input	1	9510940	3994	4
210119_RL#220_15g	849	Response	1	9510940	3994	4
210119_RL#220_15g	849	Port Input	1	9512190	5244	4
210119_RL#220_15g	849	Response	1	9512190	5244	4
210119_RL#220_15g	849	Port Input	1	9513581	6635	4
210119_RL#220_15g	849	Response	1	9513581	6635	4
210119_RL#220_15g	849	Port Input	1	9513585	6639	4
210119_RL#220_15g	849	Response	1	9513585	6639	4
210119_RL#220_15g	849	Port Input	1	9515057	8111	4
210119_RL#220_15g	849	Response	1	9515057	8111	4
210119_RL#220_15g	849	Port Input	1	9515061	8115	4
210119_RL#220_15g	849	Response	1	9515061	8115	4
210119_RL#220_15g	849	Port Input	1	9516483	9537	4
210119_RL#220_15g	849	Response	1	9516483	9537	4
210119_RL#220_15g	849	Port Input	1	9517924	10978	4
210119_RL#220_15g	849	Response	1	9517924	10978	4
210119_RL#220_15g	849	Port Input	1	9519717	12771	4
210119_RL#220_15g	849	Response	1	9519717	12771	4
210119_RL#220_15g	849	Port Input	1	9519721	12775	4
210119_RL#220_15g	849	Response	1	9519721	12775	4
210119_RL#220_15g	850	Picture	3511	9527084	0	4	666	7	0	next	other	0
210119_RL#220_15g	851	Picture	666	9527751	0	3	20306	4	0	next	false_alarm	3773
210119_RL#220_15g	851	Port Input	1	9530110	2359	4
210119_RL#220_15g	851	Response	1	9530110	2359	4
210119_RL#220_15g	852	Picture	777	9548057	0	1	20304	2	0	next	false_alarm	3776
210119_RL#220_15g	852	Port Input	1	9554603	6546	4
210119_RL#220_15g	852	Response	1	9554603	6546	4
210119_RL#220_15g	852	Port Input	1	9555981	7924	4
210119_RL#220_15g	852	Response	1	9555981	7924	4
210119_RL#220_15g	852	Port Input	1	9555985	7928	4
210119_RL#220_15g	852	Response	1	9555985	7928	4
210119_RL#220_15g	852	Manual	1	9568072	20015	NA
210119_RL#220_15g	853	Sound	212	9570021	1660	1			0		other	0
210119_RL#220_15g	854	Picture	555	9573688	0	1	5326	2	0	next	other	0
210119_RL#220_15g	855	Picture	10	9579014	0	1	20304	3	0	next	miss	0
210119_RL#220_15g	856	Picture	411	9599317	0	3	831	6	0	next	other	0
210119_RL#220_15g	857	Picture	666	9600149	0	3	20139	6	0	next	false_alarm	3788
210119_RL#220_15g	857	Port Input	1	9614523	14375	6
210119_RL#220_15g	857	Response	1	9614523	14375	6
210119_RL#220_15g	857	Port Input	1	9616212	16064	4
210119_RL#220_15g	857	Response	1	9616212	16064	4
210119_RL#220_15g	858	Picture	777	9620288	0	3	20138	6	0	next	other	0
210119_RL#220_15g	858	Manual	2	9640301	20013	NA
210119_RL#220_15g	859	Sound	211	9642021	1595	1			0		other	0
210119_RL#220_15g	859	Port Input	1	9644171	3745	4
210119_RL#220_15g	859	Response	1	9644171	3745	4
210119_RL#220_15g	859	Port Input	1	9645328	4902	4
210119_RL#220_15g	859	Response	1	9645328	4902	4
210119_RL#220_15g	860	Picture	555	9645586	0	3	5159	6	0	next	false_alarm	3800
210119_RL#220_15g	860	Port Input	1	9646695	1109	4
210119_RL#220_15g	860	Response	1	9646695	1109	4
210119_RL#220_15g	860	Port Input	1	9648289	2703	4
210119_RL#220_15g	860	Response	1	9648289	2703	4
210119_RL#220_15g	860	Port Input	1	9649789	4204	4
210119_RL#220_15g	860	Response	1	9649789	4204	4
210119_RL#220_15g	861	Picture	10	9650745	0	3	665	7	0	next	hit	3807
210119_RL#220_15g	861	Port Input	1	9651240	495	3
210119_RL#220_15g	861	Response	1	9651240	495	3
210119_RL#220_15g	862	Picture	351	9651410	0	4	499	7	0	next	other	0
210119_RL#220_15g	863	Picture	1	9651910	0	4	20307	4	0	next	false_alarm	3811
210119_RL#220_15g	863	Port Input	1	9652928	1019	3
210119_RL#220_15g	863	Response	1	9652928	1019	3
210119_RL#220_15g	863	Port Input	1	9653970	2061	4
210119_RL#220_15g	863	Response	1	9653970	2061	4
210119_RL#220_15g	863	Port Input	1	9655041	3131	4
210119_RL#220_15g	863	Response	1	9655041	3131	4
210119_RL#220_15g	863	Port Input	1	9656175	4265	5
210119_RL#220_15g	863	Response	1	9656175	4265	5
210119_RL#220_15g	863	Port Input	1	9657369	5459	5
210119_RL#220_15g	863	Response	1	9657369	5459	5
210119_RL#220_15g	863	Port Input	1	9658629	6720	4
210119_RL#220_15g	863	Response	1	9658629	6720	4
210119_RL#220_15g	863	Port Input	1	9659882	7972	4
210119_RL#220_15g	863	Response	1	9659882	7972	4
210119_RL#220_15g	863	Port Input	1	9661236	9327	4
210119_RL#220_15g	863	Response	1	9661236	9327	4
210119_RL#220_15g	863	Port Input	1	9670731	18821	4
210119_RL#220_15g	863	Response	1	9670731	18821	4
210119_RL#220_15g	863	Port Input	1	9670734	18825	4
210119_RL#220_15g	863	Response	1	9670734	18825	4
210119_RL#220_15g	863	Port Input	1	9672119	20210	6
210119_RL#220_15g	863	Response	1	9672119	20210	6
210119_RL#220_15g	864	Picture	3511	9672217	0	1	666	2	0	next	other	0
210119_RL#220_15g	865	Picture	666	9672882	0	1	20304	2	0	next	false_alarm	3835
210119_RL#220_15g	865	Port Input	1	9690260	17378	4
210119_RL#220_15g	865	Response	1	9690260	17378	4
210119_RL#220_15g	865	Port Input	1	9690263	17381	5
210119_RL#220_15g	865	Response	1	9690263	17381	5
210119_RL#220_15g	865	Port Input	1	9691674	18792	4
210119_RL#220_15g	865	Response	1	9691674	18792	4
210119_RL#220_15g	866	Picture	777	9693187	0	1	20304	4	0	next	other	0
210119_RL#220_15g	866	Manual	1	9713201	20015	NA
210119_RL#220_15g	867	Sound	212	9715021	1531	1			0		other	0
210119_RL#220_15g	868	Picture	555	9718816	0	3	5161	4	0	next	other	0
210119_RL#220_15g	869	Picture	10	9723977	0	2	20137	5	0	next	miss	0
210119_RL#220_15g	870	Picture	411	9744114	0	3	832	6	0	next	other	0
210119_RL#220_15g	871	Picture	666	9744946	0	3	20139	6	0	next	false_alarm	3848
210119_RL#220_15g	871	Port Input	1	9756905	11959	4
210119_RL#220_15g	871	Response	1	9756905	11959	4
210119_RL#220_15g	872	Picture	777	9765085	0	3	20306	4	0	next	false_alarm	3851
210119_RL#220_15g	872	Port Input	1	9783592	18506	4
210119_RL#220_15g	872	Response	1	9783592	18506	4
210119_RL#220_15g	872	Port Input	1	9783595	18510	4
210119_RL#220_15g	872	Response	1	9783595	18510	4
210119_RL#220_15g	872	Manual	1	9785101	20015	NA
210119_RL#220_15g	872	Port Input	1	9785234	20148	4
210119_RL#220_15g	872	Response	1	9785234	20148	4
210119_RL#220_15g	873	Sound	212	9787021	1630	1			0		other	0
210119_RL#220_15g	873	Port Input	1	9789962	4570	4
210119_RL#220_15g	873	Response	1	9789962	4570	4
210119_RL#220_15g	873	Port Input	1	9789965	4574	4
210119_RL#220_15g	873	Response	1	9789965	4574	4
210119_RL#220_15g	874	Picture	555	9790717	0	1	5326	2	0	next	other	0
210119_RL#220_15g	875	Picture	10	9796043	0	1	20305	2	0	next	miss	0
210119_RL#220_15g	876	Picture	411	9816348	0	1	666	2	0	next	other	0
210119_RL#220_15g	877	Picture	666	9817014	0	1	20304	3	0	next	other	0
210119_RL#220_15g	878	Picture	777	9837318	0	3	20305	5	0	next	other	0
210119_RL#220_15g	878	Manual	1	9857332	20014	NA
210119_RL#220_15g	879	Sound	212	9859021	1399	1			0		other	0
210119_RL#220_15g	880	Picture	555	9862782	0	3	5159	6	0	next	other	0
210119_RL#220_15g	881	Picture	10	9867941	0	3	20138	7	0	next	miss	0
210119_RL#220_15g	882	Picture	411	9888079	0	4	832	7	0	next	other	0
210119_RL#220_15g	883	Picture	666	9888911	0	4	20307	5	0	next	other	0
210119_RL#220_15g	884	Picture	777	9909218	0	1	20305	2	0	next	other	0
210119_RL#220_15g	884	Manual	2	9929233	20015	NA
210119_RL#220_15g	885	Sound	211	9931021	1499	1			0		other	0
210119_RL#220_15g	886	Picture	555	9934849	0	1	5325	3	0	next	false_alarm	3878
210119_RL#220_15g	886	Port Input	1	9935140	292	3
210119_RL#220_15g	886	Response	1	9935140	292	3
210119_RL#220_15g	886	Port Input	1	9935143	294	3
210119_RL#220_15g	886	Response	1	9935143	294	3
210119_RL#220_15g	886	Port Input	1	9936545	1697	4
210119_RL#220_15g	886	Response	1	9936545	1697	4
210119_RL#220_15g	886	Port Input	1	9938025	3177	5
210119_RL#220_15g	886	Response	1	9938025	3177	5
210119_RL#220_15g	886	Port Input	1	9939866	5017	6
210119_RL#220_15g	886	Response	1	9939866	5017	6
210119_RL#220_15g	887	Picture	10	9940173	0	3	6990	5	0	next	hit	3889
210119_RL#220_15g	887	Port Input	1	9946962	6788	4
210119_RL#220_15g	887	Response	1	9946962	6788	4
210119_RL#220_15g	888	Picture	351	9947163	0	3	499	5	0	next	other	0
210119_RL#220_15g	889	Picture	1	9947663	0	3	20305	5	0	next	false_alarm	3893
210119_RL#220_15g	889	Port Input	1	9948628	966	4
210119_RL#220_15g	889	Response	1	9948628	966	4
210119_RL#220_15g	889	Port Input	1	9949641	1978	4
210119_RL#220_15g	889	Response	1	9949641	1978	4
210119_RL#220_15g	889	Port Input	1	9950713	3050	4
210119_RL#220_15g	889	Response	1	9950713	3050	4
210119_RL#220_15g	889	Port Input	1	9951921	4258	4
210119_RL#220_15g	889	Response	1	9951921	4258	4
210119_RL#220_15g	889	Port Input	1	9953123	5460	4
210119_RL#220_15g	889	Response	1	9953123	5460	4
210119_RL#220_15g	889	Port Input	1	9954466	6803	4
210119_RL#220_15g	889	Response	1	9954466	6803	4
210119_RL#220_15g	889	Port Input	1	9955883	8220	4
210119_RL#220_15g	889	Response	1	9955883	8220	4
210119_RL#220_15g	889	Port Input	1	9957230	9567	4
210119_RL#220_15g	889	Response	1	9957230	9567	4
210119_RL#220_15g	889	Port Input	1	9957233	9570	4
210119_RL#220_15g	889	Response	1	9957233	9570	4
210119_RL#220_15g	889	Port Input	1	9965646	17983	4
210119_RL#220_15g	889	Response	1	9965646	17983	4
210119_RL#220_15g	889	Port Input	1	9965650	17987	4
210119_RL#220_15g	889	Response	1	9965650	17987	4
210119_RL#220_15g	889	Port Input	1	9967118	19455	4
210119_RL#220_15g	889	Response	1	9967118	19455	4
210119_RL#220_15g	889	Port Input	1	9967121	19458	4
210119_RL#220_15g	889	Response	1	9967121	19458	4
210119_RL#220_15g	890	Picture	3511	9967968	0	3	665	6	0	next	other	0
210119_RL#220_15g	891	Picture	666	9968633	0	3	20138	7	0	next	false_alarm	3921
210119_RL#220_15g	891	Port Input	1	9968772	139	3
210119_RL#220_15g	891	Response	1	9968772	139	3
210119_RL#220_15g	891	Port Input	1	9972484	3851	4
210119_RL#220_15g	891	Response	1	9972484	3851	4
210119_RL#220_15g	892	Picture	777	9988771	0	4	20139	7	0	next	false_alarm	3926
210119_RL#220_15g	892	Port Input	1	9990759	1988	4
210119_RL#220_15g	892	Response	1	9990759	1988	4
210119_RL#220_15g	892	Manual	2	10008785	20014	NA
210119_RL#220_15g	893	Sound	211	10010022	1111	1			0		other	0
210119_RL#220_15g	893	Port Input	1	10011787	2877	4
210119_RL#220_15g	893	Response	1	10011787	2877	4
210119_RL#220_15g	893	Port Input	1	10013910	5000	5
210119_RL#220_15g	893	Response	1	10013910	5000	5
210119_RL#220_15g	894	Picture	555	10014070	0	4	5327	4	0	next	false_alarm	3935
210119_RL#220_15g	894	Port Input	1	10016996	2926	4
210119_RL#220_15g	894	Response	1	10016996	2926	4
210119_RL#220_15g	894	Port Input	1	10018723	4653	4
210119_RL#220_15g	894	Response	1	10018723	4653	4
210119_RL#220_15g	895	Picture	10	10019397	0	1	1165	2	0	next	hit	3940
210119_RL#220_15g	895	Port Input	1	10020264	867	4
210119_RL#220_15g	895	Response	1	10020264	867	4
210119_RL#220_15g	896	Picture	351	10020562	0	1	499	2	0	next	other	0
210119_RL#220_15g	897	Picture	1	10021061	0	1	20305	2	0	next	false_alarm	3944
210119_RL#220_15g	897	Port Input	1	10022250	1188	4
210119_RL#220_15g	897	Response	1	10022250	1188	4
210119_RL#220_15g	897	Port Input	1	10022253	1192	4
210119_RL#220_15g	897	Response	1	10022253	1192	4
210119_RL#220_15g	897	Port Input	1	10023331	2270	4
210119_RL#220_15g	897	Response	1	10023331	2270	4
210119_RL#220_15g	897	Port Input	1	10024443	3382	4
210119_RL#220_15g	897	Response	1	10024443	3382	4
210119_RL#220_15g	897	Port Input	1	10025638	4577	4
210119_RL#220_15g	897	Response	1	10025638	4577	4
210119_RL#220_15g	897	Port Input	1	10026942	5881	4
210119_RL#220_15g	897	Response	1	10026942	5881	4
210119_RL#220_15g	897	Port Input	1	10026946	5884	4
210119_RL#220_15g	897	Response	1	10026946	5884	4
210119_RL#220_15g	897	Port Input	1	10028368	7307	4
210119_RL#220_15g	897	Response	1	10028368	7307	4
210119_RL#220_15g	897	Port Input	1	10029805	8744	4
210119_RL#220_15g	897	Response	1	10029805	8744	4
210119_RL#220_15g	897	Port Input	1	10031353	10291	5
210119_RL#220_15g	897	Response	1	10031353	10291	5
210119_RL#220_15g	898	Picture	3511	10041366	0	1	666	1	0	next	other	0
210119_RL#220_15g	899	Picture	666	10042032	0	1	20303	3	0	next	false_alarm	3966
210119_RL#220_15g	899	Port Input	1	10057155	15123	4
210119_RL#220_15g	899	Response	1	10057155	15123	4
210119_RL#220_15g	899	Port Input	1	10058503	16471	4
210119_RL#220_15g	899	Response	1	10058503	16471	4
210119_RL#220_15g	899	Port Input	1	10060010	17978	5
210119_RL#220_15g	899	Response	1	10060010	17978	5
210119_RL#220_15g	899	Port Input	1	10061473	19441	4
210119_RL#220_15g	899	Response	1	10061473	19441	4
210119_RL#220_15g	899	Port Input	1	10061477	19445	4
210119_RL#220_15g	899	Response	1	10061477	19445	4
210119_RL#220_15g	900	Picture	777	10062335	0	3	20305	5	0	next	false_alarm	3977
210119_RL#220_15g	900	Port Input	1	10062989	653	4
210119_RL#220_15g	900	Response	1	10062989	653	4
210119_RL#220_15g	900	Port Input	1	10077993	15657	4
210119_RL#220_15g	900	Response	1	10077993	15657	4
210119_RL#220_15g	900	Manual	2	10082351	20015	NA
210119_RL#220_15g	901	Sound	212	10084022	1381	1			0		other	0
210119_RL#220_15g	902	Picture	555	10087801	0	2	5158	4	0	next	other	0
210119_RL#220_15g	903	Picture	10	10092959	0	3	20139	6	0	next	miss	0
210119_RL#220_15g	904	Picture	411	10113098	0	3	998	6	0	next	other	0
210119_RL#220_15g	905	Picture	666	10114096	0	4	20139	7	0	next	false_alarm	3987
210119_RL#220_15g	905	Port Input	1	10119726	5630	4
210119_RL#220_15g	905	Response	1	10119726	5630	4
210119_RL#220_15g	906	Picture	777	10134235	0	4	20306	4	0	next	other	0
210119_RL#220_15g	906	Manual	2	10154249	20013	NA
210119_RL#220_15g	907	Sound	212	10156022	1481	1			0		other	0
210119_RL#220_15g	908	Picture	555	10159867	0	1	5326	1	0	next	other	0
210119_RL#220_15g	909	Picture	10	10165193	0	1	20303	3	0	next	miss	0
210119_RL#220_15g	910	Picture	411	10185496	0	3	666	5	0	next	other	0
210119_RL#220_15g	911	Picture	666	10186162	0	3	20305	5	0	next	false_alarm	3996
210119_RL#220_15g	911	Port Input	1	10189113	2951	4
210119_RL#220_15g	911	Response	1	10189113	2951	4
210119_RL#220_15g	912	Picture	777	10206467	0	3	20138	6	0	next	other	0
210119_RL#220_15g	912	Manual	1	10226480	20013	NA
210119_RL#220_15g	913	Sound	211	10228022	1417	1			0		other	0
210119_RL#220_15g	913	Port Input	1	10230760	4155	4
210119_RL#220_15g	913	Response	1	10230760	4155	4
210119_RL#220_15g	913	Port Input	1	10230763	4158	4
210119_RL#220_15g	913	Response	1	10230763	4158	4
210119_RL#220_15g	914	Picture	555	10231765	0	3	5159	6	0	next	false_alarm	4006
210119_RL#220_15g	914	Port Input	1	10232054	289	4
210119_RL#220_15g	914	Response	1	10232054	289	4
210119_RL#220_15g	914	Port Input	1	10233392	1627	4
210119_RL#220_15g	914	Response	1	10233392	1627	4
210119_RL#220_15g	914	Port Input	1	10233395	1630	4
210119_RL#220_15g	914	Response	1	10233395	1630	4
210119_RL#220_15g	914	Port Input	1	10234863	3097	4
210119_RL#220_15g	914	Response	1	10234863	3097	4
210119_RL#220_15g	914	Port Input	1	10236345	4580	4
210119_RL#220_15g	914	Response	1	10236345	4580	4
210119_RL#220_15g	915	Picture	10	10236925	0	3	998	7	0	next	hit	4017
210119_RL#220_15g	915	Port Input	1	10237742	817	4
210119_RL#220_15g	915	Response	1	10237742	817	4
210119_RL#220_15g	916	Picture	351	10237923	0	4	499	7	0	next	other	0
210119_RL#220_15g	917	Picture	1	10238422	0	4	20306	4	0	next	false_alarm	4021
210119_RL#220_15g	917	Port Input	1	10239004	582	3
210119_RL#220_15g	917	Response	1	10239004	582	3
210119_RL#220_15g	917	Port Input	1	10240008	1586	4
210119_RL#220_15g	917	Response	1	10240008	1586	4
210119_RL#220_15g	917	Port Input	1	10241091	2669	4
210119_RL#220_15g	917	Response	1	10241091	2669	4
210119_RL#220_15g	917	Port Input	1	10242253	3831	4
210119_RL#220_15g	917	Response	1	10242253	3831	4
210119_RL#220_15g	917	Port Input	1	10243505	5083	4
210119_RL#220_15g	917	Response	1	10243505	5083	4
210119_RL#220_15g	917	Port Input	1	10244787	6365	4
210119_RL#220_15g	917	Response	1	10244787	6365	4
210119_RL#220_15g	917	Port Input	1	10244791	6369	4
210119_RL#220_15g	917	Response	1	10244791	6369	4
210119_RL#220_15g	917	Port Input	1	10246152	7730	4
210119_RL#220_15g	917	Response	1	10246152	7730	4
210119_RL#220_15g	917	Port Input	1	10251278	12856	4
210119_RL#220_15g	917	Response	1	10251278	12856	4
210119_RL#220_15g	917	Port Input	1	10251282	12860	4
210119_RL#220_15g	917	Response	1	10251282	12860	4
210119_RL#220_15g	917	Port Input	1	10251285	12863	4
210119_RL#220_15g	917	Response	1	10251285	12863	4
210119_RL#220_15g	917	Port Input	1	10252210	13788	4
210119_RL#220_15g	917	Response	1	10252210	13788	4
210119_RL#220_15g	918	Picture	3511	10258729	0	1	666	2	0	next	other	0
210119_RL#220_15g	919	Picture	666	10259395	0	1	20305	2	0	next	false_alarm	4047
210119_RL#220_15g	919	Port Input	1	10274125	14731	4
210119_RL#220_15g	919	Response	1	10274125	14731	4
210119_RL#220_15g	919	Port Input	1	10274129	14735	4
210119_RL#220_15g	919	Response	1	10274129	14735	4
210119_RL#220_15g	920	Picture	777	10279699	0	1	20303	4	0	next	other	0
210119_RL#220_15g	920	Manual	1	10299713	20013	NA
210119_RL#220_15g	921	Sound	211	10301022	1019	1			0		other	0
210119_RL#220_15g	921	Port Input	1	10305001	4999	4
210119_RL#220_15g	921	Response	1	10305001	4999	4
210119_RL#220_15g	922	Picture	555	10305329	0	3	5326	5	0	next	false_alarm	4057
210119_RL#220_15g	922	Port Input	1	10306747	1418	4
210119_RL#220_15g	922	Response	1	10306747	1418	4
210119_RL#220_15g	922	Port Input	1	10306751	1422	4
210119_RL#220_15g	922	Response	1	10306751	1422	4
210119_RL#220_15g	922	Port Input	1	10308435	3106	4
210119_RL#220_15g	922	Response	1	10308435	3106	4
210119_RL#220_15g	922	Port Input	1	10309943	4615	4
210119_RL#220_15g	922	Response	1	10309943	4615	4
210119_RL#220_15g	923	Picture	10	10310655	0	3	999	5	0	next	hit	4066
210119_RL#220_15g	923	Port Input	1	10311394	740	5
210119_RL#220_15g	923	Response	1	10311394	740	5
210119_RL#220_15g	924	Picture	351	10311653	0	3	501	3	0	next	other	0
210119_RL#220_15g	925	Picture	1	10312154	0	1	20137	4	0	next	false_alarm	4070
210119_RL#220_15g	925	Port Input	1	10312784	630	4
210119_RL#220_15g	925	Response	1	10312784	630	4
210119_RL#220_15g	925	Port Input	1	10313782	1627	4
210119_RL#220_15g	925	Response	1	10313782	1627	4
210119_RL#220_15g	925	Port Input	1	10314857	2703	4
210119_RL#220_15g	925	Response	1	10314857	2703	4
210119_RL#220_15g	925	Port Input	1	10316005	3851	4
210119_RL#220_15g	925	Response	1	10316005	3851	4
210119_RL#220_15g	925	Port Input	1	10317170	5016	4
210119_RL#220_15g	925	Response	1	10317170	5016	4
210119_RL#220_15g	925	Port Input	1	10317174	5020	4
210119_RL#220_15g	925	Response	1	10317174	5020	4
210119_RL#220_15g	925	Port Input	1	10318520	6366	4
210119_RL#220_15g	925	Response	1	10318520	6366	4
210119_RL#220_15g	925	Port Input	1	10319830	7676	4
210119_RL#220_15g	925	Response	1	10319830	7676	4
210119_RL#220_15g	925	Port Input	1	10319834	7680	4
210119_RL#220_15g	925	Response	1	10319834	7680	4
210119_RL#220_15g	925	Port Input	1	10321239	9085	4
210119_RL#220_15g	925	Response	1	10321239	9085	4
210119_RL#220_15g	925	Port Input	1	10322657	10503	4
210119_RL#220_15g	925	Response	1	10322657	10503	4
210119_RL#220_15g	925	Port Input	1	10322661	10507	4
210119_RL#220_15g	925	Response	1	10322661	10507	4
210119_RL#220_15g	925	Port Input	1	10324125	11971	4
210119_RL#220_15g	925	Response	1	10324125	11971	4
210119_RL#220_15g	926	Picture	3511	10332291	0	3	665	6	0	next	other	0
210119_RL#220_15g	927	Picture	666	10332957	0	3	20138	7	0	next	false_alarm	4098
210119_RL#220_15g	927	Port Input	1	10343672	10716	4
210119_RL#220_15g	927	Response	1	10343672	10716	4
210119_RL#220_15g	927	Port Input	1	10345014	12058	5
210119_RL#220_15g	927	Response	1	10345014	12058	5
210119_RL#220_15g	928	Picture	777	10353095	0	4	20139	7	0	next	false_alarm	4103
210119_RL#220_15g	928	Port Input	1	10359216	6121	4
210119_RL#220_15g	928	Response	1	10359216	6121	4
210119_RL#220_15g	928	Port Input	1	10360593	7498	4
210119_RL#220_15g	928	Response	1	10360593	7498	4
210119_RL#220_15g	928	Port Input	1	10362397	9302	4
210119_RL#220_15g	928	Response	1	10362397	9302	4
210119_RL#220_15g	928	Port Input	1	10362404	9309	4
210119_RL#220_15g	928	Response	1	10362404	9309	4
210119_RL#220_15g	928	Manual	2	10373112	20017	NA
210119_RL#220_15g	929	Sound	211	10375022	1788	1			0		other	0
210119_RL#220_15g	929	Port Input	1	10378393	5159	5
210119_RL#220_15g	929	Response	1	10378393	5159	5
210119_RL#220_15g	930	Picture	555	10378561	0	1	5326	2	0	next	false_alarm	4116
210119_RL#220_15g	930	Port Input	1	10379296	735	4
210119_RL#220_15g	930	Response	1	10379296	735	4
210119_RL#220_15g	930	Port Input	1	10379800	1239	4
210119_RL#220_15g	930	Response	1	10379800	1239	4
210119_RL#220_15g	930	Port Input	1	10381270	2709	4
210119_RL#220_15g	930	Response	1	10381270	2709	4
210119_RL#220_15g	930	Port Input	1	10382764	4203	5
210119_RL#220_15g	930	Response	1	10382764	4203	5
210119_RL#220_15g	931	Picture	10	10383887	0	1	499	2	0	next	hit	4125
210119_RL#220_15g	931	Port Input	1	10384115	228	4
210119_RL#220_15g	931	Response	1	10384115	228	4
210119_RL#220_15g	931	Port Input	1	10384118	232	4
210119_RL#220_15g	931	Response	1	10384118	232	4
210119_RL#220_15g	932	Picture	351	10384386	0	1	500	2	0	next	other	0
210119_RL#220_15g	933	Picture	1	10384886	0	1	20305	1	0	next	false_alarm	4131
210119_RL#220_15g	933	Port Input	1	10385468	583	4
210119_RL#220_15g	933	Response	1	10385468	583	4
210119_RL#220_15g	933	Port Input	1	10386479	1594	3
210119_RL#220_15g	933	Response	1	10386479	1594	3
210119_RL#220_15g	933	Port Input	1	10387566	2680	5
210119_RL#220_15g	933	Response	1	10387566	2680	5
210119_RL#220_15g	933	Port Input	1	10388716	3830	5
210119_RL#220_15g	933	Response	1	10388716	3830	5
210119_RL#220_15g	933	Port Input	1	10389983	5097	4
210119_RL#220_15g	933	Response	1	10389983	5097	4
210119_RL#220_15g	933	Port Input	1	10391384	6498	5
210119_RL#220_15g	933	Response	1	10391384	6498	5
210119_RL#220_15g	933	Port Input	1	10392788	7903	4
210119_RL#220_15g	933	Response	1	10392788	7903	4
210119_RL#220_15g	934	Picture	3511	10405190	0	1	666	1	0	next	other	0
210119_RL#220_15g	935	Picture	666	10405856	0	1	20303	3	0	next	false_alarm	4147
210119_RL#220_15g	935	Port Input	1	10410972	5116	4
210119_RL#220_15g	935	Response	1	10410972	5116	4
210119_RL#220_15g	935	Port Input	1	10412442	6586	4
210119_RL#220_15g	935	Response	1	10412442	6586	4
210119_RL#220_15g	936	Picture	777	10426160	0	3	20305	5	0	next	false_alarm	4152
210119_RL#220_15g	936	Port Input	1	10443339	17179	4
210119_RL#220_15g	936	Response	1	10443339	17179	4
210119_RL#220_15g	936	Port Input	1	10443342	17183	4
210119_RL#220_15g	936	Response	1	10443342	17183	4
210119_RL#220_15g	936	Manual	1	10446172	20013	NA
210119_RL#220_15g	937	Sound	211	10448022	1557	1			0		other	0
210119_RL#220_15g	937	Port Input	1	10450865	4400	4
210119_RL#220_15g	937	Response	1	10450865	4400	4
210119_RL#220_15g	938	Picture	555	10451624	0	3	5159	6	0	next	false_alarm	4161
210119_RL#220_15g	938	Port Input	1	10452394	770	4
210119_RL#220_15g	938	Response	1	10452394	770	4
210119_RL#220_15g	938	Port Input	1	10454089	2465	4
210119_RL#220_15g	938	Response	1	10454089	2465	4
210119_RL#220_15g	938	Port Input	1	10455630	4006	4
210119_RL#220_15g	938	Response	1	10455630	4006	4
210119_RL#220_15g	939	Picture	10	10456783	0	4	666	7	0	next	hit	4168
210119_RL#220_15g	939	Port Input	1	10457201	418	4
210119_RL#220_15g	939	Response	1	10457201	418	4
210119_RL#220_15g	940	Picture	351	10457449	0	4	499	7	0	next	other	0
210119_RL#220_15g	941	Picture	1	10457948	0	4	20139	7	0	next	false_alarm	4172
210119_RL#220_15g	941	Port Input	1	10458686	738	5
210119_RL#220_15g	941	Response	1	10458686	738	5
210119_RL#220_15g	941	Port Input	1	10458691	743	4
210119_RL#220_15g	941	Response	1	10458691	743	4
210119_RL#220_15g	941	Port Input	1	10459645	1696	4
210119_RL#220_15g	941	Response	1	10459645	1696	4
210119_RL#220_15g	941	Port Input	1	10460782	2834	4
210119_RL#220_15g	941	Response	1	10460782	2834	4
210119_RL#220_15g	941	Port Input	1	10462037	4089	4
210119_RL#220_15g	941	Response	1	10462037	4089	4
210119_RL#220_15g	941	Port Input	1	10463304	5356	5
210119_RL#220_15g	941	Response	1	10463304	5356	5
210119_RL#220_15g	941	Port Input	1	10464698	6750	4
210119_RL#220_15g	941	Response	1	10464698	6750	4
210119_RL#220_15g	942	Picture	3511	10478087	0	4	664	9	0	next	other	0
210119_RL#220_15g	943	Picture	666	10478751	0	5	20308	6	0	next	false_alarm	4188
210119_RL#220_15g	943	Port Input	1	10494444	15693	4
210119_RL#220_15g	943	Response	1	10494444	15693	4
210119_RL#220_15g	944	Picture	777	10499059	0	1	20305	2	0	next	other	0
210119_RL#220_15g	944	Manual	2	10519072	20013	NA
210119_RL#220_15g	945	Sound	212	10521022	1659	1			0		other	0
210119_RL#220_15g	946	Picture	555	10524690	0	1	5326	2	0	next	other	0
210119_RL#220_15g	947	Picture	10	10530015	0	1	20303	4	0	next	miss	0
210119_RL#220_15g	948	Picture	411	10550319	0	3	833	5	0	next	other	0
210119_RL#220_15g	949	Picture	666	10551151	0	3	20138	6	0	next	other	0
210119_RL#220_15g	950	Picture	777	10571290	0	4	20139	7	0	next	other	0
210119_RL#220_15g	950	Manual	2	10591302	20013	NA
210119_RL#220_15g	951	Sound	212	10593022	1594	1			0		other	0
210119_RL#220_15g	952	Picture	555	10596588	0	3	5159	6	0	next	other	0
210119_RL#220_15g	953	Picture	10	10601747	0	4	20306	4	0	next	miss	0
210119_RL#220_15g	954	Picture	411	10622053	0	1	999	2	0	next	other	0
210119_RL#220_15g	955	Picture	666	10623052	0	1	20305	1	0	next	other	0
210119_RL#220_15g	956	Picture	777	10643357	0	1	20304	3	0	next	other	0
210119_RL#220_15g	956	Manual	1	10663373	20017	NA
210119_RL#220_15g	957	Sound	211	10665022	1362	1			0		other	0
210119_RL#220_15g	957	Port Input	1	10668028	4368	4
210119_RL#220_15g	957	Response	1	10668028	4368	4
210119_RL#220_15g	958	Picture	555	10668986	0	3	5160	5	0	next	false_alarm	4210
210119_RL#220_15g	958	Port Input	1	10669025	39	4
210119_RL#220_15g	958	Response	1	10669025	39	4
210119_RL#220_15g	958	Port Input	1	10669595	609	4
210119_RL#220_15g	958	Response	1	10669595	609	4
210119_RL#220_15g	958	Port Input	1	10671055	2069	4
210119_RL#220_15g	958	Response	1	10671055	2069	4
210119_RL#220_15g	958	Port Input	1	10672415	3429	4
210119_RL#220_15g	958	Response	1	10672415	3429	4
210119_RL#220_15g	958	Port Input	1	10673957	4971	4
210119_RL#220_15g	958	Response	1	10673957	4971	4
210119_RL#220_15g	959	Picture	10	10674146	0	3	1499	4	0	next	hit	4221
210119_RL#220_15g	959	Port Input	1	10675474	1328	4
210119_RL#220_15g	959	Response	1	10675474	1328	4
210119_RL#220_15g	960	Picture	351	10675645	0	2	498	4	0	next	other	0
210119_RL#220_15g	961	Picture	1	10676143	0	3	20139	6	0	next	false_alarm	4225
210119_RL#220_15g	961	Port Input	1	10676834	691	4
210119_RL#220_15g	961	Response	1	10676834	691	4
210119_RL#220_15g	961	Port Input	1	10677901	1758	4
210119_RL#220_15g	961	Response	1	10677901	1758	4
210119_RL#220_15g	961	Port Input	1	10679079	2936	4
210119_RL#220_15g	961	Response	1	10679079	2936	4
210119_RL#220_15g	961	Port Input	1	10680295	4153	4
210119_RL#220_15g	961	Response	1	10680295	4153	4
210119_RL#220_15g	961	Port Input	1	10680299	4156	4
210119_RL#220_15g	961	Response	1	10680299	4156	4
210119_RL#220_15g	961	Port Input	1	10681526	5383	4
210119_RL#220_15g	961	Response	1	10681526	5383	4
210119_RL#220_15g	962	Picture	3511	10696282	0	3	832	6	0	next	other	0
210119_RL#220_15g	962	Port Input	1	10696895	613	3
210119_RL#220_15g	962	Response	1	10696895	613	3
210119_RL#220_15g	962	Port Input	1	10696899	617	4
210119_RL#220_15g	962	Response	1	10696899	617	4
210119_RL#220_15g	963	Picture	666	10697113	0	3	20140	5	0	next	false_alarm	4243
210119_RL#220_15g	963	Port Input	1	10705321	8208	4
210119_RL#220_15g	963	Response	1	10705321	8208	4
210119_RL#220_15g	963	Port Input	1	10709005	11892	4
210119_RL#220_15g	963	Response	1	10709005	11892	4
210119_RL#220_15g	963	Port Input	1	10709009	11895	4
210119_RL#220_15g	963	Response	1	10709009	11895	4
210119_RL#220_15g	963	Port Input	1	10710784	13670	4
210119_RL#220_15g	963	Response	1	10710784	13670	4
210119_RL#220_15g	963	Port Input	1	10712812	15699	4
210119_RL#220_15g	963	Response	1	10712812	15699	4
210119_RL#220_15g	963	Port Input	1	10712816	15703	4
210119_RL#220_15g	963	Response	1	10712816	15703	4
210119_RL#220_15g	963	Port Input	1	10712820	15706	4
210119_RL#220_15g	963	Response	1	10712820	15706	4
210119_RL#220_15g	963	Port Input	1	10714353	17240	4
210119_RL#220_15g	963	Response	1	10714353	17240	4
210119_RL#220_15g	963	Port Input	1	10716064	18950	4
210119_RL#220_15g	963	Response	1	10716064	18950	4
210119_RL#220_15g	964	Picture	777	10717253	0	2	20305	3	0	next	false_alarm	4262
210119_RL#220_15g	964	Port Input	1	10717724	470	4
210119_RL#220_15g	964	Response	1	10717724	470	4
210119_RL#220_15g	964	Manual	1	10737266	20013	NA
210119_RL#220_15g	965	Sound	212	10739022	1464	1			0		other	0
210119_RL#220_15g	965	Port Input	1	10741357	3799	5
210119_RL#220_15g	965	Response	1	10741357	3799	5
210119_RL#220_15g	966	Picture	555	10742884	0	1	5326	1	0	next	other	0
210119_RL#220_15g	967	Picture	10	10748210	0	1	20305	2	0	next	miss	0
210119_RL#220_15g	968	Picture	411	10768515	0	1	832	2	0	next	other	0
210119_RL#220_15g	969	Picture	666	10769347	0	1	20304	3	0	next	other	0
210119_RL#220_15g	970	Picture	777	10789651	0	3	20304	6	0	next	other	0
210119_RL#220_15g	970	Manual	2	10809665	20014	NA
210119_RL#220_15g	971	Sound	211	10811022	1067	1			0		other	0
210119_RL#220_15g	971	Port Input	1	10814370	4415	4
210119_RL#220_15g	971	Response	1	10814370	4415	4
210119_RL#220_15g	972	Picture	555	10815115	0	3	5159	6	0	next	false_alarm	4278
210119_RL#220_15g	972	Port Input	1	10816009	894	4
210119_RL#220_15g	972	Response	1	10816009	894	4
210119_RL#220_15g	972	Port Input	1	10817672	2557	4
210119_RL#220_15g	972	Response	1	10817672	2557	4
210119_RL#220_15g	972	Port Input	1	10820116	5001	4
210119_RL#220_15g	972	Response	1	10820116	5001	4
210119_RL#220_15g	973	Picture	10	10820275	0	4	2330	7	0	next	hit	4285
210119_RL#220_15g	973	Port Input	1	10822333	2058	4
210119_RL#220_15g	973	Response	1	10822333	2058	4
210119_RL#220_15g	974	Picture	351	10822604	0	4	499	7	0	next	other	0
210119_RL#220_15g	975	Picture	1	10823104	0	4	20139	7	0	next	false_alarm	4289
210119_RL#220_15g	975	Port Input	1	10828926	5822	4
210119_RL#220_15g	975	Response	1	10828926	5822	4
210119_RL#220_15g	975	Port Input	1	10828930	5826	4
210119_RL#220_15g	975	Response	1	10828930	5826	4
210119_RL#220_15g	975	Port Input	1	10829849	6745	4
210119_RL#220_15g	975	Response	1	10829849	6745	4
210119_RL#220_15g	975	Port Input	1	10830873	7769	4
210119_RL#220_15g	975	Response	1	10830873	7769	4
210119_RL#220_15g	975	Port Input	1	10832000	8897	4
210119_RL#220_15g	975	Response	1	10832000	8897	4
210119_RL#220_15g	975	Port Input	1	10832006	8902	4
210119_RL#220_15g	975	Response	1	10832006	8902	4
210119_RL#220_15g	975	Port Input	1	10833157	10053	4
210119_RL#220_15g	975	Response	1	10833157	10053	4
210119_RL#220_15g	975	Port Input	1	10833161	10057	4
210119_RL#220_15g	975	Response	1	10833161	10057	4
210119_RL#220_15g	975	Port Input	1	10834504	11400	4
210119_RL#220_15g	975	Response	1	10834504	11400	4
210119_RL#220_15g	975	Port Input	1	10835877	12773	4
210119_RL#220_15g	975	Response	1	10835877	12773	4
210119_RL#220_15g	975	Port Input	1	10835881	12778	3
210119_RL#220_15g	975	Response	1	10835881	12778	3
210119_RL#220_15g	976	Picture	3511	10843243	0	4	665	7	0	next	other	0
210119_RL#220_15g	977	Picture	666	10843908	0	4	20307	5	0	next	false_alarm	4313
210119_RL#220_15g	977	Port Input	1	10855949	12041	4
210119_RL#220_15g	977	Response	1	10855949	12041	4
210119_RL#220_15g	977	Port Input	1	10855953	12045	3
210119_RL#220_15g	977	Response	1	10855953	12045	3
210119_RL#220_15g	977	Port Input	1	10857155	13247	4
210119_RL#220_15g	977	Response	1	10857155	13247	4
210119_RL#220_15g	978	Picture	777	10864215	0	1	20304	3	0	next	other	0
210119_RL#220_15g	978	Manual	1	10884228	20013	NA
210119_RL#220_15g	979	Sound	212	10886023	1504	1			0		other	0
210119_RL#220_15g	980	Picture	555	10889845	0	1	5325	3	0	next	other	0
210119_RL#220_15g	981	Picture	10	10895170	0	2	20305	5	0	next	miss	0
210119_RL#220_15g	982	Picture	411	10915475	0	3	832	6	0	next	other	0
210119_RL#220_15g	983	Picture	666	10916306	0	3	20139	6	0	next	other	0
210119_RL#220_15g	984	Picture	777	10936446	0	3	20138	6	0	next	other	0
210119_RL#220_15g	984	Manual	2	10956472	20027	NA
210119_RL#220_15g	985	Sound	212	10958023	1439	1			0		other	0
210119_RL#220_15g	986	Picture	555	10961743	0	4	5160	7	0	next	other	0
210119_RL#220_15g	987	Picture	10	10966903	0	4	20306	4	0	next	miss	0
210119_RL#220_15g	988	Picture	411	10987209	0	1	832	1	0	next	other	0
210119_RL#220_15g	989	Picture	666	10988041	0	1	20305	1	0	next	other	0
210119_RL#220_15g	990	Picture	777	11008346	0	1	20304	3	0	next	other	0
210119_RL#220_15g	990	Manual	1	11028359	20013	NA
210119_RL#220_15g	991	Sound	212	11030023	1373	1			0		other	0
210119_RL#220_15g	992	Picture	555	11033809	0	3	5159	6	0	next	other	0
210119_RL#220_15g	993	Picture	10	11038968	0	3	11484	6	0	next	hit	4338
210119_RL#220_15g	993	Port Input	1	11050203	11234	4
210119_RL#220_15g	993	Response	1	11050203	11234	4
210119_RL#220_15g	993	Port Input	1	11050209	11241	11
210119_RL#220_15g	993	Response	1	11050209	11241	11
210119_RL#220_15g	994	Picture	311	11050453	0	3	499	6	0	next	other	0
210119_RL#220_15g	995	Picture	444	11050952	0	3	80720	6	0	next	other	0
210119_RL#220_15g	996	Picture	666	11131672	0	3	20305	5	0	next	other	0
210119_RL#220_15g	997	Picture	777	11151977	0	3	20138	6	0	next	other	0
210119_RL#220_15g	997	Manual	1	11171989	20012	NA
210119_RL#220_15g	998	Sound	211	11174023	1908	1			0		other	0
210119_RL#220_15g	999	Picture	555	11177275	0	3	5159	7	0	next	false_alarm	4349
210119_RL#220_15g	999	Port Input	1	11177963	688	4
210119_RL#220_15g	999	Response	1	11177963	688	4
210119_RL#220_15g	1000	Picture	10	11182434	0	4	4660	7	0	next	hit	4352
210119_RL#220_15g	1000	Port Input	1	11186847	4413	4
210119_RL#220_15g	1000	Response	1	11186847	4413	4
210119_RL#220_15g	1001	Picture	351	11187094	0	3	500	6	0	next	other	0
210119_RL#220_15g	1002	Picture	1	11187594	0	3	20306	4	0	next	false_alarm	4356
210119_RL#220_15g	1002	Port Input	1	11188152	558	4
210119_RL#220_15g	1002	Response	1	11188152	558	4
210119_RL#220_15g	1002	Port Input	1	11189293	1699	3
210119_RL#220_15g	1002	Response	1	11189293	1699	3
210119_RL#220_15g	1002	Port Input	1	11189296	1702	4
210119_RL#220_15g	1002	Response	1	11189296	1702	4
210119_RL#220_15g	1002	Port Input	1	11190424	2830	4
210119_RL#220_15g	1002	Response	1	11190424	2830	4
210119_RL#220_15g	1002	Port Input	1	11191567	3973	5
210119_RL#220_15g	1002	Response	1	11191567	3973	5
210119_RL#220_15g	1002	Port Input	1	11192758	5164	4
210119_RL#220_15g	1002	Response	1	11192758	5164	4
210119_RL#220_15g	1002	Port Input	1	11192762	5167	4
210119_RL#220_15g	1002	Response	1	11192762	5167	4
210119_RL#220_15g	1002	Port Input	1	11193930	6336	4
210119_RL#220_15g	1002	Response	1	11193930	6336	4
210119_RL#220_15g	1002	Port Input	1	11196525	8931	4
210119_RL#220_15g	1002	Response	1	11196525	8931	4
210119_RL#220_15g	1003	Picture	3511	11207900	0	1	832	2	0	next	other	0
210119_RL#220_15g	1004	Picture	666	11208732	0	1	20305	1	0	next	other	0
210119_RL#220_15g	1005	Picture	777	11229037	0	1	20304	3	0	next	other	0
210119_RL#220_15g	1005	Manual	2	11249051	20014	NA
210119_RL#220_15g	1006	Sound	211	11251023	1682	1			0		other	0
210119_RL#220_15g	1007	Picture	555	11254667	0	3	5326	5	0	next	other	0
210119_RL#220_15g	1008	Picture	10	11259992	0	3	13814	6	0	next	hit	4381
210119_RL#220_15g	1008	Port Input	1	11273496	13504	4
210119_RL#220_15g	1008	Response	1	11273496	13504	4
210119_RL#220_15g	1008	Port Input	1	11273500	13508	4
210119_RL#220_15g	1008	Response	1	11273500	13508	4
210119_RL#220_15g	1009	Picture	351	11273806	0	3	499	6	0	next	other	0
210119_RL#220_15g	1010	Picture	1	11274305	0	3	20139	6	0	next	false_alarm	4387
210119_RL#220_15g	1010	Port Input	1	11287709	13403	4
210119_RL#220_15g	1010	Response	1	11287709	13403	4
210119_RL#220_15g	1010	Port Input	1	11288334	14029	4
210119_RL#220_15g	1010	Response	1	11288334	14029	4
210119_RL#220_15g	1011	Picture	3511	11294445	0	3	665	6	0	next	other	0
210119_RL#220_15g	1012	Picture	666	11295110	0	3	20139	6	0	next	false_alarm	4393
210119_RL#220_15g	1012	Port Input	1	11307183	12073	4
210119_RL#220_15g	1012	Response	1	11307183	12073	4
210119_RL#220_15g	1013	Picture	777	11315249	0	4	20306	4	0	next	other	0
210119_RL#220_15g	1013	Manual	1	11335264	20015	NA
210119_RL#220_15g	1014	Sound	211	11337023	1468	1			0		other	0
210119_RL#220_15g	1014	Port Input	1	11339940	4385	4
210119_RL#220_15g	1014	Response	1	11339940	4385	4
210119_RL#220_15g	1015	Picture	555	11340881	0	1	5326	1	0	next	false_alarm	4401
210119_RL#220_15g	1015	Port Input	1	11341318	438	3
210119_RL#220_15g	1015	Response	1	11341318	438	3
210119_RL#220_15g	1015	Port Input	1	11341321	441	3
210119_RL#220_15g	1015	Response	1	11341321	441	3
210119_RL#220_15g	1015	Port Input	1	11343344	2463	4
210119_RL#220_15g	1015	Response	1	11343344	2463	4
210119_RL#220_15g	1015	Port Input	1	11344594	3713	4
210119_RL#220_15g	1015	Response	1	11344594	3713	4
210119_RL#220_15g	1015	Port Input	1	11344597	3717	4
210119_RL#220_15g	1015	Response	1	11344597	3717	4
210119_RL#220_15g	1015	Port Input	1	11345951	5070	5
210119_RL#220_15g	1015	Response	1	11345951	5070	5
210119_RL#220_15g	1016	Picture	10	11346206	0	1	3662	1	0	next	hit	4414
210119_RL#220_15g	1016	Port Input	1	11349506	3300	4
210119_RL#220_15g	1016	Response	1	11349506	3300	4
210119_RL#220_15g	1017	Picture	351	11349868	0	1	666	1	0	next	other	0
210119_RL#220_15g	1018	Picture	1	11350534	0	1	20303	3	0	next	false_alarm	4418
210119_RL#220_15g	1018	Port Input	1	11350894	361	3
210119_RL#220_15g	1018	Response	1	11350894	361	3
210119_RL#220_15g	1018	Port Input	1	11351909	1375	4
210119_RL#220_15g	1018	Response	1	11351909	1375	4
210119_RL#220_15g	1018	Port Input	1	11352997	2463	4
210119_RL#220_15g	1018	Response	1	11352997	2463	4
210119_RL#220_15g	1018	Port Input	1	11353001	2468	4
210119_RL#220_15g	1018	Response	1	11353001	2468	4
210119_RL#220_15g	1018	Port Input	1	11364872	14338	4
210119_RL#220_15g	1018	Response	1	11364872	14338	4
210119_RL#220_15g	1019	Picture	3511	11370837	0	3	832	5	0	next	other	0
210119_RL#220_15g	1020	Picture	666	11371669	0	3	20305	5	0	next	false_alarm	4430
210119_RL#220_15g	1020	Port Input	1	11383513	11844	4
210119_RL#220_15g	1020	Response	1	11383513	11844	4
210119_RL#220_15g	1020	Port Input	1	11383518	11849	4
210119_RL#220_15g	1020	Response	1	11383518	11849	4
210119_RL#220_15g	1021	Picture	777	11391974	0	3	20305	6	0	next	false_alarm	4435
210119_RL#220_15g	1021	Port Input	1	11401863	9889	4
210119_RL#220_15g	1021	Response	1	11401863	9889	4
210119_RL#220_15g	1021	Manual	2	11411990	20015	NA
210119_RL#220_15g	1022	Port Input	1	11412875	596	4
210119_RL#220_15g	1022	Response	1	11412875	596	4
210119_RL#220_15g	1022	Sound	212	11414023	1744	1			0		other	0
210119_RL#220_15g	1023	Picture	555	11417438	0	4	5160	7	0	next	other	0
210119_RL#220_15g	1024	Picture	10	11422598	0	3	5160	6	0	next	hit	4443
210119_RL#220_15g	1024	Port Input	1	11427510	4912	4
210119_RL#220_15g	1024	Response	1	11427510	4912	4
210119_RL#220_15g	1025	Picture	311	11427758	0	3	499	7	0	next	other	0
210119_RL#220_15g	1026	Picture	444	11428257	0	4	80555	6	0	next	false_alarm	4447
210119_RL#220_15g	1026	Port Input	1	11428981	725	4
210119_RL#220_15g	1026	Response	1	11428981	725	4
210119_RL#220_15g	1026	Port Input	1	11428985	728	4
210119_RL#220_15g	1026	Response	1	11428985	728	4
210119_RL#220_15g	1027	Picture	666	11508811	0	3	20138	5	0	next	false_alarm	4452
210119_RL#220_15g	1027	Port Input	1	11523053	14242	4
210119_RL#220_15g	1027	Response	1	11523053	14242	4
210119_RL#220_15g	1027	Port Input	1	11523056	14245	4
210119_RL#220_15g	1027	Response	1	11523056	14245	4
210119_RL#220_15g	1027	Port Input	1	11527434	18622	4
210119_RL#220_15g	1027	Response	1	11527434	18622	4
210119_RL#220_15g	1028	Picture	777	11528949	0	3	20138	7	0	next	other	0
210119_RL#220_15g	1028	Manual	2	11548964	20015	NA
210119_RL#220_15g	1029	Sound	212	11551023	1936	1			0		other	0
210119_RL#220_15g	1030	Picture	555	11554247	0	4	5159	7	0	next	other	0
210119_RL#220_15g	1031	Picture	10	11559407	0	4	20306	4	0	next	miss	0
210119_RL#220_15g	1032	Picture	411	11579713	0	1	832	1	0	next	other	0
210119_RL#220_15g	1033	Picture	666	11580545	0	1	20305	2	0	next	other	0
210119_RL#220_15g	1034	Picture	777	11600850	0	1	20305	2	0	next	other	0
210119_RL#220_15g	1034	Manual	1	11620863	20012	NA
210119_RL#220_15g	1035	Sound	211	11623023	1868	1			0		other	0
210119_RL#220_15g	1035	Port Input	1	11625843	4688	4
210119_RL#220_15g	1035	Response	1	11625843	4688	4
210119_RL#220_15g	1036	Picture	555	11626313	0	3	5159	5	0	next	false_alarm	4471
210119_RL#220_15g	1036	Port Input	1	11627351	1038	4
210119_RL#220_15g	1036	Response	1	11627351	1038	4
210119_RL#220_15g	1036	Port Input	1	11628836	2523	4
210119_RL#220_15g	1036	Response	1	11628836	2523	4
210119_RL#220_15g	1036	Port Input	1	11630193	3879	4
210119_RL#220_15g	1036	Response	1	11630193	3879	4
210119_RL#220_15g	1037	Picture	10	11631472	0	3	333	5	0	next	hit	4478
210119_RL#220_15g	1037	Port Input	1	11631638	166	4
210119_RL#220_15g	1037	Response	1	11631638	166	4
210119_RL#220_15g	1038	Picture	351	11631806	0	3	499	6	0	next	other	0
210119_RL#220_15g	1039	Picture	1	11632304	0	3	20139	6	0	next	false_alarm	4482
210119_RL#220_15g	1039	Port Input	1	11632990	685	4
210119_RL#220_15g	1039	Response	1	11632990	685	4
210119_RL#220_15g	1039	Port Input	1	11634002	1698	4
210119_RL#220_15g	1039	Response	1	11634002	1698	4
210119_RL#220_15g	1039	Port Input	1	11635152	2848	4
210119_RL#220_15g	1039	Response	1	11635152	2848	4
210119_RL#220_15g	1039	Port Input	1	11636349	4044	4
210119_RL#220_15g	1039	Response	1	11636349	4044	4
210119_RL#220_15g	1039	Port Input	1	11636352	4048	4
210119_RL#220_15g	1039	Response	1	11636352	4048	4
210119_RL#220_15g	1039	Port Input	1	11637638	5334	4
210119_RL#220_15g	1039	Response	1	11637638	5334	4
210119_RL#220_15g	1039	Port Input	1	11638983	6679	4
210119_RL#220_15g	1039	Response	1	11638983	6679	4
210119_RL#220_15g	1039	Port Input	1	11638987	6683	3
210119_RL#220_15g	1039	Response	1	11638987	6683	3
210119_RL#220_15g	1039	Port Input	1	11640346	8042	4
210119_RL#220_15g	1039	Response	1	11640346	8042	4
210119_RL#220_15g	1039	Port Input	1	11640350	8046	4
210119_RL#220_15g	1039	Response	1	11640350	8046	4
210119_RL#220_15g	1039	Port Input	1	11651604	19300	4
210119_RL#220_15g	1039	Response	1	11651604	19300	4
210119_RL#220_15g	1040	Picture	3511	11652443	0	3	832	6	0	next	other	0
210119_RL#220_15g	1040	Port Input	1	11653094	650	7
210119_RL#220_15g	1040	Response	1	11653094	650	7
210119_RL#220_15g	1041	Picture	666	11653275	0	3	20138	7	0	next	other	0
210119_RL#220_15g	1042	Picture	777	11673414	0	4	20307	5	0	next	other	0
210119_RL#220_15g	1042	Manual	2	11693430	20017	NA
210119_RL#220_15g	1043	Sound	211	11695023	1303	1			0		other	0
210119_RL#220_15g	1043	Port Input	1	11697456	3736	4
210119_RL#220_15g	1043	Response	1	11697456	3736	4
210119_RL#220_15g	1043	Port Input	1	11698724	5004	11
210119_RL#220_15g	1043	Response	1	11698724	5004	11
210119_RL#220_15g	1044	Picture	555	11699046	0	1	5326	1	0	next	false_alarm	4516
210119_RL#220_15g	1044	Port Input	1	11700075	1029	4
210119_RL#220_15g	1044	Response	1	11700075	1029	4
210119_RL#220_15g	1044	Port Input	1	11701318	2272	4
210119_RL#220_15g	1044	Response	1	11701318	2272	4
210119_RL#220_15g	1044	Port Input	1	11701322	2276	4
210119_RL#220_15g	1044	Response	1	11701322	2276	4
210119_RL#220_15g	1044	Port Input	1	11702650	3604	4
210119_RL#220_15g	1044	Response	1	11702650	3604	4
210119_RL#220_15g	1044	Port Input	1	11704003	4957	4
210119_RL#220_15g	1044	Response	1	11704003	4957	4
210119_RL#220_15g	1045	Picture	10	11704372	0	1	1331	1	0	next	hit	4527
210119_RL#220_15g	1045	Port Input	1	11705381	1010	4
210119_RL#220_15g	1045	Response	1	11705381	1010	4
210119_RL#220_15g	1046	Picture	351	11705703	0	1	666	1	0	next	other	0
210119_RL#220_15g	1047	Picture	1	11706369	0	1	20304	3	0	next	false_alarm	4531
210119_RL#220_15g	1047	Port Input	1	11706661	292	3
210119_RL#220_15g	1047	Response	1	11706661	292	3
210119_RL#220_15g	1047	Port Input	1	11707787	1418	4
210119_RL#220_15g	1047	Response	1	11707787	1418	4
210119_RL#220_15g	1047	Port Input	1	11708860	2491	4
210119_RL#220_15g	1047	Response	1	11708860	2491	4
210119_RL#220_15g	1047	Port Input	1	11708864	2495	4
210119_RL#220_15g	1047	Response	1	11708864	2495	4
210119_RL#220_15g	1047	Port Input	1	11710055	3686	4
210119_RL#220_15g	1047	Response	1	11710055	3686	4
210119_RL#220_15g	1047	Port Input	1	11711264	4894	4
210119_RL#220_15g	1047	Response	1	11711264	4894	4
210119_RL#220_15g	1047	Port Input	1	11712614	6244	4
210119_RL#220_15g	1047	Response	1	11712614	6244	4
210119_RL#220_15g	1047	Port Input	1	11714008	7639	4
210119_RL#220_15g	1047	Response	1	11714008	7639	4
210119_RL#220_15g	1047	Port Input	1	11714014	7645	5
210119_RL#220_15g	1047	Response	1	11714014	7645	5
210119_RL#220_15g	1048	Picture	3511	11726673	0	3	832	5	0	next	other	0
210119_RL#220_15g	1048	Port Input	1	11726695	23	255
210119_RL#220_15g	1048	Response	1	11726695	23	255
210119_RL#220_15g	1049	Picture	666	11727504	0	3	20305	5	0	next	false_alarm	4553
210119_RL#220_15g	1049	Port Input	1	11728110	606	4
210119_RL#220_15g	1049	Response	1	11728110	606	4
210119_RL#220_15g	1049	Port Input	1	11729605	2100	4
210119_RL#220_15g	1049	Response	1	11729605	2100	4
210119_RL#220_15g	1049	Port Input	1	11742358	14854	4
210119_RL#220_15g	1049	Response	1	11742358	14854	4
210119_RL#220_15g	1049	Port Input	1	11742362	14857	4
210119_RL#220_15g	1049	Response	1	11742362	14857	4
210119_RL#220_15g	1050	Picture	777	11747810	0	3	20138	6	0	next	other	0
210119_RL#220_15g	1050	Manual	1	11767822	20013	NA
210119_RL#220_15g	1051	Sound	211	11769024	1075	1			0		other	0
210119_RL#220_15g	1051	Port Input	1	11771630	3682	4
210119_RL#220_15g	1051	Response	1	11771630	3682	4
210119_RL#220_15g	1051	Port Input	1	11772473	4525	4
210119_RL#220_15g	1051	Response	1	11772473	4525	4
210119_RL#220_15g	1051	Port Input	1	11773056	5108	5
210119_RL#220_15g	1051	Response	1	11773056	5108	5
210119_RL#220_15g	1052	Picture	555	11773108	0	3	5159	6	0	next	false_alarm	4571
210119_RL#220_15g	1052	Port Input	1	11773987	879	4
210119_RL#220_15g	1052	Response	1	11773987	879	4
210119_RL#220_15g	1052	Port Input	1	11774572	1465	4
210119_RL#220_15g	1052	Response	1	11774572	1465	4
210119_RL#220_15g	1052	Port Input	1	11776054	2947	4
210119_RL#220_15g	1052	Response	1	11776054	2947	4
210119_RL#220_15g	1052	Port Input	1	11777495	4388	4
210119_RL#220_15g	1052	Response	1	11777495	4388	4
210119_RL#220_15g	1053	Picture	10	11778267	0	3	832	6	0	next	hit	4580
210119_RL#220_15g	1053	Port Input	1	11778918	650	5
210119_RL#220_15g	1053	Response	1	11778918	650	5
210119_RL#220_15g	1054	Picture	351	11779099	0	3	499	7	0	next	other	0
210119_RL#220_15g	1055	Picture	1	11779598	0	4	20139	7	0	next	false_alarm	4584
210119_RL#220_15g	1055	Port Input	1	11780247	649	4
210119_RL#220_15g	1055	Response	1	11780247	649	4
210119_RL#220_15g	1055	Port Input	1	11781242	1644	4
210119_RL#220_15g	1055	Response	1	11781242	1644	4
210119_RL#220_15g	1055	Port Input	1	11782367	2769	5
210119_RL#220_15g	1055	Response	1	11782367	2769	5
210119_RL#220_15g	1055	Port Input	1	11782371	2773	4
210119_RL#220_15g	1055	Response	1	11782371	2773	4
210119_RL#220_15g	1055	Port Input	1	11783550	3952	4
210119_RL#220_15g	1055	Response	1	11783550	3952	4
210119_RL#220_15g	1055	Port Input	1	11784826	5228	4
210119_RL#220_15g	1055	Response	1	11784826	5228	4
210119_RL#220_15g	1055	Port Input	1	11786143	6545	4
210119_RL#220_15g	1055	Response	1	11786143	6545	4
210119_RL#220_15g	1055	Port Input	1	11787544	7945	4
210119_RL#220_15g	1055	Response	1	11787544	7945	4
210119_RL#220_15g	1055	Port Input	1	11787547	7949	4
210119_RL#220_15g	1055	Response	1	11787547	7949	4
210119_RL#220_15g	1056	Picture	3511	11799737	0	4	665	7	0	next	other	0
210119_RL#220_15g	1057	Picture	666	11800402	0	4	20306	5	0	next	false_alarm	4604
210119_RL#220_15g	1057	Port Input	1	11805015	4613	4
210119_RL#220_15g	1057	Response	1	11805015	4613	4
210119_RL#220_15g	1057	Port Input	1	11806250	5848	4
210119_RL#220_15g	1057	Response	1	11806250	5848	4
210119_RL#220_15g	1057	Port Input	1	11807612	7209	4
210119_RL#220_15g	1057	Response	1	11807612	7209	4
210119_RL#220_15g	1057	Port Input	1	11809043	8641	4
210119_RL#220_15g	1057	Response	1	11809043	8641	4
210119_RL#220_15g	1057	Port Input	1	11810480	10078	4
210119_RL#220_15g	1057	Response	1	11810480	10078	4
210119_RL#220_15g	1057	Port Input	1	11810484	10081	4
210119_RL#220_15g	1057	Response	1	11810484	10081	4
210119_RL#220_15g	1058	Picture	777	11820709	0	1	20305	2	0	next	false_alarm	4617
210119_RL#220_15g	1058	Port Input	1	11826742	6033	4
210119_RL#220_15g	1058	Response	1	11826742	6033	4
210119_RL#220_15g	1058	Port Input	1	11828008	7299	4
210119_RL#220_15g	1058	Response	1	11828008	7299	4
210119_RL#220_15g	1058	Manual	2	11840724	20016	NA
210119_RL#220_15g	1059	Sound	212	11842024	1010	1			0		other	0
210119_RL#220_15g	1060	Picture	555	11846340	0	1	5325	3	0	next	other	0
210119_RL#220_15g	1061	Picture	10	11851665	0	2	16310	5	0	next	hit	4625
210119_RL#220_15g	1061	Port Input	1	11867702	16037	4
210119_RL#220_15g	1061	Response	1	11867702	16037	4
210119_RL#220_15g	1062	Picture	311	11867975	0	3	499	6	0	next	other	0
210119_RL#220_15g	1063	Picture	444	11868474	0	3	80888	4	0	next	false_alarm	4629
210119_RL#220_15g	1063	Port Input	1	11900197	31723	4
210119_RL#220_15g	1063	Response	1	11900197	31723	4
210119_RL#220_15g	1063	Port Input	1	11900201	31727	4
210119_RL#220_15g	1063	Response	1	11900201	31727	4
210119_RL#220_15g	1063	Port Input	1	11907557	39083	4
210119_RL#220_15g	1063	Response	1	11907557	39083	4
210119_RL#220_15g	1063	Port Input	1	11911064	42590	4
210119_RL#220_15g	1063	Response	1	11911064	42590	4
210119_RL#220_15g	1063	Port Input	1	11911068	42594	4
210119_RL#220_15g	1063	Response	1	11911068	42594	4
210119_RL#220_15g	1063	Port Input	1	11912230	43757	4
210119_RL#220_15g	1063	Response	1	11912230	43757	4
210119_RL#220_15g	1063	Port Input	1	11912613	44139	4
210119_RL#220_15g	1063	Response	1	11912613	44139	4
210119_RL#220_15g	1063	Port Input	1	11921047	52574	4
210119_RL#220_15g	1063	Response	1	11921047	52574	4
210119_RL#220_15g	1063	Port Input	1	11921051	52578	4
210119_RL#220_15g	1063	Response	1	11921051	52578	4
210119_RL#220_15g	1063	Port Input	1	11922022	53548	4
210119_RL#220_15g	1063	Response	1	11922022	53548	4
210119_RL#220_15g	1063	Port Input	1	11922904	54430	4
210119_RL#220_15g	1063	Response	1	11922904	54430	4
210119_RL#220_15g	1063	Port Input	1	11923318	54845	4
210119_RL#220_15g	1063	Response	1	11923318	54845	4
210119_RL#220_15g	1063	Port Input	1	11923322	54848	4
210119_RL#220_15g	1063	Response	1	11923322	54848	4
210119_RL#220_15g	1063	Port Input	1	11924857	56384	4
210119_RL#220_15g	1063	Response	1	11924857	56384	4
210119_RL#220_15g	1063	Port Input	1	11926637	58163	4
210119_RL#220_15g	1063	Response	1	11926637	58163	4
210119_RL#220_15g	1063	Port Input	1	11927326	58852	8
210119_RL#220_15g	1063	Response	1	11927326	58852	8
210119_RL#220_15g	1063	Port Input	1	11927336	58862	5
210119_RL#220_15g	1063	Response	1	11927336	58862	5
210119_RL#220_15g	1063	Port Input	1	11928183	59709	4
210119_RL#220_15g	1063	Response	1	11928183	59709	4
210119_RL#220_15g	1063	Port Input	1	11929559	61085	4
210119_RL#220_15g	1063	Response	1	11929559	61085	4
210119_RL#220_15g	1063	Port Input	1	11930453	61980	4
210119_RL#220_15g	1063	Response	1	11930453	61980	4
210119_RL#220_15g	1063	Port Input	1	11932333	63860	4
210119_RL#220_15g	1063	Response	1	11932333	63860	4
210119_RL#220_15g	1063	Port Input	1	11936310	67837	4
210119_RL#220_15g	1063	Response	1	11936310	67837	4
210119_RL#220_15g	1063	Port Input	1	11936316	67842	4
210119_RL#220_15g	1063	Response	1	11936316	67842	4
210119_RL#220_15g	1063	Port Input	1	11937379	68905	5
210119_RL#220_15g	1063	Response	1	11937379	68905	5
210119_RL#220_15g	1063	Port Input	1	11937383	68909	4
210119_RL#220_15g	1063	Response	1	11937383	68909	4
210119_RL#220_15g	1063	Port Input	1	11937999	69526	4
210119_RL#220_15g	1063	Response	1	11937999	69526	4
210119_RL#220_15g	1063	Port Input	1	11939857	71383	4
210119_RL#220_15g	1063	Response	1	11939857	71383	4
210119_RL#220_15g	1063	Port Input	1	11941671	73197	4
210119_RL#220_15g	1063	Response	1	11941671	73197	4
210119_RL#220_15g	1063	Port Input	1	11943249	74775	4
210119_RL#220_15g	1063	Response	1	11943249	74775	4
210119_RL#220_15g	1063	Port Input	1	11944689	76215	4
210119_RL#220_15g	1063	Response	1	11944689	76215	4
210119_RL#220_15g	1063	Port Input	1	11946127	77653	4
210119_RL#220_15g	1063	Response	1	11946127	77653	4
210119_RL#220_15g	1063	Port Input	1	11946437	77963	4
210119_RL#220_15g	1063	Response	1	11946437	77963	4
210119_RL#220_15g	1063	Port Input	1	11946441	77967	4
210119_RL#220_15g	1063	Response	1	11946441	77967	4
210119_RL#220_15g	1064	Picture	666	11949362	0	1	20304	3	0	next	false_alarm	4698
210119_RL#220_15g	1064	Port Input	1	11949423	61	5
210119_RL#220_15g	1064	Response	1	11949423	61	5
210119_RL#220_15g	1064	Port Input	1	11949944	582	3
210119_RL#220_15g	1064	Response	1	11949944	582	3
210119_RL#220_15g	1064	Port Input	1	11950466	1104	5
210119_RL#220_15g	1064	Response	1	11950466	1104	5
210119_RL#220_15g	1064	Port Input	1	11951929	2567	5
210119_RL#220_15g	1064	Response	1	11951929	2567	5
210119_RL#220_15g	1064	Port Input	1	11951935	2573	5
210119_RL#220_15g	1064	Response	1	11951935	2573	5
210119_RL#220_15g	1064	Port Input	1	11953018	3656	4
210119_RL#220_15g	1064	Response	1	11953018	3656	4
210119_RL#220_15g	1064	Port Input	1	11963380	14018	4
210119_RL#220_15g	1064	Response	1	11963380	14018	4
210119_RL#220_15g	1064	Port Input	1	11966274	16912	4
210119_RL#220_15g	1064	Response	1	11966274	16912	4
210119_RL#220_15g	1065	Picture	777	11969666	0	3	20305	5	0	next	false_alarm	4713
210119_RL#220_15g	1065	Port Input	1	11969767	101	4
210119_RL#220_15g	1065	Response	1	11969767	101	4
210119_RL#220_15g	1065	Port Input	1	11969966	300	4
210119_RL#220_15g	1065	Response	1	11969966	300	4
210119_RL#220_15g	1065	Port Input	1	11969969	304	4
210119_RL#220_15g	1065	Response	1	11969969	304	4
210119_RL#220_15g	1065	Port Input	1	11971204	1538	4
210119_RL#220_15g	1065	Response	1	11971204	1538	4
210119_RL#220_15g	1065	Port Input	1	11980184	10518	4
210119_RL#220_15g	1065	Response	1	11980184	10518	4
210119_RL#220_15g	1065	Port Input	1	11983854	14188	4
210119_RL#220_15g	1065	Response	1	11983854	14188	4
210119_RL#220_15g	1065	Port Input	1	11985307	15642	4
210119_RL#220_15g	1065	Response	1	11985307	15642	4
210119_RL#220_15g	1065	Port Input	1	11985311	15645	4
210119_RL#220_15g	1065	Response	1	11985311	15645	4
210119_RL#220_15g	1065	Port Input	1	11986456	16790	4
210119_RL#220_15g	1065	Response	1	11986456	16790	4
210119_RL#220_15g	1065	Port Input	1	11986459	16793	4
210119_RL#220_15g	1065	Response	1	11986459	16793	4
210119_RL#220_15g	1065	Manual	1	11989679	20014	NA
210119_RL#220_15g	1066	Sound	212	11991024	1053	1			0		other	0
210119_RL#220_15g	1066	Port Input	1	11991628	1658	4
210119_RL#220_15g	1066	Response	1	11991628	1658	4
210119_RL#220_15g	1066	Port Input	1	11992489	2518	4
210119_RL#220_15g	1066	Response	1	11992489	2518	4
210119_RL#220_15g	1066	Port Input	1	11992493	2522	4
210119_RL#220_15g	1066	Response	1	11992493	2522	4
210119_RL#220_15g	1066	Port Input	1	11992844	2873	4
210119_RL#220_15g	1066	Response	1	11992844	2873	4
210119_RL#220_15g	1067	Picture	555	11995130	0	3	5159	6	0	next	false_alarm	4744
210119_RL#220_15g	1067	Port Input	1	11996277	1146	4
210119_RL#220_15g	1067	Response	1	11996277	1146	4
210119_RL#220_15g	1067	Port Input	1	11996280	1150	4
210119_RL#220_15g	1067	Response	1	11996280	1150	4
210119_RL#220_15g	1067	Port Input	1	11998339	3209	4
210119_RL#220_15g	1067	Response	1	11998339	3209	4
210119_RL#220_15g	1067	Port Input	1	11998343	3213	4
210119_RL#220_15g	1067	Response	1	11998343	3213	4
210119_RL#220_15g	1068	Picture	10	12000290	0	3	1332	6	0	next	hit	4753
210119_RL#220_15g	1068	Port Input	1	12001346	1056	4
210119_RL#220_15g	1068	Response	1	12001346	1056	4
210119_RL#220_15g	1069	Picture	311	12001621	0	3	499	6	0	next	other	0
210119_RL#220_15g	1070	Picture	444	12002120	0	3	80721	5	0	next	false_alarm	4757
210119_RL#220_15g	1070	Port Input	1	12005613	3492	4
210119_RL#220_15g	1070	Response	1	12005613	3492	4
210119_RL#220_15g	1070	Port Input	1	12010020	7900	4
210119_RL#220_15g	1070	Response	1	12010020	7900	4
210119_RL#220_15g	1070	Port Input	1	12011506	9386	5
210119_RL#220_15g	1070	Response	1	12011506	9386	5
210119_RL#220_15g	1070	Port Input	1	12011512	9392	4
210119_RL#220_15g	1070	Response	1	12011512	9392	4
210119_RL#220_15g	1070	Port Input	1	12011833	9713	4
210119_RL#220_15g	1070	Response	1	12011833	9713	4
210119_RL#220_15g	1070	Port Input	1	12011837	9717	4
210119_RL#220_15g	1070	Response	1	12011837	9717	4
210119_RL#220_15g	1070	Port Input	1	12011940	9820	4
210119_RL#220_15g	1070	Response	1	12011940	9820	4
210119_RL#220_15g	1070	Port Input	1	12014276	12156	5
210119_RL#220_15g	1070	Response	1	12014276	12156	5
210119_RL#220_15g	1070	Port Input	1	12014280	12160	4
210119_RL#220_15g	1070	Response	1	12014280	12160	4
210119_RL#220_15g	1070	Port Input	1	12016912	14791	4
210119_RL#220_15g	1070	Response	1	12016912	14791	4
210119_RL#220_15g	1070	Port Input	1	12017154	15034	4
210119_RL#220_15g	1070	Response	1	12017154	15034	4
210119_RL#220_15g	1070	Port Input	1	12018594	16474	5
210119_RL#220_15g	1070	Response	1	12018594	16474	5
210119_RL#220_15g	1070	Port Input	1	12018841	16720	4
210119_RL#220_15g	1070	Response	1	12018841	16720	4
210119_RL#220_15g	1070	Port Input	1	12018852	16732	4
210119_RL#220_15g	1070	Response	1	12018852	16732	4
210119_RL#220_15g	1070	Port Input	1	12018856	16735	4
210119_RL#220_15g	1070	Response	1	12018856	16735	4
210119_RL#220_15g	1070	Port Input	1	12019219	17099	4
210119_RL#220_15g	1070	Response	1	12019219	17099	4
210119_RL#220_15g	1070	Port Input	1	12022282	20162	4
210119_RL#220_15g	1070	Response	1	12022282	20162	4
210119_RL#220_15g	1070	Port Input	1	12022286	20165	5
210119_RL#220_15g	1070	Response	1	12022286	20165	5
210119_RL#220_15g	1070	Port Input	1	12023821	21700	4
210119_RL#220_15g	1070	Response	1	12023821	21700	4
210119_RL#220_15g	1070	Port Input	1	12029839	27719	4
210119_RL#220_15g	1070	Response	1	12029839	27719	4
210119_RL#220_15g	1070	Port Input	1	12029843	27722	4
210119_RL#220_15g	1070	Response	1	12029843	27722	4
210119_RL#220_15g	1070	Port Input	1	12032019	29899	4
210119_RL#220_15g	1070	Response	1	12032019	29899	4
210119_RL#220_15g	1070	Port Input	1	12033646	31526	4
210119_RL#220_15g	1070	Response	1	12033646	31526	4
210119_RL#220_15g	1070	Port Input	1	12034044	31924	4
210119_RL#220_15g	1070	Response	1	12034044	31924	4
210119_RL#220_15g	1070	Port Input	1	12035584	33463	4
210119_RL#220_15g	1070	Response	1	12035584	33463	4
210119_RL#220_15g	1070	Port Input	1	12036602	34482	4
210119_RL#220_15g	1070	Response	1	12036602	34482	4
210119_RL#220_15g	1070	Port Input	1	12037325	35204	4
210119_RL#220_15g	1070	Response	1	12037325	35204	4
210119_RL#220_15g	1070	Port Input	1	12045834	43714	4
210119_RL#220_15g	1070	Response	1	12045834	43714	4
210119_RL#220_15g	1070	Port Input	1	12045838	43718	4
210119_RL#220_15g	1070	Response	1	12045838	43718	4
210119_RL#220_15g	1070	Port Input	1	12046395	44275	4
210119_RL#220_15g	1070	Response	1	12046395	44275	4
210119_RL#220_15g	1070	Port Input	1	12047867	45746	4
210119_RL#220_15g	1070	Response	1	12047867	45746	4
210119_RL#220_15g	1070	Port Input	1	12049338	47218	5
210119_RL#220_15g	1070	Response	1	12049338	47218	5
210119_RL#220_15g	1070	Port Input	1	12051034	48914	4
210119_RL#220_15g	1070	Response	1	12051034	48914	4
210119_RL#220_15g	1070	Port Input	1	12053102	50982	4
210119_RL#220_15g	1070	Response	1	12053102	50982	4
210119_RL#220_15g	1070	Port Input	1	12053106	50985	4
210119_RL#220_15g	1070	Response	1	12053106	50985	4
210119_RL#220_15g	1070	Port Input	1	12079128	77008	4
210119_RL#220_15g	1070	Response	1	12079128	77008	4
210119_RL#220_15g	1070	Port Input	1	12080357	78237	4
210119_RL#220_15g	1070	Response	1	12080357	78237	4
210119_RL#220_15g	1070	Port Input	1	12081736	79616	5
210119_RL#220_15g	1070	Response	1	12081736	79616	5
210119_RL#220_15g	1071	Picture	666	12082841	0	2	20305	5	0	next	false_alarm	4834
210119_RL#220_15g	1071	Port Input	1	12083123	282	3
210119_RL#220_15g	1071	Response	1	12083123	282	3
210119_RL#220_15g	1071	Port Input	1	12084461	1620	4
210119_RL#220_15g	1071	Response	1	12084461	1620	4
210119_RL#220_15g	1071	Port Input	1	12085805	2964	4
210119_RL#220_15g	1071	Response	1	12085805	2964	4
210119_RL#220_15g	1071	Port Input	1	12085809	2968	4
210119_RL#220_15g	1071	Response	1	12085809	2968	4
210119_RL#220_15g	1071	Port Input	1	12087184	4343	4
210119_RL#220_15g	1071	Response	1	12087184	4343	4
210119_RL#220_15g	1071	Port Input	1	12088603	5762	4
210119_RL#220_15g	1071	Response	1	12088603	5762	4
210119_RL#220_15g	1071	Port Input	1	12089959	7118	4
210119_RL#220_15g	1071	Response	1	12089959	7118	4
210119_RL#220_15g	1071	Port Input	1	12091380	8539	4
210119_RL#220_15g	1071	Response	1	12091380	8539	4
210119_RL#220_15g	1071	Port Input	1	12091384	8543	4
210119_RL#220_15g	1071	Response	1	12091384	8543	4
210119_RL#220_15g	1071	Port Input	1	12092717	9876	4
210119_RL#220_15g	1071	Response	1	12092717	9876	4
210119_RL#220_15g	1071	Port Input	1	12092721	9880	4
210119_RL#220_15g	1071	Response	1	12092721	9880	4
210119_RL#220_15g	1071	Port Input	1	12094256	11414	4
210119_RL#220_15g	1071	Response	1	12094256	11414	4
210119_RL#220_15g	1071	Port Input	1	12094259	11418	4
210119_RL#220_15g	1071	Response	1	12094259	11418	4
210119_RL#220_15g	1071	Port Input	1	12096014	13173	4
210119_RL#220_15g	1071	Response	1	12096014	13173	4
210119_RL#220_15g	1071	Port Input	1	12100976	18135	4
210119_RL#220_15g	1071	Response	1	12100976	18135	4
210119_RL#220_15g	1072	Picture	777	12103146	0	3	20305	6	0	next	false_alarm	4865
210119_RL#220_15g	1072	Port Input	1	12103977	831	4
210119_RL#220_15g	1072	Response	1	12103977	831	4
210119_RL#220_15g	1072	Port Input	1	12106332	3187	4
210119_RL#220_15g	1072	Response	1	12106332	3187	4
210119_RL#220_15g	1072	Port Input	1	12106336	3190	4
210119_RL#220_15g	1072	Response	1	12106336	3190	4
210119_RL#220_15g	1072	Port Input	1	12106453	3307	4
210119_RL#220_15g	1072	Response	1	12106453	3307	4
210119_RL#220_15g	1072	Manual	1	12123162	20016	NA
210119_RL#220_15g	1073	Sound	212	12125024	1574	1			0		other	0
210119_RL#220_15g	1074	Picture	555	12128610	0	3	5159	7	0	next	other	0
210119_RL#220_15g	1075	Picture	10	12133769	0	4	20138	8	0	next	miss	0
210119_RL#220_15g	1076	Picture	411	12153908	0	4	833	7	0	next	other	0
210119_RL#220_15g	1077	Picture	666	12154740	0	3	20306	4	0	next	other	0
210119_RL#220_15g	1078	Picture	777	12175046	0	1	20305	2	0	next	other	0
210119_RL#220_15g	1078	Manual	1	12195059	20013	NA
210119_RL#220_15g	1079	Sound	211	12197024	1673	1			0		other	0
210119_RL#220_15g	1079	Port Input	1	12199127	3776	4
210119_RL#220_15g	1079	Response	1	12199127	3776	4
210119_RL#220_15g	1079	Port Input	1	12200481	5130	6
210119_RL#220_15g	1079	Response	1	12200481	5130	6
210119_RL#220_15g	1080	Picture	555	12200676	0	3	5326	5	0	next	false_alarm	4887
210119_RL#220_15g	1080	Port Input	1	12201906	1230	4
210119_RL#220_15g	1080	Response	1	12201906	1230	4
210119_RL#220_15g	1080	Port Input	1	12203265	2589	5
210119_RL#220_15g	1080	Response	1	12203265	2589	5
210119_RL#220_15g	1080	Port Input	1	12204714	4038	4
210119_RL#220_15g	1080	Response	1	12204714	4038	4
210119_RL#220_15g	1081	Picture	10	12206002	0	3	333	5	0	next	hit	4894
210119_RL#220_15g	1081	Port Input	1	12206092	91	4
210119_RL#220_15g	1081	Response	1	12206092	91	4
210119_RL#220_15g	1082	Picture	351	12206334	0	3	501	3	0	next	other	0
210119_RL#220_15g	1083	Picture	1	12206835	0	1	20303	3	0	next	false_alarm	4898
210119_RL#220_15g	1083	Port Input	1	12207403	568	3
210119_RL#220_15g	1083	Response	1	12207403	568	3
210119_RL#220_15g	1083	Port Input	1	12207406	571	3
210119_RL#220_15g	1083	Response	1	12207406	571	3
210119_RL#220_15g	1083	Port Input	1	12208459	1623	3
210119_RL#220_15g	1083	Response	1	12208459	1623	3
210119_RL#220_15g	1083	Port Input	1	12209599	2763	4
210119_RL#220_15g	1083	Response	1	12209599	2763	4
210119_RL#220_15g	1083	Port Input	1	12210948	4113	4
210119_RL#220_15g	1083	Response	1	12210948	4113	4
210119_RL#220_15g	1083	Port Input	1	12210952	4117	4
210119_RL#220_15g	1083	Response	1	12210952	4117	4
210119_RL#220_15g	1083	Port Input	1	12212321	5485	4
210119_RL#220_15g	1083	Response	1	12212321	5485	4
210119_RL#220_15g	1083	Port Input	1	12217727	10892	4
210119_RL#220_15g	1083	Response	1	12217727	10892	4
210119_RL#220_15g	1084	Picture	3511	12227139	0	3	499	6	0	next	other	0
210119_RL#220_15g	1085	Picture	666	12227638	0	3	20139	6	0	next	other	0
210119_RL#220_15g	1086	Picture	777	12247777	0	3	20138	7	0	next	other	0
210119_RL#220_15g	1086	Manual	2	12267790	20014	NA
210119_RL#220_15g	1087	Sound	211	12269024	1109	1			0		other	0
210119_RL#220_15g	1087	Port Input	1	12270986	3071	4
210119_RL#220_15g	1087	Response	1	12270986	3071	4
210119_RL#220_15g	1087	Port Input	1	12272672	4758	4
210119_RL#220_15g	1087	Response	1	12272672	4758	4
210119_RL#220_15g	1088	Picture	555	12273075	0	4	5327	4	0	next	false_alarm	4924
210119_RL#220_15g	1088	Port Input	1	12274112	1037	4
210119_RL#220_15g	1088	Response	1	12274112	1037	4
210119_RL#220_15g	1088	Port Input	1	12275878	2803	5
210119_RL#220_15g	1088	Response	1	12275878	2803	5
210119_RL#220_15g	1088	Port Input	1	12277448	4374	4
210119_RL#220_15g	1088	Response	1	12277448	4374	4
210119_RL#220_15g	1089	Picture	10	12278402	0	1	666	2	0	next	hit	4931
210119_RL#220_15g	1089	Port Input	1	12278790	389	4
210119_RL#220_15g	1089	Response	1	12278790	389	4
210119_RL#220_15g	1089	Port Input	1	12278794	392	4
210119_RL#220_15g	1089	Response	1	12278794	392	4
210119_RL#220_15g	1090	Picture	351	12279067	0	2	500	2	0	next	other	0
210119_RL#220_15g	1091	Picture	1	12279567	0	1	20305	2	0	next	false_alarm	4937
210119_RL#220_15g	1091	Port Input	1	12280420	854	4
210119_RL#220_15g	1091	Response	1	12280420	854	4
210119_RL#220_15g	1091	Port Input	1	12281496	1929	4
210119_RL#220_15g	1091	Response	1	12281496	1929	4
210119_RL#220_15g	1091	Port Input	1	12282619	3052	4
210119_RL#220_15g	1091	Response	1	12282619	3052	4
210119_RL#220_15g	1091	Port Input	1	12283897	4331	4
210119_RL#220_15g	1091	Response	1	12283897	4331	4
210119_RL#220_15g	1091	Port Input	1	12285306	5739	4
210119_RL#220_15g	1091	Response	1	12285306	5739	4
210119_RL#220_15g	1091	Port Input	1	12285309	5742	4
210119_RL#220_15g	1091	Response	1	12285309	5742	4
210119_RL#220_15g	1092	Picture	3511	12299871	0	1	666	2	0	next	other	0
210119_RL#220_15g	1093	Picture	666	12300537	0	1	20303	3	0	next	false_alarm	4951
210119_RL#220_15g	1093	Port Input	1	12313079	12542	4
210119_RL#220_15g	1093	Response	1	12313079	12542	4
210119_RL#220_15g	1093	Port Input	1	12314834	14297	4
210119_RL#220_15g	1093	Response	1	12314834	14297	4
210119_RL#220_15g	1094	Picture	777	12320841	0	3	20305	5	0	next	other	0
210119_RL#220_15g	1094	Manual	1	12340854	20013	NA
210119_RL#220_15g	1095	Sound	212	12343024	1878	1			0		other	0
210119_RL#220_15g	1096	Picture	555	12346305	0	3	5159	6	0	next	other	0
210119_RL#220_15g	1097	Picture	10	12351465	0	3	20139	6	0	next	miss	0
210119_RL#220_15g	1098	Picture	411	12371603	0	3	665	7	0	next	other	0
210119_RL#220_15g	1099	Picture	666	12372268	0	4	20139	7	0	next	other	0
210119_RL#220_15g	1100	Picture	777	12392407	0	4	20306	4	0	next	other	0
210119_RL#220_15g	1100	Manual	1	12412424	20017	NA
210119_RL#220_15g	1101	Sound	211	12414024	1311	1			0		other	0
210119_RL#220_15g	1101	Port Input	1	12417017	4304	4
210119_RL#220_15g	1101	Response	1	12417017	4304	4
210119_RL#220_15g	1102	Picture	555	12418039	0	1	5326	2	0	next	false_alarm	4968
210119_RL#220_15g	1102	Port Input	1	12418479	439	4
210119_RL#220_15g	1102	Response	1	12418479	439	4
210119_RL#220_15g	1102	Port Input	1	12418483	444	3
210119_RL#220_15g	1102	Response	1	12418483	444	3
210119_RL#220_15g	1102	Port Input	1	12419952	1913	4
210119_RL#220_15g	1102	Response	1	12419952	1913	4
210119_RL#220_15g	1102	Port Input	1	12419956	1917	4
210119_RL#220_15g	1102	Response	1	12419956	1917	4
210119_RL#220_15g	1102	Port Input	1	12421451	3411	4
210119_RL#220_15g	1102	Response	1	12421451	3411	4
210119_RL#220_15g	1102	Port Input	1	12423008	4969	4
210119_RL#220_15g	1102	Response	1	12423008	4969	4
210119_RL#220_15g	1102	Port Input	1	12423012	4973	4
210119_RL#220_15g	1102	Response	1	12423012	4973	4
210119_RL#220_15g	1103	Picture	10	12423366	0	1	1498	1	0	next	hit	4983
210119_RL#220_15g	1103	Port Input	1	12424516	1151	4
210119_RL#220_15g	1103	Response	1	12424516	1151	4
210119_RL#220_15g	1104	Picture	351	12424863	0	1	666	1	0	next	other	0
210119_RL#220_15g	1105	Picture	1	12425529	0	1	20303	4	0	next	false_alarm	4987
210119_RL#220_15g	1105	Port Input	1	12426002	473	3
210119_RL#220_15g	1105	Response	1	12426002	473	3
210119_RL#220_15g	1105	Port Input	1	12427079	1550	4
210119_RL#220_15g	1105	Response	1	12427079	1550	4
210119_RL#220_15g	1105	Port Input	1	12428245	2716	4
210119_RL#220_15g	1105	Response	1	12428245	2716	4
210119_RL#220_15g	1105	Port Input	1	12429517	3988	4
210119_RL#220_15g	1105	Response	1	12429517	3988	4
210119_RL#220_15g	1105	Port Input	1	12430854	5325	4
210119_RL#220_15g	1105	Response	1	12430854	5325	4
210119_RL#220_15g	1106	Picture	3511	12445832	0	3	500	6	0	next	other	0
210119_RL#220_15g	1107	Picture	666	12446332	0	3	20305	5	0	next	false_alarm	4999
210119_RL#220_15g	1107	Port Input	1	12448437	2105	5
210119_RL#220_15g	1107	Response	1	12448437	2105	5
210119_RL#220_15g	1107	Port Input	1	12448441	2109	4
210119_RL#220_15g	1107	Response	1	12448441	2109	4
210119_RL#220_15g	1107	Port Input	1	12449846	3514	4
210119_RL#220_15g	1107	Response	1	12449846	3514	4
210119_RL#220_15g	1107	Port Input	1	12464088	17756	5
210119_RL#220_15g	1107	Response	1	12464088	17756	5
210119_RL#220_15g	1107	Port Input	1	12466350	20019	4
210119_RL#220_15g	1107	Response	1	12466350	20019	4
210119_RL#220_15g	1107	Port Input	1	12466355	20024	4
210119_RL#220_15g	1107	Response	1	12466355	20024	4
210119_RL#220_15g	1108	Picture	777	12466637	0	3	20138	6	0	next	false_alarm	5012
210119_RL#220_15g	1108	Port Input	1	12471785	5148	4
210119_RL#220_15g	1108	Response	1	12471785	5148	4
210119_RL#220_15g	1108	Port Input	1	12473304	6667	4
210119_RL#220_15g	1108	Response	1	12473304	6667	4
210119_RL#220_15g	1108	Manual	2	12486652	20015	NA
210119_RL#220_15g	1109	Sound	212	12488024	1249	1			0		other	0
210119_RL#220_15g	1110	Picture	555	12491935	0	3	5159	6	0	next	other	0
210119_RL#220_15g	1111	Picture	10	12497094	0	3	20306	4	0	next	miss	0
210119_RL#220_15g	1112	Picture	411	12517400	0	1	999	2	0	next	other	0
210119_RL#220_15g	1113	Picture	666	12518399	0	1	20305	2	0	next	other	0
210119_RL#220_15g	1114	Picture	777	12538704	0	1	20304	3	0	next	other	0
210119_RL#220_15g	1114	Manual	1	12558717	20014	NA
210119_RL#220_15g	1115	Sound	211	12560024	1017	1			0		other	0
210119_RL#220_15g	1115	Port Input	1	12562725	3718	4
210119_RL#220_15g	1115	Response	1	12562725	3718	4
210119_RL#220_15g	1115	Port Input	1	12563943	4936	4
210119_RL#220_15g	1115	Response	1	12563943	4936	4
210119_RL#220_15g	1116	Picture	555	12564334	0	3	5326	5	0	next	false_alarm	5030
210119_RL#220_15g	1116	Port Input	1	12565352	1019	4
210119_RL#220_15g	1116	Response	1	12565352	1019	4
210119_RL#220_15g	1116	Port Input	1	12566719	2386	4
210119_RL#220_15g	1116	Response	1	12566719	2386	4
210119_RL#220_15g	1116	Port Input	1	12566723	2389	4
210119_RL#220_15g	1116	Response	1	12566723	2389	4
210119_RL#220_15g	1116	Port Input	1	12568224	3890	4
210119_RL#220_15g	1116	Response	1	12568224	3890	4
210119_RL#220_15g	1117	Picture	10	12569659	0	3	332	5	0	next	hit	5039
210119_RL#220_15g	1117	Port Input	1	12569703	43	4
210119_RL#220_15g	1117	Response	1	12569703	43	4
210119_RL#220_15g	1118	Picture	351	12569992	0	3	499	6	0	next	other	0
210119_RL#220_15g	1119	Picture	1	12570491	0	3	20139	5	0	next	false_alarm	5043
210119_RL#220_15g	1119	Port Input	1	12571141	650	3
210119_RL#220_15g	1119	Response	1	12571141	650	3
210119_RL#220_15g	1119	Port Input	1	12572139	1647	5
210119_RL#220_15g	1119	Response	1	12572139	1647	5
210119_RL#220_15g	1119	Port Input	1	12573268	2777	5
210119_RL#220_15g	1119	Response	1	12573268	2777	5
210119_RL#220_15g	1119	Port Input	1	12574500	4009	4
210119_RL#220_15g	1119	Response	1	12574500	4009	4
210119_RL#220_15g	1119	Port Input	1	12575881	5390	4
210119_RL#220_15g	1119	Response	1	12575881	5390	4
210119_RL#220_15g	1119	Port Input	1	12577275	6784	4
210119_RL#220_15g	1119	Response	1	12577275	6784	4
210119_RL#220_15g	1119	Port Input	1	12589777	19286	4
210119_RL#220_15g	1119	Response	1	12589777	19286	4
210119_RL#220_15g	1120	Picture	3511	12590630	0	3	832	6	0	next	other	0
210119_RL#220_15g	1120	Port Input	1	12590934	303	244
210119_RL#220_15g	1120	Response	1	12590934	303	244
210119_RL#220_15g	1121	Picture	666	12591462	0	3	20138	6	0	next	false_alarm	5061
210119_RL#220_15g	1121	Port Input	1	12592878	1416	4
210119_RL#220_15g	1121	Response	1	12592878	1416	4
210119_RL#220_15g	1121	Port Input	1	12594569	3107	4
210119_RL#220_15g	1121	Response	1	12594569	3107	4
210119_RL#220_15g	1121	Port Input	1	12603671	12209	4
210119_RL#220_15g	1121	Response	1	12603671	12209	4
210119_RL#220_15g	1121	Port Input	1	12605134	13672	4
210119_RL#220_15g	1121	Response	1	12605134	13672	4
210119_RL#220_15g	1121	Port Input	1	12605138	13676	4
210119_RL#220_15g	1121	Response	1	12605138	13676	4
210119_RL#220_15g	1121	Port Input	1	12606917	15455	4
210119_RL#220_15g	1121	Response	1	12606917	15455	4
210119_RL#220_15g	1122	Picture	777	12611600	0	4	20138	7	0	next	other	0
210119_RL#220_15g	1122	Manual	2	12631615	20015	NA
210119_RL#220_15g	1123	Sound	212	12633025	1286	1			0		other	0
210119_RL#220_15g	1124	Picture	555	12637066	0	1	5326	1	0	next	other	0
210119_RL#220_15g	1125	Picture	10	12642392	0	1	20305	1	0	next	miss	0
210119_RL#220_15g	1126	Picture	411	12662697	0	1	832	1	0	next	other	0
210119_RL#220_15g	1127	Picture	666	12663529	0	1	20304	3	0	next	other	0
210119_RL#220_15g	1128	Picture	777	12683833	0	2	20304	5	0	next	other	0
210119_RL#220_15g	1128	Manual	1	12703851	20018	NA
210119_RL#220_15g	1129	Sound	212	12706025	1887	1			0		other	0
210119_RL#220_15g	1130	Picture	555	12709297	0	3	5159	6	0	next	other	0
210119_RL#220_15g	1131	Picture	10	12714457	0	3	20138	7	0	next	miss	0
210119_RL#220_15g	1132	Picture	411	12734595	0	4	666	7	0	next	other	0
210119_RL#220_15g	1133	Picture	666	12735261	0	4	20307	4	0	next	other	0
210119_RL#220_15g	1134	Picture	777	12755567	0	1	20305	2	0	next	other	0
210119_RL#220_15g	1134	Manual	2	12775581	20014	NA
210119_RL#220_15g	1135	Sound	212	12778025	2153	1			0		other	0
210119_RL#220_15g	1136	Picture	555	12781198	0	1	5326	2	0	next	other	0
210119_RL#220_15g	1137	Picture	10	12786523	0	1	20304	3	0	next	miss	0
210119_RL#220_15g	1138	Picture	411	12806828	0	2	665	5	0	next	other	0
210119_RL#220_15g	1139	Picture	666	12807493	0	3	20305	6	0	next	other	0
210119_RL#220_15g	1140	Picture	777	12827797	0	4	20139	7	0	next	false_alarm	5095
210119_RL#220_15g	1140	Port Input	1	12837636	9839	4
210119_RL#220_15g	1140	Response	1	12837636	9839	4
210119_RL#220_15g	1140	Port Input	1	12837641	9844	4
210119_RL#220_15g	1140	Response	1	12837641	9844	4
210119_RL#220_15g	1140	Port Input	1	12839479	11682	4
210119_RL#220_15g	1140	Response	1	12839479	11682	4
210119_RL#220_15g	1140	Port Input	1	12839483	11686	4
210119_RL#220_15g	1140	Response	1	12839483	11686	4
210119_RL#220_15g	1140	Port Input	1	12843822	16024	4
210119_RL#220_15g	1140	Response	1	12843822	16024	4
210119_RL#220_15g	1140	Port Input	1	12845594	17797	4
210119_RL#220_15g	1140	Response	1	12845594	17797	4
210119_RL#220_15g	1140	Port Input	1	12845598	17801	4
210119_RL#220_15g	1140	Response	1	12845598	17801	4
210119_RL#220_15g	1140	Port Input	1	12847461	19664	4
210119_RL#220_15g	1140	Response	1	12847461	19664	4
210119_RL#220_15g	1140	Manual	1	12847811	20013	NA
210119_RL#220_15g	1141	Sound	211	12849025	1088	1			0		other	0
210119_RL#220_15g	1141	Port Input	1	12849484	1548	4
210119_RL#220_15g	1141	Response	1	12849484	1548	4
210119_RL#220_15g	1141	Port Input	1	12851398	3461	4
210119_RL#220_15g	1141	Response	1	12851398	3461	4
210119_RL#220_15g	1141	Port Input	1	12851401	3465	4
210119_RL#220_15g	1141	Response	1	12851401	3465	4
210119_RL#220_15g	1141	Port Input	1	12852786	4849	4
210119_RL#220_15g	1141	Response	1	12852786	4849	4
210119_RL#220_15g	1142	Picture	555	12853096	0	3	5159	7	0	next	false_alarm	5124
210119_RL#220_15g	1142	Port Input	1	12853175	79	6
210119_RL#220_15g	1142	Response	1	12853175	79	6
210119_RL#220_15g	1142	Port Input	1	12855014	1918	4
210119_RL#220_15g	1142	Response	1	12855014	1918	4
210119_RL#220_15g	1142	Port Input	1	12856755	3659	4
210119_RL#220_15g	1142	Response	1	12856755	3659	4
210119_RL#220_15g	1143	Picture	10	12858255	0	4	333	7	0	next	hit	5129
210119_RL#220_15g	1143	Port Input	1	12858480	225	3
210119_RL#220_15g	1143	Response	1	12858480	225	3
210119_RL#220_15g	1143	Port Input	1	12858485	229	9
210119_RL#220_15g	1143	Response	1	12858485	229	9
210119_RL#220_15g	1144	Picture	351	12858588	0	4	499	7	0	next	other	0
210119_RL#220_15g	1145	Picture	1	12859087	0	4	20307	4	0	next	false_alarm	5135
210119_RL#220_15g	1145	Port Input	1	12859964	876	4
210119_RL#220_15g	1145	Response	1	12859964	876	4
210119_RL#220_15g	1145	Port Input	1	12861051	1963	4
210119_RL#220_15g	1145	Response	1	12861051	1963	4
210119_RL#220_15g	1145	Port Input	1	12862238	3150	4
210119_RL#220_15g	1145	Response	1	12862238	3150	4
210119_RL#220_15g	1145	Port Input	1	12863458	4371	4
210119_RL#220_15g	1145	Response	1	12863458	4371	4
210119_RL#220_15g	1145	Port Input	1	12864760	5672	4
210119_RL#220_15g	1145	Response	1	12864760	5672	4
210119_RL#220_15g	1145	Port Input	1	12866127	7040	4
210119_RL#220_15g	1145	Response	1	12866127	7040	4
210119_RL#220_15g	1145	Port Input	1	12867542	8454	4
210119_RL#220_15g	1145	Response	1	12867542	8454	4
210119_RL#220_15g	1145	Port Input	1	12867545	8458	4
210119_RL#220_15g	1145	Response	1	12867545	8458	4
210119_RL#220_15g	1145	Port Input	1	12870759	11671	4
210119_RL#220_15g	1145	Response	1	12870759	11671	4
210119_RL#220_15g	1146	Picture	3511	12879394	0	1	666	1	0	next	other	0
210119_RL#220_15g	1147	Picture	666	12880060	0	1	20305	1	0	next	other	0
210119_RL#220_15g	1148	Picture	777	12900364	0	1	20304	3	0	next	other	0
210119_RL#220_15g	1148	Manual	2	12920375	20011	NA
210119_RL#220_15g	1149	Sound	211	12922025	1357	1			0		other	0
210119_RL#220_15g	1149	Port Input	1	12925023	4355	4
210119_RL#220_15g	1149	Response	1	12925023	4355	4
210119_RL#220_15g	1150	Picture	555	12925994	0	3	5325	5	0	next	false_alarm	5161
210119_RL#220_15g	1150	Port Input	1	12926336	342	4
210119_RL#220_15g	1150	Response	1	12926336	342	4
210119_RL#220_15g	1150	Port Input	1	12926340	346	4
210119_RL#220_15g	1150	Response	1	12926340	346	4
210119_RL#220_15g	1150	Port Input	1	12927658	1664	4
210119_RL#220_15g	1150	Response	1	12927658	1664	4
210119_RL#220_15g	1150	Port Input	1	12929048	3054	4
210119_RL#220_15g	1150	Response	1	12929048	3054	4
210119_RL#220_15g	1150	Port Input	1	12930374	4380	4
210119_RL#220_15g	1150	Response	1	12930374	4380	4
210119_RL#220_15g	1150	Port Input	1	12930378	4384	4
210119_RL#220_15g	1150	Response	1	12930378	4384	4
210119_RL#220_15g	1151	Picture	10	12931319	0	3	666	6	0	next	hit	5174
210119_RL#220_15g	1151	Port Input	1	12931680	361	4
210119_RL#220_15g	1151	Response	1	12931680	361	4
210119_RL#220_15g	1152	Picture	351	12931985	0	3	499	6	0	next	other	0
210119_RL#220_15g	1153	Picture	1	12932484	0	3	20139	6	0	next	false_alarm	5178
210119_RL#220_15g	1153	Port Input	1	12933027	543	4
210119_RL#220_15g	1153	Response	1	12933027	543	4
210119_RL#220_15g	1153	Port Input	1	12934020	1535	4
210119_RL#220_15g	1153	Response	1	12934020	1535	4
210119_RL#220_15g	1153	Port Input	1	12935066	2581	5
210119_RL#220_15g	1153	Response	1	12935066	2581	5
210119_RL#220_15g	1153	Port Input	1	12936227	3743	4
210119_RL#220_15g	1153	Response	1	12936227	3743	4
210119_RL#220_15g	1153	Port Input	1	12937534	5050	4
210119_RL#220_15g	1153	Response	1	12937534	5050	4
210119_RL#220_15g	1153	Port Input	1	12937538	5053	4
210119_RL#220_15g	1153	Response	1	12937538	5053	4
210119_RL#220_15g	1153	Port Input	1	12938846	6362	4
210119_RL#220_15g	1153	Response	1	12938846	6362	4
210119_RL#220_15g	1153	Port Input	1	12945768	13284	4
210119_RL#220_15g	1153	Response	1	12945768	13284	4
210119_RL#220_15g	1153	Port Input	1	12947534	15049	4
210119_RL#220_15g	1153	Response	1	12947534	15049	4
210119_RL#220_15g	1154	Picture	3511	12952623	0	3	666	6	0	next	other	0
210119_RL#220_15g	1155	Picture	666	12953289	0	3	20138	7	0	next	false_alarm	5198
210119_RL#220_15g	1155	Port Input	1	12971432	18143	4
210119_RL#220_15g	1155	Response	1	12971432	18143	4
210119_RL#220_15g	1155	Port Input	1	12971435	18146	4
210119_RL#220_15g	1155	Response	1	12971435	18146	4
210119_RL#220_15g	1156	Picture	777	12973427	0	4	20307	5	0	next	false_alarm	5203
210119_RL#220_15g	1156	Port Input	1	12993218	19791	5
210119_RL#220_15g	1156	Response	1	12993218	19791	5
210119_RL#220_15g	1156	Manual	1	12993443	20016	NA
210119_RL#220_15g	1157	Sound	212	12995025	1291	1			0		other	0
210119_RL#220_15g	1158	Picture	555	12999059	0	1	5326	2	0	next	other	0
210119_RL#220_15g	1159	Picture	10	13004385	0	1	15145	2	0	next	hit	5209
210119_RL#220_15g	1159	Port Input	1	13019320	14935	4
210119_RL#220_15g	1159	Response	1	13019320	14935	4
210119_RL#220_15g	1160	Picture	311	13019531	0	1	666	2	0	next	other	0
210119_RL#220_15g	1161	Picture	444	13020197	0	1	80885	4	0	next	false_alarm	5213
210119_RL#220_15g	1161	Port Input	1	13056845	36649	4
210119_RL#220_15g	1161	Response	1	13056845	36649	4
210119_RL#220_15g	1161	Port Input	1	13058583	38386	4
210119_RL#220_15g	1161	Response	1	13058583	38386	4
210119_RL#220_15g	1162	Picture	666	13101082	0	4	20307	4	0	next	other	0
210119_RL#220_15g	1163	Picture	777	13121389	0	1	20305	2	0	next	other	0
210119_RL#220_15g	1163	Manual	2	13141403	20014	NA
210119_RL#220_15g	1164	Sound	211	13143025	1332	1			0		other	0
210119_RL#220_15g	1164	Port Input	1	13146642	4949	4
210119_RL#220_15g	1164	Response	1	13146642	4949	4
210119_RL#220_15g	1164	Port Input	1	13146646	4953	4
210119_RL#220_15g	1164	Response	1	13146646	4953	4
210119_RL#220_15g	1165	Picture	555	13147019	0	1	5324	3	0	next	false_alarm	5226
210119_RL#220_15g	1165	Port Input	1	13148083	1063	3
210119_RL#220_15g	1165	Response	1	13148083	1063	3
210119_RL#220_15g	1165	Port Input	1	13149515	2496	4
210119_RL#220_15g	1165	Response	1	13149515	2496	4
210119_RL#220_15g	1165	Port Input	1	13151024	4004	4
210119_RL#220_15g	1165	Response	1	13151024	4004	4
210119_RL#220_15g	1166	Picture	10	13152344	0	3	333	4	0	next	hit	5233
210119_RL#220_15g	1166	Port Input	1	13152459	115	3
210119_RL#220_15g	1166	Response	1	13152459	115	3
210119_RL#220_15g	1167	Picture	351	13152677	0	2	499	4	0	next	other	0
210119_RL#220_15g	1168	Picture	1	13153176	0	2	20304	5	0	next	false_alarm	5237
210119_RL#220_15g	1168	Port Input	1	13153827	651	5
210119_RL#220_15g	1168	Response	1	13153827	651	5
210119_RL#220_15g	1168	Port Input	1	13154839	1663	4
210119_RL#220_15g	1168	Response	1	13154839	1663	4
210119_RL#220_15g	1168	Port Input	1	13155997	2821	4
210119_RL#220_15g	1168	Response	1	13155997	2821	4
210119_RL#220_15g	1168	Port Input	1	13156001	2824	4
210119_RL#220_15g	1168	Response	1	13156001	2824	4
210119_RL#220_15g	1168	Port Input	1	13157258	4082	4
210119_RL#220_15g	1168	Response	1	13157258	4082	4
210119_RL#220_15g	1168	Port Input	1	13158598	5422	4
210119_RL#220_15g	1168	Response	1	13158598	5422	4
210119_RL#220_15g	1168	Port Input	1	13163983	10807	4
210119_RL#220_15g	1168	Response	1	13163983	10807	4
210119_RL#220_15g	1168	Port Input	1	13164885	11709	4
210119_RL#220_15g	1168	Response	1	13164885	11709	4
210119_RL#220_15g	1169	Picture	3511	13173480	0	3	666	6	0	next	other	0
210119_RL#220_15g	1170	Picture	666	13174146	0	3	20139	6	0	next	false_alarm	5255
210119_RL#220_15g	1170	Port Input	1	13191930	17784	4
210119_RL#220_15g	1170	Response	1	13191930	17784	4
210119_RL#220_15g	1171	Picture	777	13194285	0	3	20138	6	0	next	other	0
210119_RL#220_15g	1171	Manual	2	13214300	20015	NA
210119_RL#220_15g	1172	Sound	212	13216025	1602	1			0		other	0
210119_RL#220_15g	1173	Picture	555	13219583	0	4	5159	7	0	next	other	0
210119_RL#220_15g	1174	Picture	10	13224742	0	4	20306	4	0	next	miss	0
210119_RL#220_15g	1175	Picture	411	13245049	0	1	832	1	0	next	other	0
210119_RL#220_15g	1176	Picture	666	13245881	0	1	20305	2	0	next	other	0
210119_RL#220_15g	1177	Picture	777	13266186	0	1	20303	4	0	next	false_alarm	5265
210119_RL#220_15g	1177	Port Input	1	13275395	9209	4
210119_RL#220_15g	1177	Response	1	13275395	9209	4
210119_RL#220_15g	1177	Port Input	1	13275399	9213	4
210119_RL#220_15g	1177	Response	1	13275399	9213	4
210119_RL#220_15g	1177	Port Input	1	13278251	12065	4
210119_RL#220_15g	1177	Response	1	13278251	12065	4
210119_RL#220_15g	1177	Port Input	1	13279791	13606	4
210119_RL#220_15g	1177	Response	1	13279791	13606	4
210119_RL#220_15g	1177	Port Input	1	13281640	15454	4
210119_RL#220_15g	1177	Response	1	13281640	15454	4
210119_RL#220_15g	1177	Port Input	1	13283819	17633	4
210119_RL#220_15g	1177	Response	1	13283819	17633	4
210119_RL#220_15g	1177	Port Input	1	13285684	19498	4
210119_RL#220_15g	1177	Response	1	13285684	19498	4
210119_RL#220_15g	1177	Manual	1	13286199	20013	NA
210119_RL#220_15g	1178	Sound	211	13288025	1536	1			0		other	0
210119_RL#220_15g	1178	Port Input	1	13289386	2897	4
210119_RL#220_15g	1178	Response	1	13289386	2897	4
210119_RL#220_15g	1178	Port Input	1	13290036	3546	4
210119_RL#220_15g	1178	Response	1	13290036	3546	4
210119_RL#220_15g	1178	Port Input	1	13291579	5089	5
210119_RL#220_15g	1178	Response	1	13291579	5089	5
210119_RL#220_15g	1178	Port Input	1	13291584	5095	4
210119_RL#220_15g	1178	Response	1	13291584	5095	4
210119_RL#220_15g	1179	Picture	555	13291649	0	3	5160	5	0	next	false_alarm	5290
210119_RL#220_15g	1179	Port Input	1	13293410	1761	4
210119_RL#220_15g	1179	Response	1	13293410	1761	4
210119_RL#220_15g	1179	Port Input	1	13294977	3329	4
210119_RL#220_15g	1179	Response	1	13294977	3329	4
210119_RL#220_15g	1179	Port Input	1	13296470	4821	4
210119_RL#220_15g	1179	Response	1	13296470	4821	4
210119_RL#220_15g	1180	Picture	10	13296808	0	3	1332	5	0	next	hit	5297
210119_RL#220_15g	1180	Port Input	1	13297962	1154	4
210119_RL#220_15g	1180	Response	1	13297962	1154	4
210119_RL#220_15g	1180	Port Input	1	13297966	1157	4
210119_RL#220_15g	1180	Response	1	13297966	1157	4
210119_RL#220_15g	1181	Picture	351	13298140	0	3	499	6	0	next	other	0
210119_RL#220_15g	1182	Picture	1	13298639	0	3	20139	6	0	next	false_alarm	5303
210119_RL#220_15g	1182	Port Input	1	13299441	802	4
210119_RL#220_15g	1182	Response	1	13299441	802	4
210119_RL#220_15g	1182	Port Input	1	13300453	1814	4
210119_RL#220_15g	1182	Response	1	13300453	1814	4
210119_RL#220_15g	1182	Port Input	1	13301560	2922	4
210119_RL#220_15g	1182	Response	1	13301560	2922	4
210119_RL#220_15g	1182	Port Input	1	13301564	2925	4
210119_RL#220_15g	1182	Response	1	13301564	2925	4
210119_RL#220_15g	1182	Port Input	1	13302776	4137	4
210119_RL#220_15g	1182	Response	1	13302776	4137	4
210119_RL#220_15g	1182	Port Input	1	13304078	5440	4
210119_RL#220_15g	1182	Response	1	13304078	5440	4
210119_RL#220_15g	1182	Port Input	1	13305398	6759	4
210119_RL#220_15g	1182	Response	1	13305398	6759	4
210119_RL#220_15g	1182	Port Input	1	13305402	6763	4
210119_RL#220_15g	1182	Response	1	13305402	6763	4
210119_RL#220_15g	1182	Port Input	1	13306827	8188	4
210119_RL#220_15g	1182	Response	1	13306827	8188	4
210119_RL#220_15g	1182	Port Input	1	13311683	13045	4
210119_RL#220_15g	1182	Response	1	13311683	13045	4
210119_RL#220_15g	1182	Port Input	1	13313167	14528	4
210119_RL#220_15g	1182	Response	1	13313167	14528	4
210119_RL#220_15g	1182	Port Input	1	13313170	14532	4
210119_RL#220_15g	1182	Response	1	13313170	14532	4
210119_RL#220_15g	1183	Picture	3511	13318778	0	3	665	6	0	next	other	0
210119_RL#220_15g	1184	Picture	666	13319443	0	4	20139	7	0	next	other	0
210119_RL#220_15g	1185	Picture	777	13339582	0	4	20306	4	0	next	false_alarm	5330
210119_RL#220_15g	1185	Port Input	1	13342666	3085	4
210119_RL#220_15g	1185	Response	1	13342666	3085	4
210119_RL#220_15g	1185	Manual	1	13359599	20017	NA
210119_RL#220_15g	1186	Sound	212	13361025	1137	1			0		other	0
210119_RL#220_15g	1187	Picture	555	13365214	0	1	5325	2	0	next	other	0
210119_RL#220_15g	1188	Picture	10	13370539	0	1	20304	3	0	next	hit	5336
210119_RL#220_15g	1188	Port Input	1	13390518	19978	5
210119_RL#220_15g	1188	Response	1	13390518	19978	5
210119_RL#220_15g	1189	Picture	311	13390843	0	3	499	5	0	next	other	0
210119_RL#220_15g	1190	Picture	444	13391342	0	3	80722	3	0	next	other	0
210119_RL#220_15g	1191	Picture	666	13472065	0	1	20304	1	0	next	other	0
210119_RL#220_15g	1192	Picture	777	13492369	0	1	20303	4	0	next	other	0
210119_RL#220_15g	1192	Manual	1	13512384	20015	NA
210119_RL#220_15g	1193	Sound	211	13514026	1353	1			0		other	0
210119_RL#220_15g	1194	Picture	555	13517999	0	3	5326	5	0	next	false_alarm	5345
210119_RL#220_15g	1194	Port Input	1	13518146	148	3
210119_RL#220_15g	1194	Response	1	13518146	148	3
210119_RL#220_15g	1194	Port Input	1	13518246	247	3
210119_RL#220_15g	1194	Response	1	13518246	247	3
210119_RL#220_15g	1195	Picture	10	13523324	0	3	1830	6	0	next	hit	5350
210119_RL#220_15g	1195	Port Input	1	13524904	1580	4
210119_RL#220_15g	1195	Response	1	13524904	1580	4
210119_RL#220_15g	1195	Port Input	1	13524908	1584	4
210119_RL#220_15g	1195	Response	1	13524908	1584	4
210119_RL#220_15g	1196	Picture	351	13525155	0	3	666	6	0	next	other	0
210119_RL#220_15g	1197	Picture	1	13525821	0	3	20138	6	0	next	false_alarm	5356
210119_RL#220_15g	1197	Port Input	1	13526592	771	4
210119_RL#220_15g	1197	Response	1	13526592	771	4
210119_RL#220_15g	1197	Port Input	1	13527602	1781	4
210119_RL#220_15g	1197	Response	1	13527602	1781	4
210119_RL#220_15g	1197	Port Input	1	13528706	2885	4
210119_RL#220_15g	1197	Response	1	13528706	2885	4
210119_RL#220_15g	1197	Port Input	1	13529851	4031	5
210119_RL#220_15g	1197	Response	1	13529851	4031	5
210119_RL#220_15g	1197	Port Input	1	13531107	5286	5
210119_RL#220_15g	1197	Response	1	13531107	5286	5
210119_RL#220_15g	1197	Port Input	1	13532391	6570	4
210119_RL#220_15g	1197	Response	1	13532391	6570	4
210119_RL#220_15g	1197	Port Input	1	13533702	7881	4
210119_RL#220_15g	1197	Response	1	13533702	7881	4
210119_RL#220_15g	1197	Port Input	1	13535386	9565	4
210119_RL#220_15g	1197	Response	1	13535386	9565	4
210119_RL#220_15g	1198	Picture	3511	13545959	0	4	666	6	0	next	other	0
210119_RL#220_15g	1199	Picture	666	13546625	0	3	20138	6	0	next	other	0
210119_RL#220_15g	1200	Picture	777	13566764	0	3	20306	4	0	next	false_alarm	5375
210119_RL#220_15g	1200	Port Input	1	13569347	2583	5
210119_RL#220_15g	1200	Response	1	13569347	2583	5
210119_RL#220_15g	1200	Manual	2	13586778	20014	NA
210119_RL#220_15g	1201	Sound	212	13589026	1956	1			0		other	0
210119_RL#220_15g	1202	Picture	555	13592396	0	1	5326	2	0	next	other	0
210119_RL#220_15g	1203	Picture	10	13597722	0	1	18640	1	0	next	hit	5381
210119_RL#220_15g	1203	Port Input	1	13616052	18331	4
210119_RL#220_15g	1203	Response	1	13616052	18331	4
210119_RL#220_15g	1204	Picture	311	13616362	0	1	666	1	0	next	other	0
210119_RL#220_15g	1205	Picture	444	13617028	0	1	80720	3	0	next	false_alarm	5385
210119_RL#220_15g	1205	Port Input	1	13649947	32919	4
210119_RL#220_15g	1205	Response	1	13649947	32919	4
210119_RL#220_15g	1205	Port Input	1	13649951	32923	4
210119_RL#220_15g	1205	Response	1	13649951	32923	4
210119_RL#220_15g	1205	Port Input	1	13651522	34494	4
210119_RL#220_15g	1205	Response	1	13651522	34494	4
210119_RL#220_15g	1205	Port Input	1	13653094	36066	4
210119_RL#220_15g	1205	Response	1	13653094	36066	4
210119_RL#220_15g	1205	Port Input	1	13654949	37921	4
210119_RL#220_15g	1205	Response	1	13654949	37921	4
210119_RL#220_15g	1206	Picture	666	13697748	0	2	20305	3	0	next	other	0
210119_RL#220_15g	1207	Picture	777	13718053	0	1	20305	2	0	next	other	0
210119_RL#220_15g	1207	Manual	1	13738066	20013	NA
210119_RL#220_15g	1208	Sound	211	13740026	1668	1			0		other	0
210119_RL#220_15g	1208	Port Input	1	13742663	4305	4
210119_RL#220_15g	1208	Response	1	13742663	4305	4
210119_RL#220_15g	1209	Picture	555	13743684	0	1	5324	3	0	next	false_alarm	5402
210119_RL#220_15g	1209	Port Input	1	13744056	372	3
210119_RL#220_15g	1209	Response	1	13744056	372	3
210119_RL#220_15g	1209	Port Input	1	13745345	1661	3
210119_RL#220_15g	1209	Response	1	13745345	1661	3
210119_RL#220_15g	1209	Port Input	1	13746839	3155	4
210119_RL#220_15g	1209	Response	1	13746839	3155	4
210119_RL#220_15g	1209	Port Input	1	13748192	4508	5
210119_RL#220_15g	1209	Response	1	13748192	4508	5
210119_RL#220_15g	1210	Picture	10	13749009	0	3	998	5	0	next	hit	5411
210119_RL#220_15g	1210	Port Input	1	13749725	716	4
210119_RL#220_15g	1210	Response	1	13749725	716	4
210119_RL#220_15g	1211	Picture	351	13750007	0	3	499	5	0	next	other	0
210119_RL#220_15g	1212	Picture	1	13750506	0	3	20301	9	0	next	false_alarm	5415
210119_RL#220_15g	1212	Port Input	1	13751375	869	4
210119_RL#220_15g	1212	Response	1	13751375	869	4
210119_RL#220_15g	1212	Port Input	1	13752367	1861	4
210119_RL#220_15g	1212	Response	1	13752367	1861	4
210119_RL#220_15g	1212	Port Input	1	13753446	2940	4
210119_RL#220_15g	1212	Response	1	13753446	2940	4
210119_RL#220_15g	1212	Port Input	1	13754593	4087	4
210119_RL#220_15g	1212	Response	1	13754593	4087	4
210119_RL#220_15g	1212	Port Input	1	13755854	5348	4
210119_RL#220_15g	1212	Response	1	13755854	5348	4
210119_RL#220_15g	1212	Port Input	1	13757250	6744	4
210119_RL#220_15g	1212	Response	1	13757250	6744	4
210119_RL#220_15g	1212	Port Input	1	13758559	8053	4
210119_RL#220_15g	1212	Response	1	13758559	8053	4
210119_RL#220_15g	1212	Port Input	1	13758563	8057	4
210119_RL#220_15g	1212	Response	1	13758563	8057	4
210119_RL#220_15g	1212	Port Input	1	13760070	9564	4
210119_RL#220_15g	1212	Response	1	13760070	9564	4
210119_RL#220_15g	1212	Port Input	1	13770605	20099	6
210119_RL#220_15g	1212	Response	1	13770605	20099	6
210119_RL#220_15g	1213	Picture	3511	13770808	0	7	669	9	0	next	other	0
210119_RL#220_15g	1214	Picture	666	13771477	0	3	20139	6	0	next	other	0
210119_RL#220_15g	1215	Picture	777	13791616	0	3	20138	7	0	next	false_alarm	5438
210119_RL#220_15g	1215	Port Input	1	13801106	9491	4
210119_RL#220_15g	1215	Response	1	13801106	9491	4
210119_RL#220_15g	1215	Port Input	1	13802877	11261	4
210119_RL#220_15g	1215	Response	1	13802877	11261	4
210119_RL#220_15g	1215	Port Input	1	13806493	14877	4
210119_RL#220_15g	1215	Response	1	13806493	14877	4
210119_RL#220_15g	1215	Port Input	1	13808571	16955	4
210119_RL#220_15g	1215	Response	1	13808571	16955	4
210119_RL#220_15g	1215	Port Input	1	13810649	19034	4
210119_RL#220_15g	1215	Response	1	13810649	19034	4
210119_RL#220_15g	1215	Port Input	1	13810653	19037	4
210119_RL#220_15g	1215	Response	1	13810653	19037	4
210119_RL#220_15g	1215	Manual	1	13811636	20020	NA
210119_RL#220_15g	1216	Sound	211	13813026	1272	1			0		other	0
210119_RL#220_15g	1217	Picture	555	13816914	0	4	5160	7	0	next	other	0
210119_RL#220_15g	1218	Picture	10	13822073	0	4	10820	4	0	next	hit	5454
210119_RL#220_15g	1218	Port Input	1	13832591	10518	4
210119_RL#220_15g	1218	Response	1	13832591	10518	4
210119_RL#220_15g	1218	Port Input	1	13832595	10522	4
210119_RL#220_15g	1218	Response	1	13832595	10522	4
210119_RL#220_15g	1219	Picture	351	13832893	0	1	500	1	0	next	other	0
210119_RL#220_15g	1220	Picture	1	13833392	0	1	20305	1	0	next	false_alarm	5460
210119_RL#220_15g	1220	Port Input	1	13834825	1433	4
210119_RL#220_15g	1220	Response	1	13834825	1433	4
210119_RL#220_15g	1220	Port Input	1	13835860	2468	5
210119_RL#220_15g	1220	Response	1	13835860	2468	5
210119_RL#220_15g	1220	Port Input	1	13836986	3594	4
210119_RL#220_15g	1220	Response	1	13836986	3594	4
210119_RL#220_15g	1220	Port Input	1	13838160	4768	4
210119_RL#220_15g	1220	Response	1	13838160	4768	4
210119_RL#220_15g	1220	Port Input	1	13839471	6079	4
210119_RL#220_15g	1220	Response	1	13839471	6079	4
210119_RL#220_15g	1220	Port Input	1	13839474	6082	4
210119_RL#220_15g	1220	Response	1	13839474	6082	4
210119_RL#220_15g	1220	Port Input	1	13840889	7497	4
210119_RL#220_15g	1220	Response	1	13840889	7497	4
210119_RL#220_15g	1220	Port Input	1	13840894	7502	4
210119_RL#220_15g	1220	Response	1	13840894	7502	4
210119_RL#220_15g	1220	Port Input	1	13842198	8806	5
210119_RL#220_15g	1220	Response	1	13842198	8806	5
210119_RL#220_15g	1221	Picture	3511	13853697	0	1	666	1	0	next	other	0
210119_RL#220_15g	1222	Picture	666	13854362	0	1	20303	3	0	next	false_alarm	5480
210119_RL#220_15g	1222	Port Input	1	13863596	9234	4
210119_RL#220_15g	1222	Response	1	13863596	9234	4
210119_RL#220_15g	1222	Port Input	1	13864957	10595	4
210119_RL#220_15g	1222	Response	1	13864957	10595	4
210119_RL#220_15g	1222	Port Input	1	13864963	10600	4
210119_RL#220_15g	1222	Response	1	13864963	10600	4
210119_RL#220_15g	1223	Picture	777	13874666	0	3	20305	6	0	next	other	0
210119_RL#220_15g	1223	Manual	1	13894680	20014	NA
210119_RL#220_15g	1224	Sound	212	13896026	1055	1			0		other	0
210119_RL#220_15g	1225	Picture	555	13900130	0	3	5159	6	0	next	other	0
210119_RL#220_15g	1226	Picture	10	13905290	0	4	20139	7	0	next	miss	0
210119_RL#220_15g	1227	Picture	411	13925428	0	4	832	7	0	next	other	0
210119_RL#220_15g	1228	Picture	666	13926260	0	4	20306	4	0	next	other	0
210119_RL#220_15g	1229	Picture	777	13946567	0	1	20305	2	0	next	other	0
210119_RL#220_15g	1229	Manual	2	13966582	20016	NA
210119_RL#220_15g	1230	Sound	212	13969026	2155	1			0		other	0
210119_RL#220_15g	1231	Picture	555	13972197	0	1	5326	2	0	next	other	0
210119_RL#220_15g	1232	Picture	10	13977523	0	1	20303	4	0	next	miss	0
210119_RL#220_15g	1233	Picture	411	13997827	0	3	833	5	0	next	other	0
210119_RL#220_15g	1234	Picture	666	13998659	0	2	20138	5	0	next	other	0
210119_RL#220_15g	1235	Picture	777	14018798	0	3	20139	6	0	next	other	0
210119_RL#220_15g	1235	Manual	1	14038811	20013	NA
210119_RL#220_15g	1236	Sound	211	14040026	1090	1			0		other	0
210119_RL#220_15g	1236	Port Input	1	14043038	4102	5
210119_RL#220_15g	1236	Response	1	14043038	4102	5
210119_RL#220_15g	1236	Port Input	1	14043043	4106	4
210119_RL#220_15g	1236	Response	1	14043043	4106	4
210119_RL#220_15g	1237	Picture	555	14044095	0	4	5159	7	0	next	false_alarm	5508
210119_RL#220_15g	1237	Port Input	1	14044270	175	4
210119_RL#220_15g	1237	Response	1	14044270	175	4
210119_RL#220_15g	1237	Port Input	1	14045699	1603	4
210119_RL#220_15g	1237	Response	1	14045699	1603	4
210119_RL#220_15g	1237	Port Input	1	14046568	2472	4
210119_RL#220_15g	1237	Response	1	14046568	2472	4
210119_RL#220_15g	1237	Port Input	1	14047138	3043	5
210119_RL#220_15g	1237	Response	1	14047138	3043	5
210119_RL#220_15g	1237	Port Input	1	14048542	4446	4
210119_RL#220_15g	1237	Response	1	14048542	4446	4
210119_RL#220_15g	1238	Picture	10	14049255	0	4	832	7	0	next	hit	5519
210119_RL#220_15g	1238	Port Input	1	14049847	593	3
210119_RL#220_15g	1238	Response	1	14049847	593	3
210119_RL#220_15g	1239	Picture	351	14050087	0	4	499	7	0	next	other	0
210119_RL#220_15g	1240	Picture	1	14050586	0	4	20307	4	0	next	false_alarm	5523
210119_RL#220_15g	1240	Port Input	1	14051357	771	3
210119_RL#220_15g	1240	Response	1	14051357	771	3
210119_RL#220_15g	1240	Port Input	1	14052414	1829	4
210119_RL#220_15g	1240	Response	1	14052414	1829	4
210119_RL#220_15g	1240	Port Input	1	14052418	1832	4
210119_RL#220_15g	1240	Response	1	14052418	1832	4
210119_RL#220_15g	1240	Port Input	1	14053553	2967	4
210119_RL#220_15g	1240	Response	1	14053553	2967	4
210119_RL#220_15g	1240	Port Input	1	14054876	4290	4
210119_RL#220_15g	1240	Response	1	14054876	4290	4
210119_RL#220_15g	1240	Port Input	1	14056211	5625	4
210119_RL#220_15g	1240	Response	1	14056211	5625	4
210119_RL#220_15g	1240	Port Input	1	14059531	8945	4
210119_RL#220_15g	1240	Response	1	14059531	8945	4
210119_RL#220_15g	1241	Picture	3511	14070893	0	1	666	2	0	next	other	0
210119_RL#220_15g	1242	Picture	666	14071558	0	1	20305	1	0	next	other	0
210119_RL#220_15g	1243	Picture	777	14091863	0	1	20303	3	0	next	false_alarm	5540
210119_RL#220_15g	1243	Port Input	1	14099276	7413	4
210119_RL#220_15g	1243	Response	1	14099276	7413	4
210119_RL#220_15g	1243	Manual	1	14111881	20018	NA
210119_RL#220_15g	1244	Sound	212	14114026	1860	1			0		other	0
210119_RL#220_15g	1245	Picture	555	14117493	0	3	5326	5	0	next	other	0
210119_RL#220_15g	1246	Picture	10	14122819	0	3	20138	6	0	next	miss	0
210119_RL#220_15g	1247	Picture	411	14142957	0	3	832	6	0	next	other	0
210119_RL#220_15g	1248	Picture	666	14143789	0	3	20139	7	0	next	other	0
210119_RL#220_15g	1249	Picture	777	14163927	0	4	20306	5	0	next	other	0
210119_RL#220_15g	1249	Manual	2	14183940	20012	NA
210119_RL#220_15g	1250	Sound	211	14186026	1792	1			0		other	0
210119_RL#220_15g	1250	Port Input	1	14189368	5134	5
210119_RL#220_15g	1250	Response	1	14189368	5134	5
210119_RL#220_15g	1251	Picture	555	14189560	0	1	5326	2	0	next	false_alarm	5554
210119_RL#220_15g	1251	Port Input	1	14190214	654	5
210119_RL#220_15g	1251	Response	1	14190214	654	5
210119_RL#220_15g	1251	Port Input	1	14190828	1268	4
210119_RL#220_15g	1251	Response	1	14190828	1268	4
210119_RL#220_15g	1251	Port Input	1	14192413	2853	4
210119_RL#220_15g	1251	Response	1	14192413	2853	4
210119_RL#220_15g	1251	Port Input	1	14193953	4393	4
210119_RL#220_15g	1251	Response	1	14193953	4393	4
210119_RL#220_15g	1252	Picture	10	14194886	0	1	832	1	0	next	hit	5563
210119_RL#220_15g	1252	Port Input	1	14195380	494	4
210119_RL#220_15g	1252	Response	1	14195380	494	4
210119_RL#220_15g	1253	Picture	351	14195718	0	1	499	1	0	next	other	0
210119_RL#220_15g	1254	Picture	1	14196218	0	1	20305	2	0	next	false_alarm	5567
210119_RL#220_15g	1254	Port Input	1	14196761	543	4
210119_RL#220_15g	1254	Response	1	14196761	543	4
210119_RL#220_15g	1254	Port Input	1	14197825	1607	4
210119_RL#220_15g	1254	Response	1	14197825	1607	4
210119_RL#220_15g	1254	Port Input	1	14198946	2729	4
210119_RL#220_15g	1254	Response	1	14198946	2729	4
210119_RL#220_15g	1254	Port Input	1	14200146	3929	4
210119_RL#220_15g	1254	Response	1	14200146	3929	4
210119_RL#220_15g	1254	Port Input	1	14200150	3932	4
210119_RL#220_15g	1254	Response	1	14200150	3932	4
210119_RL#220_15g	1254	Port Input	1	14201417	5200	4
210119_RL#220_15g	1254	Response	1	14201417	5200	4
210119_RL#220_15g	1254	Port Input	1	14204517	8300	4
210119_RL#220_15g	1254	Response	1	14204517	8300	4
210119_RL#220_15g	1254	Port Input	1	14207647	11429	6
210119_RL#220_15g	1254	Response	1	14207647	11429	6
210119_RL#220_15g	1254	Port Input	1	14209480	13263	4
210119_RL#220_15g	1254	Response	1	14209480	13263	4
210119_RL#220_15g	1254	Port Input	1	14211333	15115	4
210119_RL#220_15g	1254	Response	1	14211333	15115	4
210119_RL#220_15g	1254	Port Input	1	14212975	16757	4
210119_RL#220_15g	1254	Response	1	14212975	16757	4
210119_RL#220_15g	1255	Picture	3511	14216522	0	1	666	2	0	next	other	0
210119_RL#220_15g	1256	Picture	666	14217188	0	1	20303	4	0	next	false_alarm	5591
210119_RL#220_15g	1256	Port Input	1	14232393	15205	4
210119_RL#220_15g	1256	Response	1	14232393	15205	4
210119_RL#220_15g	1257	Picture	777	14237491	0	3	20305	6	0	next	other	0
210119_RL#220_15g	1257	Manual	2	14257504	20013	NA
210119_RL#220_15g	1258	Sound	211	14259026	1230	1			0		other	0
210119_RL#220_15g	1258	Port Input	1	14262786	4989	4
210119_RL#220_15g	1258	Response	1	14262786	4989	4
210119_RL#220_15g	1259	Picture	555	14262956	0	5	5160	7	0	next	false_alarm	5599
210119_RL#220_15g	1259	Port Input	1	14264144	1189	4
210119_RL#220_15g	1259	Response	1	14264144	1189	4
210119_RL#220_15g	1259	Port Input	1	14264148	1192	4
210119_RL#220_15g	1259	Response	1	14264148	1192	4
210119_RL#220_15g	1259	Port Input	1	14265636	2681	4
210119_RL#220_15g	1259	Response	1	14265636	2681	4
210119_RL#220_15g	1259	Port Input	1	14267145	4189	4
210119_RL#220_15g	1259	Response	1	14267145	4189	4
210119_RL#220_15g	1259	Port Input	1	14267149	4193	4
210119_RL#220_15g	1259	Response	1	14267149	4193	4
210119_RL#220_15g	1260	Picture	10	14268115	0	3	832	6	0	next	hit	5610
210119_RL#220_15g	1260	Port Input	1	14268688	573	4
210119_RL#220_15g	1260	Response	1	14268688	573	4
210119_RL#220_15g	1261	Picture	351	14268948	0	3	499	6	0	next	other	0
210119_RL#220_15g	1262	Picture	1	14269446	0	3	20138	7	0	next	false_alarm	5614
210119_RL#220_15g	1262	Port Input	1	14270138	692	4
210119_RL#220_15g	1262	Response	1	14270138	692	4
210119_RL#220_15g	1262	Port Input	1	14270142	696	4
210119_RL#220_15g	1262	Response	1	14270142	696	4
210119_RL#220_15g	1262	Port Input	1	14271185	1739	3
210119_RL#220_15g	1262	Response	1	14271185	1739	3
210119_RL#220_15g	1262	Port Input	1	14271189	1742	4
210119_RL#220_15g	1262	Response	1	14271189	1742	4
210119_RL#220_15g	1262	Port Input	1	14272269	2822	5
210119_RL#220_15g	1262	Response	1	14272269	2822	5
210119_RL#220_15g	1262	Port Input	1	14273456	4010	4
210119_RL#220_15g	1262	Response	1	14273456	4010	4
210119_RL#220_15g	1262	Port Input	1	14274759	5313	4
210119_RL#220_15g	1262	Response	1	14274759	5313	4
210119_RL#220_15g	1262	Port Input	1	14276156	6710	4
210119_RL#220_15g	1262	Response	1	14276156	6710	4
210119_RL#220_15g	1262	Port Input	1	14277689	8243	4
210119_RL#220_15g	1262	Response	1	14277689	8243	4
210119_RL#220_15g	1262	Port Input	1	14285757	16311	4
210119_RL#220_15g	1262	Response	1	14285757	16311	4
210119_RL#220_15g	1262	Port Input	1	14287259	17812	5
210119_RL#220_15g	1262	Response	1	14287259	17812	5
210119_RL#220_15g	1263	Picture	3511	14289585	0	4	666	8	0	next	other	0
210119_RL#220_15g	1264	Picture	666	14290250	0	4	20307	5	0	next	other	0
210119_RL#220_15g	1265	Picture	777	14310557	0	1	20305	2	0	next	false_alarm	5639
210119_RL#220_15g	1265	Port Input	1	14328443	17886	4
210119_RL#220_15g	1265	Response	1	14328443	17886	4
210119_RL#220_15g	1265	Port Input	1	14330182	19625	4
210119_RL#220_15g	1265	Response	1	14330182	19625	4
210119_RL#220_15g	1265	Manual	2	14330569	20012	NA
210119_RL#220_15g	1266	Sound	212	14333026	2165	1			0		other	0
210119_RL#220_15g	1267	Picture	555	14336188	0	1	5324	4	0	next	false_alarm	5646
210119_RL#220_15g	1267	Port Input	1	14336265	77	3
210119_RL#220_15g	1267	Response	1	14336265	77	3
210119_RL#220_15g	1267	Port Input	1	14336270	82	3
210119_RL#220_15g	1267	Response	1	14336270	82	3
210119_RL#220_15g	1268	Picture	10	14341512	0	3	20305	6	0	next	miss	0
210119_RL#220_15g	1269	Picture	411	14361818	0	3	998	6	0	next	other	0
210119_RL#220_15g	1270	Picture	666	14362816	0	3	20138	7	0	next	other	0
210119_RL#220_15g	1271	Picture	777	14382953	0	4	20140	8	0	next	other	0
210119_RL#220_15g	1271	Manual	1	14402970	20016	NA
210119_RL#220_15g	1272	Sound	211	14405027	1934	1			0		other	0
210119_RL#220_15g	1273	Picture	555	14408252	0	4	5161	6	0	next	false_alarm	5657
210119_RL#220_15g	1273	Port Input	1	14408543	291	4
210119_RL#220_15g	1273	Response	1	14408543	291	4
210119_RL#220_15g	1273	Port Input	1	14410770	2518	4
210119_RL#220_15g	1273	Response	1	14410770	2518	4
210119_RL#220_15g	1273	Port Input	1	14413110	4857	4
210119_RL#220_15g	1273	Response	1	14413110	4857	4
210119_RL#220_15g	1273	Port Input	1	14413113	4861	4
210119_RL#220_15g	1273	Response	1	14413113	4861	4
210119_RL#220_15g	1274	Picture	10	14413413	0	2	2329	6	0	next	hit	5666
210119_RL#220_15g	1274	Port Input	1	14415513	2100	4
210119_RL#220_15g	1274	Response	1	14415513	2100	4
210119_RL#220_15g	1274	Port Input	1	14415517	2104	5
210119_RL#220_15g	1274	Response	1	14415517	2104	5
210119_RL#220_15g	1275	Picture	351	14415742	0	4	499	7	0	next	other	0
210119_RL#220_15g	1276	Picture	1	14416241	0	4	20307	4	0	next	false_alarm	5672
210119_RL#220_15g	1276	Port Input	1	14417965	1724	4
210119_RL#220_15g	1276	Response	1	14417965	1724	4
210119_RL#220_15g	1276	Port Input	1	14417968	1728	4
210119_RL#220_15g	1276	Response	1	14417968	1728	4
210119_RL#220_15g	1276	Port Input	1	14418920	2680	5
210119_RL#220_15g	1276	Response	1	14418920	2680	5
210119_RL#220_15g	1276	Port Input	1	14419952	3711	4
210119_RL#220_15g	1276	Response	1	14419952	3711	4
210119_RL#220_15g	1276	Port Input	1	14419958	3717	4
210119_RL#220_15g	1276	Response	1	14419958	3717	4
210119_RL#220_15g	1276	Port Input	1	14421101	4860	4
210119_RL#220_15g	1276	Response	1	14421101	4860	4
210119_RL#220_15g	1276	Port Input	1	14421105	4864	4
210119_RL#220_15g	1276	Response	1	14421105	4864	4
210119_RL#220_15g	1276	Port Input	1	14422382	6141	4
210119_RL#220_15g	1276	Response	1	14422382	6141	4
210119_RL#220_15g	1276	Port Input	1	14422387	6146	6
210119_RL#220_15g	1276	Response	1	14422387	6146	6
210119_RL#220_15g	1276	Port Input	1	14423792	7551	4
210119_RL#220_15g	1276	Response	1	14423792	7551	4
210119_RL#220_15g	1276	Port Input	1	14423799	7558	5
210119_RL#220_15g	1276	Response	1	14423799	7558	5
210119_RL#220_15g	1276	Port Input	1	14425238	8997	4
210119_RL#220_15g	1276	Response	1	14425238	8997	4
210119_RL#220_15g	1276	Port Input	1	14426761	10520	4
210119_RL#220_15g	1276	Response	1	14426761	10520	4
210119_RL#220_15g	1276	Port Input	1	14428528	12287	4
210119_RL#220_15g	1276	Response	1	14428528	12287	4
210119_RL#220_15g	1277	Picture	3511	14436548	0	1	666	1	0	next	other	0
210119_RL#220_15g	1278	Picture	666	14437213	0	1	20305	2	0	next	false_alarm	5702
210119_RL#220_15g	1278	Port Input	1	14447530	10316	4
210119_RL#220_15g	1278	Response	1	14447530	10316	4
210119_RL#220_15g	1278	Port Input	1	14447537	10323	4
210119_RL#220_15g	1278	Response	1	14447537	10323	4
210119_RL#220_15g	1279	Picture	777	14457518	0	1	20304	4	0	next	other	0
210119_RL#220_15g	1279	Manual	2	14477533	20015	NA
210119_RL#220_15g	1280	Sound	211	14479027	1205	1			0		other	0
210119_RL#220_15g	1280	Port Input	1	14482343	4521	4
210119_RL#220_15g	1280	Response	1	14482343	4521	4
210119_RL#220_15g	1280	Port Input	1	14482347	4525	4
210119_RL#220_15g	1280	Response	1	14482347	4525	4
210119_RL#220_15g	1281	Picture	555	14482981	0	3	5159	5	0	next	false_alarm	5714
210119_RL#220_15g	1281	Port Input	1	14483880	899	4
210119_RL#220_15g	1281	Response	1	14483880	899	4
210119_RL#220_15g	1281	Port Input	1	14483884	903	4
210119_RL#220_15g	1281	Response	1	14483884	903	4
210119_RL#220_15g	1281	Port Input	1	14485351	2370	4
210119_RL#220_15g	1281	Response	1	14485351	2370	4
210119_RL#220_15g	1281	Port Input	1	14486669	3688	4
210119_RL#220_15g	1281	Response	1	14486669	3688	4
210119_RL#220_15g	1281	Port Input	1	14488118	5137	5
210119_RL#220_15g	1281	Response	1	14488118	5137	5
210119_RL#220_15g	1282	Picture	10	14488141	0	3	1665	5	0	next	hit	5725
210119_RL#220_15g	1282	Port Input	1	14489613	1473	3
210119_RL#220_15g	1282	Response	1	14489613	1473	3
210119_RL#220_15g	1283	Picture	351	14489805	0	3	332	6	0	next	other	0
210119_RL#220_15g	1284	Picture	1	14490137	0	4	20139	7	0	next	false_alarm	5729
210119_RL#220_15g	1284	Port Input	1	14491026	888	3
210119_RL#220_15g	1284	Response	1	14491026	888	3
210119_RL#220_15g	1284	Port Input	1	14492061	1924	4
210119_RL#220_15g	1284	Response	1	14492061	1924	4
210119_RL#220_15g	1284	Port Input	1	14493207	3070	3
210119_RL#220_15g	1284	Response	1	14493207	3070	3
210119_RL#220_15g	1284	Port Input	1	14493210	3073	3
210119_RL#220_15g	1284	Response	1	14493210	3073	3
210119_RL#220_15g	1284	Port Input	1	14494367	4229	4
210119_RL#220_15g	1284	Response	1	14494367	4229	4
210119_RL#220_15g	1284	Port Input	1	14495644	5506	4
210119_RL#220_15g	1284	Response	1	14495644	5506	4
210119_RL#220_15g	1284	Port Input	1	14495647	5510	4
210119_RL#220_15g	1284	Response	1	14495647	5510	4
210119_RL#220_15g	1284	Port Input	1	14496947	6810	4
210119_RL#220_15g	1284	Response	1	14496947	6810	4
210119_RL#220_15g	1284	Port Input	1	14498361	8224	4
210119_RL#220_15g	1284	Response	1	14498361	8224	4
210119_RL#220_15g	1284	Port Input	1	14498365	8228	4
210119_RL#220_15g	1284	Response	1	14498365	8228	4
210119_RL#220_15g	1285	Picture	3511	14510276	0	3	666	6	0	next	other	0
210119_RL#220_15g	1286	Picture	666	14510942	0	3	20140	5	0	next	other	0
210119_RL#220_15g	1287	Picture	777	14531082	0	2	20305	3	0	next	other	0
210119_RL#220_15g	1287	Manual	1	14551097	20015	NA
210119_RL#220_15g	1288	Sound	212	14553027	1640	1			0		other	0
210119_RL#220_15g	1289	Picture	555	14556712	0	1	5326	1	0	next	other	0
210119_RL#220_15g	1290	Picture	10	14562039	0	1	20304	3	0	next	miss	0
210119_RL#220_15g	1291	Picture	411	14582342	0	3	832	5	0	next	other	0
210119_RL#220_15g	1292	Picture	666	14583174	0	3	20305	5	0	next	other	0
210119_RL#220_15g	1293	Picture	777	14603479	0	3	20139	6	0	next	other	0
210119_RL#220_15g	1293	Manual	1	14623493	20014	NA
210119_RL#220_15g	1294	Sound	212	14625027	1409	1			0		other	0
210119_RL#220_15g	1295	Picture	555	14628777	0	3	5160	6	0	next	other	0
210119_RL#220_15g	1296	Picture	10	14633937	0	3	20138	7	0	next	miss	0
210119_RL#220_15g	1297	Picture	411	14654075	0	4	664	8	0	next	other	0
210119_RL#220_15g	1298	Picture	666	14654739	0	5	20308	6	0	next	false_alarm	5765
210119_RL#220_15g	1298	Port Input	1	14674634	19894	4
210119_RL#220_15g	1298	Response	1	14674634	19894	4
210119_RL#220_15g	1298	Port Input	1	14674637	19898	4
210119_RL#220_15g	1298	Response	1	14674637	19898	4
210119_RL#220_15g	1299	Picture	777	14675047	0	1	20305	2	0	next	false_alarm	5770
210119_RL#220_15g	1299	Port Input	1	14676369	1322	4
210119_RL#220_15g	1299	Response	1	14676369	1322	4
210119_RL#220_15g	1299	Port Input	1	14678140	3092	4
210119_RL#220_15g	1299	Response	1	14678140	3092	4
210119_RL#220_15g	1299	Port Input	1	14678143	3096	4
210119_RL#220_15g	1299	Response	1	14678143	3096	4
210119_RL#220_15g	1299	Port Input	1	14686716	11669	4
210119_RL#220_15g	1299	Response	1	14686716	11669	4
210119_RL#220_15g	1299	Manual	2	14695065	20018	NA
210119_RL#220_15g	1300	Sound	212	14697027	1675	1			0		other	0
210119_RL#220_15g	1300	Port Input	1	14698445	3093	4
210119_RL#220_15g	1300	Response	1	14698445	3093	4
210119_RL#220_15g	1300	Port Input	1	14698449	3097	4
210119_RL#220_15g	1300	Response	1	14698449	3097	4
210119_RL#220_15g	1301	Picture	555	14700676	0	3	5326	5	0	next	other	0
210119_RL#220_15g	1302	Picture	10	14706002	0	3	20305	5	0	next	miss	0
210119_RL#220_15g	1303	Picture	411	14726307	0	3	832	6	0	next	other	0
210119_RL#220_15g	1304	Picture	666	14727139	0	3	20139	6	0	next	other	0
210119_RL#220_15g	1305	Picture	777	14747278	0	3	20139	7	0	next	other	0
210119_RL#220_15g	1305	Manual	1	14767290	20012	NA
210119_RL#220_15g	1306	Sound	212	14769027	1611	1			0		other	0
210119_RL#220_15g	1307	Picture	555	14772575	0	4	5328	5	0	next	other	0
210119_RL#220_15g	1308	Picture	10	14777903	0	1	20305	2	0	next	miss	0
210119_RL#220_15g	1309	Picture	411	14798208	0	1	999	1	0	next	other	0
210119_RL#220_15g	1310	Picture	666	14799207	0	1	20303	3	0	next	other	0
210119_RL#220_15g	1311	Picture	777	14819510	0	3	20305	5	0	next	other	0
210119_RL#220_15g	1311	Manual	1	14839522	20013	NA
210119_RL#220_15g	1312	Sound	211	14841027	1212	1			0		other	0
210119_RL#220_15g	1312	Port Input	1	14844099	4284	4
210119_RL#220_15g	1312	Response	1	14844099	4284	4
210119_RL#220_15g	1312	Port Input	1	14844102	4287	4
210119_RL#220_15g	1312	Response	1	14844102	4287	4
210119_RL#220_15g	1313	Picture	555	14844974	0	3	5159	6	0	next	false_alarm	5803
210119_RL#220_15g	1313	Port Input	1	14845553	579	4
210119_RL#220_15g	1313	Response	1	14845553	579	4
210119_RL#220_15g	1313	Port Input	1	14847021	2047	4
210119_RL#220_15g	1313	Response	1	14847021	2047	4
210119_RL#220_15g	1313	Port Input	1	14848493	3519	4
210119_RL#220_15g	1313	Response	1	14848493	3519	4
210119_RL#220_15g	1313	Port Input	1	14850128	5154	5
210119_RL#220_15g	1313	Response	1	14850128	5154	5
210119_RL#220_15g	1314	Picture	10	14850134	0	3	1664	7	0	next	hit	5812
210119_RL#220_15g	1314	Port Input	1	14851610	1476	4
210119_RL#220_15g	1314	Response	1	14851610	1476	4
210119_RL#220_15g	1315	Picture	351	14851798	0	4	499	7	0	next	other	0
210119_RL#220_15g	1316	Picture	1	14852297	0	3	20138	7	0	next	false_alarm	5816
210119_RL#220_15g	1316	Port Input	1	14853091	794	5
210119_RL#220_15g	1316	Response	1	14853091	794	5
210119_RL#220_15g	1316	Port Input	1	14854142	1845	4
210119_RL#220_15g	1316	Response	1	14854142	1845	4
210119_RL#220_15g	1316	Port Input	1	14855239	2942	4
210119_RL#220_15g	1316	Response	1	14855239	2942	4
210119_RL#220_15g	1316	Port Input	1	14856431	4133	4
210119_RL#220_15g	1316	Response	1	14856431	4133	4
210119_RL#220_15g	1316	Port Input	1	14857667	5370	5
210119_RL#220_15g	1316	Response	1	14857667	5370	5
210119_RL#220_15g	1316	Port Input	1	14859111	6814	4
210119_RL#220_15g	1316	Response	1	14859111	6814	4
210119_RL#220_15g	1316	Port Input	1	14860636	8339	4
210119_RL#220_15g	1316	Response	1	14860636	8339	4
210119_RL#220_15g	1316	Port Input	1	14860640	8343	4
210119_RL#220_15g	1316	Response	1	14860640	8343	4
210119_RL#220_15g	1316	Port Input	1	14864401	12104	5
210119_RL#220_15g	1316	Response	1	14864401	12104	5
210119_RL#220_15g	1316	Port Input	1	14866668	14370	4
210119_RL#220_15g	1316	Response	1	14866668	14370	4
210119_RL#220_15g	1316	Port Input	1	14866672	14374	4
210119_RL#220_15g	1316	Response	1	14866672	14374	4
210119_RL#220_15g	1317	Picture	3511	14872436	0	4	666	7	0	next	other	0
210119_RL#220_15g	1318	Picture	666	14873101	0	4	20139	7	0	next	false_alarm	5844
210119_RL#220_15g	1318	Port Input	1	14873136	35	5
210119_RL#220_15g	1318	Response	1	14873136	35	5
210119_RL#220_15g	1318	Port Input	1	14873143	42	6
210119_RL#220_15g	1318	Response	1	14873143	42	6
210119_RL#220_15g	1318	Port Input	1	14875086	1984	4
210119_RL#220_15g	1318	Response	1	14875086	1984	4
210119_RL#220_15g	1318	Port Input	1	14875090	1988	4
210119_RL#220_15g	1318	Response	1	14875090	1988	4
210119_RL#220_15g	1318	Port Input	1	14877071	3970	5
210119_RL#220_15g	1318	Response	1	14877071	3970	5
210119_RL#220_15g	1318	Port Input	1	14877077	3976	4
210119_RL#220_15g	1318	Response	1	14877077	3976	4
210119_RL#220_15g	1318	Port Input	1	14885237	12136	4
210119_RL#220_15g	1318	Response	1	14885237	12136	4
210119_RL#220_15g	1318	Port Input	1	14885243	12141	4
210119_RL#220_15g	1318	Response	1	14885243	12141	4
210119_RL#220_15g	1318	Port Input	1	14885246	12145	4
210119_RL#220_15g	1318	Response	1	14885246	12145	4
210119_RL#220_15g	1319	Picture	777	14893240	0	4	20306	4	0	next	other	0
210119_RL#220_15g	1319	Manual	2	14913255	20014	NA
210119_RL#220_15g	1320	Sound	211	14915027	1481	1			0		other	0
210119_RL#220_15g	1320	Port Input	1	14918585	5038	4
210119_RL#220_15g	1320	Response	1	14918585	5038	4
210119_RL#220_15g	1321	Picture	555	14918872	0	1	5326	1	0	next	false_alarm	5864
210119_RL#220_15g	1321	Port Input	1	14920151	1279	4
210119_RL#220_15g	1321	Response	1	14920151	1279	4
210119_RL#220_15g	1321	Port Input	1	14921527	2655	4
210119_RL#220_15g	1321	Response	1	14921527	2655	4
210119_RL#220_15g	1321	Port Input	1	14922868	3996	4
210119_RL#220_15g	1321	Response	1	14922868	3996	4
210119_RL#220_15g	1321	Port Input	1	14924168	5296	6
210119_RL#220_15g	1321	Response	1	14924168	5296	6
210119_RL#220_15g	1322	Picture	10	14924198	0	1	1664	1	0	next	hit	5873
210119_RL#220_15g	1322	Port Input	1	14925516	1318	3
210119_RL#220_15g	1322	Response	1	14925516	1318	3
210119_RL#220_15g	1323	Picture	351	14925863	0	1	499	2	0	next	other	0
210119_RL#220_15g	1324	Picture	1	14926362	0	1	20304	3	0	next	false_alarm	5877
210119_RL#220_15g	1324	Port Input	1	14926850	489	5
210119_RL#220_15g	1324	Response	1	14926850	489	5
210119_RL#220_15g	1324	Port Input	1	14927891	1529	4
210119_RL#220_15g	1324	Response	1	14927891	1529	4
210119_RL#220_15g	1324	Port Input	1	14928959	2598	4
210119_RL#220_15g	1324	Response	1	14928959	2598	4
210119_RL#220_15g	1324	Port Input	1	14930182	3820	4
210119_RL#220_15g	1324	Response	1	14930182	3820	4
210119_RL#220_15g	1324	Port Input	1	14930186	3824	3
210119_RL#220_15g	1324	Response	1	14930186	3824	3
210119_RL#220_15g	1324	Port Input	1	14931409	5048	5
210119_RL#220_15g	1324	Response	1	14931409	5048	5
210119_RL#220_15g	1324	Port Input	1	14932648	6286	4
210119_RL#220_15g	1324	Response	1	14932648	6286	4
210119_RL#220_15g	1324	Port Input	1	14934015	7654	4
210119_RL#220_15g	1324	Response	1	14934015	7654	4
210119_RL#220_15g	1324	Port Input	1	14934019	7657	4
210119_RL#220_15g	1324	Response	1	14934019	7657	4
210119_RL#220_15g	1324	Port Input	1	14941147	14785	4
210119_RL#220_15g	1324	Response	1	14941147	14785	4
210119_RL#220_15g	1324	Port Input	1	14941154	14793	4
210119_RL#220_15g	1324	Response	1	14941154	14793	4
210119_RL#220_15g	1324	Port Input	1	14943981	17619	4
210119_RL#220_15g	1324	Response	1	14943981	17619	4
210119_RL#220_15g	1324	Port Input	1	14944982	18621	4
210119_RL#220_15g	1324	Response	1	14944982	18621	4
210119_RL#220_15g	1324	Port Input	1	14944986	18624	4
210119_RL#220_15g	1324	Response	1	14944986	18624	4
210119_RL#220_15g	1325	Picture	3511	14946666	0	2	499	5	0	next	other	0
210119_RL#220_15g	1326	Picture	666	14947164	0	3	20305	5	0	next	other	0
210119_RL#220_15g	1327	Picture	777	14967470	0	3	20138	6	0	next	false_alarm	5908
210119_RL#220_15g	1327	Port Input	1	14971387	3917	4
210119_RL#220_15g	1327	Response	1	14971387	3917	4
210119_RL#220_15g	1327	Port Input	1	14973357	5888	4
210119_RL#220_15g	1327	Response	1	14973357	5888	4
210119_RL#220_15g	1327	Manual	2	14987488	20018	NA
210119_RL#220_15g	1328	Sound	212	14989027	1419	1			0		other	0
210119_RL#220_15g	1329	Picture	555	14992768	0	3	5161	5	0	next	other	0
210119_RL#220_15g	1330	Picture	10	14997928	0	2	20305	3	0	next	miss	0
210119_RL#220_15g	1331	Picture	411	15018233	0	1	832	2	0	next	other	0
210119_RL#220_15g	1332	Picture	666	15019066	0	1	20305	1	0	next	other	0
210119_RL#220_15g	1333	Picture	777	15039370	0	1	20304	3	0	next	other	0
210119_RL#220_15g	1333	Manual	1	15059383	20012	NA
210119_RL#220_15g	1334	Sound	211	15061027	1353	1			0		other	0
210119_RL#220_15g	1334	Port Input	1	15064290	4616	8
210119_RL#220_15g	1334	Response	1	15064290	4616	8
210119_RL#220_15g	1335	Picture	555	15065000	0	3	5326	5	0	next	false_alarm	5924
210119_RL#220_15g	1335	Port Input	1	15065628	628	4
210119_RL#220_15g	1335	Response	1	15065628	628	4
210119_RL#220_15g	1335	Port Input	1	15067189	2189	4
210119_RL#220_15g	1335	Response	1	15067189	2189	4
210119_RL#220_15g	1335	Port Input	1	15068720	3720	4
210119_RL#220_15g	1335	Response	1	15068720	3720	4
210119_RL#220_15g	1335	Port Input	1	15070263	5263	5
210119_RL#220_15g	1335	Response	1	15070263	5263	5
210119_RL#220_15g	1336	Picture	10	15070326	0	3	1665	5	0	next	hit	5933
210119_RL#220_15g	1336	Port Input	1	15071728	1403	4
210119_RL#220_15g	1336	Response	1	15071728	1403	4
210119_RL#220_15g	1337	Picture	351	15071990	0	3	499	5	0	next	other	0
210119_RL#220_15g	1338	Picture	1	15072490	0	2	20138	5	0	next	false_alarm	5937
210119_RL#220_15g	1338	Port Input	1	15073073	584	3
210119_RL#220_15g	1338	Response	1	15073073	584	3
210119_RL#220_15g	1338	Port Input	1	15073078	588	3
210119_RL#220_15g	1338	Response	1	15073078	588	3
210119_RL#220_15g	1338	Port Input	1	15074081	1591	4
210119_RL#220_15g	1338	Response	1	15074081	1591	4
210119_RL#220_15g	1338	Port Input	1	15075194	2704	4
210119_RL#220_15g	1338	Response	1	15075194	2704	4
210119_RL#220_15g	1338	Port Input	1	15076380	3890	4
210119_RL#220_15g	1338	Response	1	15076380	3890	4
210119_RL#220_15g	1338	Port Input	1	15077632	5143	4
210119_RL#220_15g	1338	Response	1	15077632	5143	4
210119_RL#220_15g	1338	Port Input	1	15079075	6585	4
210119_RL#220_15g	1338	Response	1	15079075	6585	4
210119_RL#220_15g	1338	Port Input	1	15080688	8198	4
210119_RL#220_15g	1338	Response	1	15080688	8198	4
210119_RL#220_15g	1338	Port Input	1	15082866	10376	4
210119_RL#220_15g	1338	Response	1	15082866	10376	4
210119_RL#220_15g	1339	Picture	3511	15092628	0	3	500	5	0	next	other	0
210119_RL#220_15g	1340	Picture	666	15093127	0	3	20138	6	0	next	false_alarm	5957
210119_RL#220_15g	1340	Port Input	1	15105920	12793	4
210119_RL#220_15g	1340	Response	1	15105920	12793	4
210119_RL#220_15g	1340	Port Input	1	15105924	12796	4
210119_RL#220_15g	1340	Response	1	15105924	12796	4
210119_RL#220_15g	1341	Picture	777	15113265	0	4	20307	5	0	next	other	0
210119_RL#220_15g	1341	Manual	1	15133278	20013	NA
210119_RL#220_15g	1342	Sound	211	15135027	1456	1			0		other	0
210119_RL#220_15g	1342	Port Input	1	15138690	5118	9
210119_RL#220_15g	1342	Response	1	15138690	5118	9
210119_RL#220_15g	1343	Picture	555	15138898	0	1	5326	2	0	next	false_alarm	5967
210119_RL#220_15g	1343	Port Input	1	15140122	1224	4
210119_RL#220_15g	1343	Response	1	15140122	1224	4
210119_RL#220_15g	1343	Port Input	1	15140126	1228	4
210119_RL#220_15g	1343	Response	1	15140126	1228	4
210119_RL#220_15g	1343	Port Input	1	15141529	2631	4
210119_RL#220_15g	1343	Response	1	15141529	2631	4
210119_RL#220_15g	1343	Port Input	1	15142936	4039	4
210119_RL#220_15g	1343	Response	1	15142936	4039	4
210119_RL#220_15g	1343	Port Input	1	15142940	4042	5
210119_RL#220_15g	1343	Response	1	15142940	4042	5
210119_RL#220_15g	1344	Picture	10	15144224	0	1	499	2	0	next	hit	5978
210119_RL#220_15g	1344	Port Input	1	15144447	224	4
210119_RL#220_15g	1344	Response	1	15144447	224	4
210119_RL#220_15g	1345	Picture	351	15144723	0	1	666	2	0	next	other	0
210119_RL#220_15g	1346	Picture	1	15145389	0	1	20305	2	0	next	false_alarm	5982
210119_RL#220_15g	1346	Port Input	1	15145944	555	4
210119_RL#220_15g	1346	Response	1	15145944	555	4
210119_RL#220_15g	1346	Port Input	1	15146991	1602	4
210119_RL#220_15g	1346	Response	1	15146991	1602	4
210119_RL#220_15g	1346	Port Input	1	15148117	2728	3
210119_RL#220_15g	1346	Response	1	15148117	2728	3
210119_RL#220_15g	1346	Port Input	1	15149309	3921	4
210119_RL#220_15g	1346	Response	1	15149309	3921	4
210119_RL#220_15g	1346	Port Input	1	15150576	5187	4
210119_RL#220_15g	1346	Response	1	15150576	5187	4
210119_RL#220_15g	1346	Port Input	1	15150579	5191	4
210119_RL#220_15g	1346	Response	1	15150579	5191	4
210119_RL#220_15g	1346	Port Input	1	15152054	6666	4
210119_RL#220_15g	1346	Response	1	15152054	6666	4
210119_RL#220_15g	1346	Port Input	1	15152058	6669	4
210119_RL#220_15g	1346	Response	1	15152058	6669	4
210119_RL#220_15g	1346	Port Input	1	15157810	12421	4
210119_RL#220_15g	1346	Response	1	15157810	12421	4
210119_RL#220_15g	1346	Port Input	1	15159581	14192	4
210119_RL#220_15g	1346	Response	1	15159581	14192	4
210119_RL#220_15g	1346	Port Input	1	15161684	16295	5
210119_RL#220_15g	1346	Response	1	15161684	16295	5
210119_RL#220_15g	1346	Port Input	1	15163306	17917	4
210119_RL#220_15g	1346	Response	1	15163306	17917	4
210119_RL#220_15g	1346	Port Input	1	15163309	17921	4
210119_RL#220_15g	1346	Response	1	15163309	17921	4
210119_RL#220_15g	1347	Picture	3511	15165693	0	1	997	3	0	next	other	0
210119_RL#220_15g	1348	Picture	666	15166691	0	3	20305	5	0	next	other	0
210119_RL#220_15g	1349	Picture	777	15186996	0	3	20305	6	0	next	false_alarm	6011
210119_RL#220_15g	1349	Port Input	1	15203503	16507	4
210119_RL#220_15g	1349	Response	1	15203503	16507	4
210119_RL#220_15g	1349	Port Input	1	15206687	19692	4
210119_RL#220_15g	1349	Response	1	15206687	19692	4
210119_RL#220_15g	1349	Manual	2	15207008	20013	NA
210119_RL#220_15g	1350	Sound	212	15209027	1727	1			0		other	0
210119_RL#220_15g	1350	Port Input	1	15209050	1750	4
210119_RL#220_15g	1350	Response	1	15209050	1750	4
210119_RL#220_15g	1351	Picture	555	15212460	0	3	5160	6	0	next	other	0
210119_RL#220_15g	1352	Picture	10	15217620	0	3	20138	6	0	next	miss	0
210119_RL#220_15g	1353	Picture	411	15237758	0	4	665	7	0	next	other	0
210119_RL#220_15g	1354	Picture	666	15238423	0	4	20307	4	0	next	other	0
210119_RL#220_15g	1355	Picture	777	15258730	0	1	20305	1	0	next	other	0
210119_RL#220_15g	1355	Manual	1	15278747	20017	NA
210119_RL#220_15g	1356	Sound	212	15281028	1993	1			0		other	0
210119_RL#220_15g	1357	Picture	555	15284361	0	1	5326	2	0	next	other	0
210119_RL#220_15g	1358	Picture	10	15289687	0	1	20303	4	0	next	miss	0
210119_RL#220_15g	1359	Picture	411	15309990	0	3	666	6	0	next	other	0
210119_RL#220_15g	1360	Picture	666	15310655	0	3	20136	9	0	next	other	0
210119_RL#220_15g	1361	Picture	777	15330791	0	6	20142	9	0	next	other	0
210119_RL#220_15g	1361	Manual	1	15350806	20014	NA
210119_RL#220_15g	1362	Sound	211	15352028	1095	1			0		other	0
210119_RL#220_15g	1362	Port Input	1	15354726	3793	4
210119_RL#220_15g	1362	Response	1	15354726	3793	4
210119_RL#220_15g	1362	Port Input	1	15355595	4662	4
210119_RL#220_15g	1362	Response	1	15355595	4662	4
210119_RL#220_15g	1363	Picture	555	15356092	0	4	5159	7	0	next	false_alarm	6038
210119_RL#220_15g	1363	Port Input	1	15356204	112	4
210119_RL#220_15g	1363	Response	1	15356204	112	4
210119_RL#220_15g	1363	Port Input	1	15357817	1725	4
210119_RL#220_15g	1363	Response	1	15357817	1725	4
210119_RL#220_15g	1363	Port Input	1	15359502	3410	4
210119_RL#220_15g	1363	Response	1	15359502	3410	4
210119_RL#220_15g	1363	Port Input	1	15359506	3413	4
210119_RL#220_15g	1363	Response	1	15359506	3413	4
210119_RL#220_15g	1363	Port Input	1	15360946	4853	4
210119_RL#220_15g	1363	Response	1	15360946	4853	4
210119_RL#220_15g	1364	Picture	10	15361252	0	4	1664	7	0	next	hit	6049
210119_RL#220_15g	1364	Port Input	1	15362823	1571	4
210119_RL#220_15g	1364	Response	1	15362823	1571	4
210119_RL#220_15g	1365	Picture	351	15362916	0	4	499	7	0	next	other	0
210119_RL#220_15g	1366	Picture	1	15363415	0	4	20307	5	0	next	false_alarm	6053
210119_RL#220_15g	1366	Port Input	1	15364503	1088	4
210119_RL#220_15g	1366	Response	1	15364503	1088	4
210119_RL#220_15g	1366	Port Input	1	15364507	1092	4
210119_RL#220_15g	1366	Response	1	15364507	1092	4
210119_RL#220_15g	1366	Port Input	1	15365598	2183	4
210119_RL#220_15g	1366	Response	1	15365598	2183	4
210119_RL#220_15g	1366	Port Input	1	15365602	2187	4
210119_RL#220_15g	1366	Response	1	15365602	2187	4
210119_RL#220_15g	1366	Port Input	1	15366694	3279	4
210119_RL#220_15g	1366	Response	1	15366694	3279	4
210119_RL#220_15g	1366	Port Input	1	15366700	3285	3
210119_RL#220_15g	1366	Response	1	15366700	3285	3
210119_RL#220_15g	1366	Port Input	1	15367972	4557	4
210119_RL#220_15g	1366	Response	1	15367972	4557	4
210119_RL#220_15g	1366	Port Input	1	15367977	4562	3
210119_RL#220_15g	1366	Response	1	15367977	4562	3
210119_RL#220_15g	1366	Port Input	1	15369250	5835	4
210119_RL#220_15g	1366	Response	1	15369250	5835	4
210119_RL#220_15g	1366	Port Input	1	15370692	7277	4
210119_RL#220_15g	1366	Response	1	15370692	7277	4
210119_RL#220_15g	1366	Port Input	1	15380648	17233	4
210119_RL#220_15g	1366	Response	1	15380648	17233	4
210119_RL#220_15g	1366	Port Input	1	15382334	18919	4
210119_RL#220_15g	1366	Response	1	15382334	18919	4
210119_RL#220_15g	1366	Port Input	1	15382340	18924	3
210119_RL#220_15g	1366	Response	1	15382340	18924	3
210119_RL#220_15g	1367	Picture	3511	15383722	0	1	666	2	0	next	other	0
210119_RL#220_15g	1368	Picture	666	15384388	0	1	20305	1	0	next	other	0
210119_RL#220_15g	1369	Picture	777	15404692	0	1	20303	3	0	next	other	0
210119_RL#220_15g	1369	Manual	2	15424706	20013	NA
210119_RL#220_15g	1370	Sound	212	15426028	1032	1			0		other	0
210119_RL#220_15g	1371	Picture	555	15430322	0	3	5160	5	0	next	other	0
210119_RL#220_15g	1372	Picture	10	15435481	0	3	20138	6	0	next	miss	0
210119_RL#220_15g	1373	Picture	411	15455620	0	3	832	6	0	next	other	0
210119_RL#220_15g	1374	Picture	666	15456451	0	4	20139	7	0	next	other	0
210119_RL#220_15g	1375	Picture	777	15476590	0	4	20306	4	0	next	other	0
210119_RL#220_15g	1375	Manual	2	15496603	20013	NA
210119_RL#220_15g	1376	Sound	211	15498028	1131	1			0		other	0
210119_RL#220_15g	1376	Port Input	1	15500557	3660	4
210119_RL#220_15g	1376	Response	1	15500557	3660	4
210119_RL#220_15g	1376	Port Input	1	15500560	3664	4
210119_RL#220_15g	1376	Response	1	15500560	3664	4
210119_RL#220_15g	1376	Port Input	1	15501785	4888	4
210119_RL#220_15g	1376	Response	1	15501785	4888	4
210119_RL#220_15g	1376	Port Input	1	15501788	4891	4
210119_RL#220_15g	1376	Response	1	15501788	4891	4
210119_RL#220_15g	1377	Picture	555	15502223	0	1	5326	2	0	next	false_alarm	6100
210119_RL#220_15g	1377	Port Input	1	15503082	859	4
210119_RL#220_15g	1377	Response	1	15503082	859	4
210119_RL#220_15g	1377	Port Input	1	15504415	2192	4
210119_RL#220_15g	1377	Response	1	15504415	2192	4
210119_RL#220_15g	1377	Port Input	1	15504418	2196	4
210119_RL#220_15g	1377	Response	1	15504418	2196	4
210119_RL#220_15g	1377	Port Input	1	15505804	3581	4
210119_RL#220_15g	1377	Response	1	15505804	3581	4
210119_RL#220_15g	1377	Port Input	1	15507220	4997	4
210119_RL#220_15g	1377	Response	1	15507220	4997	4
210119_RL#220_15g	1377	Port Input	1	15507223	5001	4
210119_RL#220_15g	1377	Response	1	15507223	5001	4
210119_RL#220_15g	1378	Picture	10	15507548	0	1	1498	2	0	next	hit	6113
210119_RL#220_15g	1378	Port Input	1	15508686	1138	4
210119_RL#220_15g	1378	Response	1	15508686	1138	4
210119_RL#220_15g	1379	Picture	351	15509046	0	1	666	1	0	next	other	0
210119_RL#220_15g	1380	Picture	1	15509712	0	1	20305	2	0	next	false_alarm	6117
210119_RL#220_15g	1380	Port Input	1	15510088	376	3
210119_RL#220_15g	1380	Response	1	15510088	376	3
210119_RL#220_15g	1380	Port Input	1	15510090	378	3
210119_RL#220_15g	1380	Response	1	15510090	378	3
210119_RL#220_15g	1380	Port Input	1	15511070	1358	5
210119_RL#220_15g	1380	Response	1	15511070	1358	5
210119_RL#220_15g	1380	Port Input	1	15512133	2421	4
210119_RL#220_15g	1380	Response	1	15512133	2421	4
210119_RL#220_15g	1380	Port Input	1	15513304	3592	4
210119_RL#220_15g	1380	Response	1	15513304	3592	4
210119_RL#220_15g	1380	Port Input	1	15514546	4834	4
210119_RL#220_15g	1380	Response	1	15514546	4834	4
210119_RL#220_15g	1380	Port Input	1	15515948	6236	4
210119_RL#220_15g	1380	Response	1	15515948	6236	4
210119_RL#220_15g	1380	Port Input	1	15517412	7700	4
210119_RL#220_15g	1380	Response	1	15517412	7700	4
210119_RL#220_15g	1380	Port Input	1	15517416	7704	4
210119_RL#220_15g	1380	Response	1	15517416	7704	4
210119_RL#220_15g	1381	Picture	3511	15530017	0	1	833	2	0	next	other	0
210119_RL#220_15g	1382	Picture	666	15530849	0	1	20303	4	0	next	false_alarm	6137
210119_RL#220_15g	1382	Port Input	1	15530888	39	4
210119_RL#220_15g	1382	Response	1	15530888	39	4
210119_RL#220_15g	1382	Port Input	1	15532317	1467	4
210119_RL#220_15g	1382	Response	1	15532317	1467	4
210119_RL#220_15g	1383	Picture	777	15551153	0	3	20305	6	0	next	other	0
210119_RL#220_15g	1383	Manual	1	15571169	20016	NA
210119_RL#220_15g	1384	Sound	211	15573028	1570	1			0		other	0
210119_RL#220_15g	1384	Port Input	1	15575543	4085	4
210119_RL#220_15g	1384	Response	1	15575543	4085	4
210119_RL#220_15g	1385	Picture	555	15576617	0	3	5160	6	0	next	false_alarm	6147
210119_RL#220_15g	1385	Port Input	1	15576722	105	3
210119_RL#220_15g	1385	Response	1	15576722	105	3
210119_RL#220_15g	1385	Port Input	1	15578131	1514	4
210119_RL#220_15g	1385	Response	1	15578131	1514	4
210119_RL#220_15g	1385	Port Input	1	15579557	2941	4
210119_RL#220_15g	1385	Response	1	15579557	2941	4
210119_RL#220_15g	1385	Port Input	1	15580946	4329	4
210119_RL#220_15g	1385	Response	1	15580946	4329	4
210119_RL#220_15g	1385	Port Input	1	15580950	4333	5
210119_RL#220_15g	1385	Response	1	15580950	4333	5
210119_RL#220_15g	1385	Port Input	1	15581516	4900	4
210119_RL#220_15g	1385	Response	1	15581516	4900	4
210119_RL#220_15g	1386	Picture	10	15581776	0	3	995	10	0	next	hit	6160
210119_RL#220_15g	1386	Port Input	1	15582616	839	4
210119_RL#220_15g	1386	Response	1	15582616	839	4
210119_RL#220_15g	1387	Picture	351	15582771	0	7	502	11	0	next	other	0
210119_RL#220_15g	1388	Picture	1	15583274	0	4	20139	7	0	next	false_alarm	6164
210119_RL#220_15g	1388	Port Input	1	15583946	672	3
210119_RL#220_15g	1388	Response	1	15583946	672	3
210119_RL#220_15g	1388	Port Input	1	15584962	1688	4
210119_RL#220_15g	1388	Response	1	15584962	1688	4
210119_RL#220_15g	1388	Port Input	1	15586072	2799	4
210119_RL#220_15g	1388	Response	1	15586072	2799	4
210119_RL#220_15g	1388	Port Input	1	15587339	4066	4
210119_RL#220_15g	1388	Response	1	15587339	4066	4
210119_RL#220_15g	1388	Port Input	1	15588717	5444	4
210119_RL#220_15g	1388	Response	1	15588717	5444	4
210119_RL#220_15g	1388	Port Input	1	15590120	6846	4
210119_RL#220_15g	1388	Response	1	15590120	6846	4
210119_RL#220_15g	1388	Port Input	1	15591479	8206	4
210119_RL#220_15g	1388	Response	1	15591479	8206	4
210119_RL#220_15g	1388	Port Input	1	15591483	8209	4
210119_RL#220_15g	1388	Response	1	15591483	8209	4
210119_RL#220_15g	1388	Port Input	1	15594656	11382	4
210119_RL#220_15g	1388	Response	1	15594656	11382	4
210119_RL#220_15g	1388	Port Input	1	15596146	12873	4
210119_RL#220_15g	1388	Response	1	15596146	12873	4
210119_RL#220_15g	1389	Picture	3511	15603413	0	4	832	7	0	next	other	0
210119_RL#220_15g	1390	Picture	666	15604245	0	4	20306	5	0	next	other	0
210119_RL#220_15g	1391	Picture	777	15624551	0	1	20305	2	0	next	false_alarm	6187
210119_RL#220_15g	1391	Port Input	1	15634864	10313	4
210119_RL#220_15g	1391	Response	1	15634864	10313	4
210119_RL#220_15g	1391	Port Input	1	15634868	10317	4
210119_RL#220_15g	1391	Response	1	15634868	10317	4
210119_RL#220_15g	1391	Port Input	1	15636250	11699	5
210119_RL#220_15g	1391	Response	1	15636250	11699	5
210119_RL#220_15g	1391	Manual	2	15644563	20012	NA
210119_RL#220_15g	1392	Sound	212	15646028	1172	1			0		other	0
210119_RL#220_15g	1393	Picture	555	15650182	0	1	5325	3	0	next	other	0
210119_RL#220_15g	1394	Picture	10	15655507	0	3	20305	5	0	next	miss	0
210119_RL#220_15g	1395	Picture	411	15675811	0	3	665	6	0	next	other	0
210119_RL#220_15g	1396	Picture	666	15676477	0	3	20139	6	0	next	other	0
210119_RL#220_15g	1397	Picture	777	15696616	0	3	20139	6	0	next	other	0
210119_RL#220_15g	1397	Manual	1	15716630	20014	NA
210119_RL#220_15g	1398	Sound	211	15718028	1274	1			0		other	0
210119_RL#220_15g	1398	Port Input	1	15721153	4399	4
210119_RL#220_15g	1398	Response	1	15721153	4399	4
210119_RL#220_15g	1399	Picture	555	15721914	0	4	5327	5	0	next	false_alarm	6205
210119_RL#220_15g	1399	Port Input	1	15722431	517	4
210119_RL#220_15g	1399	Response	1	15722431	517	4
210119_RL#220_15g	1399	Port Input	1	15723820	1906	4
210119_RL#220_15g	1399	Response	1	15723820	1906	4
210119_RL#220_15g	1399	Port Input	1	15725261	3347	4
210119_RL#220_15g	1399	Response	1	15725261	3347	4
210119_RL#220_15g	1399	Port Input	1	15726730	4816	4
210119_RL#220_15g	1399	Response	1	15726730	4816	4
210119_RL#220_15g	1400	Picture	10	15727241	0	1	1332	2	0	next	hit	6214
210119_RL#220_15g	1400	Port Input	1	15728190	949	4
210119_RL#220_15g	1400	Response	1	15728190	949	4
210119_RL#220_15g	1401	Picture	351	15728572	0	1	499	1	0	next	other	0
210119_RL#220_15g	1402	Picture	1	15729072	0	1	20305	1	0	next	false_alarm	6218
210119_RL#220_15g	1402	Port Input	1	15729482	410	4
210119_RL#220_15g	1402	Response	1	15729482	410	4
210119_RL#220_15g	1402	Port Input	1	15730533	1461	4
210119_RL#220_15g	1402	Response	1	15730533	1461	4
210119_RL#220_15g	1402	Port Input	1	15731600	2528	3
210119_RL#220_15g	1402	Response	1	15731600	2528	3
210119_RL#220_15g	1402	Port Input	1	15732779	3708	4
210119_RL#220_15g	1402	Response	1	15732779	3708	4
210119_RL#220_15g	1402	Port Input	1	15732783	3711	4
210119_RL#220_15g	1402	Response	1	15732783	3711	4
210119_RL#220_15g	1402	Port Input	1	15734050	4978	4
210119_RL#220_15g	1402	Response	1	15734050	4978	4
210119_RL#220_15g	1402	Port Input	1	15735408	6336	4
210119_RL#220_15g	1402	Response	1	15735408	6336	4
210119_RL#220_15g	1402	Port Input	1	15736930	7858	8
210119_RL#220_15g	1402	Response	1	15736930	7858	8
210119_RL#220_15g	1402	Port Input	1	15738643	9571	4
210119_RL#220_15g	1402	Response	1	15738643	9571	4
210119_RL#220_15g	1402	Port Input	1	15738647	9575	4
210119_RL#220_15g	1402	Response	1	15738647	9575	4
210119_RL#220_15g	1403	Picture	3511	15749377	0	1	666	1	0	next	other	0
210119_RL#220_15g	1404	Picture	666	15750042	0	1	20303	3	0	next	false_alarm	6240
210119_RL#220_15g	1404	Port Input	1	15762215	12173	4
210119_RL#220_15g	1404	Response	1	15762215	12173	4
210119_RL#220_15g	1405	Picture	777	15770345	0	3	20305	6	0	next	other	0
210119_RL#220_15g	1405	Manual	2	15790359	20013	NA
210119_RL#220_15g	1406	Sound	212	15792028	1378	1			0		other	0
210119_RL#220_15g	1407	Picture	555	15795810	0	3	5159	5	0	next	other	0
210119_RL#220_15g	1408	Picture	10	15800970	0	3	20138	6	0	next	miss	0
210119_RL#220_15g	1409	Picture	411	15821108	0	4	834	5	0	next	other	0
210119_RL#220_15g	1410	Picture	666	15821942	0	2	20137	5	0	next	other	0
210119_RL#220_15g	1411	Picture	777	15842079	0	4	20306	4	0	next	other	0
210119_RL#220_15g	1412	Sound	8880	15864028	1643	1			0		other	0
210119_RL#220_15g	1413	Picture	888	15872704	0	1	832	1	0	next	other	0
210119_RL#220_15g	1413	Manual	2	15873268	565	NA
210119_RL#220_15g	1414	Sound	12112	15875028	1492	1			0		other	0
210119_RL#220_15g	1415	Picture	55	15878862	0	1	5493	2	0	next	other	0
210119_RL#220_15g	1416	Picture	4442	15884354	0	1	80885	5	0	next	other	0
210119_RL#220_15g	1417	Picture	666	15965239	0	4	20307	5	0	next	false_alarm	6257
210119_RL#220_15g	1417	Port Input	1	15967857	2618	5
210119_RL#220_15g	1417	Response	1	15967857	2618	5
210119_RL#220_15g	1417	Port Input	1	15969124	3885	4
210119_RL#220_15g	1417	Response	1	15969124	3885	4
210119_RL#220_15g	1417	Port Input	1	15970495	5256	4
210119_RL#220_15g	1417	Response	1	15970495	5256	4
210119_RL#220_15g	1417	Port Input	1	15971825	6586	4
210119_RL#220_15g	1417	Response	1	15971825	6586	4
210119_RL#220_15g	1417	Port Input	1	15971828	6589	4
210119_RL#220_15g	1417	Response	1	15971828	6589	4
210119_RL#220_15g	1417	Port Input	1	15973158	7919	4
210119_RL#220_15g	1417	Response	1	15973158	7919	4
210119_RL#220_15g	1417	Port Input	1	15974042	8803	4
210119_RL#220_15g	1417	Response	1	15974042	8803	4
210119_RL#220_15g	1417	Port Input	1	15974045	8806	4
210119_RL#220_15g	1417	Response	1	15974045	8806	4
210119_RL#220_15g	1417	Port Input	1	15974585	9346	4
210119_RL#220_15g	1417	Response	1	15974585	9346	4
210119_RL#220_15g	1417	Port Input	1	15976060	10821	4
210119_RL#220_15g	1417	Response	1	15976060	10821	4
210119_RL#220_15g	1417	Port Input	1	15977535	12296	4
210119_RL#220_15g	1417	Response	1	15977535	12296	4
210119_RL#220_15g	1417	Port Input	1	15978987	13748	4
210119_RL#220_15g	1417	Response	1	15978987	13748	4
210119_RL#220_15g	1417	Port Input	1	15980617	15378	4
210119_RL#220_15g	1417	Response	1	15980617	15378	4
210119_RL#220_15g	1417	Port Input	1	15982035	16796	4
210119_RL#220_15g	1417	Response	1	15982035	16796	4
210119_RL#220_15g	1418	Picture	777	15985546	0	1	20305	2	0	next	other	0
210119_RL#220_15g	1418	Manual	2	16005558	20012	NA
210119_RL#220_15g	1419	Sound	12112	16007028	1178	1			0		other	0
210119_RL#220_15g	1419	Port Input	1	16010415	4564	4
210119_RL#220_15g	1419	Response	1	16010415	4564	4
210119_RL#220_15g	1420	Picture	55	16011175	0	3	5658	5	0	next	false_alarm	6291
210119_RL#220_15g	1420	Port Input	1	16011703	527	5
210119_RL#220_15g	1420	Response	1	16011703	527	5
210119_RL#220_15g	1420	Port Input	1	16011708	532	5
210119_RL#220_15g	1420	Response	1	16011708	532	5
210119_RL#220_15g	1420	Port Input	1	16013138	1963	4
210119_RL#220_15g	1420	Response	1	16013138	1963	4
210119_RL#220_15g	1420	Port Input	1	16013142	1967	5
210119_RL#220_15g	1420	Response	1	16013142	1967	5
210119_RL#220_15g	1420	Port Input	1	16014511	3336	4
210119_RL#220_15g	1420	Response	1	16014511	3336	4
210119_RL#220_15g	1420	Port Input	1	16015942	4767	4
210119_RL#220_15g	1420	Response	1	16015942	4767	4
210119_RL#220_15g	1421	Picture	4442	16016834	0	3	80889	3	0	next	false_alarm	6304
210119_RL#220_15g	1421	Port Input	1	16017373	539	4
210119_RL#220_15g	1421	Response	1	16017373	539	4
210119_RL#220_15g	1421	Port Input	1	16017377	543	4
210119_RL#220_15g	1421	Response	1	16017377	543	4
210119_RL#220_15g	1421	Port Input	1	16018693	1860	4
210119_RL#220_15g	1421	Response	1	16018693	1860	4
210119_RL#220_15g	1421	Port Input	1	16018697	1863	4
210119_RL#220_15g	1421	Response	1	16018697	1863	4
210119_RL#220_15g	1421	Port Input	1	16020047	3213	4
210119_RL#220_15g	1421	Response	1	16020047	3213	4
210119_RL#220_15g	1421	Port Input	1	16021483	4649	4
210119_RL#220_15g	1421	Response	1	16021483	4649	4
210119_RL#220_15g	1421	Port Input	1	16022959	6125	4
210119_RL#220_15g	1421	Response	1	16022959	6125	4
210119_RL#220_15g	1421	Port Input	1	16024357	7524	4
210119_RL#220_15g	1421	Response	1	16024357	7524	4
210119_RL#220_15g	1421	Port Input	1	16025625	8791	4
210119_RL#220_15g	1421	Response	1	16025625	8791	4
210119_RL#220_15g	1421	Port Input	1	16027060	10226	4
210119_RL#220_15g	1421	Response	1	16027060	10226	4
210119_RL#220_15g	1421	Port Input	1	16028984	12150	4
210119_RL#220_15g	1421	Response	1	16028984	12150	4
210119_RL#220_15g	1421	Port Input	1	16030318	13484	4
210119_RL#220_15g	1421	Response	1	16030318	13484	4
210119_RL#220_15g	1421	Port Input	1	16030322	13488	4
210119_RL#220_15g	1421	Response	1	16030322	13488	4
210119_RL#220_15g	1422	Picture	666	16097723	0	1	20305	2	0	next	other	0
210119_RL#220_15g	1423	Picture	777	16118027	0	1	20304	3	0	next	other	0
210119_RL#220_15g	1423	Manual	2	16138039	20012	NA
210119_RL#220_15g	1424	Sound	12122	16140029	1698	1			0		other	0
210119_RL#220_15g	1425	Picture	55	16143656	0	3	5494	4	0	next	other	0
210119_RL#220_15g	1426	Picture	12	16149150	0	1	20636	4	0	next	other	0
210119_RL#220_15g	1427	Picture	666	16169786	0	3	20139	7	0	next	other	0
210119_RL#220_15g	1428	Picture	777	16189925	0	4	20307	5	0	next	other	0
210119_RL#220_15g	1428	Manual	1	16209937	20012	NA
210119_RL#220_15g	1429	Sound	12122	16212029	1797	1			0		other	0
210119_RL#220_15g	1430	Picture	55	16215557	0	1	5493	2	0	next	other	0
210119_RL#220_15g	1431	Picture	12	16221050	0	1	20804	2	0	next	other	0
210119_RL#220_15g	1432	Picture	666	16241854	0	1	20303	4	0	next	other	0
210119_RL#220_15g	1433	Picture	777	16262157	0	3	20305	6	0	next	other	0
210119_RL#220_15g	1433	Manual	2	16282175	20018	NA
210119_RL#220_15g	1434	Sound	12122	16284029	1566	1			0		other	0
210119_RL#220_15g	1435	Picture	55	16287622	0	3	5492	6	0	next	other	0
210119_RL#220_15g	1436	Picture	12	16293114	0	3	20637	7	0	next	false_alarm	6348
210119_RL#220_15g	1436	Port Input	1	16299496	6383	4
210119_RL#220_15g	1436	Response	1	16299496	6383	4
210119_RL#220_15g	1436	Port Input	1	16300931	7817	5
210119_RL#220_15g	1436	Response	1	16300931	7817	5
210119_RL#220_15g	1436	Port Input	1	16302112	8999	4
210119_RL#220_15g	1436	Response	1	16302112	8999	4
210119_RL#220_15g	1436	Port Input	1	16302989	9876	4
210119_RL#220_15g	1436	Response	1	16302989	9876	4
210119_RL#220_15g	1436	Port Input	1	16303968	10854	4
210119_RL#220_15g	1436	Response	1	16303968	10854	4
210119_RL#220_15g	1436	Port Input	1	16304955	11841	4
210119_RL#220_15g	1436	Response	1	16304955	11841	4
210119_RL#220_15g	1436	Port Input	1	16306004	12890	4
210119_RL#220_15g	1436	Response	1	16306004	12890	4
210119_RL#220_15g	1436	Port Input	1	16307082	13968	4
210119_RL#220_15g	1436	Response	1	16307082	13968	4
210119_RL#220_15g	1436	Port Input	1	16308210	15096	4
210119_RL#220_15g	1436	Response	1	16308210	15096	4
210119_RL#220_15g	1436	Port Input	1	16309425	16311	4
210119_RL#220_15g	1436	Response	1	16309425	16311	4
210119_RL#220_15g	1436	Port Input	1	16309429	16315	4
210119_RL#220_15g	1436	Response	1	16309429	16315	4
210119_RL#220_15g	1436	Port Input	1	16310735	17621	4
210119_RL#220_15g	1436	Response	1	16310735	17621	4
210119_RL#220_15g	1436	Port Input	1	16312190	19076	3
210119_RL#220_15g	1436	Response	1	16312190	19076	3
210119_RL#220_15g	1436	Port Input	1	16313397	20283	175
210119_RL#220_15g	1436	Response	1	16313397	20283	175
210119_RL#220_15g	1437	Picture	666	16313751	0	4	20307	5	0	next	false_alarm	6377
210119_RL#220_15g	1437	Port Input	1	16314717	965	4
210119_RL#220_15g	1437	Response	1	16314717	965	4
210119_RL#220_15g	1437	Port Input	1	16316070	2319	3
210119_RL#220_15g	1437	Response	1	16316070	2319	3
210119_RL#220_15g	1437	Port Input	1	16317326	3574	4
210119_RL#220_15g	1437	Response	1	16317326	3574	4
210119_RL#220_15g	1437	Port Input	1	16318804	5052	4
210119_RL#220_15g	1437	Response	1	16318804	5052	4
210119_RL#220_15g	1437	Port Input	1	16329405	15654	4
210119_RL#220_15g	1437	Response	1	16329405	15654	4
210119_RL#220_15g	1437	Port Input	1	16329409	15658	4
210119_RL#220_15g	1437	Response	1	16329409	15658	4
210119_RL#220_15g	1438	Picture	777	16334058	0	1	20305	2	0	next	false_alarm	6390
210119_RL#220_15g	1438	Port Input	1	16349753	15695	5
210119_RL#220_15g	1438	Response	1	16349753	15695	5
210119_RL#220_15g	1438	Port Input	1	16350312	16254	5
210119_RL#220_15g	1438	Response	1	16350312	16254	5
210119_RL#220_15g	1438	Port Input	1	16351789	17731	4
210119_RL#220_15g	1438	Response	1	16351789	17731	4
210119_RL#220_15g	1438	Port Input	1	16353418	19360	4
210119_RL#220_15g	1438	Response	1	16353418	19360	4
210119_RL#220_15g	1438	Manual	2	16354071	20013	NA
210119_RL#220_15g	1439	Sound	12112	16356029	1666	1			0		other	0
210119_RL#220_15g	1439	Port Input	1	16357474	3111	4
210119_RL#220_15g	1439	Response	1	16357474	3111	4
210119_RL#220_15g	1439	Port Input	1	16357478	3115	4
210119_RL#220_15g	1439	Response	1	16357478	3115	4
210119_RL#220_15g	1439	Port Input	1	16358355	3992	4
210119_RL#220_15g	1439	Response	1	16358355	3992	4
210119_RL#220_15g	1439	Port Input	1	16358924	4561	4
210119_RL#220_15g	1439	Response	1	16358924	4561	4
210119_RL#220_15g	1439	Port Input	1	16358928	4565	4
210119_RL#220_15g	1439	Response	1	16358928	4565	4
210119_RL#220_15g	1440	Picture	55	16359689	0	1	5659	2	0	next	false_alarm	6411
210119_RL#220_15g	1440	Port Input	1	16360269	580	4
210119_RL#220_15g	1440	Response	1	16360269	580	4
210119_RL#220_15g	1440	Port Input	1	16360273	584	4
210119_RL#220_15g	1440	Response	1	16360273	584	4
210119_RL#220_15g	1440	Port Input	1	16361636	1947	5
210119_RL#220_15g	1440	Response	1	16361636	1947	5
210119_RL#220_15g	1440	Port Input	1	16363035	3346	4
210119_RL#220_15g	1440	Response	1	16363035	3346	4
210119_RL#220_15g	1440	Port Input	1	16364628	4939	4
210119_RL#220_15g	1440	Response	1	16364628	4939	4
210119_RL#220_15g	1441	Picture	4442	16365348	0	1	80887	2	0	next	false_alarm	6422
210119_RL#220_15g	1441	Port Input	1	16366056	708	4
210119_RL#220_15g	1441	Response	1	16366056	708	4
210119_RL#220_15g	1441	Port Input	1	16367492	2144	6
210119_RL#220_15g	1441	Response	1	16367492	2144	6
210119_RL#220_15g	1441	Port Input	1	16369031	3684	4
210119_RL#220_15g	1441	Response	1	16369031	3684	4
210119_RL#220_15g	1441	Port Input	1	16370497	5149	4
210119_RL#220_15g	1441	Response	1	16370497	5149	4
210119_RL#220_15g	1441	Port Input	1	16370500	5153	4
210119_RL#220_15g	1441	Response	1	16370500	5153	4
210119_RL#220_15g	1441	Port Input	1	16372126	6778	4
210119_RL#220_15g	1441	Response	1	16372126	6778	4
210119_RL#220_15g	1441	Port Input	1	16379823	14475	4
210119_RL#220_15g	1441	Response	1	16379823	14475	4
210119_RL#220_15g	1441	Port Input	1	16379827	14479	4
210119_RL#220_15g	1441	Response	1	16379827	14479	4
210119_RL#220_15g	1441	Port Input	1	16381303	15955	4
210119_RL#220_15g	1441	Response	1	16381303	15955	4
210119_RL#220_15g	1441	Port Input	1	16382797	17449	4
210119_RL#220_15g	1441	Response	1	16382797	17449	4
210119_RL#220_15g	1441	Port Input	1	16389086	23738	4
210119_RL#220_15g	1441	Response	1	16389086	23738	4
210119_RL#220_15g	1441	Port Input	1	16392025	26677	4
210119_RL#220_15g	1441	Response	1	16392025	26677	4
210119_RL#220_15g	1441	Port Input	1	16392029	26681	4
210119_RL#220_15g	1441	Response	1	16392029	26681	4
210119_RL#220_15g	1441	Port Input	1	16399121	33773	4
210119_RL#220_15g	1441	Response	1	16399121	33773	4
210119_RL#220_15g	1441	Port Input	1	16400875	35528	4
210119_RL#220_15g	1441	Response	1	16400875	35528	4
210119_RL#220_15g	1441	Port Input	1	16402584	37237	4
210119_RL#220_15g	1441	Response	1	16402584	37237	4
210119_RL#220_15g	1441	Port Input	1	16405914	40567	4
210119_RL#220_15g	1441	Response	1	16405914	40567	4
210119_RL#220_15g	1441	Port Input	1	16414612	49264	4
210119_RL#220_15g	1441	Response	1	16414612	49264	4
210119_RL#220_15g	1441	Port Input	1	16419083	53735	4
210119_RL#220_15g	1441	Response	1	16419083	53735	4
210119_RL#220_15g	1441	Port Input	1	16419088	53741	4
210119_RL#220_15g	1441	Response	1	16419088	53741	4
210119_RL#220_15g	1441	Port Input	1	16420876	55529	4
210119_RL#220_15g	1441	Response	1	16420876	55529	4
210119_RL#220_15g	1441	Port Input	1	16424312	58964	4
210119_RL#220_15g	1441	Response	1	16424312	58964	4
210119_RL#220_15g	1441	Port Input	1	16440031	74683	5
210119_RL#220_15g	1441	Response	1	16440031	74683	5
210119_RL#220_15g	1442	Picture	666	16446235	0	1	20305	2	0	next	other	0
210119_RL#220_15g	1443	Picture	777	16466539	0	1	20304	3	0	next	false_alarm	6470
210119_RL#220_15g	1443	Port Input	1	16467214	675	4
210119_RL#220_15g	1443	Response	1	16467214	675	4
210119_RL#220_15g	1443	Manual	2	16486553	20014	NA
210119_RL#220_15g	1444	Sound	12122	16488029	1186	1			0		other	0
210119_RL#220_15g	1445	Picture	55	16492169	0	3	5492	6	0	next	other	0
210119_RL#220_15g	1446	Picture	12	16497661	0	3	20971	6	0	next	false_alarm	6476
210119_RL#220_15g	1446	Port Input	1	16501977	4317	4
210119_RL#220_15g	1446	Response	1	16501977	4317	4
210119_RL#220_15g	1446	Port Input	1	16503600	5939	4
210119_RL#220_15g	1446	Response	1	16503600	5939	4
210119_RL#220_15g	1446	Port Input	1	16503604	5943	4
210119_RL#220_15g	1446	Response	1	16503604	5943	4
210119_RL#220_15g	1446	Port Input	1	16504779	7118	4
210119_RL#220_15g	1446	Response	1	16504779	7118	4
210119_RL#220_15g	1446	Port Input	1	16505835	8174	4
210119_RL#220_15g	1446	Response	1	16505835	8174	4
210119_RL#220_15g	1446	Port Input	1	16505838	8178	4
210119_RL#220_15g	1446	Response	1	16505838	8178	4
210119_RL#220_15g	1446	Port Input	1	16507022	9362	4
210119_RL#220_15g	1446	Response	1	16507022	9362	4
210119_RL#220_15g	1446	Port Input	1	16508299	10638	4
210119_RL#220_15g	1446	Response	1	16508299	10638	4
210119_RL#220_15g	1446	Port Input	1	16509547	11887	4
210119_RL#220_15g	1446	Response	1	16509547	11887	4
210119_RL#220_15g	1446	Port Input	1	16511038	13378	5
210119_RL#220_15g	1446	Response	1	16511038	13378	5
210119_RL#220_15g	1446	Port Input	1	16512817	15156	4
210119_RL#220_15g	1446	Response	1	16512817	15156	4
210119_RL#220_15g	1446	Port Input	1	16514502	16841	4
210119_RL#220_15g	1446	Response	1	16514502	16841	4
210119_RL#220_15g	1446	Port Input	1	16516562	18902	4
210119_RL#220_15g	1446	Response	1	16516562	18902	4
210119_RL#220_15g	1447	Picture	666	16518632	0	3	20136	8	0	next	other	0
210119_RL#220_15g	1448	Picture	777	16538768	0	6	20140	9	0	next	false_alarm	6504
210119_RL#220_15g	1448	Port Input	1	16544817	6049	4
210119_RL#220_15g	1448	Response	1	16544817	6049	4
210119_RL#220_15g	1448	Port Input	1	16546425	7657	4
210119_RL#220_15g	1448	Response	1	16546425	7657	4
210119_RL#220_15g	1448	Port Input	1	16546431	7663	4
210119_RL#220_15g	1448	Response	1	16546431	7663	4
210119_RL#220_15g	1448	Port Input	1	16552655	13887	4
210119_RL#220_15g	1448	Response	1	16552655	13887	4
210119_RL#220_15g	1448	Manual	1	16558782	20013	NA
210119_RL#220_15g	1449	Sound	12112	16560029	1120	1			0		other	0
210119_RL#220_15g	1449	Port Input	1	16562621	3712	4
210119_RL#220_15g	1449	Response	1	16562621	3712	4
210119_RL#220_15g	1449	Port Input	1	16563884	4975	4
210119_RL#220_15g	1449	Response	1	16563884	4975	4
210119_RL#220_15g	1449	Port Input	1	16563887	4979	4
210119_RL#220_15g	1449	Response	1	16563887	4979	4
210119_RL#220_15g	1450	Picture	55	16564236	0	1	5659	2	0	next	false_alarm	6521
210119_RL#220_15g	1450	Port Input	1	16565350	1115	4
210119_RL#220_15g	1450	Response	1	16565350	1115	4
210119_RL#220_15g	1450	Port Input	1	16566978	2742	4
210119_RL#220_15g	1450	Response	1	16566978	2742	4
210119_RL#220_15g	1450	Port Input	1	16566981	2746	4
210119_RL#220_15g	1450	Response	1	16566981	2746	4
210119_RL#220_15g	1450	Port Input	1	16568535	4299	4
210119_RL#220_15g	1450	Response	1	16568535	4299	4
210119_RL#220_15g	1451	Picture	4442	16569895	0	1	80552	4	0	next	false_alarm	6530
210119_RL#220_15g	1451	Port Input	1	16570076	181	3
210119_RL#220_15g	1451	Response	1	16570076	181	3
210119_RL#220_15g	1451	Port Input	1	16571676	1781	4
210119_RL#220_15g	1451	Response	1	16571676	1781	4
210119_RL#220_15g	1451	Port Input	1	16573204	3309	4
210119_RL#220_15g	1451	Response	1	16573204	3309	4
210119_RL#220_15g	1451	Port Input	1	16575184	5289	4
210119_RL#220_15g	1451	Response	1	16575184	5289	4
210119_RL#220_15g	1451	Port Input	1	16576591	6696	4
210119_RL#220_15g	1451	Response	1	16576591	6696	4
210119_RL#220_15g	1451	Port Input	1	16581408	11513	4
210119_RL#220_15g	1451	Response	1	16581408	11513	4
210119_RL#220_15g	1451	Port Input	1	16583476	13581	4
210119_RL#220_15g	1451	Response	1	16583476	13581	4
210119_RL#220_15g	1451	Port Input	1	16643623	73728	4
210119_RL#220_15g	1451	Response	1	16643623	73728	4
210119_RL#220_15g	1452	Picture	666	16650447	0	3	20138	6	0	next	false_alarm	6547
210119_RL#220_15g	1452	Port Input	1	16652139	1692	4
210119_RL#220_15g	1452	Response	1	16652139	1692	4
210119_RL#220_15g	1452	Port Input	1	16652143	1696	4
210119_RL#220_15g	1452	Response	1	16652143	1696	4
210119_RL#220_15g	1453	Picture	777	16670585	0	4	20307	4	0	next	other	0
210119_RL#220_15g	1453	Manual	1	16690601	20016	NA
210119_RL#220_15g	1454	Sound	12112	16692029	1137	1			0		other	0
210119_RL#220_15g	1454	Port Input	1	16694688	3796	4
210119_RL#220_15g	1454	Response	1	16694688	3796	4
210119_RL#220_15g	1455	Picture	55	16696218	0	1	5492	1	0	next	false_alarm	6557
210119_RL#220_15g	1455	Port Input	1	16696525	308	3
210119_RL#220_15g	1455	Response	1	16696525	308	3
210119_RL#220_15g	1456	Picture	4442	16701710	0	1	80719	4	0	next	false_alarm	6560
210119_RL#220_15g	1456	Port Input	1	16702558	848	3
210119_RL#220_15g	1456	Response	1	16702558	848	3
210119_RL#220_15g	1456	Port Input	1	16702562	852	4
210119_RL#220_15g	1456	Response	1	16702562	852	4
210119_RL#220_15g	1456	Port Input	1	16704256	2546	5
210119_RL#220_15g	1456	Response	1	16704256	2546	5
210119_RL#220_15g	1456	Port Input	1	16705957	4247	4
210119_RL#220_15g	1456	Response	1	16705957	4247	4
210119_RL#220_15g	1457	Picture	666	16782429	0	4	20306	4	0	next	other	0
210119_RL#220_15g	1458	Picture	777	16802735	0	1	20305	2	0	next	false_alarm	6570
210119_RL#220_15g	1458	Port Input	1	16814656	11920	4
210119_RL#220_15g	1458	Response	1	16814656	11920	4
210119_RL#220_15g	1458	Manual	2	16822750	20014	NA
210119_RL#220_15g	1459	Sound	12122	16825029	1989	1			0		other	0
210119_RL#220_15g	1460	Picture	55	16828366	0	1	5659	1	0	next	other	0
210119_RL#220_15g	1461	Picture	12	16834025	0	1	20636	3	0	next	false_alarm	6576
210119_RL#220_15g	1461	Port Input	1	16837751	3726	4
210119_RL#220_15g	1461	Response	1	16837751	3726	4
210119_RL#220_15g	1461	Port Input	1	16838853	4828	4
210119_RL#220_15g	1461	Response	1	16838853	4828	4
210119_RL#220_15g	1461	Port Input	1	16840003	5977	4
210119_RL#220_15g	1461	Response	1	16840003	5977	4
210119_RL#220_15g	1461	Port Input	1	16840006	5981	4
210119_RL#220_15g	1461	Response	1	16840006	5981	4
210119_RL#220_15g	1461	Port Input	1	16841131	7106	4
210119_RL#220_15g	1461	Response	1	16841131	7106	4
210119_RL#220_15g	1461	Port Input	1	16842383	8358	4
210119_RL#220_15g	1461	Response	1	16842383	8358	4
210119_RL#220_15g	1461	Port Input	1	16849641	15616	4
210119_RL#220_15g	1461	Response	1	16849641	15616	4
210119_RL#220_15g	1461	Port Input	1	16849645	15620	4
210119_RL#220_15g	1461	Response	1	16849645	15620	4
210119_RL#220_15g	1461	Port Input	1	16853359	19334	4
210119_RL#220_15g	1461	Response	1	16853359	19334	4
210119_RL#220_15g	1462	Picture	666	16854661	0	3	20139	6	0	next	false_alarm	6595
210119_RL#220_15g	1462	Port Input	1	16857926	3265	4
210119_RL#220_15g	1462	Response	1	16857926	3265	4
210119_RL#220_15g	1462	Port Input	1	16872562	17901	4
210119_RL#220_15g	1462	Response	1	16872562	17901	4
210119_RL#220_15g	1463	Picture	777	16874800	0	3	20138	6	0	next	false_alarm	6600
210119_RL#220_15g	1463	Port Input	1	16878096	3296	4
210119_RL#220_15g	1463	Response	1	16878096	3296	4
210119_RL#220_15g	1463	Port Input	1	16878100	3300	4
210119_RL#220_15g	1463	Response	1	16878100	3300	4
210119_RL#220_15g	1463	Manual	2	16894813	20013	NA
210119_RL#220_15g	1464	Sound	12112	16896029	1091	1			0		other	0
210119_RL#220_15g	1464	Port Input	1	16897886	2948	4
210119_RL#220_15g	1464	Response	1	16897886	2948	4
210119_RL#220_15g	1464	Port Input	1	16899233	4295	4
210119_RL#220_15g	1464	Response	1	16899233	4295	4
210119_RL#220_15g	1465	Picture	55	16900098	0	3	5492	7	0	next	false_alarm	6611
210119_RL#220_15g	1465	Port Input	1	16900783	685	5
210119_RL#220_15g	1465	Response	1	16900783	685	5
210119_RL#220_15g	1465	Port Input	1	16902391	2293	4
210119_RL#220_15g	1465	Response	1	16902391	2293	4
210119_RL#220_15g	1465	Port Input	1	16903854	3756	4
210119_RL#220_15g	1465	Response	1	16903854	3756	4
210119_RL#220_15g	1465	Port Input	1	16905367	5269	4
210119_RL#220_15g	1465	Response	1	16905367	5269	4
210119_RL#220_15g	1466	Picture	4442	16905590	0	4	80887	7	0	next	false_alarm	6620
210119_RL#220_15g	1466	Port Input	1	16906873	1284	4
210119_RL#220_15g	1466	Response	1	16906873	1284	4
210119_RL#220_15g	1466	Port Input	1	16910608	5018	4
210119_RL#220_15g	1466	Response	1	16910608	5018	4
210119_RL#220_15g	1466	Port Input	1	16949740	44151	4
210119_RL#220_15g	1466	Response	1	16949740	44151	4
210119_RL#220_15g	1466	Port Input	1	16949746	44156	3
210119_RL#220_15g	1466	Response	1	16949746	44156	3
210119_RL#220_15g	1467	Picture	666	16986477	0	3	20139	6	0	next	other	0
210119_RL#220_15g	1468	Picture	777	17006615	0	3	20138	7	0	next	false_alarm	6630
210119_RL#220_15g	1468	Port Input	1	17014338	7723	3
210119_RL#220_15g	1468	Response	1	17014338	7723	3
210119_RL#220_15g	1468	Port Input	1	17014341	7726	4
210119_RL#220_15g	1468	Response	1	17014341	7726	4
210119_RL#220_15g	1468	Manual	2	17026629	20014	NA
210119_RL#220_15g	1469	Sound	12122	17028030	1276	1			0		other	0
210119_RL#220_15g	1470	Picture	55	17031913	0	4	5660	5	0	next	other	0
210119_RL#220_15g	1471	Picture	12	17037574	0	2	20804	3	0	next	false_alarm	6638
210119_RL#220_15g	1471	Port Input	1	17041676	4103	4
210119_RL#220_15g	1471	Response	1	17041676	4103	4
210119_RL#220_15g	1471	Port Input	1	17041680	4106	3
210119_RL#220_15g	1471	Response	1	17041680	4106	3
210119_RL#220_15g	1471	Port Input	1	17042651	5077	4
210119_RL#220_15g	1471	Response	1	17042651	5077	4
210119_RL#220_15g	1471	Port Input	1	17043734	6161	4
210119_RL#220_15g	1471	Response	1	17043734	6161	4
210119_RL#220_15g	1471	Port Input	1	17043738	6165	4
210119_RL#220_15g	1471	Response	1	17043738	6165	4
210119_RL#220_15g	1471	Port Input	1	17044914	7340	4
210119_RL#220_15g	1471	Response	1	17044914	7340	4
210119_RL#220_15g	1471	Port Input	1	17046219	8645	6
210119_RL#220_15g	1471	Response	1	17046219	8645	6
210119_RL#220_15g	1471	Port Input	1	17047657	10084	4
210119_RL#220_15g	1471	Response	1	17047657	10084	4
210119_RL#220_15g	1471	Port Input	1	17049168	11594	4
210119_RL#220_15g	1471	Response	1	17049168	11594	4
210119_RL#220_15g	1471	Port Input	1	17049171	11598	4
210119_RL#220_15g	1471	Response	1	17049171	11598	4
210119_RL#220_15g	1471	Port Input	1	17052487	14913	4
210119_RL#220_15g	1471	Response	1	17052487	14913	4
210119_RL#220_15g	1471	Port Input	1	17054252	16678	5
210119_RL#220_15g	1471	Response	1	17054252	16678	5
210119_RL#220_15g	1471	Port Input	1	17057577	20003	305
210119_RL#220_15g	1471	Response	1	17057577	20003	305
210119_RL#220_15g	1472	Picture	666	17058378	0	1	20304	3	0	next	false_alarm	6665
210119_RL#220_15g	1472	Port Input	1	17063612	5234	4
210119_RL#220_15g	1472	Response	1	17063612	5234	4
210119_RL#220_15g	1473	Picture	777	17078681	0	3	20305	5	0	next	false_alarm	6668
210119_RL#220_15g	1473	Port Input	1	17081350	2669	4
210119_RL#220_15g	1473	Response	1	17081350	2669	4
210119_RL#220_15g	1473	Manual	1	17098699	20018	NA
210119_RL#220_15g	1474	Sound	12112	17100030	1044	1			0		other	0
210119_RL#220_15g	1474	Port Input	1	17102603	3617	4
210119_RL#220_15g	1474	Response	1	17102603	3617	4
210119_RL#220_15g	1475	Picture	55	17104145	0	4	5493	6	0	next	false_alarm	6675
210119_RL#220_15g	1475	Port Input	1	17104260	115	4
210119_RL#220_15g	1475	Response	1	17104260	115	4
210119_RL#220_15g	1475	Port Input	1	17105921	1776	4
210119_RL#220_15g	1475	Response	1	17105921	1776	4
210119_RL#220_15g	1475	Port Input	1	17107546	3401	4
210119_RL#220_15g	1475	Response	1	17107546	3401	4
210119_RL#220_15g	1475	Port Input	1	17109104	4959	4
210119_RL#220_15g	1475	Response	1	17109104	4959	4
210119_RL#220_15g	1475	Port Input	1	17109108	4963	4
210119_RL#220_15g	1475	Response	1	17109108	4963	4
210119_RL#220_15g	1476	Picture	4442	17109638	0	3	80888	4	0	next	false_alarm	6686
210119_RL#220_15g	1476	Port Input	1	17110810	1173	4
210119_RL#220_15g	1476	Response	1	17110810	1173	4
210119_RL#220_15g	1476	Port Input	1	17112613	2975	5
210119_RL#220_15g	1476	Response	1	17112613	2975	5
210119_RL#220_15g	1476	Port Input	1	17114201	4563	4
210119_RL#220_15g	1476	Response	1	17114201	4563	4
210119_RL#220_15g	1476	Port Input	1	17114205	4567	4
210119_RL#220_15g	1476	Response	1	17114205	4567	4
210119_RL#220_15g	1476	Port Input	1	17116251	6613	4
210119_RL#220_15g	1476	Response	1	17116251	6613	4
210119_RL#220_15g	1476	Port Input	1	17118842	9204	4
210119_RL#220_15g	1476	Response	1	17118842	9204	4
210119_RL#220_15g	1476	Port Input	1	17120171	10533	4
210119_RL#220_15g	1476	Response	1	17120171	10533	4
210119_RL#220_15g	1477	Picture	666	17190526	0	1	20304	4	0	next	other	0
210119_RL#220_15g	1478	Picture	777	17210829	0	3	20305	6	0	next	other	0
210119_RL#220_15g	1478	Manual	1	17230841	20012	NA
210119_RL#220_15g	1479	Sound	12122	17233030	1896	1			0		other	0
210119_RL#220_15g	1480	Picture	55	17236294	0	3	5492	6	0	next	other	0
210119_RL#220_15g	1481	Picture	12	17241786	0	3	20804	6	0	next	false_alarm	6706
210119_RL#220_15g	1481	Port Input	1	17261180	19394	4
210119_RL#220_15g	1481	Response	1	17261180	19394	4
210119_RL#220_15g	1481	Port Input	1	17261789	20003	375
210119_RL#220_15g	1481	Response	1	17261789	20003	375
210119_RL#220_15g	1482	Picture	666	17262590	0	4	20306	4	0	next	false_alarm	6711
210119_RL#220_15g	1482	Port Input	1	17263244	654	3
210119_RL#220_15g	1482	Response	1	17263244	654	3
210119_RL#220_15g	1482	Port Input	1	17264461	1870	4
210119_RL#220_15g	1482	Response	1	17264461	1870	4
210119_RL#220_15g	1482	Port Input	1	17264464	1874	4
210119_RL#220_15g	1482	Response	1	17264464	1874	4
210119_RL#220_15g	1482	Port Input	1	17265819	3229	4
210119_RL#220_15g	1482	Response	1	17265819	3229	4
210119_RL#220_15g	1482	Port Input	1	17267221	4630	4
210119_RL#220_15g	1482	Response	1	17267221	4630	4
210119_RL#220_15g	1482	Port Input	1	17268504	5914	4
210119_RL#220_15g	1482	Response	1	17268504	5914	4
210119_RL#220_15g	1482	Port Input	1	17270048	7458	4
210119_RL#220_15g	1482	Response	1	17270048	7458	4
210119_RL#220_15g	1482	Port Input	1	17273484	10894	4
210119_RL#220_15g	1482	Response	1	17273484	10894	4
210119_RL#220_15g	1483	Picture	777	17282896	0	1	20305	2	0	next	other	0
210119_RL#220_15g	1483	Manual	1	17302910	20013	NA
210119_RL#220_15g	1484	Sound	12122	17305030	1828	1			0		other	0
210119_RL#220_15g	1485	Picture	55	17308527	0	1	5659	2	0	next	other	0
210119_RL#220_15g	1486	Picture	12	17314186	0	1	20802	4	0	next	other	0
210119_RL#220_15g	1487	Picture	666	17334988	0	3	20139	6	0	next	false_alarm	6733
210119_RL#220_15g	1487	Port Input	1	17337618	2630	4
210119_RL#220_15g	1487	Response	1	17337618	2630	4
210119_RL#220_15g	1487	Port Input	1	17343367	8378	4
210119_RL#220_15g	1487	Response	1	17343367	8378	4
210119_RL#220_15g	1487	Port Input	1	17344407	9418	4
210119_RL#220_15g	1487	Response	1	17344407	9418	4
210119_RL#220_15g	1487	Port Input	1	17345901	10913	4
210119_RL#220_15g	1487	Response	1	17345901	10913	4
210119_RL#220_15g	1487	Port Input	1	17347394	12405	4
210119_RL#220_15g	1487	Response	1	17347394	12405	4
210119_RL#220_15g	1487	Port Input	1	17350743	15754	4
210119_RL#220_15g	1487	Response	1	17350743	15754	4
210119_RL#220_15g	1487	Port Input	1	17352635	17646	4
210119_RL#220_15g	1487	Response	1	17352635	17646	4
210119_RL#220_15g	1488	Picture	777	17355127	0	3	20140	5	0	next	other	0
210119_RL#220_15g	1488	Manual	1	17375143	20015	NA
210119_RL#220_15g	1489	Sound	12112	17377030	1763	1			0		other	0
210119_RL#220_15g	1489	Port Input	1	17379025	3758	4
210119_RL#220_15g	1489	Response	1	17379025	3758	4
210119_RL#220_15g	1489	Port Input	1	17380364	5097	6
210119_RL#220_15g	1489	Response	1	17380364	5097	6
210119_RL#220_15g	1490	Picture	55	17380426	0	4	5492	7	0	next	false_alarm	6755
210119_RL#220_15g	1490	Port Input	1	17381634	1208	4
210119_RL#220_15g	1490	Response	1	17381634	1208	4
210119_RL#220_15g	1490	Port Input	1	17381637	1212	4
210119_RL#220_15g	1490	Response	1	17381637	1212	4
210119_RL#220_15g	1490	Port Input	1	17383033	2608	4
210119_RL#220_15g	1490	Response	1	17383033	2608	4
210119_RL#220_15g	1490	Port Input	1	17384560	4134	4
210119_RL#220_15g	1490	Response	1	17384560	4134	4
210119_RL#220_15g	1491	Picture	4442	17385918	0	4	80554	7	0	next	false_alarm	6766
210119_RL#220_15g	1491	Port Input	1	17385959	41	5
210119_RL#220_15g	1491	Response	1	17385959	41	5
210119_RL#220_15g	1491	Port Input	1	17387442	1524	4
210119_RL#220_15g	1491	Response	1	17387442	1524	4
210119_RL#220_15g	1491	Port Input	1	17389033	3116	4
210119_RL#220_15g	1491	Response	1	17389033	3116	4
210119_RL#220_15g	1491	Port Input	1	17390533	4615	4
210119_RL#220_15g	1491	Response	1	17390533	4615	4
210119_RL#220_15g	1491	Port Input	1	17420890	34972	4
210119_RL#220_15g	1491	Response	1	17420890	34972	4
210119_RL#220_15g	1491	Port Input	1	17453870	67952	4
210119_RL#220_15g	1491	Response	1	17453870	67952	4
210119_RL#220_15g	1491	Port Input	1	17455608	69691	4
210119_RL#220_15g	1491	Response	1	17455608	69691	4
210119_RL#220_15g	1492	Picture	666	17466471	0	4	20139	6	0	next	other	0
210119_RL#220_15g	1493	Picture	777	17486610	0	3	20138	7	0	next	other	0
210119_RL#220_15g	1493	Manual	2	17506627	20016	NA
210119_RL#220_15g	1494	Sound	12122	17508030	1282	1			0		other	0
210119_RL#220_15g	1494	Port Input	1	17509886	3138	4
210119_RL#220_15g	1494	Response	1	17509886	3138	4
210119_RL#220_15g	1494	Port Input	1	17511348	4600	4
210119_RL#220_15g	1494	Response	1	17511348	4600	4
210119_RL#220_15g	1495	Picture	55	17511908	0	4	5660	5	0	next	other	0
210119_RL#220_15g	1496	Picture	12	17517568	0	1	20804	1	0	next	other	0
210119_RL#220_15g	1497	Picture	666	17538372	0	1	20304	3	0	next	false_alarm	6789
210119_RL#220_15g	1497	Port Input	1	17542264	3891	4
210119_RL#220_15g	1497	Response	1	17542264	3891	4
210119_RL#220_15g	1497	Port Input	1	17543252	4879	4
210119_RL#220_15g	1497	Response	1	17543252	4879	4
210119_RL#220_15g	1497	Port Input	1	17543257	4885	4
210119_RL#220_15g	1497	Response	1	17543257	4885	4
210119_RL#220_15g	1497	Port Input	1	17544334	5962	5
210119_RL#220_15g	1497	Response	1	17544334	5962	5
210119_RL#220_15g	1497	Port Input	1	17545293	6921	4
210119_RL#220_15g	1497	Response	1	17545293	6921	4
210119_RL#220_15g	1497	Port Input	1	17546435	8063	4
210119_RL#220_15g	1497	Response	1	17546435	8063	4
210119_RL#220_15g	1497	Port Input	1	17547724	9351	4
210119_RL#220_15g	1497	Response	1	17547724	9351	4
210119_RL#220_15g	1497	Port Input	1	17547727	9355	4
210119_RL#220_15g	1497	Response	1	17547727	9355	4
210119_RL#220_15g	1497	Port Input	1	17549074	10702	5
210119_RL#220_15g	1497	Response	1	17549074	10702	5
210119_RL#220_15g	1497	Port Input	1	17549079	10706	4
210119_RL#220_15g	1497	Response	1	17549079	10706	4
210119_RL#220_15g	1497	Port Input	1	17554136	15763	4
210119_RL#220_15g	1497	Response	1	17554136	15763	4
210119_RL#220_15g	1498	Picture	777	17558676	0	3	20305	5	0	next	false_alarm	6812
210119_RL#220_15g	1498	Port Input	1	17571720	13044	4
210119_RL#220_15g	1498	Response	1	17571720	13044	4
210119_RL#220_15g	1498	Port Input	1	17573333	14658	4
210119_RL#220_15g	1498	Response	1	17573333	14658	4
210119_RL#220_15g	1498	Manual	1	17578689	20013	NA
210119_RL#220_15g	1499	Sound	12112	17580030	1049	1			0		other	0
210119_RL#220_15g	1500	Picture	55	17584140	0	3	5493	5	0	next	false_alarm	6819
210119_RL#220_15g	1500	Port Input	1	17584982	842	4
210119_RL#220_15g	1500	Response	1	17584982	842	4
210119_RL#220_15g	1500	Port Input	1	17586952	2812	4
210119_RL#220_15g	1500	Response	1	17586952	2812	4
210119_RL#220_15g	1500	Port Input	1	17588625	4484	4
210119_RL#220_15g	1500	Response	1	17588625	4484	4
210119_RL#220_15g	1501	Picture	4442	17589633	0	3	80722	3	0	next	false_alarm	6826
210119_RL#220_15g	1501	Port Input	1	17590272	639	4
210119_RL#220_15g	1501	Response	1	17590272	639	4
210119_RL#220_15g	1501	Port Input	1	17591907	2274	4
210119_RL#220_15g	1501	Response	1	17591907	2274	4
210119_RL#220_15g	1501	Port Input	1	17591910	2277	4
210119_RL#220_15g	1501	Response	1	17591910	2277	4
210119_RL#220_15g	1501	Port Input	1	17616047	26414	4
210119_RL#220_15g	1501	Response	1	17616047	26414	4
210119_RL#220_15g	1502	Picture	666	17670355	0	1	20303	3	0	next	other	0
210119_RL#220_15g	1503	Picture	777	17690658	0	3	20305	6	0	next	other	0
210119_RL#220_15g	1503	Manual	1	17710671	20013	NA
210119_RL#220_15g	1504	Sound	12112	17712030	1068	1			0		other	0
210119_RL#220_15g	1504	Port Input	1	17715452	4490	4
210119_RL#220_15g	1504	Response	1	17715452	4490	4
210119_RL#220_15g	1505	Picture	55	17716122	0	3	5492	7	0	next	false_alarm	6841
210119_RL#220_15g	1505	Port Input	1	17717024	902	4
210119_RL#220_15g	1505	Response	1	17717024	902	4
210119_RL#220_15g	1505	Port Input	1	17718822	2700	4
210119_RL#220_15g	1505	Response	1	17718822	2700	4
210119_RL#220_15g	1505	Port Input	1	17718826	2704	4
210119_RL#220_15g	1505	Response	1	17718826	2704	4
210119_RL#220_15g	1506	Picture	4442	17721614	0	4	80720	6	0	next	false_alarm	6848
210119_RL#220_15g	1506	Port Input	1	17726085	4471	4
210119_RL#220_15g	1506	Response	1	17726085	4471	4
210119_RL#220_15g	1506	Port Input	1	17726089	4475	4
210119_RL#220_15g	1506	Response	1	17726089	4475	4
210119_RL#220_15g	1507	Picture	666	17802334	0	3	20307	4	0	next	other	0
210119_RL#220_15g	1508	Picture	777	17822641	0	2	20137	7	0	next	other	0
210119_RL#220_15g	1508	Manual	1	17842655	20014	NA
210119_RL#220_15g	1509	Sound	12122	17844030	1253	1			0		other	0
210119_RL#220_15g	1510	Picture	55	17847938	0	4	5492	7	0	next	other	0
210119_RL#220_15g	1511	Picture	12	17853430	0	4	20806	4	0	next	other	0
210119_RL#220_15g	1512	Picture	666	17874236	0	1	20305	1	0	next	false_alarm	6859
210119_RL#220_15g	1512	Port Input	1	17880875	6639	5
210119_RL#220_15g	1512	Response	1	17880875	6639	5
210119_RL#220_15g	1512	Port Input	1	17881826	7590	4
210119_RL#220_15g	1512	Response	1	17881826	7590	4
210119_RL#220_15g	1512	Port Input	1	17882909	8673	4
210119_RL#220_15g	1512	Response	1	17882909	8673	4
210119_RL#220_15g	1512	Port Input	1	17884053	9817	4
210119_RL#220_15g	1512	Response	1	17884053	9817	4
210119_RL#220_15g	1512	Port Input	1	17885363	11127	4
210119_RL#220_15g	1512	Response	1	17885363	11127	4
210119_RL#220_15g	1512	Port Input	1	17885367	11131	4
210119_RL#220_15g	1512	Response	1	17885367	11131	4
210119_RL#220_15g	1512	Port Input	1	17886954	12719	5
210119_RL#220_15g	1512	Response	1	17886954	12719	5
210119_RL#220_15g	1512	Port Input	1	17890032	15797	4
210119_RL#220_15g	1512	Response	1	17890032	15797	4
210119_RL#220_15g	1512	Port Input	1	17893563	19327	4
210119_RL#220_15g	1512	Response	1	17893563	19327	4
210119_RL#220_15g	1512	Port Input	1	17893567	19331	4
210119_RL#220_15g	1512	Response	1	17893567	19331	4
210119_RL#220_15g	1513	Picture	777	17894540	0	1	20301	5	0	next	false_alarm	6880
210119_RL#220_15g	1513	Port Input	1	17904471	9931	4
210119_RL#220_15g	1513	Response	1	17904471	9931	4
210119_RL#220_15g	1513	Port Input	1	17908005	13465	4
210119_RL#220_15g	1513	Response	1	17908005	13465	4
210119_RL#220_15g	1513	Port Input	1	17908011	13470	4
210119_RL#220_15g	1513	Response	1	17908011	13470	4
210119_RL#220_15g	1513	Port Input	1	17912219	17679	4
210119_RL#220_15g	1513	Response	1	17912219	17679	4
210119_RL#220_15g	1513	Manual	1	17914557	20017	NA
210119_RL#220_15g	1514	Sound	12122	17916031	1189	1			0		other	0
210119_RL#220_15g	1514	Port Input	1	17917251	2409	4
210119_RL#220_15g	1514	Response	1	17917251	2409	4
210119_RL#220_15g	1515	Picture	55	17920170	0	3	5492	5	0	next	other	0
210119_RL#220_15g	1516	Picture	12	17925662	0	3	20638	5	0	next	other	0
210119_RL#220_15g	1517	Picture	666	17946300	0	3	20138	6	0	next	false_alarm	6895
210119_RL#220_15g	1517	Port Input	1	17957379	11079	4
210119_RL#220_15g	1517	Response	1	17957379	11079	4
210119_RL#220_15g	1518	Picture	777	17966439	0	3	20138	7	0	next	other	0
210119_RL#220_15g	1518	Manual	1	17986452	20013	NA
210119_RL#220_15g	1519	Sound	12112	17988031	1454	1			0		other	0
210119_RL#220_15g	1520	Picture	55	17991904	0	1	5659	2	0	next	other	0
210119_RL#220_15g	1521	Picture	4442	17997563	0	1	80718	4	0	next	false_alarm	6902
210119_RL#220_15g	1521	Port Input	1	18025911	28348	4
210119_RL#220_15g	1521	Response	1	18025911	28348	4
210119_RL#220_15g	1521	Port Input	1	18028854	31291	4
210119_RL#220_15g	1521	Response	1	18028854	31291	4
210119_RL#220_15g	1521	Port Input	1	18029124	31561	4
210119_RL#220_15g	1521	Response	1	18029124	31561	4
210119_RL#220_15g	1521	Port Input	1	18030788	33225	4
210119_RL#220_15g	1521	Response	1	18030788	33225	4
210119_RL#220_15g	1521	Port Input	1	18047669	50106	4
210119_RL#220_15g	1521	Response	1	18047669	50106	4
210119_RL#220_15g	1522	Picture	666	18078281	0	4	20139	7	0	next	other	0
210119_RL#220_15g	1523	Picture	777	18098421	0	4	20306	4	0	next	other	0
210119_RL#220_15g	1523	Manual	1	18118435	20014	NA
210119_RL#220_15g	1524	Sound	12112	18120031	1304	1			0		other	0
210119_RL#220_15g	1525	Picture	55	18124052	0	1	5492	1	0	next	other	0
210119_RL#220_15g	1526	Picture	4442	18129545	0	1	80719	4	0	next	false_alarm	6918
210119_RL#220_15g	1526	Port Input	1	18129921	376	3
210119_RL#220_15g	1526	Response	1	18129921	376	3
210119_RL#220_15g	1527	Picture	666	18210264	0	3	20306	4	0	next	other	0
210119_RL#220_15g	1528	Picture	777	18230570	0	1	20305	1	0	next	other	0
210119_RL#220_15g	1528	Manual	1	18250585	20015	NA
210119_RL#220_15g	1529	Sound	12122	18253031	2156	1			0		other	0
210119_RL#220_15g	1530	Picture	55	18256201	0	1	5492	2	0	next	other	0
210119_RL#220_15g	1531	Picture	12	18261693	0	1	20636	4	0	next	other	0
210119_RL#220_15g	1532	Picture	666	18282329	0	3	20139	6	0	next	false_alarm	6927
210119_RL#220_15g	1532	Port Input	1	18293947	11618	4
210119_RL#220_15g	1532	Response	1	18293947	11618	4
210119_RL#220_15g	1532	Port Input	1	18293951	11622	4
210119_RL#220_15g	1532	Response	1	18293951	11622	4
210119_RL#220_15g	1533	Picture	777	18302468	0	3	20138	6	0	next	other	0
210119_RL#220_15g	1533	Manual	1	18322482	20013	NA
210119_RL#220_15g	1534	Sound	12122	18324031	1425	1			0		other	0
210119_RL#220_15g	1535	Picture	55	18327766	0	3	5493	6	0	next	other	0
210119_RL#220_15g	1536	Picture	12	18333259	0	3	20805	4	0	next	other	0
210119_RL#220_15g	1537	Picture	666	18354064	0	1	20305	1	0	next	other	0
210119_RL#220_15g	1538	Picture	777	18374369	0	1	20304	3	0	next	false_alarm	6938
210119_RL#220_15g	1538	Port Input	1	18379373	5004	5
210119_RL#220_15g	1538	Response	1	18379373	5004	5
210119_RL#220_15g	1538	Port Input	1	18379378	5009	5
210119_RL#220_15g	1538	Response	1	18379378	5009	5
210119_RL#220_15g	1538	Port Input	1	18388930	14561	4
210119_RL#220_15g	1538	Response	1	18388930	14561	4
210119_RL#220_15g	1538	Port Input	1	18388933	14564	4
210119_RL#220_15g	1538	Response	1	18388933	14564	4
210119_RL#220_15g	1538	Port Input	1	18389861	15492	4
210119_RL#220_15g	1538	Response	1	18389861	15492	4
210119_RL#220_15g	1538	Port Input	1	18390987	16619	4
210119_RL#220_15g	1538	Response	1	18390987	16619	4
210119_RL#220_15g	1538	Port Input	1	18392284	17915	4
210119_RL#220_15g	1538	Response	1	18392284	17915	4
210119_RL#220_15g	1538	Manual	1	18394385	20016	NA
210119_RL#220_15g	1539	Sound	12112	18396031	1359	1			0		other	0
210119_RL#220_15g	1540	Picture	55	18399998	0	3	5494	4	0	next	other	0
210119_RL#220_15g	1541	Picture	4442	18405492	0	1	80720	2	0	next	false_alarm	6956
210119_RL#220_15g	1541	Port Input	1	18417830	12338	4
210119_RL#220_15g	1541	Response	1	18417830	12338	4
210119_RL#220_15g	1541	Port Input	1	18432208	26715	4
210119_RL#220_15g	1541	Response	1	18432208	26715	4
210119_RL#220_15g	1542	Picture	666	18486212	0	1	20304	3	0	next	other	0
210119_RL#220_15g	1543	Picture	777	18506516	0	2	20305	5	0	next	other	0
210119_RL#220_15g	1543	Manual	2	18526532	20016	NA
210119_RL#220_15g	1544	Sound	12122	18528031	1211	1			0		other	0
210119_RL#220_15g	1545	Picture	55	18531980	0	3	5492	6	0	next	other	0
210119_RL#220_15g	1546	Picture	12	18537472	0	3	20638	7	0	next	other	0
210119_RL#220_15g	1547	Picture	666	18558110	0	4	20139	7	0	next	other	0
210119_RL#220_15g	1548	Picture	777	18578249	0	4	20306	4	0	next	other	0
210119_RL#220_15g	1548	Manual	1	18598260	20012	NA
210119_RL#220_15g	1549	Sound	12112	18600031	1476	1			0		other	0
210119_RL#220_15g	1550	Picture	55	18603881	0	1	5659	1	0	next	other	0
210119_RL#220_15g	1551	Picture	4442	18609539	0	1	80552	5	0	next	false_alarm	6972
210119_RL#220_15g	1551	Port Input	1	18629368	19828	5
210119_RL#220_15g	1551	Response	1	18629368	19828	5
210119_RL#220_15g	1551	Port Input	1	18629870	20330	4
210119_RL#220_15g	1551	Response	1	18629870	20330	4
210119_RL#220_15g	1551	Port Input	1	18629875	20336	4
210119_RL#220_15g	1551	Response	1	18629875	20336	4
210119_RL#220_15g	1551	Port Input	1	18629892	20352	4
210119_RL#220_15g	1551	Response	1	18629892	20352	4
210119_RL#220_15g	1551	Port Input	1	18670543	61003	4
210119_RL#220_15g	1551	Response	1	18670543	61003	4
210119_RL#220_15g	1551	Port Input	1	18680204	70664	4
210119_RL#220_15g	1551	Response	1	18680204	70664	4
210119_RL#220_15g	1552	Picture	666	18690092	0	4	20307	5	0	next	other	0
210119_RL#220_15g	1553	Picture	777	18710398	0	1	20305	2	0	next	other	0
210119_RL#220_15g	1553	Manual	2	18730417	20019	NA
210119_RL#220_15g	1554	Sound	12112	18732032	1328	1			0		other	0
210119_RL#220_15g	1554	Port Input	1	18732845	2142	4
210119_RL#220_15g	1554	Response	1	18732845	2142	4
210119_RL#220_15g	1554	Port Input	1	18732848	2145	4
210119_RL#220_15g	1554	Response	1	18732848	2145	4
210119_RL#220_15g	1555	Picture	55	18736029	0	1	5492	1	0	next	other	0
210119_RL#220_15g	1556	Picture	4442	18741522	0	1	80720	1	0	next	false_alarm	6994
210119_RL#220_15g	1556	Port Input	1	18751732	10210	4
210119_RL#220_15g	1556	Response	1	18751732	10210	4
210119_RL#220_15g	1556	Port Input	1	18755683	14162	4
210119_RL#220_15g	1556	Response	1	18755683	14162	4
210119_RL#220_15g	1556	Port Input	1	18755687	14165	4
210119_RL#220_15g	1556	Response	1	18755687	14165	4
210119_RL#220_15g	1556	Port Input	1	18770318	28797	4
210119_RL#220_15g	1556	Response	1	18770318	28797	4
210119_RL#220_15g	1556	Port Input	1	18773036	31514	5
210119_RL#220_15g	1556	Response	1	18773036	31514	5
210119_RL#220_15g	1556	Port Input	1	18803786	62264	4
210119_RL#220_15g	1556	Response	1	18803786	62264	4
210119_RL#220_15g	1556	Port Input	1	18804566	63044	4
210119_RL#220_15g	1556	Response	1	18804566	63044	4
210119_RL#220_15g	1556	Port Input	1	18806682	65160	4
210119_RL#220_15g	1556	Response	1	18806682	65160	4
210119_RL#220_15g	1556	Port Input	1	18806685	65164	4
210119_RL#220_15g	1556	Response	1	18806685	65164	4
210119_RL#220_15g	1556	Port Input	1	18815362	73840	4
210119_RL#220_15g	1556	Response	1	18815362	73840	4
210119_RL#220_15g	1556	Port Input	1	18815365	73844	4
210119_RL#220_15g	1556	Response	1	18815365	73844	4
210119_RL#220_15g	1556	Port Input	1	18815369	73848	4
210119_RL#220_15g	1556	Response	1	18815369	73848	4
210119_RL#220_15g	1557	Picture	666	18822242	0	1	20305	2	0	next	other	0
210119_RL#220_15g	1558	Picture	777	18842547	0	1	20305	2	0	next	other	0
210119_RL#220_15g	1558	Manual	2	18862560	20013	NA
210119_RL#220_15g	1559	Sound	12122	18864032	1180	1			0		other	0
210119_RL#220_15g	1560	Picture	55	18868176	0	3	5493	5	0	next	other	0
210119_RL#220_15g	1561	Picture	12	18873669	0	3	20637	6	0	next	other	0
210119_RL#220_15g	1562	Picture	666	18894306	0	3	20139	6	0	next	false_alarm	7025
210119_RL#220_15g	1562	Port Input	1	18900830	6524	4
210119_RL#220_15g	1562	Response	1	18900830	6524	4
210119_RL#220_15g	1562	Port Input	1	18901805	7499	4
210119_RL#220_15g	1562	Response	1	18901805	7499	4
210119_RL#220_15g	1562	Port Input	1	18902882	8576	4
210119_RL#220_15g	1562	Response	1	18902882	8576	4
210119_RL#220_15g	1562	Port Input	1	18904014	9708	4
210119_RL#220_15g	1562	Response	1	18904014	9708	4
210119_RL#220_15g	1562	Port Input	1	18905255	10949	5
210119_RL#220_15g	1562	Response	1	18905255	10949	5
210119_RL#220_15g	1562	Port Input	1	18906688	12382	5
210119_RL#220_15g	1562	Response	1	18906688	12382	5
210119_RL#220_15g	1562	Port Input	1	18908301	13995	4
210119_RL#220_15g	1562	Response	1	18908301	13995	4
210119_RL#220_15g	1562	Port Input	1	18910534	16228	4
210119_RL#220_15g	1562	Response	1	18910534	16228	4
210119_RL#220_15g	1562	Port Input	1	18912809	18503	4
210119_RL#220_15g	1562	Response	1	18912809	18503	4
210119_RL#220_15g	1562	Port Input	1	18912812	18507	4
210119_RL#220_15g	1562	Response	1	18912812	18507	4
210119_RL#220_15g	1563	Picture	777	18914445	0	3	20139	7	0	next	false_alarm	7046
210119_RL#220_15g	1563	Port Input	1	18914710	265	4
210119_RL#220_15g	1563	Response	1	18914710	265	4
210119_RL#220_15g	1563	Port Input	1	18915904	1459	4
210119_RL#220_15g	1563	Response	1	18915904	1459	4
210119_RL#220_15g	1563	Port Input	1	18925329	10884	4
210119_RL#220_15g	1563	Response	1	18925329	10884	4
210119_RL#220_15g	1563	Manual	1	18934457	20012	NA
210119_RL#220_15g	1564	Sound	12112	18936032	1448	1			0		other	0
210119_RL#220_15g	1565	Picture	55	18939911	0	1	5659	2	0	next	other	0
210119_RL#220_15g	1566	Picture	4442	18945570	0	1	80552	4	0	next	false_alarm	7056
210119_RL#220_15g	1566	Port Input	1	18948100	2531	4
210119_RL#220_15g	1566	Response	1	18948100	2531	4
210119_RL#220_15g	1566	Port Input	1	18948488	2919	4
210119_RL#220_15g	1566	Response	1	18948488	2919	4
210119_RL#220_15g	1566	Port Input	1	18948494	2924	4
210119_RL#220_15g	1566	Response	1	18948494	2924	4
210119_RL#220_15g	1566	Port Input	1	18948497	2927	4
210119_RL#220_15g	1566	Response	1	18948497	2927	4
210119_RL#220_15g	1566	Port Input	1	18974596	29027	4
210119_RL#220_15g	1566	Response	1	18974596	29027	4
210119_RL#220_15g	1566	Port Input	1	18975744	30174	4
210119_RL#220_15g	1566	Response	1	18975744	30174	4
210119_RL#220_15g	1566	Port Input	1	18977866	32296	4
210119_RL#220_15g	1566	Response	1	18977866	32296	4
210119_RL#220_15g	1566	Port Input	1	18977872	32302	4
210119_RL#220_15g	1566	Response	1	18977872	32302	4
210119_RL#220_15g	1566	Port Input	1	18979774	34204	4
210119_RL#220_15g	1566	Response	1	18979774	34204	4
210119_RL#220_15g	1566	Port Input	1	18979777	34208	4
210119_RL#220_15g	1566	Response	1	18979777	34208	4
210119_RL#220_15g	1566	Port Input	1	18999073	53504	4
210119_RL#220_15g	1566	Response	1	18999073	53504	4
210119_RL#220_15g	1566	Port Input	1	19000770	55200	4
210119_RL#220_15g	1566	Response	1	19000770	55200	4
210119_RL#220_15g	1566	Port Input	1	19000774	55204	8
210119_RL#220_15g	1566	Response	1	19000774	55204	8
210119_RL#220_15g	1567	Picture	666	19026122	0	3	20139	6	0	next	false_alarm	7085
210119_RL#220_15g	1567	Port Input	1	19026153	31	5
210119_RL#220_15g	1567	Response	1	19026153	31	5
210119_RL#220_15g	1567	Port Input	1	19027673	1551	4
210119_RL#220_15g	1567	Response	1	19027673	1551	4
210119_RL#220_15g	1567	Port Input	1	19027677	1555	4
210119_RL#220_15g	1567	Response	1	19027677	1555	4
210119_RL#220_15g	1567	Port Input	1	19043533	17412	4
210119_RL#220_15g	1567	Response	1	19043533	17412	4
210119_RL#220_15g	1568	Picture	777	19046260	0	4	20306	4	0	next	false_alarm	7092
210119_RL#220_15g	1568	Port Input	1	19055476	9216	4
210119_RL#220_15g	1568	Response	1	19055476	9216	4
210119_RL#220_15g	1568	Port Input	1	19055480	9220	4
210119_RL#220_15g	1568	Response	1	19055480	9220	4
210119_RL#220_15g	1568	Manual	1	19066271	20010	NA
210119_RL#220_15g	1569	Sound	12122	19068032	1465	1			0		other	0
210119_RL#220_15g	1569	Port Input	1	19070030	3464	4
210119_RL#220_15g	1569	Response	1	19070030	3464	4
210119_RL#220_15g	1569	Port Input	1	19070034	3467	4
210119_RL#220_15g	1569	Response	1	19070034	3467	4
210119_RL#220_15g	1570	Picture	55	19071893	0	1	5659	2	0	next	other	0
210119_RL#220_15g	1571	Picture	12	19077551	0	1	20638	1	0	next	other	0
210119_RL#220_15g	1572	Picture	666	19098189	0	1	20303	4	0	next	false_alarm	7105
210119_RL#220_15g	1572	Port Input	1	19108050	9861	4
210119_RL#220_15g	1572	Response	1	19108050	9861	4
210119_RL#220_15g	1572	Port Input	1	19108059	9870	4
210119_RL#220_15g	1572	Response	1	19108059	9870	4
210119_RL#220_15g	1572	Port Input	1	19108074	9885	4
210119_RL#220_15g	1572	Response	1	19108074	9885	4
210119_RL#220_15g	1572	Port Input	1	19114006	15817	4
210119_RL#220_15g	1572	Response	1	19114006	15817	4
210119_RL#220_15g	1572	Port Input	1	19114010	15821	4
210119_RL#220_15g	1572	Response	1	19114010	15821	4
210119_RL#220_15g	1572	Port Input	1	19117417	19228	4
210119_RL#220_15g	1572	Response	1	19117417	19228	4
210119_RL#220_15g	1572	Port Input	1	19117421	19232	4
210119_RL#220_15g	1572	Response	1	19117421	19232	4
210119_RL#220_15g	1573	Picture	777	19118492	0	3	20305	6	0	next	false_alarm	7120
210119_RL#220_15g	1573	Port Input	1	19133667	15175	4
210119_RL#220_15g	1573	Response	1	19133667	15175	4
210119_RL#220_15g	1573	Port Input	1	19133671	15179	4
210119_RL#220_15g	1573	Response	1	19133671	15179	4
210119_RL#220_15g	1573	Port Input	1	19134957	16465	4
210119_RL#220_15g	1573	Response	1	19134957	16465	4
210119_RL#220_15g	1573	Manual	2	19138510	20018	NA
210119_RL#220_15g	1574	Sound	12112	19140032	1235	1			0		other	0
210119_RL#220_15g	1574	Port Input	1	19141384	2586	4
210119_RL#220_15g	1574	Response	1	19141384	2586	4
210119_RL#220_15g	1574	Port Input	1	19141388	2590	4
210119_RL#220_15g	1574	Response	1	19141388	2590	4
210119_RL#220_15g	1574	Port Input	1	19142776	3979	5
210119_RL#220_15g	1574	Response	1	19142776	3979	5
210119_RL#220_15g	1575	Picture	55	19143957	0	3	5492	6	0	next	false_alarm	7135
210119_RL#220_15g	1575	Port Input	1	19144299	342	3
210119_RL#220_15g	1575	Response	1	19144299	342	3
210119_RL#220_15g	1575	Port Input	1	19145901	1944	4
210119_RL#220_15g	1575	Response	1	19145901	1944	4
210119_RL#220_15g	1575	Port Input	1	19147492	3535	4
210119_RL#220_15g	1575	Response	1	19147492	3535	4
210119_RL#220_15g	1575	Port Input	1	19148961	5004	266
210119_RL#220_15g	1575	Response	1	19148961	5004	266
210119_RL#220_15g	1576	Picture	4442	19149449	0	4	80720	6	0	next	false_alarm	7144
210119_RL#220_15g	1576	Port Input	1	19150721	1272	4
210119_RL#220_15g	1576	Response	1	19150721	1272	4
210119_RL#220_15g	1576	Port Input	1	19152596	3148	4
210119_RL#220_15g	1576	Response	1	19152596	3148	4
210119_RL#220_15g	1576	Port Input	1	19152602	3153	4
210119_RL#220_15g	1576	Response	1	19152602	3153	4
210119_RL#220_15g	1576	Port Input	1	19154163	4715	6
210119_RL#220_15g	1576	Response	1	19154163	4715	6
210119_RL#220_15g	1576	Port Input	1	19158115	8666	4
210119_RL#220_15g	1576	Response	1	19158115	8666	4
210119_RL#220_15g	1576	Port Input	1	19158119	8670	4
210119_RL#220_15g	1576	Response	1	19158119	8670	4
210119_RL#220_15g	1576	Port Input	1	19189011	39562	4
210119_RL#220_15g	1576	Response	1	19189011	39562	4
210119_RL#220_15g	1576	Port Input	1	19189014	39566	5
210119_RL#220_15g	1576	Response	1	19189014	39566	5
210119_RL#220_15g	1576	Port Input	1	19193148	43700	4
210119_RL#220_15g	1576	Response	1	19193148	43700	4
210119_RL#220_15g	1576	Port Input	1	19211184	61735	4
210119_RL#220_15g	1576	Response	1	19211184	61735	4
210119_RL#220_15g	1577	Picture	666	19230169	0	3	20305	6	0	next	false_alarm	7165
210119_RL#220_15g	1577	Port Input	1	19247767	17598	4
210119_RL#220_15g	1577	Response	1	19247767	17598	4
210119_RL#220_15g	1578	Picture	777	19250474	0	3	20139	6	0	next	other	0
210119_RL#220_15g	1578	Manual	1	19270487	20013	NA
210119_RL#220_15g	1579	Sound	12122	19272032	1419	1			0		other	0
210119_RL#220_15g	1580	Picture	55	19275772	0	4	5492	7	0	next	other	0
210119_RL#220_15g	1581	Picture	12	19281264	0	4	20973	4	0	next	false_alarm	7172
210119_RL#220_15g	1581	Port Input	1	19287585	6321	4
210119_RL#220_15g	1581	Response	1	19287585	6321	4
210119_RL#220_15g	1581	Port Input	1	19295278	14014	4
210119_RL#220_15g	1581	Response	1	19295278	14014	4
210119_RL#220_15g	1581	Port Input	1	19296049	14785	4
210119_RL#220_15g	1581	Response	1	19296049	14785	4
210119_RL#220_15g	1581	Port Input	1	19297649	16385	4
210119_RL#220_15g	1581	Response	1	19297649	16385	4
210119_RL#220_15g	1582	Picture	666	19302237	0	1	20304	1	0	next	false_alarm	7181
210119_RL#220_15g	1582	Port Input	1	19305459	3222	4
210119_RL#220_15g	1582	Response	1	19305459	3222	4
210119_RL#220_15g	1583	Picture	777	19322541	0	1	20304	3	0	next	false_alarm	7184
210119_RL#220_15g	1583	Port Input	1	19329849	7308	4
210119_RL#220_15g	1583	Response	1	19329849	7308	4
210119_RL#220_15g	1583	Manual	1	19342554	20012	NA
210119_RL#220_15g	1584	Sound	12112	19344032	1187	1			0		other	0
210119_RL#220_15g	1584	Port Input	1	19346175	3330	4
210119_RL#220_15g	1584	Response	1	19346175	3330	4
210119_RL#220_15g	1584	Port Input	1	19347294	4449	4
210119_RL#220_15g	1584	Response	1	19347294	4449	4
210119_RL#220_15g	1584	Port Input	1	19347298	4453	4
210119_RL#220_15g	1584	Response	1	19347298	4453	4
210119_RL#220_15g	1585	Picture	55	19348171	0	3	5493	5	0	next	false_alarm	7195
210119_RL#220_15g	1585	Port Input	1	19348644	473	4
210119_RL#220_15g	1585	Response	1	19348644	473	4
210119_RL#220_15g	1585	Port Input	1	19350165	1994	4
210119_RL#220_15g	1585	Response	1	19350165	1994	4
210119_RL#220_15g	1585	Port Input	1	19351745	3574	4
210119_RL#220_15g	1585	Response	1	19351745	3574	4
210119_RL#220_15g	1585	Port Input	1	19353174	5003	264
210119_RL#220_15g	1585	Response	1	19353174	5003	264
210119_RL#220_15g	1586	Picture	4442	19353663	0	3	80722	3	0	next	false_alarm	7204
210119_RL#220_15g	1586	Port Input	1	19355041	1377	4
210119_RL#220_15g	1586	Response	1	19355041	1377	4
210119_RL#220_15g	1586	Port Input	1	19407202	53539	4
210119_RL#220_15g	1586	Response	1	19407202	53539	4
210119_RL#220_15g	1586	Port Input	1	19408502	54839	4
210119_RL#220_15g	1586	Response	1	19408502	54839	4
210119_RL#220_15g	1586	Port Input	1	19426958	73294	4
210119_RL#220_15g	1586	Response	1	19426958	73294	4
210119_RL#220_15g	1587	Picture	666	19434385	0	1	20305	2	0	next	other	0
210119_RL#220_15g	1588	Picture	777	19454690	0	1	20304	3	0	next	false_alarm	7214
210119_RL#220_15g	1588	Port Input	1	19461481	6791	4
210119_RL#220_15g	1588	Response	1	19461481	6791	4
210119_RL#220_15g	1588	Port Input	1	19461485	6795	4
210119_RL#220_15g	1588	Response	1	19461485	6795	4
210119_RL#220_15g	1588	Port Input	1	19474237	19547	4
210119_RL#220_15g	1588	Response	1	19474237	19547	4
210119_RL#220_15g	1588	Manual	2	19474701	20011	NA
210119_RL#220_15g	1589	Sound	12122	19476032	1039	1			0		other	0
210119_RL#220_15g	1589	Port Input	1	19476483	1490	4
210119_RL#220_15g	1589	Response	1	19476483	1490	4
210119_RL#220_15g	1590	Picture	55	19480153	0	4	5492	6	0	next	other	0
210119_RL#220_15g	1591	Picture	12	19485645	0	3	20472	6	0	next	false_alarm	7226
210119_RL#220_15g	1591	Port Input	1	19492263	6618	4
210119_RL#220_15g	1591	Response	1	19492263	6618	4
210119_RL#220_15g	1591	Port Input	1	19493269	7624	4
210119_RL#220_15g	1591	Response	1	19493269	7624	4
210119_RL#220_15g	1591	Port Input	1	19494366	8722	5
210119_RL#220_15g	1591	Response	1	19494366	8722	5
210119_RL#220_15g	1591	Port Input	1	19495587	9942	4
210119_RL#220_15g	1591	Response	1	19495587	9942	4
210119_RL#220_15g	1591	Port Input	1	19496947	11302	4
210119_RL#220_15g	1591	Response	1	19496947	11302	4
210119_RL#220_15g	1591	Port Input	1	19499806	14161	4
210119_RL#220_15g	1591	Response	1	19499806	14161	4
210119_RL#220_15g	1591	Port Input	1	19501675	16030	4
210119_RL#220_15g	1591	Response	1	19501675	16030	4
210119_RL#220_15g	1591	Port Input	1	19503597	17952	4
210119_RL#220_15g	1591	Response	1	19503597	17952	4
210119_RL#220_15g	1592	Picture	666	19506117	0	3	20138	6	0	next	false_alarm	7243
210119_RL#220_15g	1592	Port Input	1	19512673	6556	4
210119_RL#220_15g	1592	Response	1	19512673	6556	4
210119_RL#220_15g	1593	Picture	777	19526255	0	4	20306	5	0	next	false_alarm	7246
210119_RL#220_15g	1593	Port Input	1	19530418	4163	4
210119_RL#220_15g	1593	Response	1	19530418	4163	4
210119_RL#220_15g	1593	Manual	1	19546274	20019	NA
210119_RL#220_15g	1594	Sound	12112	19548032	1471	1			0		other	0
210119_RL#220_15g	1594	Port Input	1	19549970	3409	4
210119_RL#220_15g	1594	Response	1	19549970	3409	4
210119_RL#220_15g	1594	Port Input	1	19551404	4843	4
210119_RL#220_15g	1594	Response	1	19551404	4843	4
210119_RL#220_15g	1595	Picture	55	19551887	0	1	5492	1	0	next	false_alarm	7255
210119_RL#220_15g	1595	Port Input	1	19553031	1144	4
210119_RL#220_15g	1595	Response	1	19553031	1144	4
210119_RL#220_15g	1595	Port Input	1	19554840	2953	4
210119_RL#220_15g	1595	Response	1	19554840	2953	4
210119_RL#220_15g	1595	Port Input	1	19556448	4561	4
210119_RL#220_15g	1595	Response	1	19556448	4561	4
210119_RL#220_15g	1596	Picture	4442	19557379	0	1	80721	2	0	next	false_alarm	7262
210119_RL#220_15g	1596	Port Input	1	19601649	44270	4
210119_RL#220_15g	1596	Response	1	19601649	44270	4
210119_RL#220_15g	1596	Port Input	1	19601652	44273	4
210119_RL#220_15g	1596	Response	1	19601652	44273	4
210119_RL#220_15g	1597	Picture	666	19638100	0	2	20305	3	0	next	false_alarm	7267
210119_RL#220_15g	1597	Port Input	1	19651087	12987	4
210119_RL#220_15g	1597	Response	1	19651087	12987	4
210119_RL#220_15g	1597	Port Input	1	19655464	17364	4
210119_RL#220_15g	1597	Response	1	19655464	17364	4
210119_RL#220_15g	1597	Port Input	1	19655470	17370	4
210119_RL#220_15g	1597	Response	1	19655470	17370	4
210119_RL#220_15g	1597	Port Input	1	19657927	19827	4
210119_RL#220_15g	1597	Response	1	19657927	19827	4
210119_RL#220_15g	1598	Picture	777	19658405	0	1	20305	2	0	next	false_alarm	7276
210119_RL#220_15g	1598	Port Input	1	19659738	1333	4
210119_RL#220_15g	1598	Response	1	19659738	1333	4
210119_RL#220_15g	1598	Port Input	1	19659742	1337	4
210119_RL#220_15g	1598	Response	1	19659742	1337	4
210119_RL#220_15g	1598	Port Input	1	19678107	19702	4
210119_RL#220_15g	1598	Response	1	19678107	19702	4
210119_RL#220_15g	1598	Port Input	1	19678111	19706	4
210119_RL#220_15g	1598	Response	1	19678111	19706	4
210119_RL#220_15g	1598	Manual	2	19678419	20014	NA
210119_RL#220_15g	1599	Sound	12112	19680033	1323	1			0		other	0
210119_RL#220_15g	1599	Port Input	1	19683068	4358	4
210119_RL#220_15g	1599	Response	1	19683068	4358	4
210119_RL#220_15g	1600	Picture	55	19684035	0	1	5493	1	0	next	false_alarm	7289
210119_RL#220_15g	1600	Port Input	1	19684783	748	4
210119_RL#220_15g	1600	Response	1	19684783	748	4
210119_RL#220_15g	1601	Picture	4442	19689528	0	1	80552	4	0	next	false_alarm	7292
210119_RL#220_15g	1601	Port Input	1	19744235	54707	5
210119_RL#220_15g	1601	Response	1	19744235	54707	5
210119_RL#220_15g	1602	Picture	666	19770080	0	4	20307	4	0	next	false_alarm	7295
210119_RL#220_15g	1602	Port Input	1	19780042	9962	5
210119_RL#220_15g	1602	Response	1	19780042	9962	5
210119_RL#220_15g	1602	Port Input	1	19780049	9969	5
210119_RL#220_15g	1602	Response	1	19780049	9969	5
210119_RL#220_15g	1603	Picture	777	19790387	0	1	20305	2	0	next	false_alarm	7300
210119_RL#220_15g	1603	Port Input	1	19802336	11950	4
210119_RL#220_15g	1603	Response	1	19802336	11950	4
210119_RL#220_15g	1603	Port Input	1	19802340	11953	4
210119_RL#220_15g	1603	Response	1	19802340	11953	4
210119_RL#220_15g	1603	Manual	1	19810401	20014	NA
210119_RL#220_15g	1604	Sound	12122	19812033	1341	1			0		other	0
210119_RL#220_15g	1605	Picture	55	19816016	0	3	5492	5	0	next	other	0
210119_RL#220_15g	1606	Picture	12	19821508	0	3	20638	6	0	next	false_alarm	7308
210119_RL#220_15g	1606	Port Input	1	19841192	19684	5
210119_RL#220_15g	1606	Response	1	19841192	19684	5
210119_RL#220_15g	1607	Picture	666	19842146	0	3	20139	6	0	next	false_alarm	7311
210119_RL#220_15g	1607	Port Input	1	19842215	69	3
210119_RL#220_15g	1607	Response	1	19842215	69	3
210119_RL#220_15g	1607	Port Input	1	19843302	1156	3
210119_RL#220_15g	1607	Response	1	19843302	1156	3
210119_RL#220_15g	1607	Port Input	1	19844468	2322	4
210119_RL#220_15g	1607	Response	1	19844468	2322	4
210119_RL#220_15g	1607	Port Input	1	19845806	3660	4
210119_RL#220_15g	1607	Response	1	19845806	3660	4
210119_RL#220_15g	1607	Port Input	1	19845810	3664	4
210119_RL#220_15g	1607	Response	1	19845810	3664	4
210119_RL#220_15g	1607	Port Input	1	19847282	5136	4
210119_RL#220_15g	1607	Response	1	19847282	5136	4
210119_RL#220_15g	1607	Port Input	1	19848677	6531	4
210119_RL#220_15g	1607	Response	1	19848677	6531	4
210119_RL#220_15g	1607	Port Input	1	19850397	8251	4
210119_RL#220_15g	1607	Response	1	19850397	8251	4
210119_RL#220_15g	1607	Port Input	1	19851851	9705	4
210119_RL#220_15g	1607	Response	1	19851851	9705	4
210119_RL#220_15g	1607	Port Input	1	19853537	11391	5
210119_RL#220_15g	1607	Response	1	19853537	11391	5
210119_RL#220_15g	1607	Port Input	1	19853541	11395	4
210119_RL#220_15g	1607	Response	1	19853541	11395	4
210119_RL#220_15g	1607	Port Input	1	19855340	13194	5
210119_RL#220_15g	1607	Response	1	19855340	13194	5
210119_RL#220_15g	1607	Port Input	1	19861031	18885	4
210119_RL#220_15g	1607	Response	1	19861031	18885	4
210119_RL#220_15g	1608	Picture	777	19862285	0	3	20138	6	0	next	other	0
210119_RL#220_15g	1608	Manual	1	19882298	20013	NA
210119_RL#220_15g	1609	Sound	12122	19884033	1609	1			0		other	0
210119_RL#220_15g	1610	Picture	55	19887582	0	4	5661	4	0	next	other	0
210119_RL#220_15g	1611	Picture	12	19893243	0	1	20804	1	0	next	false_alarm	7342
210119_RL#220_15g	1611	Port Input	1	19909524	16281	4
210119_RL#220_15g	1611	Response	1	19909524	16281	4
210119_RL#220_15g	1611	Port Input	1	19910404	17161	4
210119_RL#220_15g	1611	Response	1	19910404	17161	4
210119_RL#220_15g	1611	Port Input	1	19911408	18165	4
210119_RL#220_15g	1611	Response	1	19911408	18165	4
210119_RL#220_15g	1611	Port Input	1	19912534	19291	4
210119_RL#220_15g	1611	Response	1	19912534	19291	4
210119_RL#220_15g	1611	Port Input	1	19913630	20387	206
210119_RL#220_15g	1611	Response	1	19913630	20387	206
210119_RL#220_15g	1612	Picture	666	19914047	0	1	20304	3	0	next	false_alarm	7353
210119_RL#220_15g	1612	Port Input	1	19914909	862	4
210119_RL#220_15g	1612	Response	1	19914909	862	4
210119_RL#220_15g	1612	Port Input	1	19916179	2132	4
210119_RL#220_15g	1612	Response	1	19916179	2132	4
210119_RL#220_15g	1612	Port Input	1	19917553	3506	4
210119_RL#220_15g	1612	Response	1	19917553	3506	4
210119_RL#220_15g	1612	Port Input	1	19918988	4941	4
210119_RL#220_15g	1612	Response	1	19918988	4941	4
210119_RL#220_15g	1612	Port Input	1	19920634	6587	4
210119_RL#220_15g	1612	Response	1	19920634	6587	4
210119_RL#220_15g	1612	Port Input	1	19929001	14954	4
210119_RL#220_15g	1612	Response	1	19929001	14954	4
210119_RL#220_15g	1612	Port Input	1	19930427	16380	5
210119_RL#220_15g	1612	Response	1	19930427	16380	5
210119_RL#220_15g	1612	Port Input	1	19930431	16384	4
210119_RL#220_15g	1612	Response	1	19930431	16384	4
210119_RL#220_15g	1612	Port Input	1	19932105	18058	4
210119_RL#220_15g	1612	Response	1	19932105	18058	4
210119_RL#220_15g	1612	Port Input	1	19933728	19681	4
210119_RL#220_15g	1612	Response	1	19933728	19681	4
210119_RL#220_15g	1612	Port Input	1	19933731	19684	4
210119_RL#220_15g	1612	Response	1	19933731	19684	4
210119_RL#220_15g	1613	Picture	777	19934351	0	3	20305	5	0	next	false_alarm	7376
210119_RL#220_15g	1613	Port Input	1	19942814	8464	6
210119_RL#220_15g	1613	Response	1	19942814	8464	6
210119_RL#220_15g	1613	Port Input	1	19944464	10114	4
210119_RL#220_15g	1613	Response	1	19944464	10114	4
210119_RL#220_15g	1613	Manual	1	19954367	20017	NA
210119_RL#220_15g	1614	Sound	12122	19956033	1377	1			0		other	0
210119_RL#220_15g	1615	Picture	55	19959815	0	3	5492	6	0	next	other	0
210119_RL#220_15g	1616	Picture	12	19965307	0	3	20971	7	0	next	false_alarm	7384
210119_RL#220_15g	1616	Port Input	1	19970355	5048	4
210119_RL#220_15g	1616	Response	1	19970355	5048	4
210119_RL#220_15g	1616	Port Input	1	19972450	7143	4
210119_RL#220_15g	1616	Response	1	19972450	7143	4
210119_RL#220_15g	1616	Port Input	1	19973669	8362	4
210119_RL#220_15g	1616	Response	1	19973669	8362	4
210119_RL#220_15g	1616	Port Input	1	19973674	8367	4
210119_RL#220_15g	1616	Response	1	19973674	8367	4
210119_RL#220_15g	1616	Port Input	1	19974952	9645	4
210119_RL#220_15g	1616	Response	1	19974952	9645	4
210119_RL#220_15g	1616	Port Input	1	19976265	10958	4
210119_RL#220_15g	1616	Response	1	19976265	10958	4
210119_RL#220_15g	1616	Port Input	1	19976268	10961	4
210119_RL#220_15g	1616	Response	1	19976268	10961	4
210119_RL#220_15g	1616	Port Input	1	19977790	12483	4
210119_RL#220_15g	1616	Response	1	19977790	12483	4
210119_RL#220_15g	1616	Port Input	1	19982620	17313	5
210119_RL#220_15g	1616	Response	1	19982620	17313	5
210119_RL#220_15g	1616	Port Input	1	19985247	19940	5
210119_RL#220_15g	1616	Response	1	19985247	19940	5
210119_RL#220_15g	1616	Port Input	1	19985251	19944	4
210119_RL#220_15g	1616	Response	1	19985251	19944	4
210119_RL#220_15g	1617	Picture	666	19986278	0	4	20139	7	0	next	false_alarm	7407
210119_RL#220_15g	1617	Port Input	1	19994299	8021	4
210119_RL#220_15g	1617	Response	1	19994299	8021	4
210119_RL#220_15g	1617	Port Input	1	19996462	10184	4
210119_RL#220_15g	1617	Response	1	19996462	10184	4
210119_RL#220_15g	1618	Picture	777	20006416	0	4	20306	4	0	next	false_alarm	7412
210119_RL#220_15g	1618	Port Input	1	20011738	5322	4
210119_RL#220_15g	1618	Response	1	20011738	5322	4
210119_RL#220_15g	1618	Port Input	1	20011742	5325	4
210119_RL#220_15g	1618	Response	1	20011742	5325	4
210119_RL#220_15g	1618	Port Input	1	20013198	6782	4
210119_RL#220_15g	1618	Response	1	20013198	6782	4
210119_RL#220_15g	1618	Manual	1	20026430	20013	NA
210119_RL#220_15g	1618	Port Input	1	20026486	20069	5
210119_RL#220_15g	1618	Response	1	20026486	20069	5
210119_RL#220_15g	1619	Sound	12112	20028033	1310	1			0		other	0
210119_RL#220_15g	1619	Port Input	1	20030284	3562	4
210119_RL#220_15g	1619	Response	1	20030284	3562	4
210119_RL#220_15g	1619	Port Input	1	20030287	3565	4
210119_RL#220_15g	1619	Response	1	20030287	3565	4
210119_RL#220_15g	1619	Port Input	1	20031611	4889	4
210119_RL#220_15g	1619	Response	1	20031611	4889	4
210119_RL#220_15g	1620	Picture	55	20032048	0	1	5492	1	0	next	false_alarm	7429
210119_RL#220_15g	1620	Port Input	1	20033250	1201	4
210119_RL#220_15g	1620	Response	1	20033250	1201	4
210119_RL#220_15g	1620	Port Input	1	20035267	3219	4
210119_RL#220_15g	1620	Response	1	20035267	3219	4
210119_RL#220_15g	1620	Port Input	1	20037012	4963	4
210119_RL#220_15g	1620	Response	1	20037012	4963	4
210119_RL#220_15g	1621	Picture	4442	20037541	0	1	80553	4	0	next	false_alarm	7436
210119_RL#220_15g	1621	Port Input	1	20038913	1372	3
210119_RL#220_15g	1621	Response	1	20038913	1372	3
210119_RL#220_15g	1621	Port Input	1	20038916	1375	4
210119_RL#220_15g	1621	Response	1	20038916	1375	4
210119_RL#220_15g	1621	Port Input	1	20041053	3512	4
210119_RL#220_15g	1621	Response	1	20041053	3512	4
210119_RL#220_15g	1621	Port Input	1	20072722	35181	5
210119_RL#220_15g	1621	Response	1	20072722	35181	5
210119_RL#220_15g	1621	Port Input	1	20097963	60422	4
210119_RL#220_15g	1621	Response	1	20097963	60422	4
210119_RL#220_15g	1622	Picture	666	20118093	0	4	20306	4	0	next	other	0
210119_RL#220_15g	1623	Picture	777	20138399	0	1	20303	4	0	next	other	0
210119_RL#220_15g	1623	Manual	2	20158412	20013	NA
210119_RL#220_15g	1624	Sound	12112	20160033	1331	1			0		other	0
210119_RL#220_15g	1624	Port Input	1	20162052	3350	4
210119_RL#220_15g	1624	Response	1	20162052	3350	4
210119_RL#220_15g	1624	Port Input	1	20163278	4576	4
210119_RL#220_15g	1624	Response	1	20163278	4576	4
210119_RL#220_15g	1625	Picture	55	20164031	0	1	5492	1	0	next	false_alarm	7455
210119_RL#220_15g	1625	Port Input	1	20164650	620	5
210119_RL#220_15g	1625	Response	1	20164650	620	5
210119_RL#220_15g	1625	Port Input	1	20166228	2197	4
210119_RL#220_15g	1625	Response	1	20166228	2197	4
210119_RL#220_15g	1625	Port Input	1	20166232	2201	4
210119_RL#220_15g	1625	Response	1	20166232	2201	4
210119_RL#220_15g	1625	Port Input	1	20168037	4006	5
210119_RL#220_15g	1625	Response	1	20168037	4006	5
210119_RL#220_15g	1626	Picture	4442	20169523	0	1	80720	1	0	next	false_alarm	7464
210119_RL#220_15g	1626	Port Input	1	20210413	40890	4
210119_RL#220_15g	1626	Response	1	20210413	40890	4
210119_RL#220_15g	1626	Port Input	1	20222038	52515	5
210119_RL#220_15g	1626	Response	1	20222038	52515	5
210119_RL#220_15g	1626	Port Input	1	20231327	61804	4
210119_RL#220_15g	1626	Response	1	20231327	61804	4
210119_RL#220_15g	1626	Port Input	1	20238195	68673	4
210119_RL#220_15g	1626	Response	1	20238195	68673	4
210119_RL#220_15g	1626	Port Input	1	20238199	68676	4
210119_RL#220_15g	1626	Response	1	20238199	68676	4
210119_RL#220_15g	1626	Port Input	1	20240872	71349	4
210119_RL#220_15g	1626	Response	1	20240872	71349	4
210119_RL#220_15g	1626	Port Input	1	20241809	72286	4
210119_RL#220_15g	1626	Response	1	20241809	72286	4
210119_RL#220_15g	1626	Port Input	1	20241813	72290	4
210119_RL#220_15g	1626	Response	1	20241813	72290	4
210119_RL#220_15g	1626	Port Input	1	20241817	72294	5
210119_RL#220_15g	1626	Response	1	20241817	72294	5
210119_RL#220_15g	1627	Picture	666	20250243	0	1	20305	1	0	next	false_alarm	7483
210119_RL#220_15g	1627	Port Input	1	20257687	7444	4
210119_RL#220_15g	1627	Response	1	20257687	7444	4
210119_RL#220_15g	1627	Port Input	1	20257693	7449	4
210119_RL#220_15g	1627	Response	1	20257693	7449	4
210119_RL#220_15g	1627	Port Input	1	20257700	7456	4
210119_RL#220_15g	1627	Response	1	20257700	7456	4
210119_RL#220_15g	1627	Port Input	1	20266376	16132	5
210119_RL#220_15g	1627	Response	1	20266376	16132	5
210119_RL#220_15g	1627	Port Input	1	20266380	16136	4
210119_RL#220_15g	1627	Response	1	20266380	16136	4
210119_RL#220_15g	1628	Picture	777	20270548	0	1	20297	10	0	next	false_alarm	7494
210119_RL#220_15g	1628	Port Input	1	20274130	3582	4
210119_RL#220_15g	1628	Response	1	20274130	3582	4
210119_RL#220_15g	1628	Port Input	1	20276054	5506	5
210119_RL#220_15g	1628	Response	1	20276054	5506	5
210119_RL#220_15g	1628	Port Input	1	20277622	7074	4
210119_RL#220_15g	1628	Response	1	20277622	7074	4
210119_RL#220_15g	1628	Port Input	1	20277626	7078	4
210119_RL#220_15g	1628	Response	1	20277626	7078	4
210119_RL#220_15g	1628	Port Input	1	20282440	11892	4
210119_RL#220_15g	1628	Response	1	20282440	11892	4
210119_RL#220_15g	1628	Port Input	1	20287746	17198	4
210119_RL#220_15g	1628	Response	1	20287746	17198	4
210119_RL#220_15g	1628	Manual	2	20290562	20014	NA
210119_RL#220_15g	1629	Sound	12122	20292033	1188	1			0		other	0
210119_RL#220_15g	1630	Picture	55	20296178	0	3	5492	5	0	next	false_alarm	7509
210119_RL#220_15g	1630	Port Input	1	20296714	537	5
210119_RL#220_15g	1630	Response	1	20296714	537	5
210119_RL#220_15g	1630	Port Input	1	20296719	542	6
210119_RL#220_15g	1630	Response	1	20296719	542	6
210119_RL#220_15g	1630	Port Input	1	20299552	3375	4
210119_RL#220_15g	1630	Response	1	20299552	3375	4
210119_RL#220_15g	1630	Port Input	1	20299840	3662	4
210119_RL#220_15g	1630	Response	1	20299840	3662	4
210119_RL#220_15g	1631	Picture	12	20301669	0	3	20638	6	0	next	false_alarm	7518
210119_RL#220_15g	1631	Port Input	1	20305600	3930	4
210119_RL#220_15g	1631	Response	1	20305600	3930	4
210119_RL#220_15g	1631	Port Input	1	20306613	4944	4
210119_RL#220_15g	1631	Response	1	20306613	4944	4
210119_RL#220_15g	1631	Port Input	1	20307630	5961	4
210119_RL#220_15g	1631	Response	1	20307630	5961	4
210119_RL#220_15g	1631	Port Input	1	20308762	7092	4
210119_RL#220_15g	1631	Response	1	20308762	7092	4
210119_RL#220_15g	1631	Port Input	1	20312572	10903	4
210119_RL#220_15g	1631	Response	1	20312572	10903	4
210119_RL#220_15g	1631	Port Input	1	20313890	12220	4
210119_RL#220_15g	1631	Response	1	20313890	12220	4
210119_RL#220_15g	1631	Port Input	1	20315565	13895	4
210119_RL#220_15g	1631	Response	1	20315565	13895	4
210119_RL#220_15g	1631	Port Input	1	20315568	13899	4
210119_RL#220_15g	1631	Response	1	20315568	13899	4
210119_RL#220_15g	1631	Port Input	1	20316980	15310	4
210119_RL#220_15g	1631	Response	1	20316980	15310	4
210119_RL#220_15g	1631	Port Input	1	20318381	16712	4
210119_RL#220_15g	1631	Response	1	20318381	16712	4
210119_RL#220_15g	1631	Port Input	1	20319909	18239	4
210119_RL#220_15g	1631	Response	1	20319909	18239	4
210119_RL#220_15g	1632	Picture	666	20322307	0	3	20138	6	0	next	false_alarm	7541
210119_RL#220_15g	1632	Port Input	1	20323113	806	4
210119_RL#220_15g	1632	Response	1	20323113	806	4
210119_RL#220_15g	1632	Port Input	1	20325145	2838	5
210119_RL#220_15g	1632	Response	1	20325145	2838	5
210119_RL#220_15g	1632	Port Input	1	20326555	4248	4
210119_RL#220_15g	1632	Response	1	20326555	4248	4
210119_RL#220_15g	1632	Port Input	1	20326559	4251	4
210119_RL#220_15g	1632	Response	1	20326559	4251	4
210119_RL#220_15g	1632	Port Input	1	20327556	5249	4
210119_RL#220_15g	1632	Response	1	20327556	5249	4
210119_RL#220_15g	1632	Port Input	1	20329816	7508	5
210119_RL#220_15g	1632	Response	1	20329816	7508	5
210119_RL#220_15g	1632	Port Input	1	20339983	17676	4
210119_RL#220_15g	1632	Response	1	20339983	17676	4
210119_RL#220_15g	1632	Port Input	1	20341644	19337	4
210119_RL#220_15g	1632	Response	1	20341644	19337	4
210119_RL#220_15g	1632	Port Input	1	20341648	19341	4
210119_RL#220_15g	1632	Response	1	20341648	19341	4
210119_RL#220_15g	1633	Picture	777	20342446	0	3	20139	7	0	next	false_alarm	7560
210119_RL#220_15g	1633	Port Input	1	20356913	14468	4
210119_RL#220_15g	1633	Response	1	20356913	14468	4
210119_RL#220_15g	1633	Manual	1	20362461	20016	NA
210119_RL#220_15g	1634	Sound	12122	20364033	1449	1			0		other	0
210119_RL#220_15g	1635	Picture	55	20367912	0	1	5492	2	0	next	other	0
210119_RL#220_15g	1636	Picture	12	20373404	0	1	20804	1	0	next	other	0
210119_RL#220_15g	1637	Picture	666	20394208	0	1	20303	3	0	next	other	0
210119_RL#220_15g	1638	Picture	777	20414512	0	3	20305	5	0	next	other	0
210119_RL#220_15g	1638	Manual	1	20434525	20014	NA
210119_RL#220_15g	1639	Sound	12112	20436033	1217	1			0		other	0
210119_RL#220_15g	1640	Picture	55	20439976	0	3	5492	6	0	next	other	0
210119_RL#220_15g	1641	Picture	4442	20445468	0	3	80722	4	0	next	false_alarm	7572
210119_RL#220_15g	1641	Port Input	1	20489250	43781	4
210119_RL#220_15g	1641	Response	1	20489250	43781	4
210119_RL#220_15g	1641	Port Input	1	20492082	46613	3
210119_RL#220_15g	1641	Response	1	20492082	46613	3
210119_RL#220_15g	1641	Port Input	1	20493539	48070	4
210119_RL#220_15g	1641	Response	1	20493539	48070	4
210119_RL#220_15g	1641	Port Input	1	20493542	48074	4
210119_RL#220_15g	1641	Response	1	20493542	48074	4
210119_RL#220_15g	1641	Port Input	1	20500816	55347	5
210119_RL#220_15g	1641	Response	1	20500816	55347	5
210119_RL#220_15g	1641	Port Input	1	20500822	55354	4
210119_RL#220_15g	1641	Response	1	20500822	55354	4
210119_RL#220_15g	1641	Port Input	1	20513245	67776	4
210119_RL#220_15g	1641	Response	1	20513245	67776	4
210119_RL#220_15g	1641	Port Input	1	20513249	67780	4
210119_RL#220_15g	1641	Response	1	20513249	67780	4
210119_RL#220_15g	1642	Picture	666	20526190	0	1	20303	3	0	next	false_alarm	7589
210119_RL#220_15g	1642	Port Input	1	20529693	3503	4
210119_RL#220_15g	1642	Response	1	20529693	3503	4
210119_RL#220_15g	1642	Port Input	1	20529696	3506	4
210119_RL#220_15g	1642	Response	1	20529696	3506	4
210119_RL#220_15g	1642	Port Input	1	20531056	4866	4
210119_RL#220_15g	1642	Response	1	20531056	4866	4
210119_RL#220_15g	1643	Picture	777	20546494	0	3	20305	6	0	next	other	0
210119_RL#220_15g	1643	Manual	2	20566506	20013	NA
210119_RL#220_15g	1644	Sound	12122	20568034	1235	1			0		other	0
210119_RL#220_15g	1644	Port Input	1	20570376	3577	5
210119_RL#220_15g	1644	Response	1	20570376	3577	5
210119_RL#220_15g	1645	Picture	55	20571958	0	3	5492	7	0	next	false_alarm	7601
210119_RL#220_15g	1645	Port Input	1	20572114	156	5
210119_RL#220_15g	1645	Response	1	20572114	156	5
210119_RL#220_15g	1646	Picture	12	20577450	0	4	20638	7	0	next	other	0
210119_RL#220_15g	1647	Picture	666	20598088	0	4	20306	5	0	next	false_alarm	7605
210119_RL#220_15g	1647	Port Input	1	20602097	4009	4
210119_RL#220_15g	1647	Response	1	20602097	4009	4
210119_RL#220_15g	1647	Port Input	1	20602101	4013	3
210119_RL#220_15g	1647	Response	1	20602101	4013	3
210119_RL#220_15g	1647	Port Input	1	20603110	5022	4
210119_RL#220_15g	1647	Response	1	20603110	5022	4
210119_RL#220_15g	1647	Port Input	1	20604213	6125	4
210119_RL#220_15g	1647	Response	1	20604213	6125	4
210119_RL#220_15g	1647	Port Input	1	20605432	7344	4
210119_RL#220_15g	1647	Response	1	20605432	7344	4
210119_RL#220_15g	1647	Port Input	1	20606805	8717	4
210119_RL#220_15g	1647	Response	1	20606805	8717	4
210119_RL#220_15g	1647	Port Input	1	20608391	10303	4
210119_RL#220_15g	1647	Response	1	20608391	10303	4
210119_RL#220_15g	1647	Port Input	1	20608395	10307	4
210119_RL#220_15g	1647	Response	1	20608395	10307	4
210119_RL#220_15g	1648	Picture	777	20618394	0	1	20303	4	0	next	false_alarm	7622
210119_RL#220_15g	1648	Port Input	1	20634029	15635	4
210119_RL#220_15g	1648	Response	1	20634029	15635	4
210119_RL#220_15g	1648	Port Input	1	20635709	17315	4
210119_RL#220_15g	1648	Response	1	20635709	17315	4
210119_RL#220_15g	1648	Manual	2	20638407	20013	NA
210119_RL#220_15g	1649	Sound	12112	20640034	1337	1			0		other	0
210119_RL#220_15g	1649	Port Input	1	20641858	3160	5
210119_RL#220_15g	1649	Response	1	20641858	3160	5
210119_RL#220_15g	1649	Port Input	1	20643377	4680	5
210119_RL#220_15g	1649	Response	1	20643377	4680	5
210119_RL#220_15g	1650	Picture	55	20644025	0	1	5659	1	0	next	false_alarm	7633
210119_RL#220_15g	1650	Port Input	1	20645028	1003	4
210119_RL#220_15g	1650	Response	1	20645028	1003	4
210119_RL#220_15g	1650	Port Input	1	20646724	2699	4
210119_RL#220_15g	1650	Response	1	20646724	2699	4
210119_RL#220_15g	1650	Port Input	1	20648561	4536	4
210119_RL#220_15g	1650	Response	1	20648561	4536	4
210119_RL#220_15g	1651	Picture	4442	20649684	0	1	80887	1	0	next	false_alarm	7640
210119_RL#220_15g	1651	Port Input	1	20650754	1069	3
210119_RL#220_15g	1651	Response	1	20650754	1069	3
210119_RL#220_15g	1651	Port Input	1	20663442	13758	4
210119_RL#220_15g	1651	Response	1	20663442	13758	4
210119_RL#220_15g	1651	Port Input	1	20672229	22545	4
210119_RL#220_15g	1651	Response	1	20672229	22545	4
210119_RL#220_15g	1651	Port Input	1	20693859	44175	4
210119_RL#220_15g	1651	Response	1	20693859	44175	4
210119_RL#220_15g	1651	Port Input	1	20693862	44178	4
210119_RL#220_15g	1651	Response	1	20693862	44178	4
210119_RL#220_15g	1651	Port Input	1	20695392	45708	5
210119_RL#220_15g	1651	Response	1	20695392	45708	5
210119_RL#220_15g	1651	Port Input	1	20706121	56437	4
210119_RL#220_15g	1651	Response	1	20706121	56437	4
210119_RL#220_15g	1651	Port Input	1	20706124	56440	4
210119_RL#220_15g	1651	Response	1	20706124	56440	4
210119_RL#220_15g	1652	Picture	666	20730571	0	1	20305	1	0	next	false_alarm	7657
210119_RL#220_15g	1652	Port Input	1	20742186	11615	4
210119_RL#220_15g	1652	Response	1	20742186	11615	4
210119_RL#220_15g	1652	Port Input	1	20742190	11619	4
210119_RL#220_15g	1652	Response	1	20742190	11619	4
210119_RL#220_15g	1652	Port Input	1	20743798	13227	4
210119_RL#220_15g	1652	Response	1	20743798	13227	4
210119_RL#220_15g	1652	Port Input	1	20743804	13233	4
210119_RL#220_15g	1652	Response	1	20743804	13233	4
210119_RL#220_15g	1652	Port Input	1	20747601	17029	4
210119_RL#220_15g	1652	Response	1	20747601	17029	4
210119_RL#220_15g	1652	Port Input	1	20747604	17033	4
210119_RL#220_15g	1652	Response	1	20747604	17033	4
210119_RL#220_15g	1653	Picture	777	20750876	0	1	20303	3	0	next	false_alarm	7670
210119_RL#220_15g	1653	Port Input	1	20767992	17116	4
210119_RL#220_15g	1653	Response	1	20767992	17116	4
210119_RL#220_15g	1653	Manual	1	20770894	20018	NA
210119_RL#220_15g	1654	Sound	12112	20773034	1855	1			0		other	0
210119_RL#220_15g	1654	Port Input	1	20775066	3887	4
210119_RL#220_15g	1654	Response	1	20775066	3887	4
210119_RL#220_15g	1654	Port Input	1	20775925	4746	4
210119_RL#220_15g	1654	Response	1	20775925	4746	4
210119_RL#220_15g	1655	Picture	55	20776505	0	3	5492	5	0	next	false_alarm	7679
210119_RL#220_15g	1655	Port Input	1	20776542	36	3
210119_RL#220_15g	1655	Response	1	20776542	36	3
210119_RL#220_15g	1655	Port Input	1	20778276	1771	4
210119_RL#220_15g	1655	Response	1	20778276	1771	4
210119_RL#220_15g	1655	Port Input	1	20781862	5356	6
210119_RL#220_15g	1655	Response	1	20781862	5356	6
210119_RL#220_15g	1656	Picture	4442	20781997	0	3	80722	3	0	next	false_alarm	7686
210119_RL#220_15g	1656	Port Input	1	20783557	1560	4
210119_RL#220_15g	1656	Response	1	20783557	1560	4
210119_RL#220_15g	1656	Port Input	1	20783561	1564	4
210119_RL#220_15g	1656	Response	1	20783561	1564	4
210119_RL#220_15g	1656	Port Input	1	20785150	3153	4
210119_RL#220_15g	1656	Response	1	20785150	3153	4
210119_RL#220_15g	1656	Port Input	1	20786756	4759	4
210119_RL#220_15g	1656	Response	1	20786756	4759	4
210119_RL#220_15g	1656	Port Input	1	20786761	4764	4
210119_RL#220_15g	1656	Response	1	20786761	4764	4
210119_RL#220_15g	1656	Port Input	1	20789204	7207	4
210119_RL#220_15g	1656	Response	1	20789204	7207	4
210119_RL#220_15g	1656	Port Input	1	20789208	7211	4
210119_RL#220_15g	1656	Response	1	20789208	7211	4
210119_RL#220_15g	1656	Port Input	1	20791704	9707	4
210119_RL#220_15g	1656	Response	1	20791704	9707	4
210119_RL#220_15g	1656	Port Input	1	20791709	9712	4
210119_RL#220_15g	1656	Response	1	20791709	9712	4
210119_RL#220_15g	1656	Port Input	1	20791712	9715	4
210119_RL#220_15g	1656	Response	1	20791712	9715	4
210119_RL#220_15g	1656	Port Input	1	20796482	14485	4
210119_RL#220_15g	1656	Response	1	20796482	14485	4
210119_RL#220_15g	1656	Port Input	1	20810983	28987	4
210119_RL#220_15g	1656	Response	1	20810983	28987	4
210119_RL#220_15g	1656	Port Input	1	20813846	31849	4
210119_RL#220_15g	1656	Response	1	20813846	31849	4
210119_RL#220_15g	1656	Port Input	1	20826788	44791	4
210119_RL#220_15g	1656	Response	1	20826788	44791	4
210119_RL#220_15g	1656	Port Input	1	20826792	44795	4
210119_RL#220_15g	1656	Response	1	20826792	44795	4
210119_RL#220_15g	1656	Port Input	1	20831466	49469	4
210119_RL#220_15g	1656	Response	1	20831466	49469	4
210119_RL#220_15g	1656	Port Input	1	20834193	52196	4
210119_RL#220_15g	1656	Response	1	20834193	52196	4
210119_RL#220_15g	1656	Port Input	1	20843982	61985	4
210119_RL#220_15g	1656	Response	1	20843982	61985	4
210119_RL#220_15g	1657	Picture	666	20862719	0	1	20305	2	0	next	false_alarm	7723
210119_RL#220_15g	1657	Port Input	1	20863818	1099	4
210119_RL#220_15g	1657	Response	1	20863818	1099	4
210119_RL#220_15g	1657	Port Input	1	20874443	11724	4
210119_RL#220_15g	1657	Response	1	20874443	11724	4
210119_RL#220_15g	1658	Picture	777	20883024	0	1	20303	4	0	next	false_alarm	7728
210119_RL#220_15g	1658	Port Input	1	20884624	1600	4
210119_RL#220_15g	1658	Response	1	20884624	1600	4
210119_RL#220_15g	1658	Manual	2	20903037	20013	NA
210119_RL#220_15g	1659	Sound	12112	20905034	1707	1			0		other	0
210119_RL#220_15g	1659	Port Input	1	20907343	4015	4
210119_RL#220_15g	1659	Response	1	20907343	4015	4
210119_RL#220_15g	1659	Port Input	1	20907347	4019	4
210119_RL#220_15g	1659	Response	1	20907347	4019	4
210119_RL#220_15g	1660	Picture	55	20908487	0	3	5492	6	0	next	false_alarm	7737
210119_RL#220_15g	1660	Port Input	1	20908948	461	4
210119_RL#220_15g	1660	Response	1	20908948	461	4
210119_RL#220_15g	1660	Port Input	1	20908952	465	4
210119_RL#220_15g	1660	Response	1	20908952	465	4
210119_RL#220_15g	1661	Picture	4442	20913979	0	3	80722	4	0	next	false_alarm	7742
210119_RL#220_15g	1661	Port Input	1	20959663	45685	4
210119_RL#220_15g	1661	Response	1	20959663	45685	4
210119_RL#220_15g	1661	Port Input	1	20959667	45688	4
210119_RL#220_15g	1661	Response	1	20959667	45688	4
210119_RL#220_15g	1661	Port Input	1	20967433	53454	4
210119_RL#220_15g	1661	Response	1	20967433	53454	4
210119_RL#220_15g	1661	Port Input	1	20967436	53458	4
210119_RL#220_15g	1661	Response	1	20967436	53458	4
210119_RL#220_15g	1661	Port Input	1	20969183	55204	4
210119_RL#220_15g	1661	Response	1	20969183	55204	4
210119_RL#220_15g	1662	Picture	666	20994701	0	1	20304	4	0	next	other	0
210119_RL#220_15g	1663	Picture	777	21015005	0	3	20305	5	0	next	false_alarm	7754
210119_RL#220_15g	1663	Port Input	1	21028630	13626	6
210119_RL#220_15g	1663	Response	1	21028630	13626	6
210119_RL#220_15g	1663	Port Input	1	21031403	16399	4
210119_RL#220_15g	1663	Response	1	21031403	16399	4
210119_RL#220_15g	1663	Manual	1	21035018	20013	NA
210119_RL#220_15g	1664	Sound	12122	21037034	1725	1			0		other	0
210119_RL#220_15g	1665	Picture	55	21040469	0	3	5492	6	0	next	other	0
210119_RL#220_15g	1666	Picture	12	21045961	0	3	20638	7	0	next	false_alarm	7762
210119_RL#220_15g	1666	Port Input	1	21061084	15123	4
210119_RL#220_15g	1666	Response	1	21061084	15123	4
210119_RL#220_15g	1666	Port Input	1	21062150	16190	4
210119_RL#220_15g	1666	Response	1	21062150	16190	4
210119_RL#220_15g	1666	Port Input	1	21063221	17260	5
210119_RL#220_15g	1666	Response	1	21063221	17260	5
210119_RL#220_15g	1667	Picture	666	21066599	0	4	20307	4	0	next	false_alarm	7769
210119_RL#220_15g	1667	Port Input	1	21072787	6188	4
210119_RL#220_15g	1667	Response	1	21072787	6188	4
210119_RL#220_15g	1667	Port Input	1	21075852	9253	4
210119_RL#220_15g	1667	Response	1	21075852	9253	4
210119_RL#220_15g	1668	Picture	777	21086905	0	1	20305	2	0	next	false_alarm	7774
210119_RL#220_15g	1668	Port Input	1	21088886	1980	4
210119_RL#220_15g	1668	Response	1	21088886	1980	4
210119_RL#220_15g	1668	Port Input	1	21091414	4509	4
210119_RL#220_15g	1668	Response	1	21091414	4509	4
210119_RL#220_15g	1668	Port Input	1	21105716	18811	4
210119_RL#220_15g	1668	Response	1	21105716	18811	4
210119_RL#220_15g	1668	Port Input	1	21105720	18815	4
210119_RL#220_15g	1668	Response	1	21105720	18815	4
210119_RL#220_15g	1668	Manual	2	21106920	20014	NA
210119_RL#220_15g	1669	Sound	12122	21109034	1824	1			0		other	0
210119_RL#220_15g	1670	Picture	55	21112536	0	1	5492	2	0	next	false_alarm	7785
210119_RL#220_15g	1670	Port Input	1	21112768	232	4
210119_RL#220_15g	1670	Response	1	21112768	232	4
210119_RL#220_15g	1671	Picture	12	21118028	0	1	20638	2	0	next	false_alarm	7788
210119_RL#220_15g	1671	Port Input	1	21121229	3201	4
210119_RL#220_15g	1671	Response	1	21121229	3201	4
210119_RL#220_15g	1671	Port Input	1	21121233	3205	4
210119_RL#220_15g	1671	Response	1	21121233	3205	4
210119_RL#220_15g	1671	Port Input	1	21122274	4246	4
210119_RL#220_15g	1671	Response	1	21122274	4246	4
210119_RL#220_15g	1671	Port Input	1	21123524	5496	4
210119_RL#220_15g	1671	Response	1	21123524	5496	4
210119_RL#220_15g	1671	Port Input	1	21123528	5500	4
210119_RL#220_15g	1671	Response	1	21123528	5500	4
210119_RL#220_15g	1671	Port Input	1	21124749	6721	5
210119_RL#220_15g	1671	Response	1	21124749	6721	5
210119_RL#220_15g	1671	Port Input	1	21126052	8024	4
210119_RL#220_15g	1671	Response	1	21126052	8024	4
210119_RL#220_15g	1671	Port Input	1	21127398	9369	4
210119_RL#220_15g	1671	Response	1	21127398	9369	4
210119_RL#220_15g	1671	Port Input	1	21128777	10748	6
210119_RL#220_15g	1671	Response	1	21128777	10748	6
210119_RL#220_15g	1671	Port Input	1	21130161	12132	4
210119_RL#220_15g	1671	Response	1	21130161	12132	4
210119_RL#220_15g	1671	Port Input	1	21130164	12136	4
210119_RL#220_15g	1671	Response	1	21130164	12136	4
210119_RL#220_15g	1671	Port Input	1	21131895	13867	4
210119_RL#220_15g	1671	Response	1	21131895	13867	4
210119_RL#220_15g	1671	Port Input	1	21131899	13871	4
210119_RL#220_15g	1671	Response	1	21131899	13871	4
210119_RL#220_15g	1672	Picture	666	21138666	0	1	20304	4	0	next	false_alarm	7815
210119_RL#220_15g	1672	Port Input	1	21148418	9752	4
210119_RL#220_15g	1672	Response	1	21148418	9752	4
210119_RL#220_15g	1672	Port Input	1	21148422	9755	4
210119_RL#220_15g	1672	Response	1	21148422	9755	4
210119_RL#220_15g	1672	Port Input	1	21149742	11075	4
210119_RL#220_15g	1672	Response	1	21149742	11075	4
210119_RL#220_15g	1672	Port Input	1	21151312	12646	4
210119_RL#220_15g	1672	Response	1	21151312	12646	4
210119_RL#220_15g	1672	Port Input	1	21151316	12650	4
210119_RL#220_15g	1672	Response	1	21151316	12650	4
210119_RL#220_15g	1672	Port Input	1	21152825	14159	4
210119_RL#220_15g	1672	Response	1	21152825	14159	4
210119_RL#220_15g	1672	Port Input	1	21154766	16100	4
210119_RL#220_15g	1672	Response	1	21154766	16100	4
210119_RL#220_15g	1673	Picture	777	21158970	0	3	20138	6	0	next	false_alarm	7830
210119_RL#220_15g	1673	Port Input	1	21165839	6869	4
210119_RL#220_15g	1673	Response	1	21165839	6869	4
210119_RL#220_15g	1673	Manual	2	21178988	20018	NA
210119_RL#220_15g	1674	Sound	12122	21181034	1926	1			0		other	0
210119_RL#220_15g	1674	Port Input	1	21182599	3491	4
210119_RL#220_15g	1674	Response	1	21182599	3491	4
210119_RL#220_15g	1675	Picture	55	21184268	0	4	5492	7	0	next	other	0
210119_RL#220_15g	1676	Picture	12	21189760	0	4	20806	4	0	next	false_alarm	7838
210119_RL#220_15g	1676	Port Input	1	21190954	1194	4
210119_RL#220_15g	1676	Response	1	21190954	1194	4
210119_RL#220_15g	1676	Port Input	1	21193671	3911	4
210119_RL#220_15g	1676	Response	1	21193671	3911	4
210119_RL#220_15g	1676	Port Input	1	21194714	4954	4
210119_RL#220_15g	1676	Response	1	21194714	4954	4
210119_RL#220_15g	1676	Port Input	1	21195869	6109	4
210119_RL#220_15g	1676	Response	1	21195869	6109	4
210119_RL#220_15g	1676	Port Input	1	21195872	6113	4
210119_RL#220_15g	1676	Response	1	21195872	6113	4
210119_RL#220_15g	1676	Port Input	1	21197059	7299	4
210119_RL#220_15g	1676	Response	1	21197059	7299	4
210119_RL#220_15g	1676	Port Input	1	21197063	7303	4
210119_RL#220_15g	1676	Response	1	21197063	7303	4
210119_RL#220_15g	1676	Port Input	1	21198352	8593	4
210119_RL#220_15g	1676	Response	1	21198352	8593	4
210119_RL#220_15g	1676	Port Input	1	21199654	9895	4
210119_RL#220_15g	1676	Response	1	21199654	9895	4
210119_RL#220_15g	1676	Port Input	1	21200837	11078	4
210119_RL#220_15g	1676	Response	1	21200837	11078	4
210119_RL#220_15g	1676	Port Input	1	21201906	12147	5
210119_RL#220_15g	1676	Response	1	21201906	12147	5
210119_RL#220_15g	1676	Port Input	1	21203055	13295	4
210119_RL#220_15g	1676	Response	1	21203055	13295	4
210119_RL#220_15g	1676	Port Input	1	21204254	14494	4
210119_RL#220_15g	1676	Response	1	21204254	14494	4
210119_RL#220_15g	1676	Port Input	1	21205476	15716	4
210119_RL#220_15g	1676	Response	1	21205476	15716	4
210119_RL#220_15g	1676	Port Input	1	21206716	16956	4
210119_RL#220_15g	1676	Response	1	21206716	16956	4
210119_RL#220_15g	1676	Port Input	1	21206720	16960	4
210119_RL#220_15g	1676	Response	1	21206720	16960	4
210119_RL#220_15g	1676	Port Input	1	21207993	18233	4
210119_RL#220_15g	1676	Response	1	21207993	18233	4
210119_RL#220_15g	1676	Port Input	1	21207996	18237	4
210119_RL#220_15g	1676	Response	1	21207996	18237	4
210119_RL#220_15g	1676	Port Input	1	21209396	19636	5
210119_RL#220_15g	1676	Response	1	21209396	19636	5
210119_RL#220_15g	1677	Picture	666	21210566	0	1	20305	2	0	next	false_alarm	7877
210119_RL#220_15g	1677	Port Input	1	21210882	317	3
210119_RL#220_15g	1677	Response	1	21210882	317	3
210119_RL#220_15g	1677	Port Input	1	21210885	320	3
210119_RL#220_15g	1677	Response	1	21210885	320	3
210119_RL#220_15g	1677	Port Input	1	21212608	2043	4
210119_RL#220_15g	1677	Response	1	21212608	2043	4
210119_RL#220_15g	1677	Port Input	1	21212613	2047	4
210119_RL#220_15g	1677	Response	1	21212613	2047	4
210119_RL#220_15g	1677	Port Input	1	21214308	3742	4
210119_RL#220_15g	1677	Response	1	21214308	3742	4
210119_RL#220_15g	1677	Port Input	1	21219937	9372	4
210119_RL#220_15g	1677	Response	1	21219937	9372	4
210119_RL#220_15g	1677	Port Input	1	21219941	9375	4
210119_RL#220_15g	1677	Response	1	21219941	9375	4
210119_RL#220_15g	1677	Port Input	1	21228987	18421	4
210119_RL#220_15g	1677	Response	1	21228987	18421	4
210119_RL#220_15g	1678	Picture	777	21230870	0	1	20304	3	0	next	false_alarm	7894
210119_RL#220_15g	1678	Port Input	1	21241988	11118	5
210119_RL#220_15g	1678	Response	1	21241988	11118	5
210119_RL#220_15g	1678	Port Input	1	21241993	11123	6
210119_RL#220_15g	1678	Response	1	21241993	11123	6
210119_RL#220_15g	1678	Port Input	1	21243426	12556	4
210119_RL#220_15g	1678	Response	1	21243426	12556	4
210119_RL#220_15g	1678	Manual	1	21250884	20013	NA
210119_RL#220_15g	1679	Sound	12122	21253034	1860	1			0		other	0
210119_RL#220_15g	1679	Port Input	1	21254508	3334	5
210119_RL#220_15g	1679	Response	1	21254508	3334	5
210119_RL#220_15g	1679	Port Input	1	21254513	3338	4
210119_RL#220_15g	1679	Response	1	21254513	3338	4
210119_RL#220_15g	1680	Picture	55	21256500	0	3	5492	6	0	next	other	0
210119_RL#220_15g	1680	Port Input	1	21261822	5322	5
210119_RL#220_15g	1680	Response	1	21261822	5322	5
210119_RL#220_15g	1681	Picture	12	21261992	0	3	20638	6	0	next	false_alarm	7910
210119_RL#220_15g	1681	Port Input	1	21266805	4813	4
210119_RL#220_15g	1681	Response	1	21266805	4813	4
210119_RL#220_15g	1681	Port Input	1	21267734	5742	4
210119_RL#220_15g	1681	Response	1	21267734	5742	4
210119_RL#220_15g	1681	Port Input	1	21268783	6791	4
210119_RL#220_15g	1681	Response	1	21268783	6791	4
210119_RL#220_15g	1681	Port Input	1	21269987	7995	4
210119_RL#220_15g	1681	Response	1	21269987	7995	4
210119_RL#220_15g	1681	Port Input	1	21271205	9213	4
210119_RL#220_15g	1681	Response	1	21271205	9213	4
210119_RL#220_15g	1681	Port Input	1	21272572	10580	5
210119_RL#220_15g	1681	Response	1	21272572	10580	5
210119_RL#220_15g	1681	Port Input	1	21273904	11912	4
210119_RL#220_15g	1681	Response	1	21273904	11912	4
210119_RL#220_15g	1681	Port Input	1	21275256	13264	4
210119_RL#220_15g	1681	Response	1	21275256	13264	4
210119_RL#220_15g	1681	Port Input	1	21276637	14645	4
210119_RL#220_15g	1681	Response	1	21276637	14645	4
210119_RL#220_15g	1681	Port Input	1	21278123	16131	4
210119_RL#220_15g	1681	Response	1	21278123	16131	4
210119_RL#220_15g	1682	Picture	666	21282630	0	3	20139	6	0	next	false_alarm	7931
210119_RL#220_15g	1682	Port Input	1	21294276	11646	4
210119_RL#220_15g	1682	Response	1	21294276	11646	4
210119_RL#220_15g	1682	Port Input	1	21294279	11650	4
210119_RL#220_15g	1682	Response	1	21294279	11650	4
210119_RL#220_15g	1682	Port Input	1	21295656	13026	4
210119_RL#220_15g	1682	Response	1	21295656	13026	4
210119_RL#220_15g	1682	Port Input	1	21295659	13030	4
210119_RL#220_15g	1682	Response	1	21295659	13030	4
210119_RL#220_15g	1682	Port Input	1	21300333	17703	4
210119_RL#220_15g	1682	Response	1	21300333	17703	4
210119_RL#220_15g	1682	Port Input	1	21302374	19744	4
210119_RL#220_15g	1682	Response	1	21302374	19744	4
210119_RL#220_15g	1682	Port Input	1	21302378	19748	3
210119_RL#220_15g	1682	Response	1	21302378	19748	3
210119_RL#220_15g	1683	Picture	777	21302769	0	4	20306	4	0	next	false_alarm	7946
210119_RL#220_15g	1683	Port Input	1	21304176	1407	4
210119_RL#220_15g	1683	Response	1	21304176	1407	4
210119_RL#220_15g	1683	Port Input	1	21306163	3394	4
210119_RL#220_15g	1683	Response	1	21306163	3394	4
210119_RL#220_15g	1683	Port Input	1	21308127	5358	4
210119_RL#220_15g	1683	Response	1	21308127	5358	4
210119_RL#220_15g	1683	Port Input	1	21310201	7432	4
210119_RL#220_15g	1683	Response	1	21310201	7432	4
210119_RL#220_15g	1683	Port Input	1	21312032	9263	4
210119_RL#220_15g	1683	Response	1	21312032	9263	4
210119_RL#220_15g	1683	Port Input	1	21316866	14097	6
210119_RL#220_15g	1683	Response	1	21316866	14097	6
210119_RL#220_15g	1683	Port Input	1	21321991	19222	4
210119_RL#220_15g	1683	Response	1	21321991	19222	4
210119_RL#220_15g	1683	Port Input	1	21321995	19226	4
210119_RL#220_15g	1683	Response	1	21321995	19226	4
210119_RL#220_15g	1683	Manual	1	21322783	20015	NA
210119_RL#220_15g	1684	Sound	12112	21325034	1960	1			0		other	0
210119_RL#220_15g	1684	Port Input	1	21326987	3912	4
210119_RL#220_15g	1684	Response	1	21326987	3912	4
210119_RL#220_15g	1684	Port Input	1	21327909	4834	4
210119_RL#220_15g	1684	Response	1	21327909	4834	4
210119_RL#220_15g	1685	Picture	55	21328401	0	1	5492	1	0	next	false_alarm	7969
210119_RL#220_15g	1685	Port Input	1	21328536	135	3
210119_RL#220_15g	1685	Response	1	21328536	135	3
210119_RL#220_15g	1685	Port Input	1	21331986	3585	5
210119_RL#220_15g	1685	Response	1	21331986	3585	5
210119_RL#220_15g	1686	Picture	4442	21333893	0	1	80719	4	0	next	false_alarm	7974
210119_RL#220_15g	1686	Port Input	1	21336866	2973	5
210119_RL#220_15g	1686	Response	1	21336866	2973	5
210119_RL#220_15g	1686	Port Input	1	21357861	23968	4
210119_RL#220_15g	1686	Response	1	21357861	23968	4
210119_RL#220_15g	1686	Port Input	1	21362515	28622	4
210119_RL#220_15g	1686	Response	1	21362515	28622	4
210119_RL#220_15g	1686	Port Input	1	21362518	28625	4
210119_RL#220_15g	1686	Response	1	21362518	28625	4
210119_RL#220_15g	1686	Port Input	1	21367623	33730	4
210119_RL#220_15g	1686	Response	1	21367623	33730	4
210119_RL#220_15g	1686	Port Input	1	21402138	68245	4
210119_RL#220_15g	1686	Response	1	21402138	68245	4
210119_RL#220_15g	1686	Port Input	1	21408177	74283	4
210119_RL#220_15g	1686	Response	1	21408177	74283	4
210119_RL#220_15g	1686	Port Input	1	21408180	74287	4
210119_RL#220_15g	1686	Response	1	21408180	74287	4
210119_RL#220_15g	1687	Picture	666	21414612	0	3	20139	6	0	next	false_alarm	7991
210119_RL#220_15g	1687	Port Input	1	21417563	2951	4
210119_RL#220_15g	1687	Response	1	21417563	2951	4
210119_RL#220_15g	1687	Port Input	1	21428817	14205	4
210119_RL#220_15g	1687	Response	1	21428817	14205	4
210119_RL#220_15g	1687	Port Input	1	21428820	14208	4
210119_RL#220_15g	1687	Response	1	21428820	14208	4
210119_RL#220_15g	1688	Picture	777	21434751	0	4	20306	4	0	next	false_alarm	7998
210119_RL#220_15g	1688	Port Input	1	21436558	1807	4
210119_RL#220_15g	1688	Response	1	21436558	1807	4
210119_RL#220_15g	1688	Port Input	1	21436561	1811	4
210119_RL#220_15g	1688	Response	1	21436561	1811	4
210119_RL#220_15g	1688	Port Input	1	21446313	11562	4
210119_RL#220_15g	1688	Response	1	21446313	11562	4
210119_RL#220_15g	1688	Port Input	1	21446316	11566	4
210119_RL#220_15g	1688	Response	1	21446316	11566	4
210119_RL#220_15g	1688	Manual	1	21454763	20013	NA
210119_RL#220_15g	1689	Sound	12112	21457035	1978	1			0		other	0
210119_RL#220_15g	1689	Port Input	1	21457628	2571	4
210119_RL#220_15g	1689	Response	1	21457628	2571	4
210119_RL#220_15g	1690	Picture	55	21460383	0	1	5492	1	0	next	false_alarm	8011
210119_RL#220_15g	1690	Port Input	1	21463789	3407	4
210119_RL#220_15g	1690	Response	1	21463789	3407	4
210119_RL#220_15g	1690	Port Input	1	21465384	5002	250
210119_RL#220_15g	1690	Response	1	21465384	5002	250
210119_RL#220_15g	1691	Picture	4442	21465875	0	1	80719	4	0	next	false_alarm	8016
210119_RL#220_15g	1691	Port Input	1	21511558	45683	4
210119_RL#220_15g	1691	Response	1	21511558	45683	4
210119_RL#220_15g	1691	Port Input	1	21521335	55460	4
210119_RL#220_15g	1691	Response	1	21521335	55460	4
210119_RL#220_15g	1691	Port Input	1	21521339	55464	4
210119_RL#220_15g	1691	Response	1	21521339	55464	4
210119_RL#220_15g	1691	Port Input	1	21523068	57194	4
210119_RL#220_15g	1691	Response	1	21523068	57194	4
210119_RL#220_15g	1691	Port Input	1	21531757	65882	4
210119_RL#220_15g	1691	Response	1	21531757	65882	4
210119_RL#220_15g	1691	Port Input	1	21531761	65886	4
210119_RL#220_15g	1691	Response	1	21531761	65886	4
210119_RL#220_15g	1692	Picture	666	21546594	0	3	20306	4	0	next	false_alarm	8029
210119_RL#220_15g	1692	Port Input	1	21555506	8912	4
210119_RL#220_15g	1692	Response	1	21555506	8912	4
210119_RL#220_15g	1692	Port Input	1	21560174	13579	4
210119_RL#220_15g	1692	Response	1	21560174	13579	4
210119_RL#220_15g	1693	Picture	777	21566900	0	1	20304	1	0	next	other	0
210119_RL#220_15g	1693	Manual	1	21586918	20018	NA
210119_RL#220_15g	1694	Sound	12112	21589035	1830	1			0		other	0
210119_RL#220_15g	1694	Port Input	1	21591809	4604	4
210119_RL#220_15g	1694	Response	1	21591809	4604	4
210119_RL#220_15g	1695	Picture	55	21592531	0	1	5492	2	0	next	false_alarm	8039
210119_RL#220_15g	1695	Port Input	1	21593209	678	4
210119_RL#220_15g	1695	Response	1	21593209	678	4
210119_RL#220_15g	1696	Picture	4442	21598023	0	1	80887	2	0	next	false_alarm	8042
210119_RL#220_15g	1696	Port Input	1	21600186	2163	4
210119_RL#220_15g	1696	Response	1	21600186	2163	4
210119_RL#220_15g	1696	Port Input	1	21602085	4061	4
210119_RL#220_15g	1696	Response	1	21602085	4061	4
210119_RL#220_15g	1696	Port Input	1	21638124	40101	4
210119_RL#220_15g	1696	Response	1	21638124	40101	4
210119_RL#220_15g	1696	Port Input	1	21640177	42154	4
210119_RL#220_15g	1696	Response	1	21640177	42154	4
210119_RL#220_15g	1696	Port Input	1	21640181	42157	4
210119_RL#220_15g	1696	Response	1	21640181	42157	4
210119_RL#220_15g	1696	Port Input	1	21651737	53713	5
210119_RL#220_15g	1696	Response	1	21651737	53713	5
210119_RL#220_15g	1696	Port Input	1	21656028	58004	4
210119_RL#220_15g	1696	Response	1	21656028	58004	4
210119_RL#220_15g	1696	Port Input	1	21675337	77313	5
210119_RL#220_15g	1696	Response	1	21675337	77313	5
210119_RL#220_15g	1697	Picture	666	21678910	0	1	20305	1	0	next	false_alarm	8059
210119_RL#220_15g	1697	Port Input	1	21681968	3058	4
210119_RL#220_15g	1697	Response	1	21681968	3058	4
210119_RL#220_15g	1697	Port Input	1	21688607	9696	4
210119_RL#220_15g	1697	Response	1	21688607	9696	4
210119_RL#220_15g	1697	Port Input	1	21688612	9702	3
210119_RL#220_15g	1697	Response	1	21688612	9702	3
210119_RL#220_15g	1697	Port Input	1	21695021	16110	4
210119_RL#220_15g	1697	Response	1	21695021	16110	4
210119_RL#220_15g	1697	Port Input	1	21695026	16116	4
210119_RL#220_15g	1697	Response	1	21695026	16116	4
210119_RL#220_15g	1698	Picture	777	21699215	0	1	20305	2	0	next	false_alarm	8070
210119_RL#220_15g	1698	Port Input	1	21703881	4666	5
210119_RL#220_15g	1698	Response	1	21703881	4666	5
210119_RL#220_15g	1698	Manual	2	21719231	20016	NA
210119_RL#220_15g	1699	Sound	12112	21721035	1515	1			0		other	0
210119_RL#220_15g	1699	Port Input	1	21723435	3915	4
210119_RL#220_15g	1699	Response	1	21723435	3915	4
210119_RL#220_15g	1699	Port Input	1	21723440	3920	4
210119_RL#220_15g	1699	Response	1	21723440	3920	4
210119_RL#220_15g	1700	Picture	55	21724844	0	3	5659	5	0	next	false_alarm	8079
210119_RL#220_15g	1700	Port Input	1	21724977	132	3
210119_RL#220_15g	1700	Response	1	21724977	132	3
210119_RL#220_15g	1700	Port Input	1	21730263	5419	4
210119_RL#220_15g	1700	Response	1	21730263	5419	4
210119_RL#220_15g	1701	Picture	4442	21730503	0	3	80888	3	0	next	false_alarm	8084
210119_RL#220_15g	1701	Port Input	1	21732140	1637	4
210119_RL#220_15g	1701	Response	1	21732140	1637	4
210119_RL#220_15g	1701	Port Input	1	21748182	17679	4
210119_RL#220_15g	1701	Response	1	21748182	17679	4
210119_RL#220_15g	1701	Port Input	1	21757548	27045	5
210119_RL#220_15g	1701	Response	1	21757548	27045	5
210119_RL#220_15g	1701	Port Input	1	21757553	27050	4
210119_RL#220_15g	1701	Response	1	21757553	27050	4
210119_RL#220_15g	1701	Port Input	1	21759622	29119	4
210119_RL#220_15g	1701	Response	1	21759622	29119	4
210119_RL#220_15g	1701	Port Input	1	21769433	38930	4
210119_RL#220_15g	1701	Response	1	21769433	38930	4
210119_RL#220_15g	1701	Port Input	1	21793418	62915	4
210119_RL#220_15g	1701	Response	1	21793418	62915	4
210119_RL#220_15g	1701	Port Input	1	21793424	62921	4
210119_RL#220_15g	1701	Response	1	21793424	62921	4
210119_RL#220_15g	1701	Port Input	1	21798555	68052	4
210119_RL#220_15g	1701	Response	1	21798555	68052	4
210119_RL#220_15g	1701	Port Input	1	21798559	68056	4
210119_RL#220_15g	1701	Response	1	21798559	68056	4
210119_RL#220_15g	1701	Port Input	1	21806235	75732	4
210119_RL#220_15g	1701	Response	1	21806235	75732	4
210119_RL#220_15g	1702	Picture	666	21811391	0	1	20305	1	0	next	other	0
210119_RL#220_15g	1702	Port Input	1	21831459	20068	5
210119_RL#220_15g	1702	Response	1	21831459	20068	5
210119_RL#220_15g	1703	Picture	777	21831696	0	1	20304	3	0	next	false_alarm	8110
210119_RL#220_15g	1703	Port Input	1	21833419	1723	6
210119_RL#220_15g	1703	Response	1	21833419	1723	6
210119_RL#220_15g	1703	Port Input	1	21843234	11538	4
210119_RL#220_15g	1703	Response	1	21843234	11538	4
210119_RL#220_15g	1703	Port Input	1	21849141	17445	4
210119_RL#220_15g	1703	Response	1	21849141	17445	4
210119_RL#220_15g	1703	Manual	1	21851709	20012	NA
210119_RL#220_15g	1704	Sound	12122	21853035	1035	1			0		other	0
210119_RL#220_15g	1705	Picture	55	21857159	0	3	5493	5	0	next	false_alarm	8119
210119_RL#220_15g	1705	Port Input	1	21857403	244	4
210119_RL#220_15g	1705	Response	1	21857403	244	4
210119_RL#220_15g	1705	Port Input	1	21860210	3051	4
210119_RL#220_15g	1705	Response	1	21860210	3051	4
210119_RL#220_15g	1705	Port Input	1	21860214	3055	4
210119_RL#220_15g	1705	Response	1	21860214	3055	4
210119_RL#220_15g	1706	Picture	12	21862652	0	3	20637	6	0	next	false_alarm	8126
210119_RL#220_15g	1706	Port Input	1	21864453	1801	4
210119_RL#220_15g	1706	Response	1	21864453	1801	4
210119_RL#220_15g	1706	Port Input	1	21865457	2806	4
210119_RL#220_15g	1706	Response	1	21865457	2806	4
210119_RL#220_15g	1706	Port Input	1	21866500	3848	4
210119_RL#220_15g	1706	Response	1	21866500	3848	4
210119_RL#220_15g	1706	Port Input	1	21867585	4933	4
210119_RL#220_15g	1706	Response	1	21867585	4933	4
210119_RL#220_15g	1706	Port Input	1	21868666	6015	4
210119_RL#220_15g	1706	Response	1	21868666	6015	4
210119_RL#220_15g	1706	Port Input	1	21868670	6018	4
210119_RL#220_15g	1706	Response	1	21868670	6018	4
210119_RL#220_15g	1706	Port Input	1	21869862	7211	4
210119_RL#220_15g	1706	Response	1	21869862	7211	4
210119_RL#220_15g	1706	Port Input	1	21869866	7214	4
210119_RL#220_15g	1706	Response	1	21869866	7214	4
210119_RL#220_15g	1706	Port Input	1	21871129	8477	4
210119_RL#220_15g	1706	Response	1	21871129	8477	4
210119_RL#220_15g	1706	Port Input	1	21872419	9767	4
210119_RL#220_15g	1706	Response	1	21872419	9767	4
210119_RL#220_15g	1706	Port Input	1	21873790	11139	4
210119_RL#220_15g	1706	Response	1	21873790	11139	4
210119_RL#220_15g	1706	Port Input	1	21875224	12572	4
210119_RL#220_15g	1706	Response	1	21875224	12572	4
210119_RL#220_15g	1706	Port Input	1	21875229	12578	4
210119_RL#220_15g	1706	Response	1	21875229	12578	4
210119_RL#220_15g	1706	Port Input	1	21875233	12581	4
210119_RL#220_15g	1706	Response	1	21875233	12581	4
210119_RL#220_15g	1706	Port Input	1	21876789	14138	4
210119_RL#220_15g	1706	Response	1	21876789	14138	4
210119_RL#220_15g	1706	Port Input	1	21876795	14143	4
210119_RL#220_15g	1706	Response	1	21876795	14143	4
210119_RL#220_15g	1706	Port Input	1	21878417	15765	4
210119_RL#220_15g	1706	Response	1	21878417	15765	4
210119_RL#220_15g	1706	Port Input	1	21879955	17304	4
210119_RL#220_15g	1706	Response	1	21879955	17304	4
210119_RL#220_15g	1706	Port Input	1	21881790	19139	4
210119_RL#220_15g	1706	Response	1	21881790	19139	4
210119_RL#220_15g	1706	Port Input	1	21881796	19144	4
210119_RL#220_15g	1706	Response	1	21881796	19144	4
210119_RL#220_15g	1707	Picture	666	21883289	0	3	20139	7	0	next	false_alarm	8167
210119_RL#220_15g	1707	Port Input	1	21883621	332	3
210119_RL#220_15g	1707	Response	1	21883621	332	3
210119_RL#220_15g	1707	Port Input	1	21883625	337	3
210119_RL#220_15g	1707	Response	1	21883625	337	3
210119_RL#220_15g	1707	Port Input	1	21885590	2301	4
210119_RL#220_15g	1707	Response	1	21885590	2301	4
210119_RL#220_15g	1707	Port Input	1	21885593	2304	4
210119_RL#220_15g	1707	Response	1	21885593	2304	4
210119_RL#220_15g	1707	Port Input	1	21885597	2308	4
210119_RL#220_15g	1707	Response	1	21885597	2308	4
210119_RL#220_15g	1707	Port Input	1	21887918	4629	4
210119_RL#220_15g	1707	Response	1	21887918	4629	4
210119_RL#220_15g	1707	Port Input	1	21889406	6117	4
210119_RL#220_15g	1707	Response	1	21889406	6117	4
210119_RL#220_15g	1707	Port Input	1	21892152	8863	4
210119_RL#220_15g	1707	Response	1	21892152	8863	4
210119_RL#220_15g	1707	Port Input	1	21895993	12704	4
210119_RL#220_15g	1707	Response	1	21895993	12704	4
210119_RL#220_15g	1707	Port Input	1	21895997	12708	4
210119_RL#220_15g	1707	Response	1	21895997	12708	4
210119_RL#220_15g	1708	Picture	777	21903428	0	4	20306	4	0	next	false_alarm	8188
210119_RL#220_15g	1708	Port Input	1	21904633	1205	4
210119_RL#220_15g	1708	Response	1	21904633	1205	4
210119_RL#220_15g	1708	Manual	1	21923439	20012	NA
210119_RL#220_15g	1709	Sound	12122	21925035	1301	1			0		other	0
210119_RL#220_15g	1709	Port Input	1	21926666	2932	4
210119_RL#220_15g	1709	Response	1	21926666	2932	4
210119_RL#220_15g	1710	Picture	55	21929060	0	1	5492	1	0	next	other	0
210119_RL#220_15g	1711	Picture	12	21934552	0	1	20804	2	0	next	false_alarm	8196
210119_RL#220_15g	1711	Port Input	1	21935453	901	4
210119_RL#220_15g	1711	Response	1	21935453	901	4
210119_RL#220_15g	1711	Port Input	1	21936367	1815	4
210119_RL#220_15g	1711	Response	1	21936367	1815	4
210119_RL#220_15g	1711	Port Input	1	21937421	2869	4
210119_RL#220_15g	1711	Response	1	21937421	2869	4
210119_RL#220_15g	1711	Port Input	1	21938519	3967	4
210119_RL#220_15g	1711	Response	1	21938519	3967	4
210119_RL#220_15g	1711	Port Input	1	21939677	5124	4
210119_RL#220_15g	1711	Response	1	21939677	5124	4
210119_RL#220_15g	1711	Port Input	1	21940940	6388	4
210119_RL#220_15g	1711	Response	1	21940940	6388	4
210119_RL#220_15g	1711	Port Input	1	21940943	6391	4
210119_RL#220_15g	1711	Response	1	21940943	6391	4
210119_RL#220_15g	1711	Port Input	1	21942242	7689	4
210119_RL#220_15g	1711	Response	1	21942242	7689	4
210119_RL#220_15g	1711	Port Input	1	21942245	7693	4
210119_RL#220_15g	1711	Response	1	21942245	7693	4
210119_RL#220_15g	1711	Port Input	1	21943566	9014	4
210119_RL#220_15g	1711	Response	1	21943566	9014	4
210119_RL#220_15g	1711	Port Input	1	21944815	10263	4
210119_RL#220_15g	1711	Response	1	21944815	10263	4
210119_RL#220_15g	1711	Port Input	1	21946102	11549	4
210119_RL#220_15g	1711	Response	1	21946102	11549	4
210119_RL#220_15g	1711	Port Input	1	21946105	11553	4
210119_RL#220_15g	1711	Response	1	21946105	11553	4
210119_RL#220_15g	1711	Port Input	1	21947469	12917	4
210119_RL#220_15g	1711	Response	1	21947469	12917	4
210119_RL#220_15g	1711	Port Input	1	21947472	12920	4
210119_RL#220_15g	1711	Response	1	21947472	12920	4
210119_RL#220_15g	1711	Port Input	1	21948897	14345	4
210119_RL#220_15g	1711	Response	1	21948897	14345	4
210119_RL#220_15g	1711	Port Input	1	21950460	15908	4
210119_RL#220_15g	1711	Response	1	21950460	15908	4
210119_RL#220_15g	1711	Port Input	1	21950465	15913	4
210119_RL#220_15g	1711	Response	1	21950465	15913	4
210119_RL#220_15g	1711	Port Input	1	21952005	17453	4
210119_RL#220_15g	1711	Response	1	21952005	17453	4
210119_RL#220_15g	1711	Port Input	1	21954089	19537	4
210119_RL#220_15g	1711	Response	1	21954089	19537	4
210119_RL#220_15g	1712	Picture	666	21955356	0	1	20303	3	0	next	false_alarm	8237
210119_RL#220_15g	1712	Port Input	1	21972622	17265	4
210119_RL#220_15g	1712	Response	1	21972622	17265	4
210119_RL#220_15g	1712	Port Input	1	21972625	17269	4
210119_RL#220_15g	1712	Response	1	21972625	17269	4
210119_RL#220_15g	1712	Port Input	1	21973899	18542	7
210119_RL#220_15g	1712	Response	1	21973899	18542	7
210119_RL#220_15g	1713	Picture	777	21975660	0	3	20305	6	0	next	false_alarm	8246
210119_RL#220_15g	1713	Port Input	1	21975668	8	6
210119_RL#220_15g	1713	Response	1	21975668	8	6
210119_RL#220_15g	1713	Port Input	1	21985540	9880	4
210119_RL#220_15g	1713	Response	1	21985540	9880	4
210119_RL#220_15g	1713	Port Input	1	21986993	11333	4
210119_RL#220_15g	1713	Response	1	21986993	11333	4
210119_RL#220_15g	1713	Manual	1	21995676	20016	NA
210119_RL#220_15g	1713	Port Input	1	21995823	20163	6
210119_RL#220_15g	1713	Response	1	21995823	20163	6
210119_RL#220_15g	1714	Sound	12122	21997035	1070	1			0		other	0
210119_RL#220_15g	1714	Port Input	1	21997254	1289	4
210119_RL#220_15g	1714	Response	1	21997254	1289	4
210119_RL#220_15g	1714	Port Input	1	22000464	4499	7
210119_RL#220_15g	1714	Response	1	22000464	4499	7
210119_RL#220_15g	1715	Picture	55	22001124	0	3	5492	6	0	next	false_alarm	8259
210119_RL#220_15g	1715	Port Input	1	22001995	871	4
210119_RL#220_15g	1715	Response	1	22001995	871	4
210119_RL#220_15g	1716	Picture	12	22006616	0	4	20638	6	0	next	false_alarm	8262
210119_RL#220_15g	1716	Port Input	1	22009629	3012	4
210119_RL#220_15g	1716	Response	1	22009629	3012	4
210119_RL#220_15g	1716	Port Input	1	22010608	3991	4
210119_RL#220_15g	1716	Response	1	22010608	3991	4
210119_RL#220_15g	1716	Port Input	1	22010612	3995	4
210119_RL#220_15g	1716	Response	1	22010612	3995	4
210119_RL#220_15g	1716	Port Input	1	22011638	5021	5
210119_RL#220_15g	1716	Response	1	22011638	5021	5
210119_RL#220_15g	1716	Port Input	1	22012757	6141	4
210119_RL#220_15g	1716	Response	1	22012757	6141	4
210119_RL#220_15g	1716	Port Input	1	22013923	7307	4
210119_RL#220_15g	1716	Response	1	22013923	7307	4
210119_RL#220_15g	1716	Port Input	1	22015144	8528	4
210119_RL#220_15g	1716	Response	1	22015144	8528	4
210119_RL#220_15g	1716	Port Input	1	22016361	9744	4
210119_RL#220_15g	1716	Response	1	22016361	9744	4
210119_RL#220_15g	1716	Port Input	1	22017640	11024	4
210119_RL#220_15g	1716	Response	1	22017640	11024	4
210119_RL#220_15g	1716	Port Input	1	22018972	12355	4
210119_RL#220_15g	1716	Response	1	22018972	12355	4
210119_RL#220_15g	1716	Port Input	1	22020538	13921	4
210119_RL#220_15g	1716	Response	1	22020538	13921	4
210119_RL#220_15g	1716	Port Input	1	22022070	15453	4
210119_RL#220_15g	1716	Response	1	22022070	15453	4
210119_RL#220_15g	1716	Port Input	1	22022074	15457	4
210119_RL#220_15g	1716	Response	1	22022074	15457	4
210119_RL#220_15g	1716	Port Input	1	22026002	19386	4
210119_RL#220_15g	1716	Response	1	22026002	19386	4
210119_RL#220_15g	1717	Picture	666	22027255	0	3	20306	4	0	next	false_alarm	8291
210119_RL#220_15g	1717	Port Input	1	22027673	418	3
210119_RL#220_15g	1717	Response	1	22027673	418	3
210119_RL#220_15g	1717	Port Input	1	22029203	1949	4
210119_RL#220_15g	1717	Response	1	22029203	1949	4
210119_RL#220_15g	1717	Port Input	1	22030908	3653	4
210119_RL#220_15g	1717	Response	1	22030908	3653	4
210119_RL#220_15g	1717	Port Input	1	22030912	3657	4
210119_RL#220_15g	1717	Response	1	22030912	3657	4
210119_RL#220_15g	1717	Port Input	1	22033025	5771	4
210119_RL#220_15g	1717	Response	1	22033025	5771	4
210119_RL#220_15g	1718	Picture	777	22047561	0	1	20305	2	0	next	false_alarm	8302
210119_RL#220_15g	1718	Port Input	1	22050014	2454	4
210119_RL#220_15g	1718	Response	1	22050014	2454	4
210119_RL#220_15g	1718	Port Input	1	22051407	3846	4
210119_RL#220_15g	1718	Response	1	22051407	3846	4
210119_RL#220_15g	1718	Port Input	1	22051412	3851	4
210119_RL#220_15g	1718	Response	1	22051412	3851	4
210119_RL#220_15g	1718	Port Input	1	22054903	7342	4
210119_RL#220_15g	1718	Response	1	22054903	7342	4
210119_RL#220_15g	1718	Port Input	1	22056611	9050	4
210119_RL#220_15g	1718	Response	1	22056611	9050	4
210119_RL#220_15g	1718	Manual	1	22067575	20015	NA
210119_RL#220_15g	1719	Sound	12122	22069035	1170	1			0		other	0
210119_RL#220_15g	1719	Port Input	1	22070483	2618	4
210119_RL#220_15g	1719	Response	1	22070483	2618	4
210119_RL#220_15g	1720	Picture	55	22073191	0	1	5491	3	0	next	other	0
210119_RL#220_15g	1721	Picture	12	22078683	0	2	20637	5	0	next	false_alarm	8318
210119_RL#220_15g	1721	Port Input	1	22081755	3072	4
210119_RL#220_15g	1721	Response	1	22081755	3072	4
210119_RL#220_15g	1721	Port Input	1	22082686	4003	4
210119_RL#220_15g	1721	Response	1	22082686	4003	4
210119_RL#220_15g	1721	Port Input	1	22083684	5001	4
210119_RL#220_15g	1721	Response	1	22083684	5001	4
210119_RL#220_15g	1721	Port Input	1	22084748	6066	4
210119_RL#220_15g	1721	Response	1	22084748	6066	4
210119_RL#220_15g	1721	Port Input	1	22085891	7208	4
210119_RL#220_15g	1721	Response	1	22085891	7208	4
210119_RL#220_15g	1721	Port Input	1	22087086	8403	4
210119_RL#220_15g	1721	Response	1	22087086	8403	4
210119_RL#220_15g	1721	Port Input	1	22087089	8407	4
210119_RL#220_15g	1721	Response	1	22087089	8407	4
210119_RL#220_15g	1721	Port Input	1	22088332	9649	4
210119_RL#220_15g	1721	Response	1	22088332	9649	4
210119_RL#220_15g	1721	Port Input	1	22089662	10980	4
210119_RL#220_15g	1721	Response	1	22089662	10980	4
210119_RL#220_15g	1721	Port Input	1	22089666	10983	4
210119_RL#220_15g	1721	Response	1	22089666	10983	4
210119_RL#220_15g	1721	Port Input	1	22090954	12271	4
210119_RL#220_15g	1721	Response	1	22090954	12271	4
210119_RL#220_15g	1721	Port Input	1	22090957	12275	4
210119_RL#220_15g	1721	Response	1	22090957	12275	4
210119_RL#220_15g	1721	Port Input	1	22092385	13703	4
210119_RL#220_15g	1721	Response	1	22092385	13703	4
210119_RL#220_15g	1721	Port Input	1	22092391	13708	4
210119_RL#220_15g	1721	Response	1	22092391	13708	4
210119_RL#220_15g	1721	Port Input	1	22093767	15084	4
210119_RL#220_15g	1721	Response	1	22093767	15084	4
210119_RL#220_15g	1721	Port Input	1	22093770	15087	4
210119_RL#220_15g	1721	Response	1	22093770	15087	4
210119_RL#220_15g	1721	Port Input	1	22095259	16577	5
210119_RL#220_15g	1721	Response	1	22095259	16577	5
210119_RL#220_15g	1721	Port Input	1	22095264	16581	4
210119_RL#220_15g	1721	Response	1	22095264	16581	4
210119_RL#220_15g	1721	Port Input	1	22096645	17963	4
210119_RL#220_15g	1721	Response	1	22096645	17963	4
210119_RL#220_15g	1721	Port Input	1	22097953	19271	4
210119_RL#220_15g	1721	Response	1	22097953	19271	4
210119_RL#220_15g	1722	Picture	666	22099320	0	3	20139	6	0	next	false_alarm	8359
210119_RL#220_15g	1722	Port Input	1	22099442	122	3
210119_RL#220_15g	1722	Response	1	22099442	122	3
210119_RL#220_15g	1722	Port Input	1	22099444	125	3
210119_RL#220_15g	1722	Response	1	22099444	125	3
210119_RL#220_15g	1722	Port Input	1	22101085	1765	4
210119_RL#220_15g	1722	Response	1	22101085	1765	4
210119_RL#220_15g	1722	Port Input	1	22101088	1769	4
210119_RL#220_15g	1722	Response	1	22101088	1769	4
210119_RL#220_15g	1722	Port Input	1	22102777	3458	4
210119_RL#220_15g	1722	Response	1	22102777	3458	4
210119_RL#220_15g	1722	Port Input	1	22104618	5298	6
210119_RL#220_15g	1722	Response	1	22104618	5298	6
210119_RL#220_15g	1722	Port Input	1	22104623	5304	4
210119_RL#220_15g	1722	Response	1	22104623	5304	4
210119_RL#220_15g	1722	Port Input	1	22106428	7109	4
210119_RL#220_15g	1722	Response	1	22106428	7109	4
210119_RL#220_15g	1722	Port Input	1	22106432	7112	4
210119_RL#220_15g	1722	Response	1	22106432	7112	4
210119_RL#220_15g	1722	Port Input	1	22108494	9175	4
210119_RL#220_15g	1722	Response	1	22108494	9175	4
210119_RL#220_15g	1722	Port Input	1	22108498	9178	4
210119_RL#220_15g	1722	Response	1	22108498	9178	4
210119_RL#220_15g	1722	Port Input	1	22112587	13268	4
210119_RL#220_15g	1722	Response	1	22112587	13268	4
210119_RL#220_15g	1723	Picture	777	22119459	0	3	20138	6	0	next	false_alarm	8384
210119_RL#220_15g	1723	Port Input	1	22134979	15520	4
210119_RL#220_15g	1723	Response	1	22134979	15520	4
210119_RL#220_15g	1723	Manual	1	22139473	20015	NA
210119_RL#220_15g	1724	Sound	12112	22141035	1438	1			0		other	0
210119_RL#220_15g	1724	Port Input	1	22142927	3330	4
210119_RL#220_15g	1724	Response	1	22142927	3330	4
210119_RL#220_15g	1724	Port Input	1	22144351	4754	4
210119_RL#220_15g	1724	Response	1	22144351	4754	4
210119_RL#220_15g	1725	Picture	55	22144757	0	4	5492	7	0	next	false_alarm	8393
210119_RL#220_15g	1725	Port Input	1	22146028	1272	4
210119_RL#220_15g	1725	Response	1	22146028	1272	4
210119_RL#220_15g	1726	Picture	4442	22150249	0	4	80721	6	0	next	false_alarm	8396
210119_RL#220_15g	1726	Port Input	1	22150914	666	3
210119_RL#220_15g	1726	Response	1	22150914	666	3
210119_RL#220_15g	1726	Port Input	1	22153179	2930	4
210119_RL#220_15g	1726	Response	1	22153179	2930	4
210119_RL#220_15g	1726	Port Input	1	22155866	5617	4
210119_RL#220_15g	1726	Response	1	22155866	5617	4
210119_RL#220_15g	1726	Port Input	1	22159602	9353	4
210119_RL#220_15g	1726	Response	1	22159602	9353	4
210119_RL#220_15g	1726	Port Input	1	22172604	22355	4
210119_RL#220_15g	1726	Response	1	22172604	22355	4
210119_RL#220_15g	1726	Port Input	1	22172608	22359	4
210119_RL#220_15g	1726	Response	1	22172608	22359	4
210119_RL#220_15g	1726	Port Input	1	22175914	25665	4
210119_RL#220_15g	1726	Response	1	22175914	25665	4
210119_RL#220_15g	1726	Port Input	1	22182153	31904	4
210119_RL#220_15g	1726	Response	1	22182153	31904	4
210119_RL#220_15g	1726	Port Input	1	22182156	31908	4
210119_RL#220_15g	1726	Response	1	22182156	31908	4
210119_RL#220_15g	1726	Port Input	1	22185765	35517	4
210119_RL#220_15g	1726	Response	1	22185765	35517	4
210119_RL#220_15g	1726	Port Input	1	22213565	63316	4
210119_RL#220_15g	1726	Response	1	22213565	63316	4
210119_RL#220_15g	1726	Port Input	1	22213569	63320	4
210119_RL#220_15g	1726	Response	1	22213569	63320	4
210119_RL#220_15g	1726	Port Input	1	22222899	72651	4
210119_RL#220_15g	1726	Response	1	22222899	72651	4
210119_RL#220_15g	1726	Port Input	1	22230514	80265	224
210119_RL#220_15g	1726	Response	1	22230514	80265	224
210119_RL#220_15g	1727	Picture	666	22230969	0	3	20139	6	0	next	false_alarm	8425
210119_RL#220_15g	1727	Port Input	1	22242963	11994	4
210119_RL#220_15g	1727	Response	1	22242963	11994	4
210119_RL#220_15g	1727	Port Input	1	22249934	18965	4
210119_RL#220_15g	1727	Response	1	22249934	18965	4
210119_RL#220_15g	1728	Picture	777	22251108	0	3	20306	4	0	next	false_alarm	8430
210119_RL#220_15g	1728	Port Input	1	22267535	16427	4
210119_RL#220_15g	1728	Response	1	22267535	16427	4
210119_RL#220_15g	1728	Port Input	1	22267540	16433	4
210119_RL#220_15g	1728	Response	1	22267540	16433	4
210119_RL#220_15g	1728	Manual	1	22271121	20013	NA
210119_RL#220_15g	1729	Sound	12112	22273036	1622	1			0		other	0
210119_RL#220_15g	1729	Port Input	1	22274944	3530	4
210119_RL#220_15g	1729	Response	1	22274944	3530	4
210119_RL#220_15g	1730	Picture	55	22276740	0	1	5659	2	0	next	other	0
210119_RL#220_15g	1731	Picture	4442	22282399	0	1	80719	4	0	next	false_alarm	8440
210119_RL#220_15g	1731	Port Input	1	22283528	1129	4
210119_RL#220_15g	1731	Response	1	22283528	1129	4
210119_RL#220_15g	1731	Port Input	1	22313585	31186	4
210119_RL#220_15g	1731	Response	1	22313585	31186	4
210119_RL#220_15g	1731	Port Input	1	22313589	31190	4
210119_RL#220_15g	1731	Response	1	22313589	31190	4
210119_RL#220_15g	1731	Port Input	1	22320878	38480	4
210119_RL#220_15g	1731	Response	1	22320878	38480	4
210119_RL#220_15g	1731	Port Input	1	22326944	44545	4
210119_RL#220_15g	1731	Response	1	22326944	44545	4
210119_RL#220_15g	1731	Port Input	1	22326947	44549	4
210119_RL#220_15g	1731	Response	1	22326947	44549	4
210119_RL#220_15g	1731	Port Input	1	22328657	46258	4
210119_RL#220_15g	1731	Response	1	22328657	46258	4
210119_RL#220_15g	1731	Port Input	1	22335505	53106	4
210119_RL#220_15g	1731	Response	1	22335505	53106	4
210119_RL#220_15g	1731	Port Input	1	22335509	53110	4
210119_RL#220_15g	1731	Response	1	22335509	53110	4
210119_RL#220_15g	1731	Port Input	1	22353603	71204	4
210119_RL#220_15g	1731	Response	1	22353603	71204	4
210119_RL#220_15g	1731	Port Input	1	22353606	71207	4
210119_RL#220_15g	1731	Response	1	22353606	71207	4
210119_RL#220_15g	1731	Port Input	1	22359222	76823	4
210119_RL#220_15g	1731	Response	1	22359222	76823	4
210119_RL#220_15g	1731	Port Input	1	22359226	76827	4
210119_RL#220_15g	1731	Response	1	22359226	76827	4
210119_RL#220_15g	1731	Port Input	1	22361874	79475	4
210119_RL#220_15g	1731	Response	1	22361874	79475	4
210119_RL#220_15g	1731	Port Input	1	22361877	79479	4
210119_RL#220_15g	1731	Response	1	22361877	79479	4
210119_RL#220_15g	1732	Picture	666	22363117	0	3	20139	7	0	next	false_alarm	8471
210119_RL#220_15g	1732	Port Input	1	22367260	4143	5
210119_RL#220_15g	1732	Response	1	22367260	4143	5
210119_RL#220_15g	1732	Port Input	1	22371448	8331	4
210119_RL#220_15g	1732	Response	1	22371448	8331	4
210119_RL#220_15g	1733	Picture	777	22383256	0	4	20306	5	0	next	false_alarm	8476
210119_RL#220_15g	1733	Port Input	1	22395058	11802	4
210119_RL#220_15g	1733	Response	1	22395058	11802	4
210119_RL#220_15g	1733	Port Input	1	22395061	11805	4
210119_RL#220_15g	1733	Response	1	22395061	11805	4
210119_RL#220_15g	1733	Port Input	1	22396924	13668	4
210119_RL#220_15g	1733	Response	1	22396924	13668	4
210119_RL#220_15g	1733	Port Input	1	22396927	13671	4
210119_RL#220_15g	1733	Response	1	22396927	13671	4
210119_RL#220_15g	1733	Port Input	1	22402637	19382	4
210119_RL#220_15g	1733	Response	1	22402637	19382	4
210119_RL#220_15g	1733	Manual	1	22403274	20018	NA
210119_RL#220_15g	1734	Sound	12122	22405036	1474	1			0		other	0
210119_RL#220_15g	1734	Port Input	1	22407408	3846	4
210119_RL#220_15g	1734	Response	1	22407408	3846	4
210119_RL#220_15g	1735	Picture	55	22408888	0	1	5659	1	0	next	other	0
210119_RL#220_15g	1736	Picture	12	22414547	0	1	20970	3	0	next	false_alarm	8492
210119_RL#220_15g	1736	Port Input	1	22423809	9262	4
210119_RL#220_15g	1736	Response	1	22423809	9262	4
210119_RL#220_15g	1736	Port Input	1	22424789	10242	4
210119_RL#220_15g	1736	Response	1	22424789	10242	4
210119_RL#220_15g	1736	Port Input	1	22425835	11289	4
210119_RL#220_15g	1736	Response	1	22425835	11289	4
210119_RL#220_15g	1736	Port Input	1	22426928	12381	4
210119_RL#220_15g	1736	Response	1	22426928	12381	4
210119_RL#220_15g	1736	Port Input	1	22428037	13490	5
210119_RL#220_15g	1736	Response	1	22428037	13490	5
210119_RL#220_15g	1736	Port Input	1	22429243	14696	4
210119_RL#220_15g	1736	Response	1	22429243	14696	4
210119_RL#220_15g	1736	Port Input	1	22429246	14699	4
210119_RL#220_15g	1736	Response	1	22429246	14699	4
210119_RL#220_15g	1736	Port Input	1	22430482	15935	4
210119_RL#220_15g	1736	Response	1	22430482	15935	4
210119_RL#220_15g	1736	Port Input	1	22431858	17311	4
210119_RL#220_15g	1736	Response	1	22431858	17311	4
210119_RL#220_15g	1736	Port Input	1	22431863	17316	4
210119_RL#220_15g	1736	Response	1	22431863	17316	4
210119_RL#220_15g	1736	Port Input	1	22433248	18701	4
210119_RL#220_15g	1736	Response	1	22433248	18701	4
210119_RL#220_15g	1736	Port Input	1	22433253	18706	4
210119_RL#220_15g	1736	Response	1	22433253	18706	4
210119_RL#220_15g	1736	Port Input	1	22434549	20003	460
210119_RL#220_15g	1736	Response	1	22434549	20003	460
210119_RL#220_15g	1737	Picture	666	22435517	0	2	20305	5	0	next	false_alarm	8519
210119_RL#220_15g	1737	Port Input	1	22436474	957	4
210119_RL#220_15g	1737	Response	1	22436474	957	4
210119_RL#220_15g	1737	Port Input	1	22438205	2689	4
210119_RL#220_15g	1737	Response	1	22438205	2689	4
210119_RL#220_15g	1737	Port Input	1	22441652	6135	4
210119_RL#220_15g	1737	Response	1	22441652	6135	4
210119_RL#220_15g	1737	Port Input	1	22444336	8819	4
210119_RL#220_15g	1737	Response	1	22444336	8819	4
210119_RL#220_15g	1737	Port Input	1	22452723	17206	4
210119_RL#220_15g	1737	Response	1	22452723	17206	4
210119_RL#220_15g	1737	Port Input	1	22452727	17210	4
210119_RL#220_15g	1737	Response	1	22452727	17210	4
210119_RL#220_15g	1737	Port Input	1	22454303	18786	4
210119_RL#220_15g	1737	Response	1	22454303	18786	4
210119_RL#220_15g	1738	Picture	777	22455821	0	3	20305	6	0	next	false_alarm	8534
210119_RL#220_15g	1738	Port Input	1	22457894	2072	4
210119_RL#220_15g	1738	Response	1	22457894	2072	4
210119_RL#220_15g	1738	Port Input	1	22457899	2078	5
210119_RL#220_15g	1738	Response	1	22457899	2078	5
210119_RL#220_15g	1738	Port Input	1	22462420	6599	4
210119_RL#220_15g	1738	Response	1	22462420	6599	4
210119_RL#220_15g	1738	Port Input	1	22462424	6603	4
210119_RL#220_15g	1738	Response	1	22462424	6603	4
210119_RL#220_15g	1738	Port Input	1	22475562	19741	4
210119_RL#220_15g	1738	Response	1	22475562	19741	4
210119_RL#220_15g	1738	Manual	1	22475838	20017	NA
210119_RL#220_15g	1739	Sound	12112	22478036	1910	1			0		other	0
210119_RL#220_15g	1739	Port Input	1	22480391	4265	4
210119_RL#220_15g	1739	Response	1	22480391	4265	4
210119_RL#220_15g	1739	Port Input	1	22480394	4268	4
210119_RL#220_15g	1739	Response	1	22480394	4268	4
210119_RL#220_15g	1740	Picture	55	22481285	0	4	5492	7	0	next	false_alarm	8551
210119_RL#220_15g	1740	Port Input	1	22482342	1057	4
210119_RL#220_15g	1740	Response	1	22482342	1057	4
210119_RL#220_15g	1740	Port Input	1	22486289	5003	269
210119_RL#220_15g	1740	Response	1	22486289	5003	269
210119_RL#220_15g	1741	Picture	4442	22486778	0	4	80554	6	0	next	false_alarm	8556
210119_RL#220_15g	1741	Port Input	1	22491984	5206	4
210119_RL#220_15g	1741	Response	1	22491984	5206	4
210119_RL#220_15g	1741	Port Input	1	22497746	10968	4
210119_RL#220_15g	1741	Response	1	22497746	10968	4
210119_RL#220_15g	1741	Port Input	1	22501370	14593	4
210119_RL#220_15g	1741	Response	1	22501370	14593	4
210119_RL#220_15g	1741	Port Input	1	22516807	30030	4
210119_RL#220_15g	1741	Response	1	22516807	30030	4
210119_RL#220_15g	1741	Port Input	1	22521919	35141	5
210119_RL#220_15g	1741	Response	1	22521919	35141	5
210119_RL#220_15g	1741	Port Input	1	22529050	42272	5
210119_RL#220_15g	1741	Response	1	22529050	42272	5
210119_RL#220_15g	1741	Port Input	1	22529054	42276	4
210119_RL#220_15g	1741	Response	1	22529054	42276	4
210119_RL#220_15g	1741	Port Input	1	22559783	73005	4
210119_RL#220_15g	1741	Response	1	22559783	73005	4
210119_RL#220_15g	1741	Port Input	1	22559788	73010	4
210119_RL#220_15g	1741	Response	1	22559788	73010	4
210119_RL#220_15g	1741	Port Input	1	22561117	74340	4
210119_RL#220_15g	1741	Response	1	22561117	74340	4
210119_RL#220_15g	1741	Port Input	1	22561124	74346	4
210119_RL#220_15g	1741	Response	1	22561124	74346	4
210119_RL#220_15g	1742	Picture	666	22567332	0	3	20307	4	0	next	false_alarm	8579
210119_RL#220_15g	1742	Port Input	1	22569233	1901	4
210119_RL#220_15g	1742	Response	1	22569233	1901	4
210119_RL#220_15g	1742	Port Input	1	22572268	4936	4
210119_RL#220_15g	1742	Response	1	22572268	4936	4
210119_RL#220_15g	1742	Port Input	1	22579988	12657	4
210119_RL#220_15g	1742	Response	1	22579988	12657	4
210119_RL#220_15g	1743	Picture	777	22587638	0	1	20137	4	0	next	false_alarm	8586
210119_RL#220_15g	1743	Port Input	1	22599051	11413	4
210119_RL#220_15g	1743	Response	1	22599051	11413	4
210119_RL#220_15g	1743	Port Input	1	22600910	13272	4
210119_RL#220_15g	1743	Response	1	22600910	13272	4
210119_RL#220_15g	1743	Manual	2	22607652	20013	NA
210119_RL#220_15g	1744	Sound	12122	22609036	1261	1			0		other	0
210119_RL#220_15g	1744	Port Input	1	22610624	2848	4
210119_RL#220_15g	1744	Response	1	22610624	2848	4
210119_RL#220_15g	1745	Picture	55	22612935	0	3	5492	7	0	next	other	0
210119_RL#220_15g	1746	Picture	12	22618427	0	4	20973	4	0	next	false_alarm	8596
210119_RL#220_15g	1746	Port Input	1	22620360	1933	5
210119_RL#220_15g	1746	Response	1	22620360	1933	5
210119_RL#220_15g	1746	Port Input	1	22621190	2764	5
210119_RL#220_15g	1746	Response	1	22621190	2764	5
210119_RL#220_15g	1746	Port Input	1	22622156	3729	4
210119_RL#220_15g	1746	Response	1	22622156	3729	4
210119_RL#220_15g	1746	Port Input	1	22623162	4736	4
210119_RL#220_15g	1746	Response	1	22623162	4736	4
210119_RL#220_15g	1746	Port Input	1	22624254	5827	4
210119_RL#220_15g	1746	Response	1	22624254	5827	4
210119_RL#220_15g	1746	Port Input	1	22625408	6981	4
210119_RL#220_15g	1746	Response	1	22625408	6981	4
210119_RL#220_15g	1746	Port Input	1	22626549	8123	5
210119_RL#220_15g	1746	Response	1	22626549	8123	5
210119_RL#220_15g	1746	Port Input	1	22627761	9335	4
210119_RL#220_15g	1746	Response	1	22627761	9335	4
210119_RL#220_15g	1746	Port Input	1	22629051	10625	4
210119_RL#220_15g	1746	Response	1	22629051	10625	4
210119_RL#220_15g	1746	Port Input	1	22629055	10628	4
210119_RL#220_15g	1746	Response	1	22629055	10628	4
210119_RL#220_15g	1746	Port Input	1	22630360	11933	5
210119_RL#220_15g	1746	Response	1	22630360	11933	5
210119_RL#220_15g	1746	Port Input	1	22630366	11939	4
210119_RL#220_15g	1746	Response	1	22630366	11939	4
210119_RL#220_15g	1746	Port Input	1	22631793	13367	4
210119_RL#220_15g	1746	Response	1	22631793	13367	4
210119_RL#220_15g	1746	Port Input	1	22633344	14918	4
210119_RL#220_15g	1746	Response	1	22633344	14918	4
210119_RL#220_15g	1746	Port Input	1	22634996	16569	4
210119_RL#220_15g	1746	Response	1	22634996	16569	4
210119_RL#220_15g	1746	Port Input	1	22636731	18305	4
210119_RL#220_15g	1746	Response	1	22636731	18305	4
210119_RL#220_15g	1746	Port Input	1	22636735	18308	4
210119_RL#220_15g	1746	Response	1	22636735	18308	4
210119_RL#220_15g	1746	Port Input	1	22638297	19871	4
210119_RL#220_15g	1746	Response	1	22638297	19871	4
210119_RL#220_15g	1747	Picture	666	22639399	0	1	20305	1	0	next	false_alarm	8633
210119_RL#220_15g	1747	Port Input	1	22640194	795	4
210119_RL#220_15g	1747	Response	1	22640194	795	4
210119_RL#220_15g	1747	Port Input	1	22642195	2796	4
210119_RL#220_15g	1747	Response	1	22642195	2796	4
210119_RL#220_15g	1747	Port Input	1	22644354	4955	4
210119_RL#220_15g	1747	Response	1	22644354	4955	4
210119_RL#220_15g	1747	Port Input	1	22644358	4959	4
210119_RL#220_15g	1747	Response	1	22644358	4959	4
210119_RL#220_15g	1747	Port Input	1	22648944	9545	4
210119_RL#220_15g	1747	Response	1	22648944	9545	4
210119_RL#220_15g	1747	Port Input	1	22648947	9548	4
210119_RL#220_15g	1747	Response	1	22648947	9548	4
210119_RL#220_15g	1747	Port Input	1	22650754	11355	4
210119_RL#220_15g	1747	Response	1	22650754	11355	4
210119_RL#220_15g	1747	Port Input	1	22659637	20238	6
210119_RL#220_15g	1747	Response	1	22659637	20238	6
210119_RL#220_15g	1748	Picture	777	22659704	0	1	20303	4	0	next	false_alarm	8650
210119_RL#220_15g	1748	Port Input	1	22663627	3924	4
210119_RL#220_15g	1748	Response	1	22663627	3924	4
210119_RL#220_15g	1748	Port Input	1	22668641	8937	5
210119_RL#220_15g	1748	Response	1	22668641	8937	5
210119_RL#220_15g	1748	Port Input	1	22668645	8941	4
210119_RL#220_15g	1748	Response	1	22668645	8941	4
210119_RL#220_15g	1748	Port Input	1	22678467	18763	4
210119_RL#220_15g	1748	Response	1	22678467	18763	4
210119_RL#220_15g	1748	Port Input	1	22678470	18766	5
210119_RL#220_15g	1748	Response	1	22678470	18766	5
210119_RL#220_15g	1748	Manual	1	22679716	20012	NA
210119_RL#220_15g	1749	Sound	12112	22681036	1029	1			0		other	0
210119_RL#220_15g	1749	Port Input	1	22682487	2480	4
210119_RL#220_15g	1749	Response	1	22682487	2480	4
210119_RL#220_15g	1749	Port Input	1	22682491	2484	4
210119_RL#220_15g	1749	Response	1	22682491	2484	4
210119_RL#220_15g	1750	Picture	55	22685334	0	3	5488	9	0	next	false_alarm	8667
210119_RL#220_15g	1750	Port Input	1	22685647	314	4
210119_RL#220_15g	1750	Response	1	22685647	314	4
210119_RL#220_15g	1750	Port Input	1	22686246	913	4
210119_RL#220_15g	1750	Response	1	22686246	913	4
210119_RL#220_15g	1750	Port Input	1	22689563	4229	4
210119_RL#220_15g	1750	Response	1	22689563	4229	4
210119_RL#220_15g	1750	Port Input	1	22689568	4234	4
210119_RL#220_15g	1750	Response	1	22689568	4234	4
210119_RL#220_15g	1751	Picture	4442	22690822	0	7	80726	7	0	next	false_alarm	8676
210119_RL#220_15g	1751	Port Input	1	22695544	4722	4
210119_RL#220_15g	1751	Response	1	22695544	4722	4
210119_RL#220_15g	1751	Port Input	1	22714809	23987	4
210119_RL#220_15g	1751	Response	1	22714809	23987	4
210119_RL#220_15g	1751	Port Input	1	22718910	28089	4
210119_RL#220_15g	1751	Response	1	22718910	28089	4
210119_RL#220_15g	1751	Port Input	1	22729243	38421	4
210119_RL#220_15g	1751	Response	1	22729243	38421	4
210119_RL#220_15g	1751	Port Input	1	22737682	46860	4
210119_RL#220_15g	1751	Response	1	22737682	46860	4
210119_RL#220_15g	1751	Port Input	1	22741422	50600	4
210119_RL#220_15g	1751	Response	1	22741422	50600	4
210119_RL#220_15g	1751	Port Input	1	22741427	50606	4
210119_RL#220_15g	1751	Response	1	22741427	50606	4
210119_RL#220_15g	1752	Picture	666	22771547	0	1	20304	3	0	next	false_alarm	8691
210119_RL#220_15g	1752	Port Input	1	22773700	2152	4
210119_RL#220_15g	1752	Response	1	22773700	2152	4
210119_RL#220_15g	1752	Port Input	1	22786891	15344	4
210119_RL#220_15g	1752	Response	1	22786891	15344	4
210119_RL#220_15g	1753	Picture	777	22791851	0	3	20304	5	0	next	false_alarm	8696
210119_RL#220_15g	1753	Port Input	1	22802322	10471	4
210119_RL#220_15g	1753	Response	1	22802322	10471	4
210119_RL#220_15g	1753	Manual	2	22811868	20017	NA
210119_RL#220_15g	1754	Sound	12122	22814036	1881	1			0		other	0
210119_RL#220_15g	1754	Port Input	1	22815818	3663	8
210119_RL#220_15g	1754	Response	1	22815818	3663	8
210119_RL#220_15g	1754	Port Input	1	22815827	3671	5
210119_RL#220_15g	1754	Response	1	22815827	3671	5
210119_RL#220_15g	1755	Picture	55	22817315	0	3	5491	7	0	next	other	0
210119_RL#220_15g	1756	Picture	12	22822806	0	5	20639	8	0	next	false_alarm	8706
210119_RL#220_15g	1756	Port Input	1	22827453	4647	4
210119_RL#220_15g	1756	Response	1	22827453	4647	4
210119_RL#220_15g	1756	Port Input	1	22828452	5647	4
210119_RL#220_15g	1756	Response	1	22828452	5647	4
210119_RL#220_15g	1756	Port Input	1	22829506	6700	3
210119_RL#220_15g	1756	Response	1	22829506	6700	3
210119_RL#220_15g	1756	Port Input	1	22830611	7805	4
210119_RL#220_15g	1756	Response	1	22830611	7805	4
210119_RL#220_15g	1756	Port Input	1	22831813	9007	4
210119_RL#220_15g	1756	Response	1	22831813	9007	4
210119_RL#220_15g	1756	Port Input	1	22831816	9010	4
210119_RL#220_15g	1756	Response	1	22831816	9010	4
210119_RL#220_15g	1756	Port Input	1	22832970	10164	5
210119_RL#220_15g	1756	Response	1	22832970	10164	5
210119_RL#220_15g	1756	Port Input	1	22832975	10169	4
210119_RL#220_15g	1756	Response	1	22832975	10169	4
210119_RL#220_15g	1756	Port Input	1	22834230	11424	4
210119_RL#220_15g	1756	Response	1	22834230	11424	4
210119_RL#220_15g	1756	Port Input	1	22835552	12746	4
210119_RL#220_15g	1756	Response	1	22835552	12746	4
210119_RL#220_15g	1756	Port Input	1	22835556	12750	4
210119_RL#220_15g	1756	Response	1	22835556	12750	4
210119_RL#220_15g	1756	Port Input	1	22837007	14201	4
210119_RL#220_15g	1756	Response	1	22837007	14201	4
210119_RL#220_15g	1756	Port Input	1	22837011	14205	4
210119_RL#220_15g	1756	Response	1	22837011	14205	4
210119_RL#220_15g	1756	Port Input	1	22838460	15654	5
210119_RL#220_15g	1756	Response	1	22838460	15654	5
210119_RL#220_15g	1756	Port Input	1	22840053	17248	4
210119_RL#220_15g	1756	Response	1	22840053	17248	4
210119_RL#220_15g	1756	Port Input	1	22840057	17251	4
210119_RL#220_15g	1756	Response	1	22840057	17251	4
210119_RL#220_15g	1756	Port Input	1	22842808	20002	222
210119_RL#220_15g	1756	Response	1	22842808	20002	222
210119_RL#220_15g	1757	Picture	666	22843445	0	4	20139	7	0	next	false_alarm	8741
210119_RL#220_15g	1757	Port Input	1	22845054	1609	4
210119_RL#220_15g	1757	Response	1	22845054	1609	4
210119_RL#220_15g	1757	Port Input	1	22845060	1614	4
210119_RL#220_15g	1757	Response	1	22845060	1614	4
210119_RL#220_15g	1757	Port Input	1	22858604	15159	5
210119_RL#220_15g	1757	Response	1	22858604	15159	5
210119_RL#220_15g	1757	Port Input	1	22859975	16530	4
210119_RL#220_15g	1757	Response	1	22859975	16530	4
210119_RL#220_15g	1757	Port Input	1	22859979	16534	4
210119_RL#220_15g	1757	Response	1	22859979	16534	4
210119_RL#220_15g	1758	Picture	777	22863584	0	4	20306	4	0	next	false_alarm	8752
210119_RL#220_15g	1758	Port Input	1	22870464	6880	4
210119_RL#220_15g	1758	Response	1	22870464	6880	4
210119_RL#220_15g	1758	Port Input	1	22870467	6884	4
210119_RL#220_15g	1758	Response	1	22870467	6884	4
210119_RL#220_15g	1758	Port Input	1	22871958	8374	4
210119_RL#220_15g	1758	Response	1	22871958	8374	4
210119_RL#220_15g	1758	Manual	1	22883597	20013	NA
210119_RL#220_15g	1759	Sound	12122	22886036	2146	1			0		other	0
210119_RL#220_15g	1759	Port Input	1	22887540	3650	4
210119_RL#220_15g	1759	Response	1	22887540	3650	4
210119_RL#220_15g	1760	Picture	55	22889216	0	1	5492	1	0	next	other	0
210119_RL#220_15g	1761	Picture	12	22894708	0	1	20636	3	0	next	false_alarm	8764
210119_RL#220_15g	1761	Port Input	1	22897174	2466	4
210119_RL#220_15g	1761	Response	1	22897174	2466	4
210119_RL#220_15g	1761	Port Input	1	22898123	3414	4
210119_RL#220_15g	1761	Response	1	22898123	3414	4
210119_RL#220_15g	1761	Port Input	1	22899113	4405	4
210119_RL#220_15g	1761	Response	1	22899113	4405	4
210119_RL#220_15g	1761	Port Input	1	22900240	5532	4
210119_RL#220_15g	1761	Response	1	22900240	5532	4
210119_RL#220_15g	1761	Port Input	1	22901376	6667	4
210119_RL#220_15g	1761	Response	1	22901376	6667	4
210119_RL#220_15g	1761	Port Input	1	22902587	7879	4
210119_RL#220_15g	1761	Response	1	22902587	7879	4
210119_RL#220_15g	1761	Port Input	1	22903786	9078	4
210119_RL#220_15g	1761	Response	1	22903786	9078	4
210119_RL#220_15g	1761	Port Input	1	22905031	10323	4
210119_RL#220_15g	1761	Response	1	22905031	10323	4
210119_RL#220_15g	1761	Port Input	1	22905035	10326	4
210119_RL#220_15g	1761	Response	1	22905035	10326	4
210119_RL#220_15g	1761	Port Input	1	22906374	11665	4
210119_RL#220_15g	1761	Response	1	22906374	11665	4
210119_RL#220_15g	1761	Port Input	1	22906379	11671	4
210119_RL#220_15g	1761	Response	1	22906379	11671	4
210119_RL#220_15g	1761	Port Input	1	22907875	13167	5
210119_RL#220_15g	1761	Response	1	22907875	13167	5
210119_RL#220_15g	1761	Port Input	1	22909254	14546	4
210119_RL#220_15g	1761	Response	1	22909254	14546	4
210119_RL#220_15g	1761	Port Input	1	22909258	14550	5
210119_RL#220_15g	1761	Response	1	22909258	14550	5
210119_RL#220_15g	1761	Port Input	1	22910737	16029	4
210119_RL#220_15g	1761	Response	1	22910737	16029	4
210119_RL#220_15g	1761	Port Input	1	22910741	16033	4
210119_RL#220_15g	1761	Response	1	22910741	16033	4
210119_RL#220_15g	1761	Port Input	1	22912295	17587	4
210119_RL#220_15g	1761	Response	1	22912295	17587	4
210119_RL#220_15g	1761	Port Input	1	22913753	19044	4
210119_RL#220_15g	1761	Response	1	22913753	19044	4
210119_RL#220_15g	1762	Picture	666	22915344	0	3	20305	6	0	next	false_alarm	8801
210119_RL#220_15g	1762	Port Input	1	22915600	256	4
210119_RL#220_15g	1762	Response	1	22915600	256	4
210119_RL#220_15g	1762	Port Input	1	22915604	260	4
210119_RL#220_15g	1762	Response	1	22915604	260	4
210119_RL#220_15g	1762	Port Input	1	22917395	2051	4
210119_RL#220_15g	1762	Response	1	22917395	2051	4
210119_RL#220_15g	1762	Port Input	1	22917399	2054	4
210119_RL#220_15g	1762	Response	1	22917399	2054	4
210119_RL#220_15g	1762	Port Input	1	22920680	5336	4
210119_RL#220_15g	1762	Response	1	22920680	5336	4
210119_RL#220_15g	1762	Port Input	1	22929228	13883	4
210119_RL#220_15g	1762	Response	1	22929228	13883	4
210119_RL#220_15g	1762	Port Input	1	22930835	15490	4
210119_RL#220_15g	1762	Response	1	22930835	15490	4
210119_RL#220_15g	1763	Picture	777	22935649	0	3	20139	6	0	next	false_alarm	8816
210119_RL#220_15g	1763	Port Input	1	22941733	6084	4
210119_RL#220_15g	1763	Response	1	22941733	6084	4
210119_RL#220_15g	1763	Port Input	1	22943045	7395	4
210119_RL#220_15g	1763	Response	1	22943045	7395	4
210119_RL#220_15g	1763	Port Input	1	22944913	9264	4
210119_RL#220_15g	1763	Response	1	22944913	9264	4
210119_RL#220_15g	1763	Port Input	1	22944917	9267	4
210119_RL#220_15g	1763	Response	1	22944917	9267	4
210119_RL#220_15g	1763	Port Input	1	22944920	9271	5
210119_RL#220_15g	1763	Response	1	22944920	9271	5
210119_RL#220_15g	1763	Port Input	1	22953806	18157	4
210119_RL#220_15g	1763	Response	1	22953806	18157	4
210119_RL#220_15g	1763	Port Input	1	22955467	19817	4
210119_RL#220_15g	1763	Response	1	22955467	19817	4
210119_RL#220_15g	1763	Port Input	1	22955473	19823	3
210119_RL#220_15g	1763	Response	1	22955473	19823	3
210119_RL#220_15g	1763	Manual	2	22955663	20014	NA
210119_RL#220_15g	1764	Port Input	1	22956100	312	4
210119_RL#220_15g	1764	Response	1	22956100	312	4
210119_RL#220_15g	1764	Port Input	1	22956104	316	4
210119_RL#220_15g	1764	Response	1	22956104	316	4
210119_RL#220_15g	1764	Sound	12112	22957036	1248	1			0		other	0
210119_RL#220_15g	1764	Port Input	1	22958616	2827	4
210119_RL#220_15g	1764	Response	1	22958616	2827	4
210119_RL#220_15g	1764	Port Input	1	22960366	4578	4
210119_RL#220_15g	1764	Response	1	22960366	4578	4
210119_RL#220_15g	1765	Picture	55	22960948	0	3	5492	7	0	next	false_alarm	8843
210119_RL#220_15g	1765	Port Input	1	22964449	3501	4
210119_RL#220_15g	1765	Response	1	22964449	3501	4
210119_RL#220_15g	1765	Port Input	1	22964452	3504	4
210119_RL#220_15g	1765	Response	1	22964452	3504	4
210119_RL#220_15g	1765	Port Input	1	22965950	5002	260
210119_RL#220_15g	1765	Response	1	22965950	5002	260
210119_RL#220_15g	1766	Picture	4442	22966440	0	4	80888	5	0	next	false_alarm	8850
210119_RL#220_15g	1766	Port Input	1	22969836	3396	4
210119_RL#220_15g	1766	Response	1	22969836	3396	4
210119_RL#220_15g	1766	Port Input	1	22973550	7110	4
210119_RL#220_15g	1766	Response	1	22973550	7110	4
210119_RL#220_15g	1766	Port Input	1	22973555	7115	4
210119_RL#220_15g	1766	Response	1	22973555	7115	4
210119_RL#220_15g	1766	Port Input	1	22978435	11996	4
210119_RL#220_15g	1766	Response	1	22978435	11996	4
210119_RL#220_15g	1766	Port Input	1	23010497	44057	4
210119_RL#220_15g	1766	Response	1	23010497	44057	4
210119_RL#220_15g	1766	Port Input	1	23014949	48510	4
210119_RL#220_15g	1766	Response	1	23014949	48510	4
210119_RL#220_15g	1766	Port Input	1	23014953	48514	4
210119_RL#220_15g	1766	Response	1	23014953	48514	4
210119_RL#220_15g	1766	Port Input	1	23023702	57262	4
210119_RL#220_15g	1766	Response	1	23023702	57262	4
210119_RL#220_15g	1766	Port Input	1	23027951	61512	4
210119_RL#220_15g	1766	Response	1	23027951	61512	4
210119_RL#220_15g	1766	Port Input	1	23034413	67973	4
210119_RL#220_15g	1766	Response	1	23034413	67973	4
210119_RL#220_15g	1767	Picture	666	23047328	0	1	20137	4	0	next	false_alarm	8871
210119_RL#220_15g	1767	Port Input	1	23063333	16005	4
210119_RL#220_15g	1767	Response	1	23063333	16005	4
210119_RL#220_15g	1767	Port Input	1	23063337	16009	4
210119_RL#220_15g	1767	Response	1	23063337	16009	4
210119_RL#220_15g	1767	Port Input	1	23066718	19390	4
210119_RL#220_15g	1767	Response	1	23066718	19390	4
210119_RL#220_15g	1767	Port Input	1	23066721	19393	4
210119_RL#220_15g	1767	Response	1	23066721	19393	4
210119_RL#220_15g	1768	Picture	777	23067465	0	3	20138	6	0	next	false_alarm	8880
210119_RL#220_15g	1768	Port Input	1	23077100	9635	6
210119_RL#220_15g	1768	Response	1	23077100	9635	6
210119_RL#220_15g	1768	Port Input	1	23077105	9640	4
210119_RL#220_15g	1768	Response	1	23077105	9640	4
210119_RL#220_15g	1768	Port Input	1	23081428	13963	4
210119_RL#220_15g	1768	Response	1	23081428	13963	4
210119_RL#220_15g	1768	Port Input	1	23082895	15430	4
210119_RL#220_15g	1768	Response	1	23082895	15430	4
210119_RL#220_15g	1768	Port Input	1	23085031	17566	4
210119_RL#220_15g	1768	Response	1	23085031	17566	4
210119_RL#220_15g	1768	Manual	2	23087480	20015	NA
210119_RL#220_15g	1769	Sound	12112	23089036	1433	1			0		other	0
210119_RL#220_15g	1769	Port Input	1	23091079	3476	4
210119_RL#220_15g	1769	Response	1	23091079	3476	4
210119_RL#220_15g	1770	Picture	55	23092763	0	4	5493	7	0	next	other	0
210119_RL#220_15g	1771	Picture	4442	23098255	0	4	80720	6	0	next	false_alarm	8896
210119_RL#220_15g	1771	Port Input	1	23118376	20120	5
210119_RL#220_15g	1771	Response	1	23118376	20120	5
210119_RL#220_15g	1771	Port Input	1	23121748	23493	4
210119_RL#220_15g	1771	Response	1	23121748	23493	4
210119_RL#220_15g	1771	Port Input	1	23127389	29134	4
210119_RL#220_15g	1771	Response	1	23127389	29134	4
210119_RL#220_15g	1771	Port Input	1	23127393	29138	4
210119_RL#220_15g	1771	Response	1	23127393	29138	4
210119_RL#220_15g	1771	Port Input	1	23149900	51644	5
210119_RL#220_15g	1771	Response	1	23149900	51644	5
210119_RL#220_15g	1771	Port Input	1	23151267	53011	4
210119_RL#220_15g	1771	Response	1	23151267	53011	4
210119_RL#220_15g	1771	Port Input	1	23153608	55352	4
210119_RL#220_15g	1771	Response	1	23153608	55352	4
210119_RL#220_15g	1771	Port Input	1	23170835	72580	4
210119_RL#220_15g	1771	Response	1	23170835	72580	4
210119_RL#220_15g	1771	Port Input	1	23174895	76639	4
210119_RL#220_15g	1771	Response	1	23174895	76639	4
210119_RL#220_15g	1771	Port Input	1	23174898	76643	4
210119_RL#220_15g	1771	Response	1	23174898	76643	4
210119_RL#220_15g	1771	Port Input	1	23176972	78716	4
210119_RL#220_15g	1771	Response	1	23176972	78716	4
210119_RL#220_15g	1771	Port Input	1	23176977	78721	4
210119_RL#220_15g	1771	Response	1	23176977	78721	4
210119_RL#220_15g	1772	Picture	666	23178975	0	3	20139	6	0	next	false_alarm	8921
210119_RL#220_15g	1772	Port Input	1	23187751	8776	4
210119_RL#220_15g	1772	Response	1	23187751	8776	4
210119_RL#220_15g	1772	Port Input	1	23187757	8782	4
210119_RL#220_15g	1772	Response	1	23187757	8782	4
210119_RL#220_15g	1772	Port Input	1	23194738	15762	4
210119_RL#220_15g	1772	Response	1	23194738	15762	4
210119_RL#220_15g	1772	Port Input	1	23194742	15766	4
210119_RL#220_15g	1772	Response	1	23194742	15766	4
210119_RL#220_15g	1773	Picture	777	23199114	0	3	20138	7	0	next	false_alarm	8930
210119_RL#220_15g	1773	Port Input	1	23210503	11389	4
210119_RL#220_15g	1773	Response	1	23210503	11389	4
210119_RL#220_15g	1773	Manual	1	23219132	20018	NA
210119_RL#220_15g	1774	Sound	12112	23221037	1784	1			0		other	0
210119_RL#220_15g	1774	Port Input	1	23223480	4228	4
210119_RL#220_15g	1774	Response	1	23223480	4228	4
210119_RL#220_15g	1774	Port Input	1	23223486	4233	4
210119_RL#220_15g	1774	Response	1	23223486	4233	4
210119_RL#220_15g	1775	Picture	55	23224580	0	1	5493	2	0	next	other	0
210119_RL#220_15g	1776	Picture	4442	23230072	0	1	80552	4	0	next	false_alarm	8940
210119_RL#220_15g	1776	Port Input	1	23231785	1713	4
210119_RL#220_15g	1776	Response	1	23231785	1713	4
210119_RL#220_15g	1776	Port Input	1	23272755	42683	4
210119_RL#220_15g	1776	Response	1	23272755	42683	4
210119_RL#220_15g	1776	Port Input	1	23284029	53956	4
210119_RL#220_15g	1776	Response	1	23284029	53956	4
210119_RL#220_15g	1777	Picture	666	23310625	0	3	20139	7	0	next	false_alarm	8947
210119_RL#220_15g	1777	Port Input	1	23311298	673	4
210119_RL#220_15g	1777	Response	1	23311298	673	4
210119_RL#220_15g	1778	Picture	777	23330763	0	4	20306	4	0	next	false_alarm	8950
210119_RL#220_15g	1778	Port Input	1	23339150	8387	4
210119_RL#220_15g	1778	Response	1	23339150	8387	4
210119_RL#220_15g	1778	Port Input	1	23339154	8391	4
210119_RL#220_15g	1778	Response	1	23339154	8391	4
210119_RL#220_15g	1778	Port Input	1	23348913	18150	4
210119_RL#220_15g	1778	Response	1	23348913	18150	4
210119_RL#220_15g	1778	Manual	2	23350777	20013	NA
210119_RL#220_15g	1778	Port Input	1	23350959	20196	4
210119_RL#220_15g	1778	Response	1	23350959	20196	4
210119_RL#220_15g	1778	Port Input	1	23350964	20201	5
210119_RL#220_15g	1778	Response	1	23350964	20201	5
210119_RL#220_15g	1779	Sound	12112	23353037	1967	1			0		other	0
210119_RL#220_15g	1779	Port Input	1	23354893	3824	4
210119_RL#220_15g	1779	Response	1	23354893	3824	4
210119_RL#220_15g	1779	Port Input	1	23356304	5234	6
210119_RL#220_15g	1779	Response	1	23356304	5234	6
210119_RL#220_15g	1780	Picture	55	23356395	0	1	5492	1	0	next	false_alarm	8967
210119_RL#220_15g	1780	Port Input	1	23358047	1651	4
210119_RL#220_15g	1780	Response	1	23358047	1651	4
210119_RL#220_15g	1780	Port Input	1	23358476	2081	4
210119_RL#220_15g	1780	Response	1	23358476	2081	4
210119_RL#220_15g	1780	Port Input	1	23359736	3340	4
210119_RL#220_15g	1780	Response	1	23359736	3340	4
210119_RL#220_15g	1780	Port Input	1	23361291	4896	4
210119_RL#220_15g	1780	Response	1	23361291	4896	4
210119_RL#220_15g	1781	Picture	4442	23361888	0	1	80552	4	0	next	false_alarm	8976
210119_RL#220_15g	1781	Port Input	1	23362929	1041	4
210119_RL#220_15g	1781	Response	1	23362929	1041	4
210119_RL#220_15g	1781	Port Input	1	23362932	1044	4
210119_RL#220_15g	1781	Response	1	23362932	1044	4
210119_RL#220_15g	1781	Port Input	1	23364985	3097	4
210119_RL#220_15g	1781	Response	1	23364985	3097	4
210119_RL#220_15g	1781	Port Input	1	23366962	5074	4
210119_RL#220_15g	1781	Response	1	23366962	5074	4
210119_RL#220_15g	1781	Port Input	1	23366965	5078	4
210119_RL#220_15g	1781	Response	1	23366965	5078	4
210119_RL#220_15g	1781	Port Input	1	23369377	7489	4
210119_RL#220_15g	1781	Response	1	23369377	7489	4
210119_RL#220_15g	1781	Port Input	1	23369385	7497	4
210119_RL#220_15g	1781	Response	1	23369385	7497	4
210119_RL#220_15g	1781	Port Input	1	23373067	11179	4
210119_RL#220_15g	1781	Response	1	23373067	11179	4
210119_RL#220_15g	1781	Port Input	1	23402190	40303	4
210119_RL#220_15g	1781	Response	1	23402190	40303	4
210119_RL#220_15g	1781	Port Input	1	23406754	44866	4
210119_RL#220_15g	1781	Response	1	23406754	44866	4
210119_RL#220_15g	1781	Port Input	1	23419297	57409	4
210119_RL#220_15g	1781	Response	1	23419297	57409	4
210119_RL#220_15g	1781	Port Input	1	23421242	59355	5
210119_RL#220_15g	1781	Response	1	23421242	59355	5
210119_RL#220_15g	1781	Port Input	1	23433186	71298	5
210119_RL#220_15g	1781	Response	1	23433186	71298	5
210119_RL#220_15g	1782	Picture	666	23442440	0	4	20307	5	0	next	false_alarm	9003
210119_RL#220_15g	1782	Port Input	1	23444071	1632	4
210119_RL#220_15g	1782	Response	1	23444071	1632	4
210119_RL#220_15g	1782	Port Input	1	23444075	1636	4
210119_RL#220_15g	1782	Response	1	23444075	1636	4
210119_RL#220_15g	1783	Picture	777	23462747	0	1	20305	2	0	next	false_alarm	9008
210119_RL#220_15g	1783	Port Input	1	23482303	19556	4
210119_RL#220_15g	1783	Response	1	23482303	19556	4
210119_RL#220_15g	1783	Manual	2	23482761	20014	NA
210119_RL#220_15g	1784	Port Input	1	23483645	593	3
210119_RL#220_15g	1784	Response	1	23483645	593	3
210119_RL#220_15g	1784	Port Input	1	23483649	597	3
210119_RL#220_15g	1784	Response	1	23483649	597	3
210119_RL#220_15g	1784	Sound	12122	23485037	1986	1			0		other	0
210119_RL#220_15g	1785	Picture	55	23488377	0	1	5493	1	0	next	other	0
210119_RL#220_15g	1786	Picture	12	23493870	0	1	20636	3	0	next	false_alarm	9018
210119_RL#220_15g	1786	Port Input	1	23506644	12774	4
210119_RL#220_15g	1786	Response	1	23506644	12774	4
210119_RL#220_15g	1786	Port Input	1	23507598	13729	4
210119_RL#220_15g	1786	Response	1	23507598	13729	4
210119_RL#220_15g	1786	Port Input	1	23508675	14806	4
210119_RL#220_15g	1786	Response	1	23508675	14806	4
210119_RL#220_15g	1786	Port Input	1	23509761	15891	4
210119_RL#220_15g	1786	Response	1	23509761	15891	4
210119_RL#220_15g	1786	Port Input	1	23510877	17007	4
210119_RL#220_15g	1786	Response	1	23510877	17007	4
210119_RL#220_15g	1786	Port Input	1	23512107	18237	4
210119_RL#220_15g	1786	Response	1	23512107	18237	4
210119_RL#220_15g	1786	Port Input	1	23513313	19444	4
210119_RL#220_15g	1786	Response	1	23513313	19444	4
210119_RL#220_15g	1786	Port Input	1	23513317	19447	4
210119_RL#220_15g	1786	Response	1	23513317	19447	4
210119_RL#220_15g	1787	Picture	666	23514506	0	3	20304	7	0	next	false_alarm	9035
210119_RL#220_15g	1787	Port Input	1	23514592	86	3
210119_RL#220_15g	1787	Response	1	23514592	86	3
210119_RL#220_15g	1787	Port Input	1	23515915	1409	3
210119_RL#220_15g	1787	Response	1	23515915	1409	3
210119_RL#220_15g	1787	Port Input	1	23517289	2783	5
210119_RL#220_15g	1787	Response	1	23517289	2783	5
210119_RL#220_15g	1787	Port Input	1	23518894	4389	4
210119_RL#220_15g	1787	Response	1	23518894	4389	4
210119_RL#220_15g	1787	Port Input	1	23518898	4392	4
210119_RL#220_15g	1787	Response	1	23518898	4392	4
210119_RL#220_15g	1787	Port Input	1	23522941	8435	4
210119_RL#220_15g	1787	Response	1	23522941	8435	4
210119_RL#220_15g	1787	Port Input	1	23522945	8439	4
210119_RL#220_15g	1787	Response	1	23522945	8439	4
210119_RL#220_15g	1787	Port Input	1	23527289	12783	4
210119_RL#220_15g	1787	Response	1	23527289	12783	4
210119_RL#220_15g	1787	Port Input	1	23530553	16047	4
210119_RL#220_15g	1787	Response	1	23530553	16047	4
210119_RL#220_15g	1787	Port Input	1	23530556	16050	4
210119_RL#220_15g	1787	Response	1	23530556	16050	4
210119_RL#220_15g	1787	Port Input	1	23532297	17791	4
210119_RL#220_15g	1787	Response	1	23532297	17791	4
210119_RL#220_15g	1787	Port Input	1	23532300	17794	4
210119_RL#220_15g	1787	Response	1	23532300	17794	4
210119_RL#220_15g	1787	Port Input	1	23534519	20013	5
210119_RL#220_15g	1787	Response	1	23534519	20013	5
210119_RL#220_15g	1788	Picture	777	23534809	0	5	20140	8	0	next	false_alarm	9062
210119_RL#220_15g	1788	Port Input	1	23536059	1250	4
210119_RL#220_15g	1788	Response	1	23536059	1250	4
210119_RL#220_15g	1788	Port Input	1	23536063	1254	3
210119_RL#220_15g	1788	Response	1	23536063	1254	3
210119_RL#220_15g	1788	Port Input	1	23537485	2676	4
210119_RL#220_15g	1788	Response	1	23537485	2676	4
210119_RL#220_15g	1788	Port Input	1	23539213	4404	4
210119_RL#220_15g	1788	Response	1	23539213	4404	4
210119_RL#220_15g	1788	Port Input	1	23546533	11723	4
210119_RL#220_15g	1788	Response	1	23546533	11723	4
210119_RL#220_15g	1788	Manual	2	23554821	20012	NA
210119_RL#220_15g	1789	Sound	12122	23556037	1088	1			0		other	0
210119_RL#220_15g	1789	Port Input	1	23557751	2802	4
210119_RL#220_15g	1789	Response	1	23557751	2802	4
210119_RL#220_15g	1789	Port Input	1	23557755	2806	4
210119_RL#220_15g	1789	Response	1	23557755	2806	4
210119_RL#220_15g	1790	Picture	55	23560109	0	3	5492	6	0	next	other	0
210119_RL#220_15g	1791	Picture	12	23565601	0	3	20806	4	0	next	false_alarm	9080
210119_RL#220_15g	1791	Port Input	1	23569191	3590	4
210119_RL#220_15g	1791	Response	1	23569191	3590	4
210119_RL#220_15g	1791	Port Input	1	23570252	4651	4
210119_RL#220_15g	1791	Response	1	23570252	4651	4
210119_RL#220_15g	1791	Port Input	1	23571339	5738	9
210119_RL#220_15g	1791	Response	1	23571339	5738	9
210119_RL#220_15g	1791	Port Input	1	23572450	6849	4
210119_RL#220_15g	1791	Response	1	23572450	6849	4
210119_RL#220_15g	1791	Port Input	1	23573585	7984	4
210119_RL#220_15g	1791	Response	1	23573585	7984	4
210119_RL#220_15g	1791	Port Input	1	23574791	9190	4
210119_RL#220_15g	1791	Response	1	23574791	9190	4
210119_RL#220_15g	1791	Port Input	1	23574794	9193	4
210119_RL#220_15g	1791	Response	1	23574794	9193	4
210119_RL#220_15g	1791	Port Input	1	23576148	10547	4
210119_RL#220_15g	1791	Response	1	23576148	10547	4
210119_RL#220_15g	1791	Port Input	1	23577520	11919	4
210119_RL#220_15g	1791	Response	1	23577520	11919	4
210119_RL#220_15g	1791	Port Input	1	23579076	13475	4
210119_RL#220_15g	1791	Response	1	23579076	13475	4
210119_RL#220_15g	1791	Port Input	1	23580624	15023	4
210119_RL#220_15g	1791	Response	1	23580624	15023	4
210119_RL#220_15g	1791	Port Input	1	23582271	16670	5
210119_RL#220_15g	1791	Response	1	23582271	16670	5
210119_RL#220_15g	1791	Port Input	1	23582277	16676	4
210119_RL#220_15g	1791	Response	1	23582277	16676	4
210119_RL#220_15g	1792	Picture	666	23586407	0	1	20305	1	0	next	false_alarm	9107
210119_RL#220_15g	1792	Port Input	1	23587228	821	7
210119_RL#220_15g	1792	Response	1	23587228	821	7
210119_RL#220_15g	1792	Port Input	1	23593444	7037	4
210119_RL#220_15g	1792	Response	1	23593444	7037	4
210119_RL#220_15g	1792	Port Input	1	23597123	10715	4
210119_RL#220_15g	1792	Response	1	23597123	10715	4
210119_RL#220_15g	1792	Port Input	1	23597128	10721	4
210119_RL#220_15g	1792	Response	1	23597128	10721	4
210119_RL#220_15g	1792	Port Input	1	23606534	20127	6
210119_RL#220_15g	1792	Response	1	23606534	20127	6
210119_RL#220_15g	1793	Picture	777	23606712	0	1	20304	3	0	next	false_alarm	9118
210119_RL#220_15g	1793	Port Input	1	23608155	1443	4
210119_RL#220_15g	1793	Response	1	23608155	1443	4
210119_RL#220_15g	1793	Port Input	1	23622839	16127	4
210119_RL#220_15g	1793	Response	1	23622839	16127	4
210119_RL#220_15g	1793	Port Input	1	23622843	16131	4
210119_RL#220_15g	1793	Response	1	23622843	16131	4
210119_RL#220_15g	1793	Manual	2	23626729	20017	NA
210119_RL#220_15g	1793	Port Input	1	23626764	20053	5
210119_RL#220_15g	1793	Response	1	23626764	20053	5
210119_RL#220_15g	1794	Sound	12122	23628037	1022	1			0		other	0
210119_RL#220_15g	1795	Picture	55	23632341	0	3	5493	5	0	next	other	0
210119_RL#220_15g	1796	Picture	12	23637833	0	3	20638	6	0	next	false_alarm	9130
210119_RL#220_15g	1796	Port Input	1	23646564	8730	5
210119_RL#220_15g	1796	Response	1	23646564	8730	5
210119_RL#220_15g	1796	Port Input	1	23647538	9704	3
210119_RL#220_15g	1796	Response	1	23647538	9704	3
210119_RL#220_15g	1796	Port Input	1	23648572	10739	4
210119_RL#220_15g	1796	Response	1	23648572	10739	4
210119_RL#220_15g	1796	Port Input	1	23649702	11869	4
210119_RL#220_15g	1796	Response	1	23649702	11869	4
210119_RL#220_15g	1796	Port Input	1	23649706	11872	4
210119_RL#220_15g	1796	Response	1	23649706	11872	4
210119_RL#220_15g	1796	Port Input	1	23650941	13107	4
210119_RL#220_15g	1796	Response	1	23650941	13107	4
210119_RL#220_15g	1796	Port Input	1	23652111	14277	4
210119_RL#220_15g	1796	Response	1	23652111	14277	4
210119_RL#220_15g	1796	Port Input	1	23653359	15525	4
210119_RL#220_15g	1796	Response	1	23653359	15525	4
210119_RL#220_15g	1796	Port Input	1	23654755	16921	4
210119_RL#220_15g	1796	Response	1	23654755	16921	4
210119_RL#220_15g	1796	Port Input	1	23656205	18372	4
210119_RL#220_15g	1796	Response	1	23656205	18372	4
210119_RL#220_15g	1796	Port Input	1	23656209	18375	4
210119_RL#220_15g	1796	Response	1	23656209	18375	4
210119_RL#220_15g	1796	Port Input	1	23657778	19945	4
210119_RL#220_15g	1796	Response	1	23657778	19945	4
210119_RL#220_15g	1796	Port Input	1	23657782	19948	3
210119_RL#220_15g	1796	Response	1	23657782	19948	3
210119_RL#220_15g	1797	Picture	666	23658471	0	3	20139	7	0	next	false_alarm	9157
210119_RL#220_15g	1797	Port Input	1	23664831	6360	5
210119_RL#220_15g	1797	Response	1	23664831	6360	5
210119_RL#220_15g	1797	Port Input	1	23666234	7763	4
210119_RL#220_15g	1797	Response	1	23666234	7763	4
210119_RL#220_15g	1797	Port Input	1	23666241	7770	4
210119_RL#220_15g	1797	Response	1	23666241	7770	4
210119_RL#220_15g	1797	Port Input	1	23673668	15197	4
210119_RL#220_15g	1797	Response	1	23673668	15197	4
210119_RL#220_15g	1797	Port Input	1	23673671	15200	4
210119_RL#220_15g	1797	Response	1	23673671	15200	4
210119_RL#220_15g	1797	Port Input	1	23675190	16719	4
210119_RL#220_15g	1797	Response	1	23675190	16719	4
210119_RL#220_15g	1798	Picture	777	23678610	0	4	20306	4	0	next	false_alarm	9170
210119_RL#220_15g	1798	Port Input	1	23682419	3809	4
210119_RL#220_15g	1798	Response	1	23682419	3809	4
210119_RL#220_15g	1798	Port Input	1	23683782	5173	4
210119_RL#220_15g	1798	Response	1	23683782	5173	4
210119_RL#220_15g	1798	Port Input	1	23687468	8858	4
210119_RL#220_15g	1798	Response	1	23687468	8858	4
210119_RL#220_15g	1798	Port Input	1	23687472	8862	4
210119_RL#220_15g	1798	Response	1	23687472	8862	4
210119_RL#220_15g	1798	Manual	2	23698625	20016	NA
210119_RL#220_15g	1799	Sound	12112	23700037	1121	1			0		other	0
210119_RL#220_15g	1799	Port Input	1	23700269	1353	4
210119_RL#220_15g	1799	Response	1	23700269	1353	4
210119_RL#220_15g	1799	Port Input	1	23701989	3073	4
210119_RL#220_15g	1799	Response	1	23701989	3073	4
210119_RL#220_15g	1799	Port Input	1	23703868	4952	5
210119_RL#220_15g	1799	Response	1	23703868	4952	5
210119_RL#220_15g	1800	Picture	55	23704242	0	1	5659	2	0	next	other	0
210119_RL#220_15g	1801	Picture	4442	23709901	0	1	80718	4	0	next	false_alarm	9188
210119_RL#220_15g	1801	Port Input	1	23720822	10922	4
210119_RL#220_15g	1801	Response	1	23720822	10922	4
210119_RL#220_15g	1801	Port Input	1	23723795	13894	4
210119_RL#220_15g	1801	Response	1	23723795	13894	4
210119_RL#220_15g	1801	Port Input	1	23723800	13900	4
210119_RL#220_15g	1801	Response	1	23723800	13900	4
210119_RL#220_15g	1801	Port Input	1	23737208	27307	4
210119_RL#220_15g	1801	Response	1	23737208	27307	4
210119_RL#220_15g	1801	Port Input	1	23757520	47619	4
210119_RL#220_15g	1801	Response	1	23757520	47619	4
210119_RL#220_15g	1801	Port Input	1	23760954	51053	4
210119_RL#220_15g	1801	Response	1	23760954	51053	4
210119_RL#220_15g	1801	Port Input	1	23783584	73683	4
210119_RL#220_15g	1801	Response	1	23783584	73683	4
210119_RL#220_15g	1801	Port Input	1	23789073	79172	4
210119_RL#220_15g	1801	Response	1	23789073	79172	4
210119_RL#220_15g	1802	Picture	666	23790619	0	4	20139	7	0	next	false_alarm	9205
210119_RL#220_15g	1802	Port Input	1	23802093	11473	4
210119_RL#220_15g	1802	Response	1	23802093	11473	4
210119_RL#220_15g	1803	Picture	777	23810758	0	4	20306	5	0	next	false_alarm	9208
210119_RL#220_15g	1803	Port Input	1	23814076	3318	4
210119_RL#220_15g	1803	Response	1	23814076	3318	4
210119_RL#220_15g	1803	Port Input	1	23814080	3322	4
210119_RL#220_15g	1803	Response	1	23814080	3322	4
210119_RL#220_15g	1803	Manual	1	23830771	20013	NA
210119_RL#220_15g	1804	Sound	12112	23833037	1973	1			0		other	0
210119_RL#220_15g	1804	Port Input	1	23834344	3280	4
210119_RL#220_15g	1804	Response	1	23834344	3280	4
210119_RL#220_15g	1804	Port Input	1	23834348	3284	4
210119_RL#220_15g	1804	Response	1	23834348	3284	4
210119_RL#220_15g	1804	Port Input	1	23835789	4724	4
210119_RL#220_15g	1804	Response	1	23835789	4724	4
210119_RL#220_15g	1805	Picture	55	23836390	0	1	5659	1	0	next	false_alarm	9221
210119_RL#220_15g	1805	Port Input	1	23837589	1198	4
210119_RL#220_15g	1805	Response	1	23837589	1198	4
210119_RL#220_15g	1805	Port Input	1	23839431	3040	4
210119_RL#220_15g	1805	Response	1	23839431	3040	4
210119_RL#220_15g	1805	Port Input	1	23839434	3044	3
210119_RL#220_15g	1805	Response	1	23839434	3044	3
210119_RL#220_15g	1805	Port Input	1	23841715	5325	5
210119_RL#220_15g	1805	Response	1	23841715	5325	5
210119_RL#220_15g	1806	Picture	4442	23842049	0	1	80552	4	0	next	false_alarm	9230
210119_RL#220_15g	1806	Port Input	1	23845145	3097	4
210119_RL#220_15g	1806	Response	1	23845145	3097	4
210119_RL#220_15g	1806	Port Input	1	23867902	25853	5
210119_RL#220_15g	1806	Response	1	23867902	25853	5
210119_RL#220_15g	1806	Port Input	1	23869514	27465	4
210119_RL#220_15g	1806	Response	1	23869514	27465	4
210119_RL#220_15g	1806	Port Input	1	23869517	27468	4
210119_RL#220_15g	1806	Response	1	23869517	27468	4
210119_RL#220_15g	1806	Port Input	1	23883049	41000	4
210119_RL#220_15g	1806	Response	1	23883049	41000	4
210119_RL#220_15g	1806	Port Input	1	23914180	72131	4
210119_RL#220_15g	1806	Response	1	23914180	72131	4
210119_RL#220_15g	1807	Picture	666	23922601	0	4	20307	5	0	next	false_alarm	9243
210119_RL#220_15g	1807	Port Input	1	23941885	19284	4
210119_RL#220_15g	1807	Response	1	23941885	19284	4
210119_RL#220_15g	1808	Picture	777	23942908	0	1	20305	2	0	next	false_alarm	9246
210119_RL#220_15g	1808	Port Input	1	23951014	8107	4
210119_RL#220_15g	1808	Response	1	23951014	8107	4
210119_RL#220_15g	1808	Port Input	1	23951018	8110	4
210119_RL#220_15g	1808	Response	1	23951018	8110	4
210119_RL#220_15g	1808	Port Input	1	23961653	18745	4
210119_RL#220_15g	1808	Response	1	23961653	18745	4
210119_RL#220_15g	1808	Port Input	1	23961656	18749	4
210119_RL#220_15g	1808	Response	1	23961656	18749	4
210119_RL#220_15g	1808	Manual	2	23962921	20013	NA
210119_RL#220_15g	1809	Sound	12122	23965037	1825	1			0		other	0
210119_RL#220_15g	1810	Picture	55	23968539	0	1	5493	1	0	next	other	0
210119_RL#220_15g	1810	Port Input	1	23968608	70	6
210119_RL#220_15g	1810	Response	1	23968608	70	6
210119_RL#220_15g	1811	Picture	12	23974031	0	1	20638	2	0	next	false_alarm	9260
210119_RL#220_15g	1811	Port Input	1	23975810	1779	4
210119_RL#220_15g	1811	Response	1	23975810	1779	4
210119_RL#220_15g	1811	Port Input	1	23976630	2599	5
210119_RL#220_15g	1811	Response	1	23976630	2599	5
210119_RL#220_15g	1811	Port Input	1	23977589	3558	4
210119_RL#220_15g	1811	Response	1	23977589	3558	4
210119_RL#220_15g	1811	Port Input	1	23978616	4584	4
210119_RL#220_15g	1811	Response	1	23978616	4584	4
210119_RL#220_15g	1811	Port Input	1	23979691	5660	5
210119_RL#220_15g	1811	Response	1	23979691	5660	5
210119_RL#220_15g	1811	Port Input	1	23980816	6784	4
210119_RL#220_15g	1811	Response	1	23980816	6784	4
210119_RL#220_15g	1811	Port Input	1	23982041	8010	5
210119_RL#220_15g	1811	Response	1	23982041	8010	5
210119_RL#220_15g	1811	Port Input	1	23983256	9224	4
210119_RL#220_15g	1811	Response	1	23983256	9224	4
210119_RL#220_15g	1811	Port Input	1	23984534	10503	5
210119_RL#220_15g	1811	Response	1	23984534	10503	5
210119_RL#220_15g	1811	Port Input	1	23985831	11800	5
210119_RL#220_15g	1811	Response	1	23985831	11800	5
210119_RL#220_15g	1811	Port Input	1	23985836	11805	4
210119_RL#220_15g	1811	Response	1	23985836	11805	4
210119_RL#220_15g	1811	Port Input	1	23987292	13261	4
210119_RL#220_15g	1811	Response	1	23987292	13261	4
210119_RL#220_15g	1811	Port Input	1	23987298	13267	4
210119_RL#220_15g	1811	Response	1	23987298	13267	4
210119_RL#220_15g	1811	Port Input	1	23991786	17755	4
210119_RL#220_15g	1811	Response	1	23991786	17755	4
210119_RL#220_15g	1811	Port Input	1	23991790	17759	4
210119_RL#220_15g	1811	Response	1	23991790	17759	4
210119_RL#220_15g	1811	Port Input	1	23993565	19534	4
210119_RL#220_15g	1811	Response	1	23993565	19534	4
210119_RL#220_15g	1811	Port Input	1	23993568	19537	4
210119_RL#220_15g	1811	Response	1	23993568	19537	4
210119_RL#220_15g	1812	Picture	666	23994669	0	1	20137	4	0	next	false_alarm	9295
210119_RL#220_15g	1812	Port Input	1	23995857	1189	4
210119_RL#220_15g	1812	Response	1	23995857	1189	4
210119_RL#220_15g	1812	Port Input	1	23998372	3704	4
210119_RL#220_15g	1812	Response	1	23998372	3704	4
210119_RL#220_15g	1812	Port Input	1	23998376	3708	4
210119_RL#220_15g	1812	Response	1	23998376	3708	4
210119_RL#220_15g	1812	Port Input	1	24000111	5442	4
210119_RL#220_15g	1812	Response	1	24000111	5442	4
210119_RL#220_15g	1812	Port Input	1	24000116	5448	3
210119_RL#220_15g	1812	Response	1	24000116	5448	3
210119_RL#220_15g	1812	Port Input	1	24001824	7155	4
210119_RL#220_15g	1812	Response	1	24001824	7155	4
210119_RL#220_15g	1812	Port Input	1	24001828	7159	4
210119_RL#220_15g	1812	Response	1	24001828	7159	4
210119_RL#220_15g	1812	Port Input	1	24003503	8835	4
210119_RL#220_15g	1812	Response	1	24003503	8835	4
210119_RL#220_15g	1812	Port Input	1	24003507	8838	4
210119_RL#220_15g	1812	Response	1	24003507	8838	4
210119_RL#220_15g	1812	Port Input	1	24005416	10747	4
210119_RL#220_15g	1812	Response	1	24005416	10747	4
210119_RL#220_15g	1812	Port Input	1	24005420	10751	4
210119_RL#220_15g	1812	Response	1	24005420	10751	4
210119_RL#220_15g	1813	Picture	777	24014806	0	3	20138	7	0	next	false_alarm	9318
210119_RL#220_15g	1813	Port Input	1	24014976	171	4
210119_RL#220_15g	1813	Response	1	24014976	171	4
210119_RL#220_15g	1813	Port Input	1	24018544	3738	3
210119_RL#220_15g	1813	Response	1	24018544	3738	3
210119_RL#220_15g	1813	Port Input	1	24026864	12058	4
210119_RL#220_15g	1813	Response	1	24026864	12058	4
210119_RL#220_15g	1813	Port Input	1	24026867	12062	4
210119_RL#220_15g	1813	Response	1	24026867	12062	4
210119_RL#220_15g	1813	Manual	2	24034822	20016	NA
210119_RL#220_15g	1814	Port Input	1	24035370	426	4
210119_RL#220_15g	1814	Response	1	24035370	426	4
210119_RL#220_15g	1814	Port Input	1	24035374	430	4
210119_RL#220_15g	1814	Response	1	24035374	430	4
210119_RL#220_15g	1814	Sound	12112	24036038	1094	1			0		other	0
210119_RL#220_15g	1814	Port Input	1	24038530	3586	4
210119_RL#220_15g	1814	Response	1	24038530	3586	4
210119_RL#220_15g	1815	Picture	55	24040103	0	4	5492	7	0	next	other	0
210119_RL#220_15g	1816	Picture	4442	24045596	0	4	80721	6	0	next	false_alarm	9336
210119_RL#220_15g	1816	Port Input	1	24051056	5461	4
210119_RL#220_15g	1816	Response	1	24051056	5461	4
210119_RL#220_15g	1816	Port Input	1	24080001	34405	4
210119_RL#220_15g	1816	Response	1	24080001	34405	4
210119_RL#220_15g	1816	Port Input	1	24080006	34410	4
210119_RL#220_15g	1816	Response	1	24080006	34410	4
210119_RL#220_15g	1816	Port Input	1	24089927	44332	4
210119_RL#220_15g	1816	Response	1	24089927	44332	4
210119_RL#220_15g	1816	Port Input	1	24098330	52734	5
210119_RL#220_15g	1816	Response	1	24098330	52734	5
210119_RL#220_15g	1816	Port Input	1	24098334	52738	4
210119_RL#220_15g	1816	Response	1	24098334	52738	4
210119_RL#220_15g	1816	Port Input	1	24100310	54714	5
210119_RL#220_15g	1816	Response	1	24100310	54714	5
210119_RL#220_15g	1816	Port Input	1	24100314	54718	4
210119_RL#220_15g	1816	Response	1	24100314	54718	4
210119_RL#220_15g	1816	Port Input	1	24104883	59288	4
210119_RL#220_15g	1816	Response	1	24104883	59288	4
210119_RL#220_15g	1816	Port Input	1	24104887	59291	4
210119_RL#220_15g	1816	Response	1	24104887	59291	4
210119_RL#220_15g	1816	Port Input	1	24115051	69456	4
210119_RL#220_15g	1816	Response	1	24115051	69456	4
210119_RL#220_15g	1816	Port Input	1	24122801	77205	4
210119_RL#220_15g	1816	Response	1	24122801	77205	4
210119_RL#220_15g	1816	Port Input	1	24122805	77209	4
210119_RL#220_15g	1816	Response	1	24122805	77209	4
210119_RL#220_15g	1817	Picture	666	24126316	0	3	20138	6	0	next	false_alarm	9363
210119_RL#220_15g	1817	Port Input	1	24132648	6331	4
210119_RL#220_15g	1817	Response	1	24132648	6331	4
210119_RL#220_15g	1818	Picture	777	24146455	0	3	20138	7	0	next	false_alarm	9366
210119_RL#220_15g	1818	Port Input	1	24153425	6971	4
210119_RL#220_15g	1818	Response	1	24153425	6971	4
210119_RL#220_15g	1818	Port Input	1	24153430	6976	4
210119_RL#220_15g	1818	Response	1	24153430	6976	4
210119_RL#220_15g	1818	Port Input	1	24158670	12215	4
210119_RL#220_15g	1818	Response	1	24158670	12215	4
210119_RL#220_15g	1818	Manual	2	24166468	20013	NA
210119_RL#220_15g	1819	Sound	12122	24168038	1444	1			0		other	0
210119_RL#220_15g	1820	Picture	55	24171753	0	4	5660	4	0	next	false_alarm	9375
210119_RL#220_15g	1820	Port Input	1	24173098	1345	4
210119_RL#220_15g	1820	Response	1	24173098	1345	4
210119_RL#220_15g	1821	Picture	12	24177413	0	1	20804	1	0	next	false_alarm	9378
210119_RL#220_15g	1821	Port Input	1	24191598	14185	4
210119_RL#220_15g	1821	Response	1	24191598	14185	4
210119_RL#220_15g	1821	Port Input	1	24191602	14189	4
210119_RL#220_15g	1821	Response	1	24191602	14189	4
210119_RL#220_15g	1821	Port Input	1	24192547	15134	4
210119_RL#220_15g	1821	Response	1	24192547	15134	4
210119_RL#220_15g	1821	Port Input	1	24193576	16163	4
210119_RL#220_15g	1821	Response	1	24193576	16163	4
210119_RL#220_15g	1821	Port Input	1	24193580	16167	4
210119_RL#220_15g	1821	Response	1	24193580	16167	4
210119_RL#220_15g	1821	Port Input	1	24194646	17233	4
210119_RL#220_15g	1821	Response	1	24194646	17233	4
210119_RL#220_15g	1821	Port Input	1	24195758	18345	4
210119_RL#220_15g	1821	Response	1	24195758	18345	4
210119_RL#220_15g	1821	Port Input	1	24196932	19519	4
210119_RL#220_15g	1821	Response	1	24196932	19519	4
210119_RL#220_15g	1821	Port Input	1	24198104	20691	3
210119_RL#220_15g	1821	Response	1	24198104	20691	3
210119_RL#220_15g	1821	Port Input	1	24198107	20694	4
210119_RL#220_15g	1821	Response	1	24198107	20694	4
210119_RL#220_15g	1822	Picture	666	24198217	0	1	20303	4	0	next	false_alarm	9399
210119_RL#220_15g	1822	Port Input	1	24199423	1206	4
210119_RL#220_15g	1822	Response	1	24199423	1206	4
210119_RL#220_15g	1822	Port Input	1	24200778	2561	4
210119_RL#220_15g	1822	Response	1	24200778	2561	4
210119_RL#220_15g	1822	Port Input	1	24202268	4051	4
210119_RL#220_15g	1822	Response	1	24202268	4051	4
210119_RL#220_15g	1822	Port Input	1	24202273	4056	3
210119_RL#220_15g	1822	Response	1	24202273	4056	3
210119_RL#220_15g	1822	Port Input	1	24203860	5643	5
210119_RL#220_15g	1822	Response	1	24203860	5643	5
210119_RL#220_15g	1822	Port Input	1	24205891	7674	3
210119_RL#220_15g	1822	Response	1	24205891	7674	3
210119_RL#220_15g	1822	Port Input	1	24207215	8998	4
210119_RL#220_15g	1822	Response	1	24207215	8998	4
210119_RL#220_15g	1822	Port Input	1	24208749	10532	4
210119_RL#220_15g	1822	Response	1	24208749	10532	4
210119_RL#220_15g	1822	Port Input	1	24210323	12106	4
210119_RL#220_15g	1822	Response	1	24210323	12106	4
210119_RL#220_15g	1822	Port Input	1	24210327	12110	4
210119_RL#220_15g	1822	Response	1	24210327	12110	4
210119_RL#220_15g	1822	Port Input	1	24212029	13813	4
210119_RL#220_15g	1822	Response	1	24212029	13813	4
210119_RL#220_15g	1822	Port Input	1	24213855	15638	4
210119_RL#220_15g	1822	Response	1	24213855	15638	4
210119_RL#220_15g	1822	Port Input	1	24215736	17519	4
210119_RL#220_15g	1822	Response	1	24215736	17519	4
210119_RL#220_15g	1822	Port Input	1	24215740	17523	4
210119_RL#220_15g	1822	Response	1	24215740	17523	4
210119_RL#220_15g	1823	Picture	777	24218520	0	3	20306	6	0	next	false_alarm	9428
210119_RL#220_15g	1823	Port Input	1	24219800	1280	4
210119_RL#220_15g	1823	Response	1	24219800	1280	4
210119_RL#220_15g	1823	Port Input	1	24221923	3403	4
210119_RL#220_15g	1823	Response	1	24221923	3403	4
210119_RL#220_15g	1823	Port Input	1	24221927	3407	4
210119_RL#220_15g	1823	Response	1	24221927	3407	4
210119_RL#220_15g	1823	Port Input	1	24229726	11206	4
210119_RL#220_15g	1823	Response	1	24229726	11206	4
210119_RL#220_15g	1823	Port Input	1	24231192	12672	5
210119_RL#220_15g	1823	Response	1	24231192	12672	5
210119_RL#220_15g	1823	Port Input	1	24233785	15265	4
210119_RL#220_15g	1823	Response	1	24233785	15265	4
210119_RL#220_15g	1823	Port Input	1	24233790	15270	4
210119_RL#220_15g	1823	Response	1	24233790	15270	4
210119_RL#220_15g	1823	Manual	1	24238533	20013	NA
210119_RL#220_15g	1824	Sound	12122	24240038	1212	1			0		other	0
210119_RL#220_15g	1824	Port Input	1	24241088	2262	4
210119_RL#220_15g	1824	Response	1	24241088	2262	4
210119_RL#220_15g	1824	Port Input	1	24241093	2267	4
210119_RL#220_15g	1824	Response	1	24241093	2267	4
210119_RL#220_15g	1824	Port Input	1	24243940	5114	6
210119_RL#220_15g	1824	Response	1	24243940	5114	6
210119_RL#220_15g	1825	Picture	55	24243986	0	2	5491	4	0	next	false_alarm	9451
210119_RL#220_15g	1825	Port Input	1	24244718	731	4
210119_RL#220_15g	1825	Response	1	24244718	731	4
210119_RL#220_15g	1825	Port Input	1	24246649	2663	4
210119_RL#220_15g	1825	Response	1	24246649	2663	4
210119_RL#220_15g	1826	Picture	12	24249477	0	3	20638	6	0	next	false_alarm	9456
210119_RL#220_15g	1826	Port Input	1	24249921	444	4
210119_RL#220_15g	1826	Response	1	24249921	444	4
210119_RL#220_15g	1826	Port Input	1	24251331	1854	4
210119_RL#220_15g	1826	Response	1	24251331	1854	4
210119_RL#220_15g	1826	Port Input	1	24252380	2903	4
210119_RL#220_15g	1826	Response	1	24252380	2903	4
210119_RL#220_15g	1826	Port Input	1	24253392	3915	5
210119_RL#220_15g	1826	Response	1	24253392	3915	5
210119_RL#220_15g	1826	Port Input	1	24254576	5099	4
210119_RL#220_15g	1826	Response	1	24254576	5099	4
210119_RL#220_15g	1826	Port Input	1	24255827	6350	4
210119_RL#220_15g	1826	Response	1	24255827	6350	4
210119_RL#220_15g	1826	Port Input	1	24257085	7608	4
210119_RL#220_15g	1826	Response	1	24257085	7608	4
210119_RL#220_15g	1826	Port Input	1	24258414	8937	4
210119_RL#220_15g	1826	Response	1	24258414	8937	4
210119_RL#220_15g	1826	Port Input	1	24259701	10224	4
210119_RL#220_15g	1826	Response	1	24259701	10224	4
210119_RL#220_15g	1826	Port Input	1	24261028	11551	4
210119_RL#220_15g	1826	Response	1	24261028	11551	4
210119_RL#220_15g	1826	Port Input	1	24261032	11555	4
210119_RL#220_15g	1826	Response	1	24261032	11555	4
210119_RL#220_15g	1826	Port Input	1	24262394	12917	4
210119_RL#220_15g	1826	Response	1	24262394	12917	4
210119_RL#220_15g	1826	Port Input	1	24263832	14355	4
210119_RL#220_15g	1826	Response	1	24263832	14355	4
210119_RL#220_15g	1826	Port Input	1	24263837	14360	4
210119_RL#220_15g	1826	Response	1	24263837	14360	4
210119_RL#220_15g	1826	Port Input	1	24265322	15845	4
210119_RL#220_15g	1826	Response	1	24265322	15845	4
210119_RL#220_15g	1826	Port Input	1	24266760	17283	4
210119_RL#220_15g	1826	Response	1	24266760	17283	4
210119_RL#220_15g	1826	Port Input	1	24268399	18921	4
210119_RL#220_15g	1826	Response	1	24268399	18921	4
210119_RL#220_15g	1827	Picture	666	24270115	0	4	20139	7	0	next	false_alarm	9491
210119_RL#220_15g	1827	Port Input	1	24274938	4823	4
210119_RL#220_15g	1827	Response	1	24274938	4823	4
210119_RL#220_15g	1827	Port Input	1	24274942	4827	4
210119_RL#220_15g	1827	Response	1	24274942	4827	4
210119_RL#220_15g	1827	Port Input	1	24276424	6309	4
210119_RL#220_15g	1827	Response	1	24276424	6309	4
210119_RL#220_15g	1827	Port Input	1	24278245	8130	4
210119_RL#220_15g	1827	Response	1	24278245	8130	4
210119_RL#220_15g	1827	Port Input	1	24278249	8134	4
210119_RL#220_15g	1827	Response	1	24278249	8134	4
210119_RL#220_15g	1827	Port Input	1	24284656	14541	4
210119_RL#220_15g	1827	Response	1	24284656	14541	4
210119_RL#220_15g	1827	Port Input	1	24286258	16143	4
210119_RL#220_15g	1827	Response	1	24286258	16143	4
210119_RL#220_15g	1828	Picture	777	24290254	0	4	20306	4	0	next	false_alarm	9506
210119_RL#220_15g	1828	Port Input	1	24293270	3016	4
210119_RL#220_15g	1828	Response	1	24293270	3016	4
210119_RL#220_15g	1828	Port Input	1	24294539	4285	6
210119_RL#220_15g	1828	Response	1	24294539	4285	6
210119_RL#220_15g	1828	Port Input	1	24309944	19691	4
210119_RL#220_15g	1828	Response	1	24309944	19691	4
210119_RL#220_15g	1828	Port Input	1	24309950	19697	4
210119_RL#220_15g	1828	Response	1	24309950	19697	4
210119_RL#220_15g	1828	Manual	1	24310267	20014	NA
210119_RL#220_15g	1829	Port Input	1	24311333	773	4
210119_RL#220_15g	1829	Response	1	24311333	773	4
210119_RL#220_15g	1829	Sound	12112	24312038	1478	1			0		other	0
210119_RL#220_15g	1829	Port Input	1	24313846	3286	4
210119_RL#220_15g	1829	Response	1	24313846	3286	4
210119_RL#220_15g	1829	Port Input	1	24313850	3290	5
210119_RL#220_15g	1829	Response	1	24313850	3290	5
210119_RL#220_15g	1830	Picture	55	24315886	0	1	5492	1	0	next	false_alarm	9523
210119_RL#220_15g	1830	Port Input	1	24320880	4994	5
210119_RL#220_15g	1830	Response	1	24320880	4994	5
210119_RL#220_15g	1831	Picture	4442	24321378	0	1	80552	4	0	next	false_alarm	9526
210119_RL#220_15g	1831	Port Input	1	24326700	5321	4
210119_RL#220_15g	1831	Response	1	24326700	5321	4
210119_RL#220_15g	1831	Port Input	1	24326703	5325	4
210119_RL#220_15g	1831	Response	1	24326703	5325	4
210119_RL#220_15g	1831	Port Input	1	24333658	12280	4
210119_RL#220_15g	1831	Response	1	24333658	12280	4
210119_RL#220_15g	1831	Port Input	1	24333663	12285	4
210119_RL#220_15g	1831	Response	1	24333663	12285	4
210119_RL#220_15g	1831	Port Input	1	24363258	41880	4
210119_RL#220_15g	1831	Response	1	24363258	41880	4
210119_RL#220_15g	1831	Port Input	1	24377554	56176	4
210119_RL#220_15g	1831	Response	1	24377554	56176	4
210119_RL#220_15g	1831	Port Input	1	24377557	56179	4
210119_RL#220_15g	1831	Response	1	24377557	56179	4
210119_RL#220_15g	1831	Port Input	1	24381401	60023	4
210119_RL#220_15g	1831	Response	1	24381401	60023	4
210119_RL#220_15g	1831	Port Input	1	24392709	71331	4
210119_RL#220_15g	1831	Response	1	24392709	71331	4
210119_RL#220_15g	1832	Picture	666	24401930	0	4	20307	4	0	next	false_alarm	9545
210119_RL#220_15g	1832	Port Input	1	24405113	3182	4
210119_RL#220_15g	1832	Response	1	24405113	3182	4
210119_RL#220_15g	1832	Port Input	1	24409704	7774	4
210119_RL#220_15g	1832	Response	1	24409704	7774	4
210119_RL#220_15g	1833	Picture	777	24422237	0	1	20305	1	0	next	false_alarm	9550
210119_RL#220_15g	1833	Port Input	1	24436226	13989	4
210119_RL#220_15g	1833	Response	1	24436226	13989	4
210119_RL#220_15g	1833	Manual	1	24442254	20017	NA
210119_RL#220_15g	1834	Sound	12112	24444038	1496	1			0		other	0
210119_RL#220_15g	1834	Port Input	1	24446114	3573	4
210119_RL#220_15g	1834	Response	1	24446114	3573	4
210119_RL#220_15g	1834	Port Input	1	24447582	5041	5
210119_RL#220_15g	1834	Response	1	24447582	5041	5
210119_RL#220_15g	1835	Picture	55	24447868	0	1	5493	2	0	next	false_alarm	9559
210119_RL#220_15g	1835	Port Input	1	24449875	2008	4
210119_RL#220_15g	1835	Response	1	24449875	2008	4
210119_RL#220_15g	1835	Port Input	1	24452870	5002	233
210119_RL#220_15g	1835	Response	1	24452870	5002	233
210119_RL#220_15g	1836	Picture	4442	24453360	0	1	80720	1	0	next	false_alarm	9564
210119_RL#220_15g	1836	Port Input	1	24457761	4400	4
210119_RL#220_15g	1836	Response	1	24457761	4400	4
210119_RL#220_15g	1836	Port Input	1	24466052	12691	4
210119_RL#220_15g	1836	Response	1	24466052	12691	4
210119_RL#220_15g	1836	Port Input	1	24470682	17322	5
210119_RL#220_15g	1836	Response	1	24470682	17322	5
210119_RL#220_15g	1836	Port Input	1	24470688	17328	4
210119_RL#220_15g	1836	Response	1	24470688	17328	4
210119_RL#220_15g	1836	Port Input	1	24475474	22113	4
210119_RL#220_15g	1836	Response	1	24475474	22113	4
210119_RL#220_15g	1836	Port Input	1	24484216	30856	4
210119_RL#220_15g	1836	Response	1	24484216	30856	4
210119_RL#220_15g	1836	Port Input	1	24484220	30860	4
210119_RL#220_15g	1836	Response	1	24484220	30860	4
210119_RL#220_15g	1836	Port Input	1	24501919	48559	4
210119_RL#220_15g	1836	Response	1	24501919	48559	4
210119_RL#220_15g	1836	Port Input	1	24509016	55656	4
210119_RL#220_15g	1836	Response	1	24509016	55656	4
210119_RL#220_15g	1836	Port Input	1	24509022	55661	4
210119_RL#220_15g	1836	Response	1	24509022	55661	4
210119_RL#220_15g	1836	Port Input	1	24510993	57633	4
210119_RL#220_15g	1836	Response	1	24510993	57633	4
210119_RL#220_15g	1836	Port Input	1	24510997	57636	4
210119_RL#220_15g	1836	Response	1	24510997	57636	4
210119_RL#220_15g	1836	Port Input	1	24523715	70355	4
210119_RL#220_15g	1836	Response	1	24523715	70355	4
210119_RL#220_15g	1836	Port Input	1	24529994	76634	4
210119_RL#220_15g	1836	Response	1	24529994	76634	4
210119_RL#220_15g	1836	Port Input	1	24529998	76638	4
210119_RL#220_15g	1836	Response	1	24529998	76638	4
210119_RL#220_15g	1837	Picture	666	24534081	0	1	20305	1	0	next	other	0
210119_RL#220_15g	1838	Picture	777	24554385	0	1	20304	3	0	next	false_alarm	9596
210119_RL#220_15g	1838	Port Input	1	24564302	9917	5
210119_RL#220_15g	1838	Response	1	24564302	9917	5
210119_RL#220_15g	1838	Port Input	1	24564306	9921	4
210119_RL#220_15g	1838	Response	1	24564306	9921	4
210119_RL#220_15g	1838	Port Input	1	24569145	14760	4
210119_RL#220_15g	1838	Response	1	24569145	14760	4
210119_RL#220_15g	1838	Manual	2	24574403	20018	NA
210119_RL#220_15g	1839	Sound	12122	24576038	1349	1			0		other	0
210119_RL#220_15g	1840	Picture	55	24580014	0	3	5659	5	0	next	false_alarm	9605
210119_RL#220_15g	1840	Port Input	1	24580151	136	4
210119_RL#220_15g	1840	Response	1	24580151	136	4
210119_RL#220_15g	1841	Picture	12	24585674	0	2	20804	5	0	next	false_alarm	9608
210119_RL#220_15g	1841	Port Input	1	24588778	3104	4
210119_RL#220_15g	1841	Response	1	24588778	3104	4
210119_RL#220_15g	1841	Port Input	1	24589715	4041	4
210119_RL#220_15g	1841	Response	1	24589715	4041	4
210119_RL#220_15g	1841	Port Input	1	24590760	5086	4
210119_RL#220_15g	1841	Response	1	24590760	5086	4
210119_RL#220_15g	1841	Port Input	1	24590765	5091	4
210119_RL#220_15g	1841	Response	1	24590765	5091	4
210119_RL#220_15g	1841	Port Input	1	24591820	6147	8
210119_RL#220_15g	1841	Response	1	24591820	6147	8
210119_RL#220_15g	1841	Port Input	1	24592995	7321	4
210119_RL#220_15g	1841	Response	1	24592995	7321	4
210119_RL#220_15g	1841	Port Input	1	24594406	8732	4
210119_RL#220_15g	1841	Response	1	24594406	8732	4
210119_RL#220_15g	1841	Port Input	1	24594410	8736	5
210119_RL#220_15g	1841	Response	1	24594410	8736	5
210119_RL#220_15g	1841	Port Input	1	24595547	9874	4
210119_RL#220_15g	1841	Response	1	24595547	9874	4
210119_RL#220_15g	1841	Port Input	1	24595551	9877	4
210119_RL#220_15g	1841	Response	1	24595551	9877	4
210119_RL#220_15g	1841	Port Input	1	24596876	11202	4
210119_RL#220_15g	1841	Response	1	24596876	11202	4
210119_RL#220_15g	1841	Port Input	1	24598248	12575	4
210119_RL#220_15g	1841	Response	1	24598248	12575	4
210119_RL#220_15g	1841	Port Input	1	24598252	12578	5
210119_RL#220_15g	1841	Response	1	24598252	12578	5
210119_RL#220_15g	1841	Port Input	1	24599722	14048	4
210119_RL#220_15g	1841	Response	1	24599722	14048	4
210119_RL#220_15g	1841	Port Input	1	24602910	17237	4
210119_RL#220_15g	1841	Response	1	24602910	17237	4
210119_RL#220_15g	1841	Port Input	1	24604762	19088	4
210119_RL#220_15g	1841	Response	1	24604762	19088	4
210119_RL#220_15g	1841	Port Input	1	24604765	19092	4
210119_RL#220_15g	1841	Response	1	24604765	19092	4
210119_RL#220_15g	1842	Picture	666	24606477	0	3	20139	6	0	next	false_alarm	9643
210119_RL#220_15g	1842	Port Input	1	24615096	8618	4
210119_RL#220_15g	1842	Response	1	24615096	8618	4
210119_RL#220_15g	1842	Port Input	1	24616500	10023	5
210119_RL#220_15g	1842	Response	1	24616500	10023	5
210119_RL#220_15g	1842	Port Input	1	24616505	10027	4
210119_RL#220_15g	1842	Response	1	24616505	10027	4
210119_RL#220_15g	1842	Port Input	1	24621416	14938	4
210119_RL#220_15g	1842	Response	1	24621416	14938	4
210119_RL#220_15g	1842	Port Input	1	24621419	14942	4
210119_RL#220_15g	1842	Response	1	24621419	14942	4
210119_RL#220_15g	1842	Port Input	1	24622855	16378	4
210119_RL#220_15g	1842	Response	1	24622855	16378	4
210119_RL#220_15g	1842	Port Input	1	24622859	16381	4
210119_RL#220_15g	1842	Response	1	24622859	16381	4
210119_RL#220_15g	1843	Picture	777	24626616	0	4	20139	7	0	next	false_alarm	9658
210119_RL#220_15g	1843	Port Input	1	24631561	4945	4
210119_RL#220_15g	1843	Response	1	24631561	4945	4
210119_RL#220_15g	1843	Port Input	1	24631566	4950	4
210119_RL#220_15g	1843	Response	1	24631566	4950	4
210119_RL#220_15g	1843	Port Input	1	24632919	6303	4
210119_RL#220_15g	1843	Response	1	24632919	6303	4
210119_RL#220_15g	1843	Port Input	1	24632923	6307	4
210119_RL#220_15g	1843	Response	1	24632923	6307	4
210119_RL#220_15g	1843	Port Input	1	24643515	16899	3
210119_RL#220_15g	1843	Response	1	24643515	16899	3
210119_RL#220_15g	1843	Port Input	1	24645116	18500	4
210119_RL#220_15g	1843	Response	1	24645116	18500	4
210119_RL#220_15g	1843	Manual	1	24646629	20013	NA
210119_RL#220_15g	1844	Sound	12112	24648038	1283	1			0		other	0
210119_RL#220_15g	1844	Port Input	1	24650026	3271	4
210119_RL#220_15g	1844	Response	1	24650026	3271	4
210119_RL#220_15g	1844	Port Input	1	24650029	3274	4
210119_RL#220_15g	1844	Response	1	24650029	3274	4
210119_RL#220_15g	1844	Port Input	1	24651545	4790	4
210119_RL#220_15g	1844	Response	1	24651545	4790	4
210119_RL#220_15g	1845	Picture	55	24652082	0	1	5659	2	0	next	false_alarm	9679
210119_RL#220_15g	1845	Port Input	1	24653566	1485	4
210119_RL#220_15g	1845	Response	1	24653566	1485	4
210119_RL#220_15g	1845	Port Input	1	24655182	3100	6
210119_RL#220_15g	1845	Response	1	24655182	3100	6
210119_RL#220_15g	1845	Port Input	1	24656725	4644	4
210119_RL#220_15g	1845	Response	1	24656725	4644	4
210119_RL#220_15g	1846	Picture	4442	24657741	0	1	80552	4	0	next	false_alarm	9686
210119_RL#220_15g	1846	Port Input	1	24658273	532	3
210119_RL#220_15g	1846	Response	1	24658273	532	3
210119_RL#220_15g	1846	Port Input	1	24681433	23692	4
210119_RL#220_15g	1846	Response	1	24681433	23692	4
210119_RL#220_15g	1846	Port Input	1	24684772	27031	4
210119_RL#220_15g	1846	Response	1	24684772	27031	4
210119_RL#220_15g	1846	Port Input	1	24684775	27035	5
210119_RL#220_15g	1846	Response	1	24684775	27035	5
210119_RL#220_15g	1846	Port Input	1	24693587	35846	4
210119_RL#220_15g	1846	Response	1	24693587	35846	4
210119_RL#220_15g	1846	Port Input	1	24695538	37797	4
210119_RL#220_15g	1846	Response	1	24695538	37797	4
210119_RL#220_15g	1846	Port Input	1	24704277	46536	4
210119_RL#220_15g	1846	Response	1	24704277	46536	4
210119_RL#220_15g	1846	Port Input	1	24714680	56940	4
210119_RL#220_15g	1846	Response	1	24714680	56940	4
210119_RL#220_15g	1846	Port Input	1	24723071	65331	4
210119_RL#220_15g	1846	Response	1	24723071	65331	4
210119_RL#220_15g	1846	Port Input	1	24723077	65336	4
210119_RL#220_15g	1846	Response	1	24723077	65336	4
210119_RL#220_15g	1846	Port Input	1	24725574	67833	4
210119_RL#220_15g	1846	Response	1	24725574	67833	4
210119_RL#220_15g	1846	Port Input	1	24725577	67836	4
210119_RL#220_15g	1846	Response	1	24725577	67836	4
210119_RL#220_15g	1847	Picture	666	24738293	0	4	20139	7	0	next	other	0
210119_RL#220_15g	1848	Picture	777	24758432	0	4	20306	5	0	next	false_alarm	9712
210119_RL#220_15g	1848	Port Input	1	24760287	1856	4
210119_RL#220_15g	1848	Response	1	24760287	1856	4
210119_RL#220_15g	1848	Port Input	1	24764010	5579	4
210119_RL#220_15g	1848	Response	1	24764010	5579	4
210119_RL#220_15g	1848	Port Input	1	24772250	13819	4
210119_RL#220_15g	1848	Response	1	24772250	13819	4
210119_RL#220_15g	1848	Manual	1	24778448	20016	NA
210119_RL#220_15g	1849	Sound	12122	24780038	1301	1			0		other	0
210119_RL#220_15g	1849	Port Input	1	24781637	2899	4
210119_RL#220_15g	1849	Response	1	24781637	2899	4
210119_RL#220_15g	1849	Port Input	1	24781641	2903	4
210119_RL#220_15g	1849	Response	1	24781641	2903	4
210119_RL#220_15g	1850	Picture	55	24784064	0	1	5658	2	0	next	other	0
210119_RL#220_15g	1851	Picture	12	24789722	0	1	20638	2	0	next	false_alarm	9726
210119_RL#220_15g	1851	Port Input	1	24794592	4870	4
210119_RL#220_15g	1851	Response	1	24794592	4870	4
210119_RL#220_15g	1851	Port Input	1	24795578	5856	4
210119_RL#220_15g	1851	Response	1	24795578	5856	4
210119_RL#220_15g	1851	Port Input	1	24795582	5860	4
210119_RL#220_15g	1851	Response	1	24795582	5860	4
210119_RL#220_15g	1851	Port Input	1	24796598	6876	4
210119_RL#220_15g	1851	Response	1	24796598	6876	4
210119_RL#220_15g	1851	Port Input	1	24796602	6879	4
210119_RL#220_15g	1851	Response	1	24796602	6879	4
210119_RL#220_15g	1851	Port Input	1	24797664	7942	4
210119_RL#220_15g	1851	Response	1	24797664	7942	4
210119_RL#220_15g	1851	Port Input	1	24798785	9063	4
210119_RL#220_15g	1851	Response	1	24798785	9063	4
210119_RL#220_15g	1851	Port Input	1	24799990	10268	4
210119_RL#220_15g	1851	Response	1	24799990	10268	4
210119_RL#220_15g	1851	Port Input	1	24801218	11496	5
210119_RL#220_15g	1851	Response	1	24801218	11496	5
210119_RL#220_15g	1851	Port Input	1	24802499	12776	4
210119_RL#220_15g	1851	Response	1	24802499	12776	4
210119_RL#220_15g	1851	Port Input	1	24803927	14205	4
210119_RL#220_15g	1851	Response	1	24803927	14205	4
210119_RL#220_15g	1851	Port Input	1	24805509	15787	4
210119_RL#220_15g	1851	Response	1	24805509	15787	4
210119_RL#220_15g	1851	Port Input	1	24807208	17485	4
210119_RL#220_15g	1851	Response	1	24807208	17485	4
210119_RL#220_15g	1851	Port Input	1	24808943	19220	6
210119_RL#220_15g	1851	Response	1	24808943	19220	6
210119_RL#220_15g	1852	Picture	666	24810360	0	1	20303	3	0	next	false_alarm	9755
210119_RL#220_15g	1852	Port Input	1	24810500	140	3
210119_RL#220_15g	1852	Response	1	24810500	140	3
210119_RL#220_15g	1852	Port Input	1	24810506	146	3
210119_RL#220_15g	1852	Response	1	24810506	146	3
210119_RL#220_15g	1852	Port Input	1	24810865	504	4
210119_RL#220_15g	1852	Response	1	24810865	504	4
210119_RL#220_15g	1852	Port Input	1	24812336	1976	4
210119_RL#220_15g	1852	Response	1	24812336	1976	4
210119_RL#220_15g	1852	Port Input	1	24814540	4180	5
210119_RL#220_15g	1852	Response	1	24814540	4180	5
210119_RL#220_15g	1852	Port Input	1	24814545	4185	4
210119_RL#220_15g	1852	Response	1	24814545	4185	4
210119_RL#220_15g	1852	Port Input	1	24816334	5974	4
210119_RL#220_15g	1852	Response	1	24816334	5974	4
210119_RL#220_15g	1852	Port Input	1	24816338	5977	4
210119_RL#220_15g	1852	Response	1	24816338	5977	4
210119_RL#220_15g	1852	Port Input	1	24822396	12036	5
210119_RL#220_15g	1852	Response	1	24822396	12036	5
210119_RL#220_15g	1852	Port Input	1	24823874	13514	4
210119_RL#220_15g	1852	Response	1	24823874	13514	4
210119_RL#220_15g	1852	Port Input	1	24827106	16746	4
210119_RL#220_15g	1852	Response	1	24827106	16746	4
210119_RL#220_15g	1852	Port Input	1	24827110	16750	4
210119_RL#220_15g	1852	Response	1	24827110	16750	4
210119_RL#220_15g	1853	Picture	777	24830664	0	3	20305	6	0	next	false_alarm	9780
210119_RL#220_15g	1853	Port Input	1	24844393	13729	5
210119_RL#220_15g	1853	Response	1	24844393	13729	5
210119_RL#220_15g	1853	Port Input	1	24847397	16733	4
210119_RL#220_15g	1853	Response	1	24847397	16733	4
210119_RL#220_15g	1853	Port Input	1	24847402	16738	4
210119_RL#220_15g	1853	Response	1	24847402	16738	4
210119_RL#220_15g	1853	Manual	2	24850682	20019	NA
210119_RL#220_15g	1854	Sound	12112	24852039	1070	1			0		other	0
210119_RL#220_15g	1854	Port Input	1	24854122	3153	4
210119_RL#220_15g	1854	Response	1	24854122	3153	4
210119_RL#220_15g	1854	Port Input	1	24854125	3157	4
210119_RL#220_15g	1854	Response	1	24854125	3157	4
210119_RL#220_15g	1854	Port Input	1	24855810	4842	3
210119_RL#220_15g	1854	Response	1	24855810	4842	3
210119_RL#220_15g	1855	Picture	55	24856128	0	3	5491	7	0	next	other	0
210119_RL#220_15g	1856	Picture	4442	24861620	0	4	80555	6	0	next	false_alarm	9796
210119_RL#220_15g	1856	Port Input	1	24873491	11871	4
210119_RL#220_15g	1856	Response	1	24873491	11871	4
210119_RL#220_15g	1856	Port Input	1	24873494	11874	3
210119_RL#220_15g	1856	Response	1	24873494	11874	3
210119_RL#220_15g	1856	Port Input	1	24876960	15341	3
210119_RL#220_15g	1856	Response	1	24876960	15341	3
210119_RL#220_15g	1856	Port Input	1	24878445	16825	3
210119_RL#220_15g	1856	Response	1	24878445	16825	3
210119_RL#220_15g	1856	Port Input	1	24878448	16828	3
210119_RL#220_15g	1856	Response	1	24878448	16828	3
210119_RL#220_15g	1856	Port Input	1	24891197	29577	4
210119_RL#220_15g	1856	Response	1	24891197	29577	4
210119_RL#220_15g	1856	Port Input	1	24891202	29582	4
210119_RL#220_15g	1856	Response	1	24891202	29582	4
210119_RL#220_15g	1856	Port Input	1	24915167	53547	4
210119_RL#220_15g	1856	Response	1	24915167	53547	4
210119_RL#220_15g	1856	Port Input	1	24915172	53552	4
210119_RL#220_15g	1856	Response	1	24915172	53552	4
210119_RL#220_15g	1856	Port Input	1	24923525	61906	4
210119_RL#220_15g	1856	Response	1	24923525	61906	4
210119_RL#220_15g	1856	Port Input	1	24927737	66117	4
210119_RL#220_15g	1856	Response	1	24927737	66117	4
210119_RL#220_15g	1856	Port Input	1	24927742	66122	4
210119_RL#220_15g	1856	Response	1	24927742	66122	4
210119_RL#220_15g	1856	Port Input	1	24935106	73487	5
210119_RL#220_15g	1856	Response	1	24935106	73487	5
210119_RL#220_15g	1857	Picture	666	24942175	0	2	20304	5	0	next	other	0
210119_RL#220_15g	1858	Picture	777	24962479	0	3	20139	6	0	next	false_alarm	9824
210119_RL#220_15g	1858	Port Input	1	24965987	3508	4
210119_RL#220_15g	1858	Response	1	24965987	3508	4
210119_RL#220_15g	1858	Port Input	1	24965992	3513	4
210119_RL#220_15g	1858	Response	1	24965992	3513	4
210119_RL#220_15g	1858	Port Input	1	24970065	7586	4
210119_RL#220_15g	1858	Response	1	24970065	7586	4
210119_RL#220_15g	1858	Port Input	1	24976721	14242	4
210119_RL#220_15g	1858	Response	1	24976721	14242	4
210119_RL#220_15g	1858	Port Input	1	24976724	14245	4
210119_RL#220_15g	1858	Response	1	24976724	14245	4
210119_RL#220_15g	1858	Manual	1	24982493	20014	NA
210119_RL#220_15g	1859	Sound	12122	24984039	1421	1			0		other	0
210119_RL#220_15g	1859	Port Input	1	24986289	3671	4
210119_RL#220_15g	1859	Response	1	24986289	3671	4
210119_RL#220_15g	1859	Port Input	1	24986293	3675	4
210119_RL#220_15g	1859	Response	1	24986293	3675	4
210119_RL#220_15g	1860	Picture	55	24987777	0	3	5493	6	0	next	other	0
210119_RL#220_15g	1861	Picture	12	24993270	0	3	20639	4	0	next	false_alarm	9842
210119_RL#220_15g	1861	Port Input	1	24996149	2879	4
210119_RL#220_15g	1861	Response	1	24996149	2879	4
210119_RL#220_15g	1861	Port Input	1	24997078	3808	5
210119_RL#220_15g	1861	Response	1	24997078	3808	5
210119_RL#220_15g	1861	Port Input	1	24998112	4842	4
210119_RL#220_15g	1861	Response	1	24998112	4842	4
210119_RL#220_15g	1861	Port Input	1	24999176	5906	4
210119_RL#220_15g	1861	Response	1	24999176	5906	4
210119_RL#220_15g	1861	Port Input	1	25000297	7027	4
210119_RL#220_15g	1861	Response	1	25000297	7027	4
210119_RL#220_15g	1861	Port Input	1	25001434	8164	4
210119_RL#220_15g	1861	Response	1	25001434	8164	4
210119_RL#220_15g	1861	Port Input	1	25002647	9377	4
210119_RL#220_15g	1861	Response	1	25002647	9377	4
210119_RL#220_15g	1861	Port Input	1	25003920	10650	4
210119_RL#220_15g	1861	Response	1	25003920	10650	4
210119_RL#220_15g	1861	Port Input	1	25005283	12014	4
210119_RL#220_15g	1861	Response	1	25005283	12014	4
210119_RL#220_15g	1861	Port Input	1	25006727	13457	4
210119_RL#220_15g	1861	Response	1	25006727	13457	4
210119_RL#220_15g	1861	Port Input	1	25008133	14864	4
210119_RL#220_15g	1861	Response	1	25008133	14864	4
210119_RL#220_15g	1861	Port Input	1	25009687	16417	4
210119_RL#220_15g	1861	Response	1	25009687	16417	4
210119_RL#220_15g	1861	Port Input	1	25011783	18513	5
210119_RL#220_15g	1861	Response	1	25011783	18513	5
210119_RL#220_15g	1862	Picture	666	25013909	0	1	20305	1	0	next	false_alarm	9869
210119_RL#220_15g	1862	Port Input	1	25016490	2581	3
210119_RL#220_15g	1862	Response	1	25016490	2581	3
210119_RL#220_15g	1862	Port Input	1	25018452	4543	4
210119_RL#220_15g	1862	Response	1	25018452	4543	4
210119_RL#220_15g	1862	Port Input	1	25018456	4547	4
210119_RL#220_15g	1862	Response	1	25018456	4547	4
210119_RL#220_15g	1862	Port Input	1	25020360	6451	5
210119_RL#220_15g	1862	Response	1	25020360	6451	5
210119_RL#220_15g	1862	Port Input	1	25033923	20014	5
210119_RL#220_15g	1862	Response	1	25033923	20014	5
210119_RL#220_15g	1863	Picture	777	25034214	0	1	20304	3	0	next	false_alarm	9880
210119_RL#220_15g	1863	Port Input	1	25042206	7992	4
210119_RL#220_15g	1863	Response	1	25042206	7992	4
210119_RL#220_15g	1863	Port Input	1	25050902	16688	4
210119_RL#220_15g	1863	Response	1	25050902	16688	4
210119_RL#220_15g	1863	Manual	2	25054228	20014	NA
210119_RL#220_15g	1864	Sound	12112	25056039	1522	1			0		other	0
210119_RL#220_15g	1864	Port Input	1	25057780	3263	4
210119_RL#220_15g	1864	Response	1	25057780	3263	4
210119_RL#220_15g	1864	Port Input	1	25059171	4653	4
210119_RL#220_15g	1864	Response	1	25059171	4653	4
210119_RL#220_15g	1864	Port Input	1	25059176	4659	3
210119_RL#220_15g	1864	Response	1	25059176	4659	3
210119_RL#220_15g	1865	Picture	55	25059843	0	3	5659	5	0	next	false_alarm	9893
210119_RL#220_15g	1865	Port Input	1	25060155	312	4
210119_RL#220_15g	1865	Response	1	25060155	312	4
210119_RL#220_15g	1865	Port Input	1	25060159	316	4
210119_RL#220_15g	1865	Response	1	25060159	316	4
210119_RL#220_15g	1865	Port Input	1	25060858	1015	4
210119_RL#220_15g	1865	Response	1	25060858	1015	4
210119_RL#220_15g	1865	Port Input	1	25064766	4923	4
210119_RL#220_15g	1865	Response	1	25064766	4923	4
210119_RL#220_15g	1865	Port Input	1	25064769	4926	4
210119_RL#220_15g	1865	Response	1	25064769	4926	4
210119_RL#220_15g	1866	Picture	4442	25065502	0	3	80888	3	0	next	false_alarm	9904
210119_RL#220_15g	1866	Port Input	1	25068283	2781	4
210119_RL#220_15g	1866	Response	1	25068283	2781	4
210119_RL#220_15g	1866	Port Input	1	25068287	2785	4
210119_RL#220_15g	1866	Response	1	25068287	2785	4
210119_RL#220_15g	1866	Port Input	1	25076132	10630	4
210119_RL#220_15g	1866	Response	1	25076132	10630	4
210119_RL#220_15g	1866	Port Input	1	25108957	43455	5
210119_RL#220_15g	1866	Response	1	25108957	43455	5
210119_RL#220_15g	1866	Port Input	1	25108962	43460	5
210119_RL#220_15g	1866	Response	1	25108962	43460	5
210119_RL#220_15g	1866	Port Input	1	25132526	67024	4
210119_RL#220_15g	1866	Response	1	25132526	67024	4
210119_RL#220_15g	1866	Port Input	1	25136577	71075	4
210119_RL#220_15g	1866	Response	1	25136577	71075	4
210119_RL#220_15g	1866	Port Input	1	25140327	74825	4
210119_RL#220_15g	1866	Response	1	25140327	74825	4
210119_RL#220_15g	1867	Picture	666	25146390	0	1	20305	2	0	next	false_alarm	9921
210119_RL#220_15g	1867	Port Input	1	25163718	17328	4
210119_RL#220_15g	1867	Response	1	25163718	17328	4
210119_RL#220_15g	1867	Port Input	1	25163739	17349	4
210119_RL#220_15g	1867	Response	1	25163739	17349	4
210119_RL#220_15g	1867	Port Input	1	25163746	17356	4
210119_RL#220_15g	1867	Response	1	25163746	17356	4
210119_RL#220_15g	1867	Port Input	1	25163757	17367	4
210119_RL#220_15g	1867	Response	1	25163757	17367	4
210119_RL#220_15g	1867	Port Input	1	25163772	17382	4
210119_RL#220_15g	1867	Response	1	25163772	17382	4
210119_RL#220_15g	1868	Picture	777	25166695	0	1	20303	5	0	next	other	0
210119_RL#220_15g	1868	Manual	1	25186709	20015	NA
210119_RL#220_15g	1869	Sound	12122	25188039	1041	1			0		other	0
210119_RL#220_15g	1869	Port Input	1	25191726	4728	4
210119_RL#220_15g	1869	Response	1	25191726	4728	4
210119_RL#220_15g	1869	Port Input	1	25191730	4732	4
210119_RL#220_15g	1869	Response	1	25191730	4732	4
210119_RL#220_15g	1869	Port Input	1	25191787	4789	4
210119_RL#220_15g	1869	Response	1	25191787	4789	4
210119_RL#220_15g	1869	Port Input	1	25191831	4833	5
210119_RL#220_15g	1869	Response	1	25191831	4833	5
210119_RL#220_15g	1870	Picture	55	25192158	0	3	5492	5	0	next	false_alarm	9943
210119_RL#220_15g	1870	Port Input	1	25194189	2030	4
210119_RL#220_15g	1870	Response	1	25194189	2030	4
210119_RL#220_15g	1871	Picture	12	25197650	0	3	20638	6	0	next	false_alarm	9946
210119_RL#220_15g	1871	Port Input	1	25199089	1439	4
210119_RL#220_15g	1871	Response	1	25199089	1439	4
210119_RL#220_15g	1871	Port Input	1	25200133	2482	4
210119_RL#220_15g	1871	Response	1	25200133	2482	4
210119_RL#220_15g	1871	Port Input	1	25201162	3512	4
210119_RL#220_15g	1871	Response	1	25201162	3512	4
210119_RL#220_15g	1871	Port Input	1	25201166	3516	5
210119_RL#220_15g	1871	Response	1	25201166	3516	5
210119_RL#220_15g	1871	Port Input	1	25202249	4599	4
210119_RL#220_15g	1871	Response	1	25202249	4599	4
210119_RL#220_15g	1871	Port Input	1	25203347	5697	4
210119_RL#220_15g	1871	Response	1	25203347	5697	4
210119_RL#220_15g	1871	Port Input	1	25203351	5701	4
210119_RL#220_15g	1871	Response	1	25203351	5701	4
210119_RL#220_15g	1871	Port Input	1	25204540	6890	4
210119_RL#220_15g	1871	Response	1	25204540	6890	4
210119_RL#220_15g	1871	Port Input	1	25205741	8091	5
210119_RL#220_15g	1871	Response	1	25205741	8091	5
210119_RL#220_15g	1871	Port Input	1	25207023	9372	9
210119_RL#220_15g	1871	Response	1	25207023	9372	9
210119_RL#220_15g	1871	Port Input	1	25208331	10681	5
210119_RL#220_15g	1871	Response	1	25208331	10681	5
210119_RL#220_15g	1871	Port Input	1	25209687	12037	4
210119_RL#220_15g	1871	Response	1	25209687	12037	4
210119_RL#220_15g	1871	Port Input	1	25209691	12040	5
210119_RL#220_15g	1871	Response	1	25209691	12040	5
210119_RL#220_15g	1871	Port Input	1	25211014	13364	4
210119_RL#220_15g	1871	Response	1	25211014	13364	4
210119_RL#220_15g	1871	Port Input	1	25212390	14739	4
210119_RL#220_15g	1871	Response	1	25212390	14739	4
210119_RL#220_15g	1871	Port Input	1	25213805	16155	4
210119_RL#220_15g	1871	Response	1	25213805	16155	4
210119_RL#220_15g	1871	Port Input	1	25215278	17628	4
210119_RL#220_15g	1871	Response	1	25215278	17628	4
210119_RL#220_15g	1871	Port Input	1	25215281	17631	4
210119_RL#220_15g	1871	Response	1	25215281	17631	4
210119_RL#220_15g	1872	Picture	666	25218288	0	4	20140	5	0	next	false_alarm	9983
210119_RL#220_15g	1872	Port Input	1	25227893	9605	5
210119_RL#220_15g	1872	Response	1	25227893	9605	5
210119_RL#220_15g	1872	Port Input	1	25229495	11207	4
210119_RL#220_15g	1872	Response	1	25229495	11207	4
210119_RL#220_15g	1872	Port Input	1	25231458	13170	4
210119_RL#220_15g	1872	Response	1	25231458	13170	4
210119_RL#220_15g	1873	Picture	777	25238428	0	2	20305	3	0	next	false_alarm	9990
210119_RL#220_15g	1873	Port Input	1	25244757	6329	4
210119_RL#220_15g	1873	Response	1	25244757	6329	4
210119_RL#220_15g	1873	Port Input	1	25246145	7718	4
210119_RL#220_15g	1873	Response	1	25246145	7718	4
210119_RL#220_15g	1873	Port Input	1	25247789	9361	4
210119_RL#220_15g	1873	Response	1	25247789	9361	4
210119_RL#220_15g	1873	Port Input	1	25250929	12501	3
210119_RL#220_15g	1873	Response	1	25250929	12501	3
210119_RL#220_15g	1873	Port Input	1	25250933	12506	4
210119_RL#220_15g	1873	Response	1	25250933	12506	4
210119_RL#220_15g	1873	Manual	1	25258447	20019	NA
210119_RL#220_15g	1874	Sound	12112	25260039	1306	1			0		other	0
210119_RL#220_15g	1874	Port Input	1	25260958	2225	4
210119_RL#220_15g	1874	Response	1	25260958	2225	4
210119_RL#220_15g	1874	Port Input	1	25260963	2230	5
210119_RL#220_15g	1874	Response	1	25260963	2230	5
210119_RL#220_15g	1874	Port Input	1	25262574	3841	4
210119_RL#220_15g	1874	Response	1	25262574	3841	4
210119_RL#220_15g	1875	Picture	55	25264059	0	1	5492	1	0	next	false_alarm	10009
210119_RL#220_15g	1875	Port Input	1	25264478	419	3
210119_RL#220_15g	1875	Response	1	25264478	419	3
210119_RL#220_15g	1875	Port Input	1	25266270	2212	3
210119_RL#220_15g	1875	Response	1	25266270	2212	3
210119_RL#220_15g	1875	Port Input	1	25267868	3809	4
210119_RL#220_15g	1875	Response	1	25267868	3809	4
210119_RL#220_15g	1875	Port Input	1	25267871	3813	4
210119_RL#220_15g	1875	Response	1	25267871	3813	4
210119_RL#220_15g	1875	Port Input	1	25269061	5003	257
210119_RL#220_15g	1875	Response	1	25269061	5003	257
210119_RL#220_15g	1876	Picture	4442	25269551	0	1	80719	4	0	next	false_alarm	10020
210119_RL#220_15g	1876	Port Input	1	25279337	9786	4
210119_RL#220_15g	1876	Response	1	25279337	9786	4
210119_RL#220_15g	1876	Port Input	1	25279341	9790	4
210119_RL#220_15g	1876	Response	1	25279341	9790	4
210119_RL#220_15g	1876	Port Input	1	25282140	12589	4
210119_RL#220_15g	1876	Response	1	25282140	12589	4
210119_RL#220_15g	1876	Port Input	1	25290207	20656	4
210119_RL#220_15g	1876	Response	1	25290207	20656	4
210119_RL#220_15g	1876	Port Input	1	25290211	20660	4
210119_RL#220_15g	1876	Response	1	25290211	20660	4
210119_RL#220_15g	1876	Port Input	1	25295100	25549	5
210119_RL#220_15g	1876	Response	1	25295100	25549	5
210119_RL#220_15g	1876	Port Input	1	25334814	65263	4
210119_RL#220_15g	1876	Response	1	25334814	65263	4
210119_RL#220_15g	1876	Port Input	1	25336886	67335	4
210119_RL#220_15g	1876	Response	1	25336886	67335	4
210119_RL#220_15g	1876	Port Input	1	25336890	67339	4
210119_RL#220_15g	1876	Response	1	25336890	67339	4
210119_RL#220_15g	1876	Port Input	1	25344058	74507	4
210119_RL#220_15g	1876	Response	1	25344058	74507	4
210119_RL#220_15g	1876	Port Input	1	25344062	74511	4
210119_RL#220_15g	1876	Response	1	25344062	74511	4
210119_RL#220_15g	1877	Picture	666	25350270	0	4	20307	4	0	next	false_alarm	10043
210119_RL#220_15g	1877	Port Input	1	25352765	2496	4
210119_RL#220_15g	1877	Response	1	25352765	2496	4
210119_RL#220_15g	1877	Port Input	1	25352769	2499	4
210119_RL#220_15g	1877	Response	1	25352769	2499	4
210119_RL#220_15g	1877	Port Input	1	25352772	2502	4
210119_RL#220_15g	1877	Response	1	25352772	2502	4
210119_RL#220_15g	1877	Port Input	1	25354307	4037	5
210119_RL#220_15g	1877	Response	1	25354307	4037	5
210119_RL#220_15g	1877	Port Input	1	25359538	9268	4
210119_RL#220_15g	1877	Response	1	25359538	9268	4
210119_RL#220_15g	1878	Picture	777	25370576	0	1	20305	2	0	next	other	0
210119_RL#220_15g	1878	Manual	2	25390592	20016	NA
210119_RL#220_15g	1879	Sound	12122	25393039	2158	1			0		other	0
210119_RL#220_15g	1879	Port Input	1	25395729	4848	4
210119_RL#220_15g	1879	Response	1	25395729	4848	4
210119_RL#220_15g	1880	Picture	55	25396207	0	1	5493	1	0	next	other	0
210119_RL#220_15g	1881	Picture	12	25401700	0	1	20636	3	0	next	false_alarm	10060
210119_RL#220_15g	1881	Port Input	1	25404027	2328	4
210119_RL#220_15g	1881	Response	1	25404027	2328	4
210119_RL#220_15g	1881	Port Input	1	25404962	3263	4
210119_RL#220_15g	1881	Response	1	25404962	3263	4
210119_RL#220_15g	1881	Port Input	1	25405957	4258	4
210119_RL#220_15g	1881	Response	1	25405957	4258	4
210119_RL#220_15g	1881	Port Input	1	25407000	5300	4
210119_RL#220_15g	1881	Response	1	25407000	5300	4
210119_RL#220_15g	1881	Port Input	1	25408143	6444	6
210119_RL#220_15g	1881	Response	1	25408143	6444	6
210119_RL#220_15g	1881	Port Input	1	25409283	7583	4
210119_RL#220_15g	1881	Response	1	25409283	7583	4
210119_RL#220_15g	1881	Port Input	1	25409286	7587	4
210119_RL#220_15g	1881	Response	1	25409286	7587	4
210119_RL#220_15g	1881	Port Input	1	25410531	8832	5
210119_RL#220_15g	1881	Response	1	25410531	8832	5
210119_RL#220_15g	1881	Port Input	1	25411898	10198	4
210119_RL#220_15g	1881	Response	1	25411898	10198	4
210119_RL#220_15g	1881	Port Input	1	25411901	10202	3
210119_RL#220_15g	1881	Response	1	25411901	10202	3
210119_RL#220_15g	1881	Port Input	1	25413310	11610	4
210119_RL#220_15g	1881	Response	1	25413310	11610	4
210119_RL#220_15g	1881	Port Input	1	25413313	11614	4
210119_RL#220_15g	1881	Response	1	25413313	11614	4
210119_RL#220_15g	1881	Port Input	1	25418082	16382	4
210119_RL#220_15g	1881	Response	1	25418082	16382	4
210119_RL#220_15g	1881	Port Input	1	25419508	17808	4
210119_RL#220_15g	1881	Response	1	25419508	17808	4
210119_RL#220_15g	1881	Port Input	1	25421111	19412	5
210119_RL#220_15g	1881	Response	1	25421111	19412	5
210119_RL#220_15g	1882	Picture	666	25422335	0	3	20139	6	0	next	false_alarm	10091
210119_RL#220_15g	1882	Port Input	1	25423432	1096	4
210119_RL#220_15g	1882	Response	1	25423432	1096	4
210119_RL#220_15g	1882	Port Input	1	25428606	6271	4
210119_RL#220_15g	1882	Response	1	25428606	6271	4
210119_RL#220_15g	1882	Port Input	1	25430670	8335	4
210119_RL#220_15g	1882	Response	1	25430670	8335	4
210119_RL#220_15g	1882	Port Input	1	25432610	10274	4
210119_RL#220_15g	1882	Response	1	25432610	10274	4
210119_RL#220_15g	1882	Port Input	1	25440741	18406	4
210119_RL#220_15g	1882	Response	1	25440741	18406	4
210119_RL#220_15g	1883	Picture	777	25442474	0	3	20139	6	0	next	false_alarm	10102
210119_RL#220_15g	1883	Port Input	1	25446603	4129	4
210119_RL#220_15g	1883	Response	1	25446603	4129	4
210119_RL#220_15g	1883	Port Input	1	25450312	7838	4
210119_RL#220_15g	1883	Response	1	25450312	7838	4
210119_RL#220_15g	1883	Port Input	1	25455650	13176	4
210119_RL#220_15g	1883	Response	1	25455650	13176	4
210119_RL#220_15g	1883	Port Input	1	25456938	14464	4
210119_RL#220_15g	1883	Response	1	25456938	14464	4
210119_RL#220_15g	1883	Port Input	1	25456942	14468	6
210119_RL#220_15g	1883	Response	1	25456942	14468	6
210119_RL#220_15g	1883	Port Input	1	25460386	17912	5
210119_RL#220_15g	1883	Response	1	25460386	17912	5
210119_RL#220_15g	1883	Manual	2	25462488	20014	NA
210119_RL#220_15g	1884	Sound	12112	25464039	1426	1			0		other	0
210119_RL#220_15g	1884	Port Input	1	25466659	4047	4
210119_RL#220_15g	1884	Response	1	25466659	4047	4
210119_RL#220_15g	1885	Picture	55	25467772	0	4	5492	7	0	next	other	0
210119_RL#220_15g	1886	Picture	4442	25473264	0	4	80554	6	0	next	false_alarm	10120
210119_RL#220_15g	1886	Port Input	1	25487271	14007	4
210119_RL#220_15g	1886	Response	1	25487271	14007	4
210119_RL#220_15g	1886	Port Input	1	25496819	23555	4
210119_RL#220_15g	1886	Response	1	25496819	23555	4
210119_RL#220_15g	1886	Port Input	1	25496823	23559	4
210119_RL#220_15g	1886	Response	1	25496823	23559	4
210119_RL#220_15g	1886	Port Input	1	25501388	28124	4
210119_RL#220_15g	1886	Response	1	25501388	28124	4
210119_RL#220_15g	1886	Port Input	1	25501391	28127	4
210119_RL#220_15g	1886	Response	1	25501391	28127	4
210119_RL#220_15g	1886	Port Input	1	25511696	38431	4
210119_RL#220_15g	1886	Response	1	25511696	38431	4
210119_RL#220_15g	1886	Port Input	1	25541706	68442	5
210119_RL#220_15g	1886	Response	1	25541706	68442	5
210119_RL#220_15g	1886	Port Input	1	25548761	75497	4
210119_RL#220_15g	1886	Response	1	25548761	75497	4
210119_RL#220_15g	1886	Port Input	1	25552093	78829	5
210119_RL#220_15g	1886	Response	1	25552093	78829	5
210119_RL#220_15g	1887	Picture	666	25553818	0	3	20139	6	0	next	false_alarm	10139
210119_RL#220_15g	1887	Port Input	1	25563429	9611	4
210119_RL#220_15g	1887	Response	1	25563429	9611	4
210119_RL#220_15g	1887	Port Input	1	25563433	9615	4
210119_RL#220_15g	1887	Response	1	25563433	9615	4
210119_RL#220_15g	1887	Port Input	1	25568062	14244	4
210119_RL#220_15g	1887	Response	1	25568062	14244	4
210119_RL#220_15g	1888	Picture	777	25573957	0	3	20138	6	0	next	false_alarm	10146
210119_RL#220_15g	1888	Port Input	1	25578835	4878	4
210119_RL#220_15g	1888	Response	1	25578835	4878	4
210119_RL#220_15g	1888	Port Input	1	25578838	4881	4
210119_RL#220_15g	1888	Response	1	25578838	4881	4
210119_RL#220_15g	1888	Manual	1	25593970	20013	NA
210119_RL#220_15g	1889	Sound	12122	25596039	1944	1			0		other	0
210119_RL#220_15g	1889	Port Input	1	25597713	3617	4
210119_RL#220_15g	1889	Response	1	25597713	3617	4
210119_RL#220_15g	1890	Picture	55	25599254	0	4	5661	5	0	next	other	0
210119_RL#220_15g	1891	Picture	12	25604915	0	1	20804	2	0	next	false_alarm	10156
210119_RL#220_15g	1891	Port Input	1	25614732	9817	4
210119_RL#220_15g	1891	Response	1	25614732	9817	4
210119_RL#220_15g	1891	Port Input	1	25615674	10759	4
210119_RL#220_15g	1891	Response	1	25615674	10759	4
210119_RL#220_15g	1891	Port Input	1	25616698	11783	4
210119_RL#220_15g	1891	Response	1	25616698	11783	4
210119_RL#220_15g	1891	Port Input	1	25617774	12859	4
210119_RL#220_15g	1891	Response	1	25617774	12859	4
210119_RL#220_15g	1891	Port Input	1	25618946	14031	4
210119_RL#220_15g	1891	Response	1	25618946	14031	4
210119_RL#220_15g	1891	Port Input	1	25618951	14036	4
210119_RL#220_15g	1891	Response	1	25618951	14036	4
210119_RL#220_15g	1891	Port Input	1	25620330	15415	5
210119_RL#220_15g	1891	Response	1	25620330	15415	5
210119_RL#220_15g	1891	Port Input	1	25621581	16666	6
210119_RL#220_15g	1891	Response	1	25621581	16666	6
210119_RL#220_15g	1891	Port Input	1	25622871	17956	4
210119_RL#220_15g	1891	Response	1	25622871	17956	4
210119_RL#220_15g	1891	Port Input	1	25624327	19412	4
210119_RL#220_15g	1891	Response	1	25624327	19412	4
210119_RL#220_15g	1892	Picture	666	25625719	0	1	20304	3	0	next	false_alarm	10177
210119_RL#220_15g	1892	Port Input	1	25626124	405	3
210119_RL#220_15g	1892	Response	1	25626124	405	3
210119_RL#220_15g	1892	Port Input	1	25626133	414	3
210119_RL#220_15g	1892	Response	1	25626133	414	3
210119_RL#220_15g	1892	Port Input	1	25626291	572	3
210119_RL#220_15g	1892	Response	1	25626291	572	3
210119_RL#220_15g	1892	Port Input	1	25626294	574	4
210119_RL#220_15g	1892	Response	1	25626294	574	4
210119_RL#220_15g	1892	Port Input	1	25627596	1877	4
210119_RL#220_15g	1892	Response	1	25627596	1877	4
210119_RL#220_15g	1892	Port Input	1	25629019	3300	4
210119_RL#220_15g	1892	Response	1	25629019	3300	4
210119_RL#220_15g	1892	Port Input	1	25629023	3304	4
210119_RL#220_15g	1892	Response	1	25629023	3304	4
210119_RL#220_15g	1892	Port Input	1	25630503	4784	5
210119_RL#220_15g	1892	Response	1	25630503	4784	5
210119_RL#220_15g	1892	Port Input	1	25632099	6380	4
210119_RL#220_15g	1892	Response	1	25632099	6380	4
210119_RL#220_15g	1892	Port Input	1	25634058	8339	4
210119_RL#220_15g	1892	Response	1	25634058	8339	4
210119_RL#220_15g	1892	Port Input	1	25634063	8344	5
210119_RL#220_15g	1892	Response	1	25634063	8344	5
210119_RL#220_15g	1892	Port Input	1	25635495	9776	4
210119_RL#220_15g	1892	Response	1	25635495	9776	4
210119_RL#220_15g	1892	Port Input	1	25639716	13996	4
210119_RL#220_15g	1892	Response	1	25639716	13996	4
210119_RL#220_15g	1892	Port Input	1	25642287	16568	4
210119_RL#220_15g	1892	Response	1	25642287	16568	4
210119_RL#220_15g	1893	Picture	777	25646023	0	3	20305	5	0	next	false_alarm	10206
210119_RL#220_15g	1893	Port Input	1	25650287	4264	4
210119_RL#220_15g	1893	Response	1	25650287	4264	4
210119_RL#220_15g	1893	Port Input	1	25654173	8151	4
210119_RL#220_15g	1893	Response	1	25654173	8151	4
210119_RL#220_15g	1893	Port Input	1	25656498	10475	4
210119_RL#220_15g	1893	Response	1	25656498	10475	4
210119_RL#220_15g	1893	Manual	2	25666040	20017	NA
210119_RL#220_15g	1894	Port Input	1	25667405	1077	4
210119_RL#220_15g	1894	Response	1	25667405	1077	4
210119_RL#220_15g	1894	Port Input	1	25667408	1081	4
210119_RL#220_15g	1894	Response	1	25667408	1081	4
210119_RL#220_15g	1894	Sound	12112	25668039	1712	1			0		other	0
210119_RL#220_15g	1894	Port Input	1	25669902	3575	4
210119_RL#220_15g	1894	Response	1	25669902	3575	4
210119_RL#220_15g	1894	Port Input	1	25670581	4253	4
210119_RL#220_15g	1894	Response	1	25670581	4253	4
210119_RL#220_15g	1894	Port Input	1	25670585	4257	4
210119_RL#220_15g	1894	Response	1	25670585	4257	4
210119_RL#220_15g	1895	Picture	55	25671487	0	3	5492	6	0	next	false_alarm	10225
210119_RL#220_15g	1895	Port Input	1	25672422	935	4
210119_RL#220_15g	1895	Response	1	25672422	935	4
210119_RL#220_15g	1896	Picture	4442	25676979	0	3	80722	4	0	next	false_alarm	10228
210119_RL#220_15g	1896	Port Input	1	25678247	1268	4
210119_RL#220_15g	1896	Response	1	25678247	1268	4
210119_RL#220_15g	1896	Port Input	1	25678251	1272	4
210119_RL#220_15g	1896	Response	1	25678251	1272	4
210119_RL#220_15g	1896	Port Input	1	25687761	10782	5
210119_RL#220_15g	1896	Response	1	25687761	10782	5
210119_RL#220_15g	1896	Port Input	1	25692197	15218	4
210119_RL#220_15g	1896	Response	1	25692197	15218	4
210119_RL#220_15g	1896	Port Input	1	25692201	15222	4
210119_RL#220_15g	1896	Response	1	25692201	15222	4
210119_RL#220_15g	1896	Port Input	1	25697133	20154	4
210119_RL#220_15g	1896	Response	1	25697133	20154	4
210119_RL#220_15g	1896	Port Input	1	25697137	20158	4
210119_RL#220_15g	1896	Response	1	25697137	20158	4
210119_RL#220_15g	1896	Port Input	1	25701016	24037	4
210119_RL#220_15g	1896	Response	1	25701016	24037	4
210119_RL#220_15g	1896	Port Input	1	25706088	29109	4
210119_RL#220_15g	1896	Response	1	25706088	29109	4
210119_RL#220_15g	1896	Port Input	1	25734476	57497	4
210119_RL#220_15g	1896	Response	1	25734476	57497	4
210119_RL#220_15g	1896	Port Input	1	25736975	59996	4
210119_RL#220_15g	1896	Response	1	25736975	59996	4
210119_RL#220_15g	1896	Port Input	1	25736982	60002	4
210119_RL#220_15g	1896	Response	1	25736982	60002	4
210119_RL#220_15g	1896	Port Input	1	25737001	60022	4
210119_RL#220_15g	1896	Response	1	25737001	60022	4
210119_RL#220_15g	1896	Port Input	1	25737005	60026	4
210119_RL#220_15g	1896	Response	1	25737005	60026	4
210119_RL#220_15g	1896	Port Input	1	25737691	60712	4
210119_RL#220_15g	1896	Response	1	25737691	60712	4
210119_RL#220_15g	1896	Port Input	1	25737695	60716	4
210119_RL#220_15g	1896	Response	1	25737695	60716	4
210119_RL#220_15g	1897	Picture	666	25757701	0	1	20303	3	0	next	false_alarm	10261
210119_RL#220_15g	1897	Port Input	1	25772318	14617	4
210119_RL#220_15g	1897	Response	1	25772318	14617	4
210119_RL#220_15g	1898	Picture	777	25778004	0	3	20305	6	0	next	other	0
210119_RL#220_15g	1898	Manual	1	25798017	20013	NA
210119_RL#220_15g	1899	Sound	12112	25800040	1730	1			0		other	0
210119_RL#220_15g	1899	Port Input	1	25802685	4375	4
210119_RL#220_15g	1899	Response	1	25802685	4375	4
210119_RL#220_15g	1900	Picture	55	25803469	0	3	5492	6	0	next	other	0
210119_RL#220_15g	1901	Picture	4442	25808961	0	4	80721	6	0	next	false_alarm	10270
210119_RL#220_15g	1901	Port Input	1	25809404	443	4
210119_RL#220_15g	1901	Response	1	25809404	443	4
210119_RL#220_15g	1901	Port Input	1	25867288	58327	4
210119_RL#220_15g	1901	Response	1	25867288	58327	4
210119_RL#220_15g	1901	Port Input	1	25867291	58330	4
210119_RL#220_15g	1901	Response	1	25867291	58330	4
210119_RL#220_15g	1902	Picture	666	25889682	0	3	20305	5	0	next	other	0
210119_RL#220_15g	1903	Picture	777	25909987	0	3	20138	6	0	next	other	0
210119_RL#220_15g	1903	Manual	2	25930001	20015	NA
210119_RL#220_15g	1904	Sound	12122	25932040	1915	1			0		other	0
210119_RL#220_15g	1905	Picture	55	25935284	0	3	5492	6	0	next	other	0
210119_RL#220_15g	1906	Picture	12	25940777	0	3	21139	4	0	next	other	0
210119_RL#220_15g	1907	Picture	666	25961915	0	1	20305	1	0	next	false_alarm	10283
210119_RL#220_15g	1907	Port Input	1	25978021	16106	4
210119_RL#220_15g	1907	Response	1	25978021	16106	4
210119_RL#220_15g	1908	Picture	777	25982220	0	1	20305	2	0	next	other	0
210119_RL#220_15g	1908	Manual	2	26002237	20017	NA
210119_RL#220_15g	1909	Sound	12122	26004040	1515	1			0		other	0
210119_RL#220_15g	1910	Picture	55	26007850	0	2	5492	5	0	next	false_alarm	10289
210119_RL#220_15g	1910	Port Input	1	26008083	233	4
210119_RL#220_15g	1910	Response	1	26008083	233	4
210119_RL#220_15g	1911	Picture	12	26013342	0	3	20638	6	0	next	other	0
210119_RL#220_15g	1912	Picture	666	26033979	0	3	20139	6	0	next	false_alarm	10293
210119_RL#220_15g	1912	Port Input	1	26034522	542	3
210119_RL#220_15g	1912	Response	1	26034522	542	3
210119_RL#220_15g	1912	Port Input	1	26048264	14285	4
210119_RL#220_15g	1912	Response	1	26048264	14285	4
210119_RL#220_15g	1912	Port Input	1	26052883	18904	4
210119_RL#220_15g	1912	Response	1	26052883	18904	4
210119_RL#220_15g	1913	Picture	777	26054118	0	3	20471	7	0	next	false_alarm	10300
210119_RL#220_15g	1913	Port Input	1	26054831	713	4
210119_RL#220_15g	1913	Response	1	26054831	713	4
210119_RL#220_15g	1913	Port Input	1	26056262	2144	5
210119_RL#220_15g	1913	Response	1	26056262	2144	5
210119_RL#220_15g	1913	Port Input	1	26058265	4147	4
210119_RL#220_15g	1913	Response	1	26058265	4147	4
210119_RL#220_15g	1913	Port Input	1	26069007	14888	5
210119_RL#220_15g	1913	Response	1	26069007	14888	5
210119_RL#220_15g	1913	Port Input	1	26073551	19433	4
210119_RL#220_15g	1913	Response	1	26073551	19433	4
210119_RL#220_15g	1913	Manual	2	26074406	20288	NA
210119_RL#220_15g	1914	Sound	2112	26076040	1451	1			0		other	0
210119_RL#220_15g	1914	Port Input	1	26078671	4082	4
210119_RL#220_15g	1914	Response	1	26078671	4082	4
210119_RL#220_15g	1914	Port Input	1	26078677	4087	4
210119_RL#220_15g	1914	Response	1	26078677	4087	4
210119_RL#220_15g	1915	Picture	55	26079750	0	2	5326	3	0	next	other	0
210119_RL#220_15g	1916	Picture	10	26085076	0	1	16643	2	0	next	hit	10318
210119_RL#220_15g	1916	Port Input	1	26101447	16371	4
210119_RL#220_15g	1916	Response	1	26101447	16371	4
210119_RL#220_15g	1917	Picture	312	26101719	0	1	666	1	0	next	other	0
210119_RL#220_15g	1918	Picture	4442	26102385	0	1	80719	4	0	next	false_alarm	10322
210119_RL#220_15g	1918	Port Input	1	26107221	4836	4
210119_RL#220_15g	1918	Response	1	26107221	4836	4
210119_RL#220_15g	1918	Port Input	1	26107225	4839	4
210119_RL#220_15g	1918	Response	1	26107225	4839	4
210119_RL#220_15g	1918	Port Input	1	26108757	6371	4
210119_RL#220_15g	1918	Response	1	26108757	6371	4
210119_RL#220_15g	1918	Port Input	1	26108760	6375	4
210119_RL#220_15g	1918	Response	1	26108760	6375	4
210119_RL#220_15g	1918	Port Input	1	26127323	24938	4
210119_RL#220_15g	1918	Response	1	26127323	24938	4
210119_RL#220_15g	1918	Port Input	1	26128917	26532	4
210119_RL#220_15g	1918	Response	1	26128917	26532	4
210119_RL#220_15g	1918	Port Input	1	26135445	33060	4
210119_RL#220_15g	1918	Response	1	26135445	33060	4
210119_RL#220_15g	1918	Port Input	1	26135450	33065	4
210119_RL#220_15g	1918	Response	1	26135450	33065	4
210119_RL#220_15g	1918	Port Input	1	26143608	41223	4
210119_RL#220_15g	1918	Response	1	26143608	41223	4
210119_RL#220_15g	1918	Port Input	1	26181552	79167	4
210119_RL#220_15g	1918	Response	1	26181552	79167	4
210119_RL#220_15g	1919	Picture	666	26183104	0	4	20306	5	0	next	false_alarm	10343
210119_RL#220_15g	1919	Port Input	1	26183231	127	3
210119_RL#220_15g	1919	Response	1	26183231	127	3
210119_RL#220_15g	1919	Port Input	1	26199775	16671	4
210119_RL#220_15g	1919	Response	1	26199775	16671	4
210119_RL#220_15g	1920	Picture	777	26203410	0	1	20305	2	0	next	other	0
210119_RL#220_15g	1920	Manual	2	26223423	20013	NA
210119_RL#220_15g	1921	Sound	2122	26225040	1325	1			0		other	0
210119_RL#220_15g	1921	Port Input	1	26226080	2365	4
210119_RL#220_15g	1921	Response	1	26226080	2365	4
210119_RL#220_15g	1921	Port Input	1	26226084	2369	4
210119_RL#220_15g	1921	Response	1	26226084	2369	4
210119_RL#220_15g	1922	Picture	55	26229041	0	1	5326	2	0	next	other	0
210119_RL#220_15g	1923	Picture	10	26234367	0	1	20304	4	0	next	miss	0
210119_RL#220_15g	1924	Picture	452	26254671	0	3	1165	5	0	next	other	0
210119_RL#220_15g	1925	Picture	666	26255835	0	3	20139	6	0	next	other	0
210119_RL#220_15g	1926	Picture	777	26275974	0	3	20138	6	0	next	false_alarm	10359
210119_RL#220_15g	1926	Port Input	1	26292122	16148	5
210119_RL#220_15g	1926	Response	1	26292122	16148	5
210119_RL#220_15g	1926	Manual	1	26295992	20017	NA
210119_RL#220_15g	1927	Port Input	1	26297230	1117	3
210119_RL#220_15g	1927	Response	1	26297230	1117	3
210119_RL#220_15g	1927	Port Input	1	26297235	1122	4
210119_RL#220_15g	1927	Response	1	26297235	1122	4
210119_RL#220_15g	1927	Sound	2112	26298040	1927	1			0		other	0
210119_RL#220_15g	1927	Port Input	1	26299291	3178	4
210119_RL#220_15g	1927	Response	1	26299291	3178	4
210119_RL#220_15g	1927	Port Input	1	26301198	5086	5
210119_RL#220_15g	1927	Response	1	26301198	5086	5
210119_RL#220_15g	1928	Picture	55	26301272	0	4	5160	7	0	next	false_alarm	10372
210119_RL#220_15g	1928	Port Input	1	26304637	3365	4
210119_RL#220_15g	1928	Response	1	26304637	3365	4
210119_RL#220_15g	1928	Port Input	1	26304641	3369	4
210119_RL#220_15g	1928	Response	1	26304641	3369	4
210119_RL#220_15g	1929	Picture	10	26306432	0	4	2496	7	0	next	hit	10377
210119_RL#220_15g	1929	Port Input	1	26308674	2243	4
210119_RL#220_15g	1929	Response	1	26308674	2243	4
210119_RL#220_15g	1929	Port Input	1	26308678	2247	4
210119_RL#220_15g	1929	Response	1	26308678	2247	4
210119_RL#220_15g	1930	Picture	312	26308928	0	4	499	7	0	next	other	0
210119_RL#220_15g	1931	Picture	4442	26309428	0	3	80553	6	0	next	false_alarm	10383
210119_RL#220_15g	1931	Port Input	1	26310677	1249	4
210119_RL#220_15g	1931	Response	1	26310677	1249	4
210119_RL#220_15g	1931	Port Input	1	26316654	7227	5
210119_RL#220_15g	1931	Response	1	26316654	7227	5
210119_RL#220_15g	1931	Port Input	1	26336090	26662	4
210119_RL#220_15g	1931	Response	1	26336090	26662	4
210119_RL#220_15g	1932	Picture	666	26389981	0	4	20139	6	0	next	false_alarm	10390
210119_RL#220_15g	1932	Port Input	1	26405290	15309	4
210119_RL#220_15g	1932	Response	1	26405290	15309	4
210119_RL#220_15g	1933	Picture	777	26410120	0	3	20139	7	0	next	other	0
210119_RL#220_15g	1933	Manual	2	26430133	20013	NA
210119_RL#220_15g	1934	Sound	2122	26432040	1782	1			0		other	0
210119_RL#220_15g	1935	Picture	55	26435418	0	4	5327	4	0	next	other	0
210119_RL#220_15g	1936	Picture	10	26440745	0	1	20305	2	0	next	miss	0
210119_RL#220_15g	1937	Picture	452	26461050	0	1	999	2	0	next	other	0
210119_RL#220_15g	1938	Picture	666	26462049	0	1	20304	3	0	next	other	0
210119_RL#220_15g	1939	Picture	777	26482352	0	3	20306	3	0	next	false_alarm	10400
210119_RL#220_15g	1939	Port Input	1	26483014	661	4
210119_RL#220_15g	1939	Response	1	26483014	661	4
210119_RL#220_15g	1939	Port Input	1	26483017	665	4
210119_RL#220_15g	1939	Response	1	26483017	665	4
210119_RL#220_15g	1939	Port Input	1	26485238	2885	4
210119_RL#220_15g	1939	Response	1	26485238	2885	4
210119_RL#220_15g	1939	Port Input	1	26485312	2959	4
210119_RL#220_15g	1939	Response	1	26485312	2959	4
210119_RL#220_15g	1939	Port Input	1	26485317	2965	4
210119_RL#220_15g	1939	Response	1	26485317	2965	4
210119_RL#220_15g	1939	Port Input	1	26488314	5962	5
210119_RL#220_15g	1939	Response	1	26488314	5962	5
210119_RL#220_15g	1939	Port Input	1	26488319	5967	4
210119_RL#220_15g	1939	Response	1	26488319	5967	4
210119_RL#220_15g	1939	Manual	2	26502370	20018	NA
210119_RL#220_15g	1940	Sound	2122	26504040	1382	1			0		other	0
210119_RL#220_15g	1941	Picture	55	26507816	0	3	5160	6	0	next	other	0
210119_RL#220_15g	1942	Picture	10	26512976	0	3	20138	6	0	next	miss	0
210119_RL#220_15g	1943	Picture	452	26533114	0	4	998	7	0	next	other	0
210119_RL#220_15g	1944	Picture	666	26534112	0	4	20307	5	0	next	false_alarm	10420
210119_RL#220_15g	1944	Port Input	1	26543088	8975	4
210119_RL#220_15g	1944	Response	1	26543088	8975	4
210119_RL#220_15g	1945	Picture	777	26554419	0	1	20305	2	0	next	other	0
210119_RL#220_15g	1945	Manual	2	26574433	20014	NA
210119_RL#220_15g	1946	Sound	2122	26576040	1317	1			0		other	0
210119_RL#220_15g	1947	Picture	55	26580050	0	1	5326	1	0	next	other	0
210119_RL#220_15g	1948	Picture	10	26585376	0	1	20304	3	0	next	miss	0
210119_RL#220_15g	1949	Picture	452	26605680	0	3	998	5	0	next	other	0
210119_RL#220_15g	1950	Picture	666	26606678	0	3	20305	6	0	next	false_alarm	10429
210119_RL#220_15g	1950	Port Input	1	26615788	9110	4
210119_RL#220_15g	1950	Response	1	26615788	9110	4
210119_RL#220_15g	1950	Port Input	1	26617495	10817	4
210119_RL#220_15g	1950	Response	1	26617495	10817	4
210119_RL#220_15g	1950	Port Input	1	26618809	12131	4
210119_RL#220_15g	1950	Response	1	26618809	12131	4
210119_RL#220_15g	1950	Port Input	1	26622332	15654	4
210119_RL#220_15g	1950	Response	1	26622332	15654	4
210119_RL#220_15g	1950	Port Input	1	26624459	17781	4
210119_RL#220_15g	1950	Response	1	26624459	17781	4
210119_RL#220_15g	1950	Port Input	1	26624464	17786	4
210119_RL#220_15g	1950	Response	1	26624464	17786	4
210119_RL#220_15g	1951	Picture	777	26626983	0	3	20139	7	0	next	false_alarm	10442
210119_RL#220_15g	1951	Port Input	1	26630434	3452	5
210119_RL#220_15g	1951	Response	1	26630434	3452	5
210119_RL#220_15g	1951	Port Input	1	26630439	3456	4
210119_RL#220_15g	1951	Response	1	26630439	3456	4
210119_RL#220_15g	1951	Port Input	1	26640464	13482	4
210119_RL#220_15g	1951	Response	1	26640464	13482	4
210119_RL#220_15g	1951	Port Input	1	26640469	13486	3
210119_RL#220_15g	1951	Response	1	26640469	13486	3
210119_RL#220_15g	1951	Port Input	1	26643141	16158	4
210119_RL#220_15g	1951	Response	1	26643141	16158	4
210119_RL#220_15g	1951	Port Input	1	26643145	16162	4
210119_RL#220_15g	1951	Response	1	26643145	16162	4
210119_RL#220_15g	1951	Port Input	1	26645968	18985	4
210119_RL#220_15g	1951	Response	1	26645968	18985	4
210119_RL#220_15g	1951	Port Input	1	26645973	18990	5
210119_RL#220_15g	1951	Response	1	26645973	18990	5
210119_RL#220_15g	1951	Manual	1	26646994	20011	NA
210119_RL#220_15g	1952	Sound	2112	26649041	1919	1			0		other	0
210119_RL#220_15g	1953	Picture	55	26652281	0	3	5161	5	0	next	false_alarm	10461
210119_RL#220_15g	1953	Port Input	1	26655647	3366	4
210119_RL#220_15g	1953	Response	1	26655647	3366	4
210119_RL#220_15g	1954	Picture	10	26657442	0	2	4659	5	0	next	hit	10464
210119_RL#220_15g	1954	Port Input	1	26661976	4534	4
210119_RL#220_15g	1954	Response	1	26661976	4534	4
210119_RL#220_15g	1955	Picture	312	26662101	0	4	499	7	0	next	other	0
210119_RL#220_15g	1956	Picture	4442	26662599	0	4	80721	6	0	next	false_alarm	10468
210119_RL#220_15g	1956	Port Input	1	26663408	809	3
210119_RL#220_15g	1956	Response	1	26663408	809	3
210119_RL#220_15g	1956	Port Input	1	26665554	2955	4
210119_RL#220_15g	1956	Response	1	26665554	2955	4
210119_RL#220_15g	1956	Port Input	1	26667667	5068	4
210119_RL#220_15g	1956	Response	1	26667667	5068	4
210119_RL#220_15g	1956	Port Input	1	26691735	29135	4
210119_RL#220_15g	1956	Response	1	26691735	29135	4
210119_RL#220_15g	1957	Picture	666	26743320	0	3	20138	5	0	next	other	0
210119_RL#220_15g	1958	Picture	777	26763459	0	3	20138	7	0	next	other	0
210119_RL#220_15g	1958	Manual	2	26783473	20014	NA
210119_RL#220_15g	1959	Sound	2112	26785041	1444	1			0		other	0
210119_RL#220_15g	1959	Port Input	1	26787525	3928	4
210119_RL#220_15g	1959	Response	1	26787525	3928	4
210119_RL#220_15g	1960	Picture	55	26788757	0	4	5327	4	0	next	false_alarm	10483
210119_RL#220_15g	1960	Port Input	1	26789101	344	3
210119_RL#220_15g	1960	Response	1	26789101	344	3
210119_RL#220_15g	1960	Port Input	1	26790573	1816	4
210119_RL#220_15g	1960	Response	1	26790573	1816	4
210119_RL#220_15g	1960	Port Input	1	26793255	4498	5
210119_RL#220_15g	1960	Response	1	26793255	4498	5
210119_RL#220_15g	1961	Picture	10	26794084	0	1	20304	1	0	next	miss	0
210119_RL#220_15g	1962	Picture	412	26814389	0	1	832	1	0	next	other	0
210119_RL#220_15g	1963	Picture	666	26815221	0	1	20304	3	0	next	other	0
210119_RL#220_15g	1964	Picture	777	26835525	0	3	20305	5	0	next	other	0
210119_RL#220_15g	1964	Manual	1	26855542	20018	NA
210119_RL#220_15g	1965	Sound	2112	26857041	1212	1			0		other	0
210119_RL#220_15g	1965	Port Input	1	26860159	4330	4
210119_RL#220_15g	1965	Response	1	26860159	4330	4
210119_RL#220_15g	1966	Picture	55	26860989	0	3	5159	6	0	next	false_alarm	10498
210119_RL#220_15g	1966	Port Input	1	26861753	764	5
210119_RL#220_15g	1966	Response	1	26861753	764	5
210119_RL#220_15g	1966	Port Input	1	26863491	2503	4
210119_RL#220_15g	1966	Response	1	26863491	2503	4
210119_RL#220_15g	1966	Port Input	1	26863495	2506	4
210119_RL#220_15g	1966	Response	1	26863495	2506	4
210119_RL#220_15g	1966	Port Input	1	26865776	4787	4
210119_RL#220_15g	1966	Response	1	26865776	4787	4
210119_RL#220_15g	1967	Picture	10	26866148	0	3	1664	6	0	next	hit	10507
210119_RL#220_15g	1967	Port Input	1	26867563	1415	4
210119_RL#220_15g	1967	Response	1	26867563	1415	4
210119_RL#220_15g	1968	Picture	312	26867812	0	3	499	6	0	next	other	0
210119_RL#220_15g	1969	Picture	4442	26868312	0	3	80722	4	0	next	false_alarm	10511
210119_RL#220_15g	1969	Port Input	1	26869035	723	5
210119_RL#220_15g	1969	Response	1	26869035	723	5
210119_RL#220_15g	1969	Port Input	1	26930806	62494	4
210119_RL#220_15g	1969	Response	1	26930806	62494	4
210119_RL#220_15g	1969	Port Input	1	26933979	65668	4
210119_RL#220_15g	1969	Response	1	26933979	65668	4
210119_RL#220_15g	1969	Port Input	1	26936405	68093	4
210119_RL#220_15g	1969	Response	1	26936405	68093	4
210119_RL#220_15g	1970	Picture	666	26949034	0	1	20303	4	0	next	other	0
210119_RL#220_15g	1971	Picture	777	26969337	0	3	20305	6	0	next	other	0
210119_RL#220_15g	1971	Manual	2	26989349	20013	NA
210119_RL#220_15g	1971	Port Input	1	26989555	20218	5
210119_RL#220_15g	1971	Response	1	26989555	20218	5
210119_RL#220_15g	1972	Sound	2122	26991041	1399	1			0		other	0
210119_RL#220_15g	1973	Picture	55	26994802	0	3	5159	6	0	next	other	0
210119_RL#220_15g	1974	Picture	10	26999961	0	3	4161	6	0	next	hit	10527
210119_RL#220_15g	1974	Port Input	1	27003884	3923	4
210119_RL#220_15g	1974	Response	1	27003884	3923	4
210119_RL#220_15g	1974	Port Input	1	27003888	3927	4
210119_RL#220_15g	1974	Response	1	27003888	3927	4
210119_RL#220_15g	1975	Picture	352	27004122	0	3	499	6	0	next	other	0
210119_RL#220_15g	1976	Picture	12	27004621	0	3	20139	7	0	next	false_alarm	10533
210119_RL#220_15g	1976	Port Input	1	27008888	4267	5
210119_RL#220_15g	1976	Response	1	27008888	4267	5
210119_RL#220_15g	1976	Port Input	1	27009826	5205	4
210119_RL#220_15g	1976	Response	1	27009826	5205	4
210119_RL#220_15g	1976	Port Input	1	27010776	6155	4
210119_RL#220_15g	1976	Response	1	27010776	6155	4
210119_RL#220_15g	1976	Port Input	1	27011818	7197	4
210119_RL#220_15g	1976	Response	1	27011818	7197	4
210119_RL#220_15g	1976	Port Input	1	27012926	8306	4
210119_RL#220_15g	1976	Response	1	27012926	8306	4
210119_RL#220_15g	1976	Port Input	1	27014074	9453	4
210119_RL#220_15g	1976	Response	1	27014074	9453	4
210119_RL#220_15g	1976	Port Input	1	27015289	10668	4
210119_RL#220_15g	1976	Response	1	27015289	10668	4
210119_RL#220_15g	1976	Port Input	1	27016605	11984	4
210119_RL#220_15g	1976	Response	1	27016605	11984	4
210119_RL#220_15g	1976	Port Input	1	27016609	11988	4
210119_RL#220_15g	1976	Response	1	27016609	11988	4
210119_RL#220_15g	1976	Port Input	1	27018034	13413	4
210119_RL#220_15g	1976	Response	1	27018034	13413	4
210119_RL#220_15g	1976	Port Input	1	27021369	16748	5
210119_RL#220_15g	1976	Response	1	27021369	16748	5
210119_RL#220_15g	1976	Port Input	1	27023309	18688	4
210119_RL#220_15g	1976	Response	1	27023309	18688	4
210119_RL#220_15g	1976	Port Input	1	27023313	18692	4
210119_RL#220_15g	1976	Response	1	27023313	18692	4
210119_RL#220_15g	1977	Picture	3521	27024760	0	4	667	5	0	next	other	0
210119_RL#220_15g	1977	Port Input	1	27025176	416	123
210119_RL#220_15g	1977	Response	1	27025176	416	123
210119_RL#220_15g	1978	Picture	666	27025427	0	2	20305	3	0	next	false_alarm	10563
210119_RL#220_15g	1978	Port Input	1	27026831	1404	4
210119_RL#220_15g	1978	Response	1	27026831	1404	4
210119_RL#220_15g	1978	Port Input	1	27028475	3049	4
210119_RL#220_15g	1978	Response	1	27028475	3049	4
210119_RL#220_15g	1978	Port Input	1	27028479	3053	4
210119_RL#220_15g	1978	Response	1	27028479	3053	4
210119_RL#220_15g	1979	Picture	777	27045731	0	1	20305	2	0	next	false_alarm	10570
210119_RL#220_15g	1979	Port Input	1	27052326	6595	4
210119_RL#220_15g	1979	Response	1	27052326	6595	4
210119_RL#220_15g	1979	Port Input	1	27052330	6599	4
210119_RL#220_15g	1979	Response	1	27052330	6599	4
210119_RL#220_15g	1979	Port Input	1	27053581	7850	4
210119_RL#220_15g	1979	Response	1	27053581	7850	4
210119_RL#220_15g	1979	Port Input	1	27060271	14540	4
210119_RL#220_15g	1979	Response	1	27060271	14540	4
210119_RL#220_15g	1979	Manual	2	27065750	20018	NA
210119_RL#220_15g	1980	Sound	2112	27067041	1005	1			0		other	0
210119_RL#220_15g	1981	Picture	55	27071362	0	2	5325	4	0	next	false_alarm	10581
210119_RL#220_15g	1981	Port Input	1	27072336	974	4
210119_RL#220_15g	1981	Response	1	27072336	974	4
210119_RL#220_15g	1982	Picture	10	27076687	0	3	20305	5	0	next	miss	0
210119_RL#220_15g	1983	Picture	412	27096992	0	3	998	6	0	next	other	0
210119_RL#220_15g	1984	Picture	666	27097990	0	3	20138	7	0	next	other	0
210119_RL#220_15g	1985	Picture	777	27118128	0	4	20139	7	0	next	other	0
210119_RL#220_15g	1985	Manual	1	27138141	20013	NA
210119_RL#220_15g	1986	Sound	2122	27140041	1774	1			0		other	0
210119_RL#220_15g	1986	Port Input	1	27142982	4714	4
210119_RL#220_15g	1986	Response	1	27142982	4714	4
210119_RL#220_15g	1987	Picture	55	27143426	0	4	5160	7	0	next	false_alarm	10592
210119_RL#220_15g	1987	Port Input	1	27144363	936	4
210119_RL#220_15g	1987	Response	1	27144363	936	4
210119_RL#220_15g	1988	Picture	10	27148586	0	4	20306	4	0	next	miss	0
210119_RL#220_15g	1989	Picture	452	27168892	0	1	999	1	0	next	other	0
210119_RL#220_15g	1990	Picture	666	27169891	0	1	20305	2	0	next	other	0
210119_RL#220_15g	1991	Picture	777	27190196	0	1	20304	4	0	next	false_alarm	10598
210119_RL#220_15g	1991	Port Input	1	27197571	7375	4
210119_RL#220_15g	1991	Response	1	27197571	7375	4
210119_RL#220_15g	1991	Port Input	1	27197575	7379	5
210119_RL#220_15g	1991	Response	1	27197575	7379	5
210119_RL#220_15g	1991	Port Input	1	27203693	13497	5
210119_RL#220_15g	1991	Response	1	27203693	13497	5
210119_RL#220_15g	1991	Manual	2	27210214	20018	NA
210119_RL#220_15g	1992	Sound	2112	27212041	1542	1			0		other	0
210119_RL#220_15g	1992	Port Input	1	27213346	2846	4
210119_RL#220_15g	1992	Response	1	27213346	2846	4
210119_RL#220_15g	1992	Port Input	1	27215132	4632	4
210119_RL#220_15g	1992	Response	1	27215132	4632	4
210119_RL#220_15g	1993	Picture	55	27215825	0	3	5160	6	0	next	other	0
210119_RL#220_15g	1994	Picture	10	27220985	0	3	1165	6	0	next	hit	10612
210119_RL#220_15g	1994	Port Input	1	27221970	985	4
210119_RL#220_15g	1994	Response	1	27221970	985	4
210119_RL#220_15g	1995	Picture	312	27222150	0	3	499	5	0	next	other	0
210119_RL#220_15g	1996	Picture	4442	27222649	0	3	80722	3	0	next	false_alarm	10616
210119_RL#220_15g	1996	Port Input	1	27275658	53008	4
210119_RL#220_15g	1996	Response	1	27275658	53008	4
210119_RL#220_15g	1997	Picture	666	27303371	0	1	20303	3	0	next	other	0
210119_RL#220_15g	1998	Picture	777	27323675	0	3	20305	5	0	next	false_alarm	10620
210119_RL#220_15g	1998	Port Input	1	27336089	12415	4
210119_RL#220_15g	1998	Response	1	27336089	12415	4
210119_RL#220_15g	1998	Port Input	1	27341525	17850	4
210119_RL#220_15g	1998	Response	1	27341525	17850	4
210119_RL#220_15g	1998	Port Input	1	27341530	17856	4
210119_RL#220_15g	1998	Response	1	27341530	17856	4
210119_RL#220_15g	1998	Port Input	1	27343591	19916	4
210119_RL#220_15g	1998	Response	1	27343591	19916	4
210119_RL#220_15g	1998	Port Input	1	27343595	19920	3
210119_RL#220_15g	1998	Response	1	27343595	19920	3
210119_RL#220_15g	1998	Manual	1	27343688	20014	NA
210119_RL#220_15g	1999	Sound	2112	27345041	1062	1			0		other	0
210119_RL#220_15g	1999	Port Input	1	27347738	3758	4
210119_RL#220_15g	1999	Response	1	27347738	3758	4
210119_RL#220_15g	2000	Picture	55	27349139	0	3	5159	7	0	next	false_alarm	10635
210119_RL#220_15g	2000	Port Input	1	27349713	574	5
210119_RL#220_15g	2000	Response	1	27349713	574	5
210119_RL#220_15g	2000	Port Input	1	27351700	2561	4
210119_RL#220_15g	2000	Response	1	27351700	2561	4
210119_RL#220_15g	2000	Port Input	1	27353521	4382	4
210119_RL#220_15g	2000	Response	1	27353521	4382	4
210119_RL#220_15g	2001	Picture	10	27354298	0	4	1165	7	0	next	hit	10642
210119_RL#220_15g	2001	Port Input	1	27355290	992	4
210119_RL#220_15g	2001	Response	1	27355290	992	4
210119_RL#220_15g	2002	Picture	312	27355463	0	3	499	6	0	next	other	0
210119_RL#220_15g	2003	Picture	4442	27355962	0	3	80720	6	0	next	false_alarm	10646
210119_RL#220_15g	2003	Port Input	1	27357892	1930	4
210119_RL#220_15g	2003	Response	1	27357892	1930	4
210119_RL#220_15g	2003	Port Input	1	27357898	1935	4
210119_RL#220_15g	2003	Response	1	27357898	1935	4
210119_RL#220_15g	2003	Port Input	1	27384863	28900	4
210119_RL#220_15g	2003	Response	1	27384863	28900	4
210119_RL#220_15g	2003	Port Input	1	27384867	28904	4
210119_RL#220_15g	2003	Response	1	27384867	28904	4
210119_RL#220_15g	2003	Port Input	1	27435967	80004	270
210119_RL#220_15g	2003	Response	1	27435967	80004	270
210119_RL#220_15g	2004	Picture	666	27436683	0	3	20305	6	0	next	other	0
210119_RL#220_15g	2005	Picture	777	27456988	0	3	20139	6	0	next	false_alarm	10658
210119_RL#220_15g	2005	Port Input	1	27464145	7158	5
210119_RL#220_15g	2005	Response	1	27464145	7158	5
210119_RL#220_15g	2005	Port Input	1	27464149	7162	4
210119_RL#220_15g	2005	Response	1	27464149	7162	4
210119_RL#220_15g	2005	Manual	1	27477001	20013	NA
210119_RL#220_15g	2006	Sound	2122	27479042	1915	1			0		other	0
210119_RL#220_15g	2006	Port Input	1	27481213	4087	4
210119_RL#220_15g	2006	Response	1	27481213	4087	4
210119_RL#220_15g	2007	Picture	55	27482286	0	3	5159	7	0	next	other	0
210119_RL#220_15g	2008	Picture	10	27487445	0	4	2497	7	0	next	hit	10668
210119_RL#220_15g	2008	Port Input	1	27489813	2368	4
210119_RL#220_15g	2008	Response	1	27489813	2368	4
210119_RL#220_15g	2008	Port Input	1	27489817	2372	4
210119_RL#220_15g	2008	Response	1	27489817	2372	4
210119_RL#220_15g	2009	Picture	352	27489942	0	3	499	7	0	next	other	0
210119_RL#220_15g	2010	Picture	12	27490441	0	4	20307	4	0	next	false_alarm	10674
210119_RL#220_15g	2010	Port Input	1	27499375	8934	4
210119_RL#220_15g	2010	Response	1	27499375	8934	4
210119_RL#220_15g	2010	Port Input	1	27500273	9832	4
210119_RL#220_15g	2010	Response	1	27500273	9832	4
210119_RL#220_15g	2010	Port Input	1	27501303	10862	4
210119_RL#220_15g	2010	Response	1	27501303	10862	4
210119_RL#220_15g	2010	Port Input	1	27501306	10866	4
210119_RL#220_15g	2010	Response	1	27501306	10866	4
210119_RL#220_15g	2010	Port Input	1	27502366	11925	5
210119_RL#220_15g	2010	Response	1	27502366	11925	5
210119_RL#220_15g	2010	Port Input	1	27502370	11929	4
210119_RL#220_15g	2010	Response	1	27502370	11929	4
210119_RL#220_15g	2010	Port Input	1	27503521	13080	4
210119_RL#220_15g	2010	Response	1	27503521	13080	4
210119_RL#220_15g	2010	Port Input	1	27504749	14309	4
210119_RL#220_15g	2010	Response	1	27504749	14309	4
210119_RL#220_15g	2011	Picture	3521	27510747	0	1	833	1	0	next	other	0
210119_RL#220_15g	2012	Picture	666	27511580	0	1	20304	1	0	next	false_alarm	10692
210119_RL#220_15g	2012	Port Input	1	27512670	1091	3
210119_RL#220_15g	2012	Response	1	27512670	1091	3
210119_RL#220_15g	2012	Port Input	1	27514701	3121	4
210119_RL#220_15g	2012	Response	1	27514701	3121	4
210119_RL#220_15g	2012	Port Input	1	27514704	3125	6
210119_RL#220_15g	2012	Response	1	27514704	3125	6
210119_RL#220_15g	2012	Port Input	1	27516445	4866	4
210119_RL#220_15g	2012	Response	1	27516445	4866	4
210119_RL#220_15g	2012	Port Input	1	27524102	12522	4
210119_RL#220_15g	2012	Response	1	27524102	12522	4
210119_RL#220_15g	2012	Port Input	1	27527922	16342	4
210119_RL#220_15g	2012	Response	1	27527922	16342	4
210119_RL#220_15g	2013	Picture	777	27531884	0	1	20304	3	0	next	false_alarm	10705
210119_RL#220_15g	2013	Port Input	1	27539349	7465	4
210119_RL#220_15g	2013	Response	1	27539349	7465	4
210119_RL#220_15g	2013	Port Input	1	27539353	7468	4
210119_RL#220_15g	2013	Response	1	27539353	7468	4
210119_RL#220_15g	2013	Port Input	1	27540861	8977	4
210119_RL#220_15g	2013	Response	1	27540861	8977	4
210119_RL#220_15g	2013	Manual	1	27551898	20014	NA
210119_RL#220_15g	2014	Sound	2122	27554042	1854	1			0		other	0
210119_RL#220_15g	2014	Port Input	1	27555556	3368	4
210119_RL#220_15g	2014	Response	1	27555556	3368	4
210119_RL#220_15g	2015	Picture	55	27557513	0	3	5326	5	0	next	other	0
210119_RL#220_15g	2016	Picture	10	27562840	0	3	18975	4	0	next	hit	10717
210119_RL#220_15g	2016	Port Input	1	27581536	18696	4
210119_RL#220_15g	2016	Response	1	27581536	18696	4
210119_RL#220_15g	2016	Port Input	1	27581540	18700	4
210119_RL#220_15g	2016	Response	1	27581540	18700	4
210119_RL#220_15g	2017	Picture	352	27581815	0	2	499	3	0	next	other	0
210119_RL#220_15g	2018	Picture	12	27582314	0	2	20137	5	0	next	false_alarm	10723
210119_RL#220_15g	2018	Port Input	1	27583432	1118	3
210119_RL#220_15g	2018	Response	1	27583432	1118	3
210119_RL#220_15g	2018	Port Input	1	27584431	2117	4
210119_RL#220_15g	2018	Response	1	27584431	2117	4
210119_RL#220_15g	2018	Port Input	1	27585488	3174	4
210119_RL#220_15g	2018	Response	1	27585488	3174	4
210119_RL#220_15g	2018	Port Input	1	27586596	4282	4
210119_RL#220_15g	2018	Response	1	27586596	4282	4
210119_RL#220_15g	2018	Port Input	1	27587720	5406	4
210119_RL#220_15g	2018	Response	1	27587720	5406	4
210119_RL#220_15g	2018	Port Input	1	27589083	6769	4
210119_RL#220_15g	2018	Response	1	27589083	6769	4
210119_RL#220_15g	2018	Port Input	1	27589087	6773	4
210119_RL#220_15g	2018	Response	1	27589087	6773	4
210119_RL#220_15g	2018	Port Input	1	27593273	10959	4
210119_RL#220_15g	2018	Response	1	27593273	10959	4
210119_RL#220_15g	2018	Port Input	1	27593276	10962	4
210119_RL#220_15g	2018	Response	1	27593276	10962	4
210119_RL#220_15g	2018	Port Input	1	27594772	12458	4
210119_RL#220_15g	2018	Response	1	27594772	12458	4
210119_RL#220_15g	2018	Port Input	1	27594775	12461	4
210119_RL#220_15g	2018	Response	1	27594775	12461	4
210119_RL#220_15g	2018	Port Input	1	27596192	13878	4
210119_RL#220_15g	2018	Response	1	27596192	13878	4
210119_RL#220_15g	2018	Port Input	1	27600423	18109	4
210119_RL#220_15g	2018	Response	1	27600423	18109	4
210119_RL#220_15g	2019	Picture	3521	27602451	0	4	666	7	0	next	other	0
210119_RL#220_15g	2020	Picture	666	27603117	0	4	20139	7	0	next	false_alarm	10751
210119_RL#220_15g	2020	Port Input	1	27603502	385	3
210119_RL#220_15g	2020	Response	1	27603502	385	3
210119_RL#220_15g	2021	Picture	777	27623255	0	4	20306	4	0	next	false_alarm	10754
210119_RL#220_15g	2021	Port Input	1	27633509	10254	4
210119_RL#220_15g	2021	Response	1	27633509	10254	4
210119_RL#220_15g	2021	Port Input	1	27634761	11506	4
210119_RL#220_15g	2021	Response	1	27634761	11506	4
210119_RL#220_15g	2021	Port Input	1	27636422	13167	4
210119_RL#220_15g	2021	Response	1	27636422	13167	4
210119_RL#220_15g	2021	Port Input	1	27638717	15462	4
210119_RL#220_15g	2021	Response	1	27638717	15462	4
210119_RL#220_15g	2021	Manual	1	27643271	20016	NA
210119_RL#220_15g	2022	Sound	2112	27645042	1480	1			0		other	0
210119_RL#220_15g	2022	Port Input	1	27647209	3648	4
210119_RL#220_15g	2022	Response	1	27647209	3648	4
210119_RL#220_15g	2022	Port Input	1	27648590	5029	5
210119_RL#220_15g	2022	Response	1	27648590	5029	5
210119_RL#220_15g	2023	Picture	55	27648887	0	1	5326	1	0	next	false_alarm	10769
210119_RL#220_15g	2023	Port Input	1	27650323	1436	4
210119_RL#220_15g	2023	Response	1	27650323	1436	4
210119_RL#220_15g	2023	Port Input	1	27652047	3160	4
210119_RL#220_15g	2023	Response	1	27652047	3160	4
210119_RL#220_15g	2023	Port Input	1	27653690	4803	4
210119_RL#220_15g	2023	Response	1	27653690	4803	4
210119_RL#220_15g	2024	Picture	10	27654213	0	1	20305	2	0	next	miss	0
210119_RL#220_15g	2025	Picture	412	27674518	0	1	831	4	0	next	other	0
210119_RL#220_15g	2026	Picture	666	27675349	0	3	20305	5	0	next	other	0
210119_RL#220_15g	2027	Picture	777	27695654	0	3	20138	6	0	next	false_alarm	10779
210119_RL#220_15g	2027	Port Input	1	27708944	13290	6
210119_RL#220_15g	2027	Response	1	27708944	13290	6
210119_RL#220_15g	2027	Manual	1	27715668	20014	NA
210119_RL#220_15g	2028	Sound	2112	27717042	1250	1			0		other	0
210119_RL#220_15g	2028	Port Input	1	27718970	3178	4
210119_RL#220_15g	2028	Response	1	27718970	3178	4
210119_RL#220_15g	2028	Port Input	1	27720224	4432	4
210119_RL#220_15g	2028	Response	1	27720224	4432	4
210119_RL#220_15g	2029	Picture	55	27720952	0	4	5160	7	0	next	other	0
210119_RL#220_15g	2030	Picture	10	27726111	0	3	20306	4	0	next	miss	0
210119_RL#220_15g	2031	Picture	412	27746417	0	1	832	2	0	next	other	0
210119_RL#220_15g	2032	Picture	666	27747250	0	1	20305	1	0	next	false_alarm	10791
210119_RL#220_15g	2032	Port Input	1	27758740	11490	4
210119_RL#220_15g	2032	Response	1	27758740	11490	4
210119_RL#220_15g	2032	Port Input	1	27758745	11495	4
210119_RL#220_15g	2032	Response	1	27758745	11495	4
210119_RL#220_15g	2032	Port Input	1	27759961	12712	4
210119_RL#220_15g	2032	Response	1	27759961	12712	4
210119_RL#220_15g	2032	Port Input	1	27759965	12715	4
210119_RL#220_15g	2032	Response	1	27759965	12715	4
210119_RL#220_15g	2032	Port Input	1	27764631	17382	4
210119_RL#220_15g	2032	Response	1	27764631	17382	4
210119_RL#220_15g	2033	Picture	777	27767555	0	1	20303	3	0	next	false_alarm	10802
210119_RL#220_15g	2033	Port Input	1	27769745	2191	6
210119_RL#220_15g	2033	Response	1	27769745	2191	6
210119_RL#220_15g	2033	Manual	1	27787569	20015	NA
210119_RL#220_15g	2034	Sound	2122	27789042	1184	1			0		other	0
210119_RL#220_15g	2034	Port Input	1	27790800	2942	4
210119_RL#220_15g	2034	Response	1	27790800	2942	4
210119_RL#220_15g	2034	Port Input	1	27790805	2947	4
210119_RL#220_15g	2034	Response	1	27790805	2947	4
210119_RL#220_15g	2035	Picture	55	27793184	0	3	5326	5	0	next	other	0
210119_RL#220_15g	2036	Picture	10	27798510	0	3	17309	5	0	next	hit	10812
210119_RL#220_15g	2036	Port Input	1	27815520	17010	4
210119_RL#220_15g	2036	Response	1	27815520	17010	4
210119_RL#220_15g	2036	Port Input	1	27815524	17014	5
210119_RL#220_15g	2036	Response	1	27815524	17014	5
210119_RL#220_15g	2037	Picture	352	27815819	0	3	500	5	0	next	other	0
210119_RL#220_15g	2038	Picture	12	27816318	0	3	20138	6	0	next	false_alarm	10818
210119_RL#220_15g	2038	Port Input	1	27817257	939	3
210119_RL#220_15g	2038	Response	1	27817257	939	3
210119_RL#220_15g	2038	Port Input	1	27819212	2894	4
210119_RL#220_15g	2038	Response	1	27819212	2894	4
210119_RL#220_15g	2038	Port Input	1	27820130	3811	4
210119_RL#220_15g	2038	Response	1	27820130	3811	4
210119_RL#220_15g	2038	Port Input	1	27821129	4810	4
210119_RL#220_15g	2038	Response	1	27821129	4810	4
210119_RL#220_15g	2038	Port Input	1	27822238	5920	4
210119_RL#220_15g	2038	Response	1	27822238	5920	4
210119_RL#220_15g	2038	Port Input	1	27823412	7093	4
210119_RL#220_15g	2038	Response	1	27823412	7093	4
210119_RL#220_15g	2038	Port Input	1	27824625	8307	4
210119_RL#220_15g	2038	Response	1	27824625	8307	4
210119_RL#220_15g	2038	Port Input	1	27825922	9603	4
210119_RL#220_15g	2038	Response	1	27825922	9603	4
210119_RL#220_15g	2038	Port Input	1	27825925	9607	4
210119_RL#220_15g	2038	Response	1	27825925	9607	4
210119_RL#220_15g	2038	Port Input	1	27828820	12501	4
210119_RL#220_15g	2038	Response	1	27828820	12501	4
210119_RL#220_15g	2038	Port Input	1	27830423	14104	4
210119_RL#220_15g	2038	Response	1	27830423	14104	4
210119_RL#220_15g	2038	Port Input	1	27833520	17202	4
210119_RL#220_15g	2038	Response	1	27833520	17202	4
210119_RL#220_15g	2038	Port Input	1	27834306	17987	4
210119_RL#220_15g	2038	Response	1	27834306	17987	4
210119_RL#220_15g	2038	Port Input	1	27835774	19456	4
210119_RL#220_15g	2038	Response	1	27835774	19456	4
210119_RL#220_15g	2039	Picture	3521	27836456	0	4	665	7	0	next	other	0
210119_RL#220_15g	2040	Picture	666	27837122	0	4	20139	7	0	next	false_alarm	10848
210119_RL#220_15g	2040	Port Input	1	27837496	374	3
210119_RL#220_15g	2040	Response	1	27837496	374	3
210119_RL#220_15g	2040	Port Input	1	27846645	9523	4
210119_RL#220_15g	2040	Response	1	27846645	9523	4
210119_RL#220_15g	2040	Port Input	1	27848729	11607	4
210119_RL#220_15g	2040	Response	1	27848729	11607	4
210119_RL#220_15g	2040	Port Input	1	27852971	15849	4
210119_RL#220_15g	2040	Response	1	27852971	15849	4
210119_RL#220_15g	2041	Picture	777	27857261	0	4	20306	4	0	next	false_alarm	10857
210119_RL#220_15g	2041	Port Input	1	27868780	11519	4
210119_RL#220_15g	2041	Response	1	27868780	11519	4
210119_RL#220_15g	2041	Port Input	1	27868784	11523	6
210119_RL#220_15g	2041	Response	1	27868784	11523	6
210119_RL#220_15g	2041	Port Input	1	27870250	12989	4
210119_RL#220_15g	2041	Response	1	27870250	12989	4
210119_RL#220_15g	2041	Port Input	1	27874277	17016	4
210119_RL#220_15g	2041	Response	1	27874277	17016	4
210119_RL#220_15g	2041	Port Input	1	27874281	17020	4
210119_RL#220_15g	2041	Response	1	27874281	17020	4
210119_RL#220_15g	2041	Manual	2	27877274	20013	NA
210119_RL#220_15g	2042	Sound	2122	27879042	1475	1			0		other	0
210119_RL#220_15g	2042	Port Input	1	27881272	3704	4
210119_RL#220_15g	2042	Response	1	27881272	3704	4
210119_RL#220_15g	2042	Port Input	1	27881275	3708	4
210119_RL#220_15g	2042	Response	1	27881275	3708	4
210119_RL#220_15g	2043	Picture	55	27882893	0	1	5326	1	0	next	other	0
210119_RL#220_15g	2044	Picture	10	27888219	0	1	18140	3	0	next	hit	10875
210119_RL#220_15g	2044	Port Input	1	27906062	17843	4
210119_RL#220_15g	2044	Response	1	27906062	17843	4
210119_RL#220_15g	2044	Port Input	1	27906069	17850	11
210119_RL#220_15g	2044	Response	1	27906069	17850	11
210119_RL#220_15g	2045	Picture	352	27906359	0	3	499	5	0	next	other	0
210119_RL#220_15g	2046	Picture	12	27906858	0	2	20305	5	0	next	false_alarm	10881
210119_RL#220_15g	2046	Port Input	1	27907609	750	4
210119_RL#220_15g	2046	Response	1	27907609	750	4
210119_RL#220_15g	2046	Port Input	1	27908609	1751	4
210119_RL#220_15g	2046	Response	1	27908609	1751	4
210119_RL#220_15g	2046	Port Input	1	27909673	2814	4
210119_RL#220_15g	2046	Response	1	27909673	2814	4
210119_RL#220_15g	2046	Port Input	1	27910809	3951	4
210119_RL#220_15g	2046	Response	1	27910809	3951	4
210119_RL#220_15g	2046	Port Input	1	27910813	3954	4
210119_RL#220_15g	2046	Response	1	27910813	3954	4
210119_RL#220_15g	2046	Port Input	1	27912014	5155	4
210119_RL#220_15g	2046	Response	1	27912014	5155	4
210119_RL#220_15g	2046	Port Input	1	27912017	5159	4
210119_RL#220_15g	2046	Response	1	27912017	5159	4
210119_RL#220_15g	2046	Port Input	1	27913270	6411	4
210119_RL#220_15g	2046	Response	1	27913270	6411	4
210119_RL#220_15g	2046	Port Input	1	27914531	7673	4
210119_RL#220_15g	2046	Response	1	27914531	7673	4
210119_RL#220_15g	2046	Port Input	1	27915911	9053	4
210119_RL#220_15g	2046	Response	1	27915911	9053	4
210119_RL#220_15g	2046	Port Input	1	27917396	10537	4
210119_RL#220_15g	2046	Response	1	27917396	10537	4
210119_RL#220_15g	2046	Port Input	1	27917401	10543	4
210119_RL#220_15g	2046	Response	1	27917401	10543	4
210119_RL#220_15g	2046	Port Input	1	27919033	12175	4
210119_RL#220_15g	2046	Response	1	27919033	12175	4
210119_RL#220_15g	2046	Port Input	1	27919038	12180	4
210119_RL#220_15g	2046	Response	1	27919038	12180	4
210119_RL#220_15g	2046	Port Input	1	27920625	13767	4
210119_RL#220_15g	2046	Response	1	27920625	13767	4
210119_RL#220_15g	2046	Port Input	1	27920629	13771	4
210119_RL#220_15g	2046	Response	1	27920629	13771	4
210119_RL#220_15g	2046	Port Input	1	27922212	15354	4
210119_RL#220_15g	2046	Response	1	27922212	15354	4
210119_RL#220_15g	2046	Port Input	1	27922216	15357	4
210119_RL#220_15g	2046	Response	1	27922216	15357	4
210119_RL#220_15g	2046	Port Input	1	27923983	17124	4
210119_RL#220_15g	2046	Response	1	27923983	17124	4
210119_RL#220_15g	2046	Port Input	1	27923987	17128	4
210119_RL#220_15g	2046	Response	1	27923987	17128	4
210119_RL#220_15g	2047	Picture	3521	27927163	0	3	665	6	0	next	other	0
210119_RL#220_15g	2047	Port Input	1	27927624	461	4
210119_RL#220_15g	2047	Response	1	27927624	461	4
210119_RL#220_15g	2048	Picture	666	27927828	0	3	20139	6	0	next	false_alarm	10925
210119_RL#220_15g	2048	Port Input	1	27941384	13556	4
210119_RL#220_15g	2048	Response	1	27941384	13556	4
210119_RL#220_15g	2048	Port Input	1	27942723	14895	4
210119_RL#220_15g	2048	Response	1	27942723	14895	4
210119_RL#220_15g	2049	Picture	777	27947967	0	3	20139	6	0	next	false_alarm	10930
210119_RL#220_15g	2049	Port Input	1	27952966	4999	4
210119_RL#220_15g	2049	Response	1	27952966	4999	4
210119_RL#220_15g	2049	Port Input	1	27954429	6462	4
210119_RL#220_15g	2049	Response	1	27954429	6462	4
210119_RL#220_15g	2049	Port Input	1	27954433	6466	4
210119_RL#220_15g	2049	Response	1	27954433	6466	4
210119_RL#220_15g	2049	Port Input	1	27965623	17656	4
210119_RL#220_15g	2049	Response	1	27965623	17656	4
210119_RL#220_15g	2049	Port Input	1	27966948	18981	4
210119_RL#220_15g	2049	Response	1	27966948	18981	4
210119_RL#220_15g	2049	Port Input	1	27966952	18985	4
210119_RL#220_15g	2049	Response	1	27966952	18985	4
210119_RL#220_15g	2049	Manual	1	27967986	20019	NA
210119_RL#220_15g	2050	Port Input	1	27969406	1300	4
210119_RL#220_15g	2050	Response	1	27969406	1300	4
210119_RL#220_15g	2050	Port Input	1	27969410	1304	4
210119_RL#220_15g	2050	Response	1	27969410	1304	4
210119_RL#220_15g	2050	Sound	2122	27970042	1936	1			0		other	0
210119_RL#220_15g	2050	Port Input	1	27972635	4529	4
210119_RL#220_15g	2050	Response	1	27972635	4529	4
210119_RL#220_15g	2050	Port Input	1	27972639	4533	4
210119_RL#220_15g	2050	Response	1	27972639	4533	4
210119_RL#220_15g	2051	Picture	55	27973265	0	4	5160	7	0	next	other	0
210119_RL#220_15g	2052	Picture	10	27978425	0	4	20306	4	0	next	miss	0
210119_RL#220_15g	2053	Picture	452	27998731	0	1	999	1	0	next	other	0
210119_RL#220_15g	2054	Picture	666	27999730	0	1	20305	2	0	next	false_alarm	10958
210119_RL#220_15g	2054	Port Input	1	27999744	15	6
210119_RL#220_15g	2054	Response	1	27999744	15	6
210119_RL#220_15g	2054	Port Input	1	28000934	1204	4
210119_RL#220_15g	2054	Response	1	28000934	1204	4
210119_RL#220_15g	2054	Port Input	1	28000937	1208	4
210119_RL#220_15g	2054	Response	1	28000937	1208	4
210119_RL#220_15g	2054	Port Input	1	28002615	2886	4
210119_RL#220_15g	2054	Response	1	28002615	2886	4
210119_RL#220_15g	2054	Port Input	1	28002619	2889	4
210119_RL#220_15g	2054	Response	1	28002619	2889	4
210119_RL#220_15g	2054	Port Input	1	28006178	6449	4
210119_RL#220_15g	2054	Response	1	28006178	6449	4
210119_RL#220_15g	2054	Port Input	1	28016482	16752	4
210119_RL#220_15g	2054	Response	1	28016482	16752	4
210119_RL#220_15g	2055	Picture	777	28020034	0	1	20304	4	0	next	false_alarm	10971
210119_RL#220_15g	2055	Port Input	1	28020694	660	4
210119_RL#220_15g	2055	Response	1	28020694	660	4
210119_RL#220_15g	2055	Port Input	1	28022886	2851	7
210119_RL#220_15g	2055	Response	1	28022886	2851	7
210119_RL#220_15g	2055	Port Input	1	28028188	8154	4
210119_RL#220_15g	2055	Response	1	28028188	8154	4
210119_RL#220_15g	2055	Port Input	1	28028192	8158	4
210119_RL#220_15g	2055	Response	1	28028192	8158	4
210119_RL#220_15g	2055	Manual	2	28040049	20015	NA
210119_RL#220_15g	2056	Sound	2122	28042042	1704	1			0		other	0
210119_RL#220_15g	2056	Port Input	1	28043788	3450	4
210119_RL#220_15g	2056	Response	1	28043788	3450	4
210119_RL#220_15g	2056	Port Input	1	28043791	3453	4
210119_RL#220_15g	2056	Response	1	28043791	3453	4
210119_RL#220_15g	2057	Picture	55	28045498	0	3	5159	5	0	next	other	0
210119_RL#220_15g	2058	Picture	10	28050657	0	3	20138	6	0	next	miss	0
210119_RL#220_15g	2059	Picture	452	28070795	0	3	832	6	0	next	other	0
210119_RL#220_15g	2060	Picture	666	28071627	0	3	20139	6	0	next	false_alarm	10989
210119_RL#220_15g	2060	Port Input	1	28078643	7016	4
210119_RL#220_15g	2060	Response	1	28078643	7016	4
210119_RL#220_15g	2060	Port Input	1	28078647	7020	4
210119_RL#220_15g	2060	Response	1	28078647	7020	4
210119_RL#220_15g	2060	Port Input	1	28080139	8512	4
210119_RL#220_15g	2060	Response	1	28080139	8512	4
210119_RL#220_15g	2060	Port Input	1	28080144	8517	4
210119_RL#220_15g	2060	Response	1	28080144	8517	4
210119_RL#220_15g	2060	Port Input	1	28084183	12556	4
210119_RL#220_15g	2060	Response	1	28084183	12556	4
210119_RL#220_15g	2060	Port Input	1	28084189	12561	4
210119_RL#220_15g	2060	Response	1	28084189	12561	4
210119_RL#220_15g	2061	Picture	777	28091766	0	3	20306	4	0	next	false_alarm	11002
210119_RL#220_15g	2061	Port Input	1	28106015	14248	5
210119_RL#220_15g	2061	Response	1	28106015	14248	5
210119_RL#220_15g	2061	Port Input	1	28107397	15630	4
210119_RL#220_15g	2061	Response	1	28107397	15630	4
210119_RL#220_15g	2061	Port Input	1	28107401	15634	4
210119_RL#220_15g	2061	Response	1	28107401	15634	4
210119_RL#220_15g	2061	Port Input	1	28109351	17584	4
210119_RL#220_15g	2061	Response	1	28109351	17584	4
210119_RL#220_15g	2061	Port Input	1	28110948	19182	4
210119_RL#220_15g	2061	Response	1	28110948	19182	4
210119_RL#220_15g	2061	Manual	2	28111781	20015	NA
210119_RL#220_15g	2062	Port Input	1	28113685	1613	4
210119_RL#220_15g	2062	Response	1	28113685	1613	4
210119_RL#220_15g	2062	Sound	2112	28114042	1970	1			0		other	0
210119_RL#220_15g	2062	Port Input	1	28115785	3713	4
210119_RL#220_15g	2062	Response	1	28115785	3713	4
210119_RL#220_15g	2063	Picture	55	28117398	0	1	5326	1	0	next	false_alarm	11019
210119_RL#220_15g	2063	Port Input	1	28118031	633	3
210119_RL#220_15g	2063	Response	1	28118031	633	3
210119_RL#220_15g	2063	Port Input	1	28118036	638	3
210119_RL#220_15g	2063	Response	1	28118036	638	3
210119_RL#220_15g	2063	Port Input	1	28121067	3669	4
210119_RL#220_15g	2063	Response	1	28121067	3669	4
210119_RL#220_15g	2064	Picture	10	28122724	0	1	2829	1	0	next	hit	11026
210119_RL#220_15g	2064	Port Input	1	28125242	2518	4
210119_RL#220_15g	2064	Response	1	28125242	2518	4
210119_RL#220_15g	2064	Port Input	1	28125245	2521	4
210119_RL#220_15g	2064	Response	1	28125245	2521	4
210119_RL#220_15g	2065	Picture	312	28125553	0	1	666	2	0	next	other	0
210119_RL#220_15g	2066	Picture	4442	28126219	0	2	80719	5	0	next	false_alarm	11032
210119_RL#220_15g	2066	Port Input	1	28128450	2231	4
210119_RL#220_15g	2066	Response	1	28128450	2231	4
210119_RL#220_15g	2066	Port Input	1	28128454	2235	4
210119_RL#220_15g	2066	Response	1	28128454	2235	4
210119_RL#220_15g	2066	Port Input	1	28158604	32384	4
210119_RL#220_15g	2066	Response	1	28158604	32384	4
210119_RL#220_15g	2066	Port Input	1	28158609	32390	4
210119_RL#220_15g	2066	Response	1	28158609	32390	4
210119_RL#220_15g	2066	Port Input	1	28159907	33688	4
210119_RL#220_15g	2066	Response	1	28159907	33688	4
210119_RL#220_15g	2066	Port Input	1	28163798	37578	4
210119_RL#220_15g	2066	Response	1	28163798	37578	4
210119_RL#220_15g	2066	Port Input	1	28195573	69353	4
210119_RL#220_15g	2066	Response	1	28195573	69353	4
210119_RL#220_15g	2066	Port Input	1	28198199	71980	4
210119_RL#220_15g	2066	Response	1	28198199	71980	4
210119_RL#220_15g	2066	Port Input	1	28200047	73828	4
210119_RL#220_15g	2066	Response	1	28200047	73828	4
210119_RL#220_15g	2067	Picture	666	28206938	0	4	20306	5	0	next	false_alarm	11051
210119_RL#220_15g	2067	Port Input	1	28210791	3853	4
210119_RL#220_15g	2067	Response	1	28210791	3853	4
210119_RL#220_15g	2067	Port Input	1	28214881	7943	4
210119_RL#220_15g	2067	Response	1	28214881	7943	4
210119_RL#220_15g	2067	Port Input	1	28221940	15002	4
210119_RL#220_15g	2067	Response	1	28221940	15002	4
210119_RL#220_15g	2067	Port Input	1	28221943	15005	4
210119_RL#220_15g	2067	Response	1	28221943	15005	4
210119_RL#220_15g	2067	Port Input	1	28223771	16833	4
210119_RL#220_15g	2067	Response	1	28223771	16833	4
210119_RL#220_15g	2067	Port Input	1	28223775	16837	5
210119_RL#220_15g	2067	Response	1	28223775	16837	5
210119_RL#220_15g	2068	Picture	777	28227244	0	1	20305	2	0	next	other	0
210119_RL#220_15g	2068	Manual	2	28247259	20014	NA
210119_RL#220_15g	2069	Sound	2112	28249042	1493	1			0		other	0
210119_RL#220_15g	2069	Port Input	1	28251175	3625	3
210119_RL#220_15g	2069	Response	1	28251175	3625	3
210119_RL#220_15g	2069	Port Input	1	28251178	3628	4
210119_RL#220_15g	2069	Response	1	28251178	3628	4
210119_RL#220_15g	2070	Picture	55	28252875	0	2	5326	2	0	next	other	0
210119_RL#220_15g	2071	Picture	10	28258201	0	1	2996	2	0	next	hit	11072
210119_RL#220_15g	2071	Port Input	1	28260941	2740	4
210119_RL#220_15g	2071	Response	1	28260941	2740	4
210119_RL#220_15g	2072	Picture	312	28261197	0	2	498	4	0	next	other	0
210119_RL#220_15g	2073	Picture	4442	28261695	0	3	80722	3	0	next	false_alarm	11076
210119_RL#220_15g	2073	Port Input	1	28262599	904	4
210119_RL#220_15g	2073	Response	1	28262599	904	4
210119_RL#220_15g	2073	Port Input	1	28281599	19904	4
210119_RL#220_15g	2073	Response	1	28281599	19904	4
210119_RL#220_15g	2073	Port Input	1	28284579	22885	4
210119_RL#220_15g	2073	Response	1	28284579	22885	4
210119_RL#220_15g	2073	Port Input	1	28284584	22890	4
210119_RL#220_15g	2073	Response	1	28284584	22890	4
210119_RL#220_15g	2073	Port Input	1	28299706	38012	5
210119_RL#220_15g	2073	Response	1	28299706	38012	5
210119_RL#220_15g	2073	Port Input	1	28304115	42420	5
210119_RL#220_15g	2073	Response	1	28304115	42420	5
210119_RL#220_15g	2073	Port Input	1	28318803	57109	4
210119_RL#220_15g	2073	Response	1	28318803	57109	4
210119_RL#220_15g	2073	Port Input	1	28321639	59945	4
210119_RL#220_15g	2073	Response	1	28321639	59945	4
210119_RL#220_15g	2073	Port Input	1	28321645	59950	4
210119_RL#220_15g	2073	Response	1	28321645	59950	4
210119_RL#220_15g	2073	Port Input	1	28337640	75945	4
210119_RL#220_15g	2073	Response	1	28337640	75945	4
210119_RL#220_15g	2073	Port Input	1	28337645	75951	4
210119_RL#220_15g	2073	Response	1	28337645	75951	4
210119_RL#220_15g	2073	Port Input	1	28339414	77720	4
210119_RL#220_15g	2073	Response	1	28339414	77720	4
210119_RL#220_15g	2074	Picture	666	28342417	0	1	20305	1	0	next	false_alarm	11101
210119_RL#220_15g	2074	Port Input	1	28342816	399	3
210119_RL#220_15g	2074	Response	1	28342816	399	3
210119_RL#220_15g	2074	Port Input	1	28346307	3890	4
210119_RL#220_15g	2074	Response	1	28346307	3890	4
210119_RL#220_15g	2075	Picture	777	28362721	0	1	20304	3	0	next	false_alarm	11106
210119_RL#220_15g	2075	Port Input	1	28373931	11209	4
210119_RL#220_15g	2075	Response	1	28373931	11209	4
210119_RL#220_15g	2075	Port Input	1	28373936	11214	4
210119_RL#220_15g	2075	Response	1	28373936	11214	4
210119_RL#220_15g	2075	Port Input	1	28375361	12639	4
210119_RL#220_15g	2075	Response	1	28375361	12639	4
210119_RL#220_15g	2075	Port Input	1	28375366	12645	4
210119_RL#220_15g	2075	Response	1	28375366	12645	4
210119_RL#220_15g	2075	Port Input	1	28380209	17487	4
210119_RL#220_15g	2075	Response	1	28380209	17487	4
210119_RL#220_15g	2075	Port Input	1	28380214	17493	5
210119_RL#220_15g	2075	Response	1	28380214	17493	5
210119_RL#220_15g	2075	Manual	1	28382738	20016	NA
210119_RL#220_15g	2076	Sound	2122	28384043	1017	1			0		other	0
210119_RL#220_15g	2076	Port Input	1	28387714	4689	4
210119_RL#220_15g	2076	Response	1	28387714	4689	4
210119_RL#220_15g	2077	Picture	55	28388351	0	3	5326	5	0	next	other	0
210119_RL#220_15g	2078	Picture	10	28393677	0	3	6824	6	0	next	hit	11124
210119_RL#220_15g	2078	Port Input	1	28400183	6506	4
210119_RL#220_15g	2078	Response	1	28400183	6506	4
210119_RL#220_15g	2078	Port Input	1	28400187	6510	4
210119_RL#220_15g	2078	Response	1	28400187	6510	4
210119_RL#220_15g	2079	Picture	352	28400500	0	3	501	4	0	next	other	0
210119_RL#220_15g	2080	Picture	12	28401001	0	1	20137	4	0	next	false_alarm	11130
210119_RL#220_15g	2080	Port Input	1	28404891	3889	4
210119_RL#220_15g	2080	Response	1	28404891	3889	4
210119_RL#220_15g	2080	Port Input	1	28405857	4856	4
210119_RL#220_15g	2080	Response	1	28405857	4856	4
210119_RL#220_15g	2080	Port Input	1	28405861	4859	4
210119_RL#220_15g	2080	Response	1	28405861	4859	4
210119_RL#220_15g	2080	Port Input	1	28406859	5858	4
210119_RL#220_15g	2080	Response	1	28406859	5858	4
210119_RL#220_15g	2080	Port Input	1	28407898	6896	4
210119_RL#220_15g	2080	Response	1	28407898	6896	4
210119_RL#220_15g	2080	Port Input	1	28409036	8034	4
210119_RL#220_15g	2080	Response	1	28409036	8034	4
210119_RL#220_15g	2080	Port Input	1	28410193	9191	4
210119_RL#220_15g	2080	Response	1	28410193	9191	4
210119_RL#220_15g	2080	Port Input	1	28411483	10481	4
210119_RL#220_15g	2080	Response	1	28411483	10481	4
210119_RL#220_15g	2080	Port Input	1	28412806	11805	4
210119_RL#220_15g	2080	Response	1	28412806	11805	4
210119_RL#220_15g	2080	Port Input	1	28414123	13121	4
210119_RL#220_15g	2080	Response	1	28414123	13121	4
210119_RL#220_15g	2080	Port Input	1	28414127	13125	4
210119_RL#220_15g	2080	Response	1	28414127	13125	4
210119_RL#220_15g	2080	Port Input	1	28415618	14616	4
210119_RL#220_15g	2080	Response	1	28415618	14616	4
210119_RL#220_15g	2081	Picture	3521	28421139	0	3	832	6	0	next	other	0
210119_RL#220_15g	2082	Picture	666	28421970	0	3	20139	6	0	next	false_alarm	11156
210119_RL#220_15g	2082	Port Input	1	28433071	11101	4
210119_RL#220_15g	2082	Response	1	28433071	11101	4
210119_RL#220_15g	2082	Port Input	1	28434193	12223	4
210119_RL#220_15g	2082	Response	1	28434193	12223	4
210119_RL#220_15g	2082	Port Input	1	28435629	13659	4
210119_RL#220_15g	2082	Response	1	28435629	13659	4
210119_RL#220_15g	2082	Port Input	1	28437068	15097	4
210119_RL#220_15g	2082	Response	1	28437068	15097	4
210119_RL#220_15g	2082	Port Input	1	28438663	16693	4
210119_RL#220_15g	2082	Response	1	28438663	16693	4
210119_RL#220_15g	2082	Port Input	1	28438669	16699	4
210119_RL#220_15g	2082	Response	1	28438669	16699	4
210119_RL#220_15g	2082	Port Input	1	28440481	18510	4
210119_RL#220_15g	2082	Response	1	28440481	18510	4
210119_RL#220_15g	2082	Port Input	1	28440486	18516	4
210119_RL#220_15g	2082	Response	1	28440486	18516	4
210119_RL#220_15g	2083	Picture	777	28442109	0	3	20306	4	0	next	false_alarm	11173
210119_RL#220_15g	2083	Port Input	1	28445050	2941	4
210119_RL#220_15g	2083	Response	1	28445050	2941	4
210119_RL#220_15g	2083	Port Input	1	28445054	2945	4
210119_RL#220_15g	2083	Response	1	28445054	2945	4
210119_RL#220_15g	2083	Port Input	1	28447798	5688	4
210119_RL#220_15g	2083	Response	1	28447798	5688	4
210119_RL#220_15g	2083	Port Input	1	28460487	18377	5
210119_RL#220_15g	2083	Response	1	28460487	18377	5
210119_RL#220_15g	2083	Port Input	1	28460491	18382	4
210119_RL#220_15g	2083	Response	1	28460491	18382	4
210119_RL#220_15g	2083	Manual	2	28462122	20013	NA
210119_RL#220_15g	2084	Port Input	1	28463449	1034	4
210119_RL#220_15g	2084	Response	1	28463449	1034	4
210119_RL#220_15g	2084	Sound	2112	28464043	1627	1			0		other	0
210119_RL#220_15g	2084	Port Input	1	28466921	4506	4
210119_RL#220_15g	2084	Response	1	28466921	4506	4
210119_RL#220_15g	2085	Picture	55	28467741	0	1	5326	2	0	next	other	0
210119_RL#220_15g	2086	Picture	10	28473067	0	1	2163	2	0	next	hit	11191
210119_RL#220_15g	2086	Port Input	1	28474986	1919	4
210119_RL#220_15g	2086	Response	1	28474986	1919	4
210119_RL#220_15g	2087	Picture	312	28475230	0	1	666	2	0	next	other	0
210119_RL#220_15g	2088	Picture	4442	28475896	0	1	80552	4	0	next	false_alarm	11195
210119_RL#220_15g	2088	Port Input	1	28478717	2821	4
210119_RL#220_15g	2088	Response	1	28478717	2821	4
210119_RL#220_15g	2088	Port Input	1	28478721	2825	4
210119_RL#220_15g	2088	Response	1	28478721	2825	4
210119_RL#220_15g	2088	Port Input	1	28482893	6996	4
210119_RL#220_15g	2088	Response	1	28482893	6996	4
210119_RL#220_15g	2088	Port Input	1	28482896	7000	4
210119_RL#220_15g	2088	Response	1	28482896	7000	4
210119_RL#220_15g	2088	Port Input	1	28502963	27067	4
210119_RL#220_15g	2088	Response	1	28502963	27067	4
210119_RL#220_15g	2088	Port Input	1	28506432	30535	4
210119_RL#220_15g	2088	Response	1	28506432	30535	4
210119_RL#220_15g	2088	Port Input	1	28520023	44127	4
210119_RL#220_15g	2088	Response	1	28520023	44127	4
210119_RL#220_15g	2088	Port Input	1	28520026	44130	4
210119_RL#220_15g	2088	Response	1	28520026	44130	4
210119_RL#220_15g	2088	Port Input	1	28521526	45630	4
210119_RL#220_15g	2088	Response	1	28521526	45630	4
210119_RL#220_15g	2088	Port Input	1	28526035	50138	4
210119_RL#220_15g	2088	Response	1	28526035	50138	4
210119_RL#220_15g	2088	Port Input	1	28526038	50142	4
210119_RL#220_15g	2088	Response	1	28526038	50142	4
210119_RL#220_15g	2088	Port Input	1	28530550	54653	4
210119_RL#220_15g	2088	Response	1	28530550	54653	4
210119_RL#220_15g	2088	Port Input	1	28530556	54660	4
210119_RL#220_15g	2088	Response	1	28530556	54660	4
210119_RL#220_15g	2088	Port Input	1	28541236	65340	4
210119_RL#220_15g	2088	Response	1	28541236	65340	4
210119_RL#220_15g	2088	Port Input	1	28545782	69886	4
210119_RL#220_15g	2088	Response	1	28545782	69886	4
210119_RL#220_15g	2088	Port Input	1	28551684	75787	4
210119_RL#220_15g	2088	Response	1	28551684	75787	4
210119_RL#220_15g	2088	Port Input	1	28551770	75874	4
210119_RL#220_15g	2088	Response	1	28551770	75874	4
210119_RL#220_15g	2088	Port Input	1	28555726	79830	4
210119_RL#220_15g	2088	Response	1	28555726	79830	4
210119_RL#220_15g	2088	Port Input	1	28555886	79990	4
210119_RL#220_15g	2088	Response	1	28555886	79990	4
210119_RL#220_15g	2089	Picture	666	28556449	0	4	20139	7	0	next	false_alarm	11234
210119_RL#220_15g	2089	Port Input	1	28556756	307	4
210119_RL#220_15g	2089	Response	1	28556756	307	4
210119_RL#220_15g	2089	Port Input	1	28556759	310	3
210119_RL#220_15g	2089	Response	1	28556759	310	3
210119_RL#220_15g	2089	Port Input	1	28569996	13547	4
210119_RL#220_15g	2089	Response	1	28569996	13547	4
210119_RL#220_15g	2089	Port Input	1	28570027	13578	5
210119_RL#220_15g	2089	Response	1	28570027	13578	5
210119_RL#220_15g	2089	Port Input	1	28570243	13794	4
210119_RL#220_15g	2089	Response	1	28570243	13794	4
210119_RL#220_15g	2089	Port Input	1	28570246	13798	4
210119_RL#220_15g	2089	Response	1	28570246	13798	4
210119_RL#220_15g	2090	Picture	777	28576588	0	4	20306	4	0	next	false_alarm	11247
210119_RL#220_15g	2090	Port Input	1	28595544	18956	4
210119_RL#220_15g	2090	Response	1	28595544	18956	4
210119_RL#220_15g	2090	Manual	1	28596601	20013	NA
210119_RL#220_15g	2091	Sound	2122	28599043	2149	1			0		other	0
210119_RL#220_15g	2091	Port Input	1	28599825	2931	4
210119_RL#220_15g	2091	Response	1	28599825	2931	4
210119_RL#220_15g	2091	Port Input	1	28599973	3079	4
210119_RL#220_15g	2091	Response	1	28599973	3079	4
210119_RL#220_15g	2091	Port Input	1	28600045	3151	4
210119_RL#220_15g	2091	Response	1	28600045	3151	4
210119_RL#220_15g	2092	Picture	55	28602220	0	2	5326	3	0	next	false_alarm	11258
210119_RL#220_15g	2092	Port Input	1	28604805	2585	4
210119_RL#220_15g	2092	Response	1	28604805	2585	4
210119_RL#220_15g	2092	Port Input	1	28606498	4278	4
210119_RL#220_15g	2092	Response	1	28606498	4278	4
210119_RL#220_15g	2093	Picture	10	28607545	0	1	2330	1	0	next	hit	11263
210119_RL#220_15g	2093	Port Input	1	28609588	2042	4
210119_RL#220_15g	2093	Response	1	28609588	2042	4
210119_RL#220_15g	2093	Port Input	1	28609591	2046	4
210119_RL#220_15g	2093	Response	1	28609591	2046	4
210119_RL#220_15g	2094	Picture	352	28609875	0	1	666	1	0	next	other	0
210119_RL#220_15g	2095	Picture	12	28610541	0	1	20301	6	0	next	false_alarm	11269
210119_RL#220_15g	2095	Port Input	1	28619383	8841	4
210119_RL#220_15g	2095	Response	1	28619383	8841	4
210119_RL#220_15g	2095	Port Input	1	28619388	8846	4
210119_RL#220_15g	2095	Response	1	28619388	8846	4
210119_RL#220_15g	2095	Port Input	1	28623589	13048	4
210119_RL#220_15g	2095	Response	1	28623589	13048	4
210119_RL#220_15g	2095	Port Input	1	28624604	14063	4
210119_RL#220_15g	2095	Response	1	28624604	14063	4
210119_RL#220_15g	2096	Picture	3521	28630842	0	6	502	8	0	next	other	0
210119_RL#220_15g	2097	Picture	666	28631344	0	3	20305	6	0	next	false_alarm	11279
210119_RL#220_15g	2097	Port Input	1	28639907	8563	4
210119_RL#220_15g	2097	Response	1	28639907	8563	4
210119_RL#220_15g	2097	Port Input	1	28641021	9677	4
210119_RL#220_15g	2097	Response	1	28641021	9677	4
210119_RL#220_15g	2098	Picture	777	28651649	0	3	20139	6	0	next	false_alarm	11284
210119_RL#220_15g	2098	Port Input	1	28659195	7546	4
210119_RL#220_15g	2098	Response	1	28659195	7546	4
210119_RL#220_15g	2098	Port Input	1	28661001	9352	4
210119_RL#220_15g	2098	Response	1	28661001	9352	4
210119_RL#220_15g	2098	Port Input	1	28663473	11824	4
210119_RL#220_15g	2098	Response	1	28663473	11824	4
210119_RL#220_15g	2098	Port Input	1	28663923	12274	4
210119_RL#220_15g	2098	Response	1	28663923	12274	4
210119_RL#220_15g	2098	Port Input	1	28663927	12278	4
210119_RL#220_15g	2098	Response	1	28663927	12278	4
210119_RL#220_15g	2098	Port Input	1	28664342	12693	4
210119_RL#220_15g	2098	Response	1	28664342	12693	4
210119_RL#220_15g	2098	Manual	2	28671661	20012	NA
210119_RL#220_15g	2099	Sound	2112	28673043	1255	1			0		other	0
210119_RL#220_15g	2100	Picture	55	28676947	0	4	5159	8	0	next	other	0
210119_RL#220_15g	2101	Picture	10	28682106	0	4	20307	5	0	next	miss	0
210119_RL#220_15g	2102	Picture	412	28702413	0	1	999	2	0	next	other	0
210119_RL#220_15g	2103	Picture	666	28703411	0	1	20305	1	0	next	false_alarm	11302
210119_RL#220_15g	2103	Port Input	1	28707194	3783	4
210119_RL#220_15g	2103	Response	1	28707194	3783	4
210119_RL#220_15g	2103	Port Input	1	28712524	9112	4
210119_RL#220_15g	2103	Response	1	28712524	9112	4
210119_RL#220_15g	2103	Port Input	1	28712527	9116	4
210119_RL#220_15g	2103	Response	1	28712527	9116	4
210119_RL#220_15g	2103	Port Input	1	28715621	12210	4
210119_RL#220_15g	2103	Response	1	28715621	12210	4
210119_RL#220_15g	2103	Port Input	1	28715625	12213	4
210119_RL#220_15g	2103	Response	1	28715625	12213	4
210119_RL#220_15g	2103	Port Input	1	28716981	13570	4
210119_RL#220_15g	2103	Response	1	28716981	13570	4
210119_RL#220_15g	2104	Picture	777	28723716	0	1	20303	3	0	next	false_alarm	11315
210119_RL#220_15g	2104	Port Input	1	28731190	7474	4
210119_RL#220_15g	2104	Response	1	28731190	7474	4
210119_RL#220_15g	2104	Manual	1	28743734	20018	NA
210119_RL#220_15g	2105	Sound	2122	28745043	1023	1			0		other	0
210119_RL#220_15g	2106	Picture	55	28749346	0	3	5326	5	0	next	false_alarm	11320
210119_RL#220_15g	2106	Port Input	1	28751094	1748	4
210119_RL#220_15g	2106	Response	1	28751094	1748	4
210119_RL#220_15g	2106	Port Input	1	28753019	3674	4
210119_RL#220_15g	2106	Response	1	28753019	3674	4
210119_RL#220_15g	2107	Picture	10	28754671	0	3	20137	7	0	next	miss	0
210119_RL#220_15g	2108	Picture	452	28774809	0	5	1166	7	0	next	other	0
210119_RL#220_15g	2109	Picture	666	28775975	0	3	20138	6	0	next	other	0
210119_RL#220_15g	2110	Picture	777	28796114	0	3	20306	4	0	next	other	0
210119_RL#220_15g	2110	Manual	1	28816127	20013	NA
210119_RL#220_15g	2111	Sound	2122	28818043	1623	1			0		other	0
210119_RL#220_15g	2111	Port Input	1	28821083	4663	4
210119_RL#220_15g	2111	Response	1	28821083	4663	4
210119_RL#220_15g	2112	Picture	55	28821743	0	4	5329	5	0	next	false_alarm	11333
210119_RL#220_15g	2112	Port Input	1	28822394	651	4
210119_RL#220_15g	2112	Response	1	28822394	651	4
210119_RL#220_15g	2112	Port Input	1	28822397	655	4
210119_RL#220_15g	2112	Response	1	28822397	655	4
210119_RL#220_15g	2112	Port Input	1	28823758	2015	4
210119_RL#220_15g	2112	Response	1	28823758	2015	4
210119_RL#220_15g	2113	Picture	10	28827071	0	1	20305	2	0	next	miss	0
210119_RL#220_15g	2114	Picture	452	28847376	0	1	999	1	0	next	other	0
210119_RL#220_15g	2115	Picture	666	28848375	0	1	20304	3	0	next	false_alarm	11342
210119_RL#220_15g	2115	Port Input	1	28862855	14480	4
210119_RL#220_15g	2115	Response	1	28862855	14480	4
210119_RL#220_15g	2115	Port Input	1	28862858	14483	4
210119_RL#220_15g	2115	Response	1	28862858	14483	4
210119_RL#220_15g	2115	Port Input	1	28864191	15816	4
210119_RL#220_15g	2115	Response	1	28864191	15816	4
210119_RL#220_15g	2116	Picture	777	28868679	0	3	20305	5	0	next	false_alarm	11349
210119_RL#220_15g	2116	Port Input	1	28871127	2448	4
210119_RL#220_15g	2116	Response	1	28871127	2448	4
210119_RL#220_15g	2116	Port Input	1	28880105	11426	4
210119_RL#220_15g	2116	Response	1	28880105	11426	4
210119_RL#220_15g	2116	Port Input	1	28880109	11430	4
210119_RL#220_15g	2116	Response	1	28880109	11430	4
210119_RL#220_15g	2116	Port Input	1	28887355	18677	4
210119_RL#220_15g	2116	Response	1	28887355	18677	4
210119_RL#220_15g	2116	Manual	1	28888692	20013	NA
210119_RL#220_15g	2117	Sound	2112	28890043	1059	1			0		other	0
210119_RL#220_15g	2117	Port Input	1	28890352	1368	4
210119_RL#220_15g	2117	Response	1	28890352	1368	4
210119_RL#220_15g	2117	Port Input	1	28890356	1372	4
210119_RL#220_15g	2117	Response	1	28890356	1372	4
210119_RL#220_15g	2117	Port Input	1	28892052	3068	4
210119_RL#220_15g	2117	Response	1	28892052	3068	4
210119_RL#220_15g	2117	Port Input	1	28893907	4924	5
210119_RL#220_15g	2117	Response	1	28893907	4924	5
210119_RL#220_15g	2118	Picture	55	28894143	0	3	5160	6	0	next	other	0
210119_RL#220_15g	2119	Picture	10	28899302	0	3	20139	6	0	next	miss	0
210119_RL#220_15g	2120	Picture	412	28919441	0	4	832	7	0	next	other	0
210119_RL#220_15g	2121	Picture	666	28920273	0	4	20307	5	0	next	other	0
210119_RL#220_15g	2122	Picture	777	28940579	0	1	20305	2	0	next	other	0
210119_RL#220_15g	2122	Manual	2	28960595	20016	NA
210119_RL#220_15g	2123	Sound	2112	28963043	2159	1			0		other	0
210119_RL#220_15g	2124	Picture	55	28966210	0	1	5326	2	0	next	false_alarm	11375
210119_RL#220_15g	2124	Port Input	1	28967314	1104	4
210119_RL#220_15g	2124	Response	1	28967314	1104	4
210119_RL#220_15g	2124	Port Input	1	28970750	4540	4
210119_RL#220_15g	2124	Response	1	28970750	4540	4
210119_RL#220_15g	2125	Picture	10	28971536	0	1	1165	2	0	next	hit	11380
210119_RL#220_15g	2125	Port Input	1	28972440	904	4
210119_RL#220_15g	2125	Response	1	28972440	904	4
210119_RL#220_15g	2126	Picture	312	28972701	0	1	499	2	0	next	other	0
210119_RL#220_15g	2127	Picture	4442	28973200	0	1	80721	1	0	next	false_alarm	11384
210119_RL#220_15g	2127	Port Input	1	29016967	43767	4
210119_RL#220_15g	2127	Response	1	29016967	43767	4
210119_RL#220_15g	2127	Port Input	1	29021900	48699	4
210119_RL#220_15g	2127	Response	1	29021900	48699	4
210119_RL#220_15g	2128	Picture	666	29053921	0	1	20305	1	0	next	other	0
210119_RL#220_15g	2129	Picture	777	29074226	0	1	20305	2	0	next	other	0
210119_RL#220_15g	2129	Manual	1	29094242	20016	NA
210119_RL#220_15g	2130	Sound	2112	29096043	1513	1			0		other	0
210119_RL#220_15g	2131	Picture	55	29099855	0	3	5326	5	0	next	false_alarm	11395
210119_RL#220_15g	2131	Port Input	1	29099859	4	5
210119_RL#220_15g	2131	Response	1	29099859	4	5
210119_RL#220_15g	2131	Port Input	1	29100920	1065	4
210119_RL#220_15g	2131	Response	1	29100920	1065	4
210119_RL#220_15g	2131	Port Input	1	29100924	1069	4
210119_RL#220_15g	2131	Response	1	29100924	1069	4
210119_RL#220_15g	2131	Port Input	1	29102357	2502	4
210119_RL#220_15g	2131	Response	1	29102357	2502	4
210119_RL#220_15g	2131	Port Input	1	29102361	2506	4
210119_RL#220_15g	2131	Response	1	29102361	2506	4
210119_RL#220_15g	2131	Port Input	1	29103947	4092	4
210119_RL#220_15g	2131	Response	1	29103947	4092	4
210119_RL#220_15g	2132	Picture	10	29105181	0	3	666	5	0	next	hit	11406
210119_RL#220_15g	2132	Port Input	1	29105640	459	4
210119_RL#220_15g	2132	Response	1	29105640	459	4
210119_RL#220_15g	2133	Picture	312	29105847	0	3	666	5	0	next	other	0
210119_RL#220_15g	2134	Picture	4442	29106512	0	3	80722	3	0	next	false_alarm	11410
210119_RL#220_15g	2134	Port Input	1	29167361	60849	4
210119_RL#220_15g	2134	Response	1	29167361	60849	4
210119_RL#220_15g	2134	Port Input	1	29177608	71096	4
210119_RL#220_15g	2134	Response	1	29177608	71096	4
210119_RL#220_15g	2134	Port Input	1	29177612	71100	4
210119_RL#220_15g	2134	Response	1	29177612	71100	4
210119_RL#220_15g	2135	Picture	666	29187234	0	1	20304	2	0	next	other	0
210119_RL#220_15g	2136	Picture	777	29207539	0	2	20304	4	0	next	other	0
210119_RL#220_15g	2136	Manual	1	29227553	20014	NA
210119_RL#220_15g	2137	Sound	2112	29229044	1201	1			0		other	0
210119_RL#220_15g	2137	Port Input	1	29231200	3357	4
210119_RL#220_15g	2137	Response	1	29231200	3357	4
210119_RL#220_15g	2137	Port Input	1	29232278	4436	4
210119_RL#220_15g	2137	Response	1	29232278	4436	4
210119_RL#220_15g	2138	Picture	55	29233168	0	3	5159	6	0	next	false_alarm	11425
210119_RL#220_15g	2138	Port Input	1	29233760	592	4
210119_RL#220_15g	2138	Response	1	29233760	592	4
210119_RL#220_15g	2138	Port Input	1	29235522	2353	4
210119_RL#220_15g	2138	Response	1	29235522	2353	4
210119_RL#220_15g	2138	Port Input	1	29235526	2357	5
210119_RL#220_15g	2138	Response	1	29235526	2357	5
210119_RL#220_15g	2138	Port Input	1	29237381	4213	4
210119_RL#220_15g	2138	Response	1	29237381	4213	4
210119_RL#220_15g	2139	Picture	10	29238328	0	3	11153	5	0	next	hit	11434
210119_RL#220_15g	2139	Port Input	1	29249235	10907	4
210119_RL#220_15g	2139	Response	1	29249235	10907	4
210119_RL#220_15g	2139	Port Input	1	29249239	10911	4
210119_RL#220_15g	2139	Response	1	29249239	10911	4
210119_RL#220_15g	2140	Picture	312	29249480	0	2	498	4	0	next	other	0
210119_RL#220_15g	2141	Picture	4442	29249978	0	3	80722	4	0	next	false_alarm	11440
210119_RL#220_15g	2141	Port Input	1	29254292	4314	4
210119_RL#220_15g	2141	Response	1	29254292	4314	4
210119_RL#220_15g	2141	Port Input	1	29254296	4318	4
210119_RL#220_15g	2141	Response	1	29254296	4318	4
210119_RL#220_15g	2141	Port Input	1	29298592	48614	4
210119_RL#220_15g	2141	Response	1	29298592	48614	4
210119_RL#220_15g	2141	Port Input	1	29299794	49816	4
210119_RL#220_15g	2141	Response	1	29299794	49816	4
210119_RL#220_15g	2141	Port Input	1	29299799	49821	4
210119_RL#220_15g	2141	Response	1	29299799	49821	4
210119_RL#220_15g	2142	Picture	666	29330700	0	1	20303	3	0	next	false_alarm	11451
210119_RL#220_15g	2142	Port Input	1	29331747	1047	4
210119_RL#220_15g	2142	Response	1	29331747	1047	4
210119_RL#220_15g	2143	Picture	777	29351004	0	3	20305	6	0	next	other	0
210119_RL#220_15g	2143	Manual	1	29371018	20014	NA
210119_RL#220_15g	2144	Sound	2122	29373044	1735	1			0		other	0
210119_RL#220_15g	2144	Port Input	1	29375124	3816	4
210119_RL#220_15g	2144	Response	1	29375124	3816	4
210119_RL#220_15g	2144	Port Input	1	29375127	3819	4
210119_RL#220_15g	2144	Response	1	29375127	3819	4
210119_RL#220_15g	2144	Port Input	1	29375131	3822	4
210119_RL#220_15g	2144	Response	1	29375131	3822	4
210119_RL#220_15g	2144	Port Input	1	29376346	5037	6
210119_RL#220_15g	2144	Response	1	29376346	5037	6
210119_RL#220_15g	2145	Picture	55	29376468	0	3	5160	6	0	next	other	0
210119_RL#220_15g	2146	Picture	10	29381627	0	3	1163	8	0	next	hit	11466
210119_RL#220_15g	2146	Port Input	1	29382624	996	4
210119_RL#220_15g	2146	Response	1	29382624	996	4
210119_RL#220_15g	2147	Picture	352	29382791	0	5	501	8	0	next	other	0
210119_RL#220_15g	2148	Picture	12	29383291	0	4	20139	7	0	next	false_alarm	11470
210119_RL#220_15g	2148	Port Input	1	29385416	2125	4
210119_RL#220_15g	2148	Response	1	29385416	2125	4
210119_RL#220_15g	2148	Port Input	1	29386415	3124	4
210119_RL#220_15g	2148	Response	1	29386415	3124	4
210119_RL#220_15g	2148	Port Input	1	29387476	4184	4
210119_RL#220_15g	2148	Response	1	29387476	4184	4
210119_RL#220_15g	2148	Port Input	1	29388583	5292	4
210119_RL#220_15g	2148	Response	1	29388583	5292	4
210119_RL#220_15g	2148	Port Input	1	29389779	6487	4
210119_RL#220_15g	2148	Response	1	29389779	6487	4
210119_RL#220_15g	2148	Port Input	1	29391083	7792	4
210119_RL#220_15g	2148	Response	1	29391083	7792	4
210119_RL#220_15g	2148	Port Input	1	29392640	9349	4
210119_RL#220_15g	2148	Response	1	29392640	9349	4
210119_RL#220_15g	2148	Port Input	1	29392644	9352	4
210119_RL#220_15g	2148	Response	1	29392644	9352	4
210119_RL#220_15g	2148	Port Input	1	29394196	10904	4
210119_RL#220_15g	2148	Response	1	29394196	10904	4
210119_RL#220_15g	2148	Port Input	1	29395986	12695	4
210119_RL#220_15g	2148	Response	1	29395986	12695	4
210119_RL#220_15g	2148	Port Input	1	29397777	14486	4
210119_RL#220_15g	2148	Response	1	29397777	14486	4
210119_RL#220_15g	2148	Port Input	1	29397781	14490	4
210119_RL#220_15g	2148	Response	1	29397781	14490	4
210119_RL#220_15g	2148	Port Input	1	29400716	17425	4
210119_RL#220_15g	2148	Response	1	29400716	17425	4
210119_RL#220_15g	2148	Port Input	1	29402654	19363	4
210119_RL#220_15g	2148	Response	1	29402654	19363	4
210119_RL#220_15g	2149	Picture	3521	29403430	0	4	832	7	0	next	other	0
210119_RL#220_15g	2150	Picture	666	29404262	0	4	20306	4	0	next	false_alarm	11500
210119_RL#220_15g	2150	Port Input	1	29407390	3128	4
210119_RL#220_15g	2150	Response	1	29407390	3128	4
210119_RL#220_15g	2150	Port Input	1	29407394	3132	4
210119_RL#220_15g	2150	Response	1	29407394	3132	4
210119_RL#220_15g	2150	Port Input	1	29411029	6767	4
210119_RL#220_15g	2150	Response	1	29411029	6767	4
210119_RL#220_15g	2151	Picture	777	29424568	0	1	20305	2	0	next	false_alarm	11507
210119_RL#220_15g	2151	Port Input	1	29427362	2794	4
210119_RL#220_15g	2151	Response	1	29427362	2794	4
210119_RL#220_15g	2151	Port Input	1	29427368	2799	5
210119_RL#220_15g	2151	Response	1	29427368	2799	5
210119_RL#220_15g	2151	Port Input	1	29428777	4209	4
210119_RL#220_15g	2151	Response	1	29428777	4209	4
210119_RL#220_15g	2151	Port Input	1	29428781	4213	4
210119_RL#220_15g	2151	Response	1	29428781	4213	4
210119_RL#220_15g	2151	Port Input	1	29438559	13990	5
210119_RL#220_15g	2151	Response	1	29438559	13990	5
210119_RL#220_15g	2151	Port Input	1	29439891	15323	4
210119_RL#220_15g	2151	Response	1	29439891	15323	4
210119_RL#220_15g	2151	Port Input	1	29439895	15327	4
210119_RL#220_15g	2151	Response	1	29439895	15327	4
210119_RL#220_15g	2151	Manual	1	29444582	20014	NA
210119_RL#220_15g	2152	Sound	2122	29446044	1170	1			0		other	0
210119_RL#220_15g	2152	Port Input	1	29446993	2119	4
210119_RL#220_15g	2152	Response	1	29446993	2119	4
210119_RL#220_15g	2152	Port Input	1	29446996	2123	4
210119_RL#220_15g	2152	Response	1	29446996	2123	4
210119_RL#220_15g	2153	Picture	55	29450199	0	1	5325	3	0	next	false_alarm	11528
210119_RL#220_15g	2153	Port Input	1	29451159	959	4
210119_RL#220_15g	2153	Response	1	29451159	959	4
210119_RL#220_15g	2154	Picture	10	29455524	0	3	3994	5	0	next	hit	11531
210119_RL#220_15g	2154	Port Input	1	29459239	3715	4
210119_RL#220_15g	2154	Response	1	29459239	3715	4
210119_RL#220_15g	2155	Picture	352	29459518	0	3	499	5	0	next	other	0
210119_RL#220_15g	2156	Picture	12	29460017	0	3	20305	5	0	next	false_alarm	11535
210119_RL#220_15g	2156	Port Input	1	29462496	2478	4
210119_RL#220_15g	2156	Response	1	29462496	2478	4
210119_RL#220_15g	2156	Port Input	1	29462499	2482	4
210119_RL#220_15g	2156	Response	1	29462499	2482	4
210119_RL#220_15g	2156	Port Input	1	29463400	3382	5
210119_RL#220_15g	2156	Response	1	29463400	3382	5
210119_RL#220_15g	2156	Port Input	1	29464447	4429	4
210119_RL#220_15g	2156	Response	1	29464447	4429	4
210119_RL#220_15g	2156	Port Input	1	29464450	4433	4
210119_RL#220_15g	2156	Response	1	29464450	4433	4
210119_RL#220_15g	2156	Port Input	1	29465551	5533	4
210119_RL#220_15g	2156	Response	1	29465551	5533	4
210119_RL#220_15g	2156	Port Input	1	29466720	6703	5
210119_RL#220_15g	2156	Response	1	29466720	6703	5
210119_RL#220_15g	2156	Port Input	1	29467965	7948	4
210119_RL#220_15g	2156	Response	1	29467965	7948	4
210119_RL#220_15g	2156	Port Input	1	29467969	7952	4
210119_RL#220_15g	2156	Response	1	29467969	7952	4
210119_RL#220_15g	2156	Port Input	1	29469207	9189	4
210119_RL#220_15g	2156	Response	1	29469207	9189	4
210119_RL#220_15g	2156	Port Input	1	29469211	9193	4
210119_RL#220_15g	2156	Response	1	29469211	9193	4
210119_RL#220_15g	2156	Port Input	1	29470546	10528	4
210119_RL#220_15g	2156	Response	1	29470546	10528	4
210119_RL#220_15g	2156	Port Input	1	29470550	10532	4
210119_RL#220_15g	2156	Response	1	29470550	10532	4
210119_RL#220_15g	2156	Port Input	1	29472058	12041	4
210119_RL#220_15g	2156	Response	1	29472058	12041	4
210119_RL#220_15g	2156	Port Input	1	29472064	12046	4
210119_RL#220_15g	2156	Response	1	29472064	12046	4
210119_RL#220_15g	2156	Port Input	1	29473682	13664	4
210119_RL#220_15g	2156	Response	1	29473682	13664	4
210119_RL#220_15g	2156	Port Input	1	29473685	13668	4
210119_RL#220_15g	2156	Response	1	29473685	13668	4
210119_RL#220_15g	2156	Port Input	1	29475076	15058	5
210119_RL#220_15g	2156	Response	1	29475076	15058	5
210119_RL#220_15g	2156	Port Input	1	29476511	16493	4
210119_RL#220_15g	2156	Response	1	29476511	16493	4
210119_RL#220_15g	2156	Port Input	1	29476516	16498	4
210119_RL#220_15g	2156	Response	1	29476516	16498	4
210119_RL#220_15g	2156	Port Input	1	29478268	18250	5
210119_RL#220_15g	2156	Response	1	29478268	18250	5
210119_RL#220_15g	2156	Port Input	1	29478274	18257	4
210119_RL#220_15g	2156	Response	1	29478274	18257	4
210119_RL#220_15g	2156	Port Input	1	29480158	20141	11
210119_RL#220_15g	2156	Response	1	29480158	20141	11
210119_RL#220_15g	2157	Picture	3521	29480323	0	3	499	5	0	next	other	0
210119_RL#220_15g	2158	Picture	666	29480822	0	3	20138	6	0	next	false_alarm	11583
210119_RL#220_15g	2158	Port Input	1	29486314	5492	4
210119_RL#220_15g	2158	Response	1	29486314	5492	4
210119_RL#220_15g	2158	Port Input	1	29486318	5496	4
210119_RL#220_15g	2158	Response	1	29486318	5496	4
210119_RL#220_15g	2158	Port Input	1	29489347	8525	4
210119_RL#220_15g	2158	Response	1	29489347	8525	4
210119_RL#220_15g	2158	Port Input	1	29490765	9943	4
210119_RL#220_15g	2158	Response	1	29490765	9943	4
210119_RL#220_15g	2159	Picture	777	29500960	0	3	20139	7	0	next	false_alarm	11592
210119_RL#220_15g	2159	Port Input	1	29502672	1712	4
210119_RL#220_15g	2159	Response	1	29502672	1712	4
210119_RL#220_15g	2159	Port Input	1	29504064	3103	4
210119_RL#220_15g	2159	Response	1	29504064	3103	4
210119_RL#220_15g	2159	Port Input	1	29515179	14219	4
210119_RL#220_15g	2159	Response	1	29515179	14219	4
210119_RL#220_15g	2159	Port Input	1	29515183	14223	4
210119_RL#220_15g	2159	Response	1	29515183	14223	4
210119_RL#220_15g	2159	Port Input	1	29516597	15637	4
210119_RL#220_15g	2159	Response	1	29516597	15637	4
210119_RL#220_15g	2159	Port Input	1	29516602	15642	4
210119_RL#220_15g	2159	Response	1	29516602	15642	4
210119_RL#220_15g	2159	Manual	1	29520979	20019	NA
210119_RL#220_15g	2160	Sound	2112	29523044	1945	1			0		other	0
210119_RL#220_15g	2160	Port Input	1	29524622	3523	4
210119_RL#220_15g	2160	Response	1	29524622	3523	4
210119_RL#220_15g	2160	Port Input	1	29524628	3529	5
210119_RL#220_15g	2160	Response	1	29524628	3529	5
210119_RL#220_15g	2160	Port Input	1	29526050	4952	4
210119_RL#220_15g	2160	Response	1	29526050	4952	4
210119_RL#220_15g	2161	Picture	55	29526258	0	4	5328	5	0	next	other	0
210119_RL#220_15g	2162	Picture	10	29531586	0	1	20305	2	0	next	miss	0
210119_RL#220_15g	2163	Picture	412	29551890	0	1	832	1	0	next	other	0
210119_RL#220_15g	2164	Picture	666	29552723	0	1	20303	3	0	next	false_alarm	11616
210119_RL#220_15g	2164	Port Input	1	29561405	8683	4
210119_RL#220_15g	2164	Response	1	29561405	8683	4
210119_RL#220_15g	2164	Port Input	1	29562978	10256	3
210119_RL#220_15g	2164	Response	1	29562978	10256	3
210119_RL#220_15g	2164	Port Input	1	29562982	10259	4
210119_RL#220_15g	2164	Response	1	29562982	10259	4
210119_RL#220_15g	2164	Port Input	1	29566207	13484	4
210119_RL#220_15g	2164	Response	1	29566207	13484	4
210119_RL#220_15g	2164	Port Input	1	29566212	13490	4
210119_RL#220_15g	2164	Response	1	29566212	13490	4
210119_RL#220_15g	2164	Port Input	1	29570403	17681	4
210119_RL#220_15g	2164	Response	1	29570403	17681	4
210119_RL#220_15g	2164	Port Input	1	29570407	17684	4
210119_RL#220_15g	2164	Response	1	29570407	17684	4
210119_RL#220_15g	2165	Picture	777	29573026	0	3	20305	5	0	next	false_alarm	11631
210119_RL#220_15g	2165	Port Input	1	29574687	1662	4
210119_RL#220_15g	2165	Response	1	29574687	1662	4
210119_RL#220_15g	2165	Manual	2	29593040	20014	NA
210119_RL#220_15g	2166	Sound	2122	29595044	1713	1			0		other	0
210119_RL#220_15g	2166	Port Input	1	29596822	3491	4
210119_RL#220_15g	2166	Response	1	29596822	3491	4
210119_RL#220_15g	2167	Picture	55	29598490	0	3	5160	6	0	next	other	0
210119_RL#220_15g	2168	Picture	10	29603650	0	3	20139	6	0	next	miss	0
210119_RL#220_15g	2169	Picture	452	29623789	0	3	1000	5	0	next	other	0
210119_RL#220_15g	2170	Picture	666	29624789	0	2	20137	5	0	next	false_alarm	11641
210119_RL#220_15g	2170	Port Input	1	29626371	1583	4
210119_RL#220_15g	2170	Response	1	29626371	1583	4
210119_RL#220_15g	2170	Port Input	1	29626375	1586	4
210119_RL#220_15g	2170	Response	1	29626375	1586	4
210119_RL#220_15g	2170	Port Input	1	29628126	3338	5
210119_RL#220_15g	2170	Response	1	29628126	3338	5
210119_RL#220_15g	2170	Port Input	1	29631706	6917	4
210119_RL#220_15g	2170	Response	1	29631706	6917	4
210119_RL#220_15g	2170	Port Input	1	29631710	6921	4
210119_RL#220_15g	2170	Response	1	29631710	6921	4
210119_RL#220_15g	2170	Port Input	1	29639372	14584	3
210119_RL#220_15g	2170	Response	1	29639372	14584	3
210119_RL#220_15g	2170	Port Input	1	29639377	14589	4
210119_RL#220_15g	2170	Response	1	29639377	14589	4
210119_RL#220_15g	2171	Picture	777	29644925	0	4	20306	4	0	next	false_alarm	11656
210119_RL#220_15g	2171	Port Input	1	29649669	4744	4
210119_RL#220_15g	2171	Response	1	29649669	4744	4
210119_RL#220_15g	2171	Port Input	1	29652592	7667	4
210119_RL#220_15g	2171	Response	1	29652592	7667	4
210119_RL#220_15g	2171	Port Input	1	29655777	10852	4
210119_RL#220_15g	2171	Response	1	29655777	10852	4
210119_RL#220_15g	2171	Manual	2	29664937	20012	NA
210119_RL#220_15g	2172	Sound	2122	29667044	1812	1			0		other	0
210119_RL#220_15g	2172	Port Input	1	29669473	4241	4
210119_RL#220_15g	2172	Response	1	29669473	4241	4
210119_RL#220_15g	2173	Picture	55	29670558	0	1	5326	1	0	next	other	0
210119_RL#220_15g	2174	Picture	10	29675883	0	1	12480	4	0	next	hit	11668
210119_RL#220_15g	2174	Port Input	1	29688064	12181	4
210119_RL#220_15g	2174	Response	1	29688064	12181	4
210119_RL#220_15g	2174	Port Input	1	29688068	12185	6
210119_RL#220_15g	2174	Response	1	29688068	12185	6
210119_RL#220_15g	2175	Picture	352	29688364	0	4	502	4	0	next	other	0
210119_RL#220_15g	2176	Picture	12	29688865	0	1	20304	3	0	next	false_alarm	11674
210119_RL#220_15g	2176	Port Input	1	29690317	1451	4
210119_RL#220_15g	2176	Response	1	29690317	1451	4
210119_RL#220_15g	2176	Port Input	1	29691342	2477	4
210119_RL#220_15g	2176	Response	1	29691342	2477	4
210119_RL#220_15g	2176	Port Input	1	29692406	3541	4
210119_RL#220_15g	2176	Response	1	29692406	3541	4
210119_RL#220_15g	2176	Port Input	1	29693511	4646	4
210119_RL#220_15g	2176	Response	1	29693511	4646	4
210119_RL#220_15g	2176	Port Input	1	29694617	5752	4
210119_RL#220_15g	2176	Response	1	29694617	5752	4
210119_RL#220_15g	2176	Port Input	1	29695809	6944	4
210119_RL#220_15g	2176	Response	1	29695809	6944	4
210119_RL#220_15g	2176	Port Input	1	29695813	6947	4
210119_RL#220_15g	2176	Response	1	29695813	6947	4
210119_RL#220_15g	2176	Port Input	1	29697055	8189	4
210119_RL#220_15g	2176	Response	1	29697055	8189	4
210119_RL#220_15g	2176	Port Input	1	29698431	9566	4
210119_RL#220_15g	2176	Response	1	29698431	9566	4
210119_RL#220_15g	2176	Port Input	1	29698434	9569	4
210119_RL#220_15g	2176	Response	1	29698434	9569	4
210119_RL#220_15g	2176	Port Input	1	29699984	11118	4
210119_RL#220_15g	2176	Response	1	29699984	11118	4
210119_RL#220_15g	2176	Port Input	1	29699987	11122	4
210119_RL#220_15g	2176	Response	1	29699987	11122	4
210119_RL#220_15g	2176	Port Input	1	29701559	12693	4
210119_RL#220_15g	2176	Response	1	29701559	12693	4
210119_RL#220_15g	2176	Port Input	1	29703445	14580	4
210119_RL#220_15g	2176	Response	1	29703445	14580	4
210119_RL#220_15g	2176	Port Input	1	29705182	16317	4
210119_RL#220_15g	2176	Response	1	29705182	16317	4
210119_RL#220_15g	2176	Port Input	1	29705186	16321	4
210119_RL#220_15g	2176	Response	1	29705186	16321	4
210119_RL#220_15g	2176	Port Input	1	29706905	18039	4
210119_RL#220_15g	2176	Response	1	29706905	18039	4
210119_RL#220_15g	2176	Port Input	1	29708561	19695	4
210119_RL#220_15g	2176	Response	1	29708561	19695	4
210119_RL#220_15g	2177	Picture	3521	29709169	0	3	665	6	0	next	other	0
210119_RL#220_15g	2178	Picture	666	29709834	0	4	20139	7	0	next	false_alarm	11712
210119_RL#220_15g	2178	Port Input	1	29710565	731	4
210119_RL#220_15g	2178	Response	1	29710565	731	4
210119_RL#220_15g	2178	Port Input	1	29728052	18218	4
210119_RL#220_15g	2178	Response	1	29728052	18218	4
210119_RL#220_15g	2178	Port Input	1	29729434	19600	4
210119_RL#220_15g	2178	Response	1	29729434	19600	4
210119_RL#220_15g	2179	Picture	777	29729973	0	3	20139	6	0	next	false_alarm	11719
210119_RL#220_15g	2179	Port Input	1	29736478	6505	4
210119_RL#220_15g	2179	Response	1	29736478	6505	4
210119_RL#220_15g	2179	Port Input	1	29736482	6509	4
210119_RL#220_15g	2179	Response	1	29736482	6509	4
210119_RL#220_15g	2179	Port Input	1	29738485	8512	4
210119_RL#220_15g	2179	Response	1	29738485	8512	4
210119_RL#220_15g	2179	Port Input	1	29738489	8516	4
210119_RL#220_15g	2179	Response	1	29738489	8516	4
210119_RL#220_15g	2179	Port Input	1	29745252	15279	4
210119_RL#220_15g	2179	Response	1	29745252	15279	4
210119_RL#220_15g	2179	Port Input	1	29745257	15284	4
210119_RL#220_15g	2179	Response	1	29745257	15284	4
210119_RL#220_15g	2179	Port Input	1	29746881	16908	4
210119_RL#220_15g	2179	Response	1	29746881	16908	4
210119_RL#220_15g	2179	Port Input	1	29749744	19771	4
210119_RL#220_15g	2179	Response	1	29749744	19771	4
210119_RL#220_15g	2179	Port Input	1	29749748	19775	5
210119_RL#220_15g	2179	Response	1	29749748	19775	5
210119_RL#220_15g	2179	Manual	1	29749986	20013	NA
210119_RL#220_15g	2180	Sound	2112	29752044	1932	1			0		other	0
210119_RL#220_15g	2180	Port Input	1	29754217	4105	5
210119_RL#220_15g	2180	Response	1	29754217	4105	5
210119_RL#220_15g	2181	Picture	55	29755271	0	4	5160	7	0	next	false_alarm	11742
210119_RL#220_15g	2181	Port Input	1	29757624	2353	4
210119_RL#220_15g	2181	Response	1	29757624	2353	4
210119_RL#220_15g	2182	Picture	10	29760431	0	4	8157	4	0	next	hit	11745
210119_RL#220_15g	2182	Port Input	1	29768268	7837	4
210119_RL#220_15g	2182	Response	1	29768268	7837	4
210119_RL#220_15g	2183	Picture	312	29768587	0	1	500	2	0	next	other	0
210119_RL#220_15g	2184	Picture	4442	29769087	0	1	80718	4	0	next	false_alarm	11749
210119_RL#220_15g	2184	Port Input	1	29771736	2649	4
210119_RL#220_15g	2184	Response	1	29771736	2649	4
210119_RL#220_15g	2184	Port Input	1	29771740	2653	4
210119_RL#220_15g	2184	Response	1	29771740	2653	4
210119_RL#220_15g	2184	Port Input	1	29791826	22739	4
210119_RL#220_15g	2184	Response	1	29791826	22739	4
210119_RL#220_15g	2184	Port Input	1	29791829	22742	4
210119_RL#220_15g	2184	Response	1	29791829	22742	4
210119_RL#220_15g	2184	Port Input	1	29795009	25922	4
210119_RL#220_15g	2184	Response	1	29795009	25922	4
210119_RL#220_15g	2184	Port Input	1	29795012	25926	4
210119_RL#220_15g	2184	Response	1	29795012	25926	4
210119_RL#220_15g	2184	Port Input	1	29807566	38479	4
210119_RL#220_15g	2184	Response	1	29807566	38479	4
210119_RL#220_15g	2184	Port Input	1	29811072	41985	4
210119_RL#220_15g	2184	Response	1	29811072	41985	4
210119_RL#220_15g	2184	Port Input	1	29811075	41989	4
210119_RL#220_15g	2184	Response	1	29811075	41989	4
210119_RL#220_15g	2184	Port Input	1	29815119	46032	4
210119_RL#220_15g	2184	Response	1	29815119	46032	4
210119_RL#220_15g	2184	Port Input	1	29818254	49168	4
210119_RL#220_15g	2184	Response	1	29818254	49168	4
210119_RL#220_15g	2185	Picture	666	29849805	0	3	20139	6	0	next	false_alarm	11772
210119_RL#220_15g	2185	Port Input	1	29853771	3966	4
210119_RL#220_15g	2185	Response	1	29853771	3966	4
210119_RL#220_15g	2185	Port Input	1	29856885	7080	5
210119_RL#220_15g	2185	Response	1	29856885	7080	5
210119_RL#220_15g	2185	Port Input	1	29856890	7085	5
210119_RL#220_15g	2185	Response	1	29856890	7085	5
210119_RL#220_15g	2186	Picture	777	29869944	0	3	20306	4	0	next	false_alarm	11779
210119_RL#220_15g	2186	Port Input	1	29889629	19685	4
210119_RL#220_15g	2186	Response	1	29889629	19685	4
210119_RL#220_15g	2186	Port Input	1	29889633	19689	4
210119_RL#220_15g	2186	Response	1	29889633	19689	4
210119_RL#220_15g	2186	Manual	1	29889960	20016	NA
210119_RL#220_15g	2187	Port Input	1	29890978	728	3
210119_RL#220_15g	2187	Response	1	29890978	728	3
210119_RL#220_15g	2187	Port Input	1	29890983	733	3
210119_RL#220_15g	2187	Response	1	29890983	733	3
210119_RL#220_15g	2187	Sound	2112	29892044	1794	1			0		other	0
210119_RL#220_15g	2187	Port Input	1	29895269	5019	5
210119_RL#220_15g	2187	Response	1	29895269	5019	5
210119_RL#220_15g	2188	Picture	55	29895576	0	1	5326	2	0	next	false_alarm	11792
210119_RL#220_15g	2188	Port Input	1	29897413	1837	4
210119_RL#220_15g	2188	Response	1	29897413	1837	4
210119_RL#220_15g	2188	Port Input	1	29897417	1841	4
210119_RL#220_15g	2188	Response	1	29897417	1841	4
210119_RL#220_15g	2188	Port Input	1	29900425	4849	4
210119_RL#220_15g	2188	Response	1	29900425	4849	4
210119_RL#220_15g	2188	Port Input	1	29900429	4853	4
210119_RL#220_15g	2188	Response	1	29900429	4853	4
210119_RL#220_15g	2189	Picture	10	29900902	0	1	20305	2	0	next	miss	0
210119_RL#220_15g	2190	Picture	412	29921207	0	1	666	1	0	next	other	0
210119_RL#220_15g	2191	Picture	666	29921873	0	1	20304	3	0	next	false_alarm	11803
210119_RL#220_15g	2191	Port Input	1	29937238	15366	4
210119_RL#220_15g	2191	Response	1	29937238	15366	4
210119_RL#220_15g	2191	Port Input	1	29937242	15370	4
210119_RL#220_15g	2191	Response	1	29937242	15370	4
210119_RL#220_15g	2191	Port Input	1	29938556	16684	4
210119_RL#220_15g	2191	Response	1	29938556	16684	4
210119_RL#220_15g	2191	Port Input	1	29938560	16687	4
210119_RL#220_15g	2191	Response	1	29938560	16687	4
210119_RL#220_15g	2192	Picture	777	29942176	0	3	20305	5	0	next	false_alarm	11812
210119_RL#220_15g	2192	Port Input	1	29943445	1268	4
210119_RL#220_15g	2192	Response	1	29943445	1268	4
210119_RL#220_15g	2192	Port Input	1	29943449	1273	4
210119_RL#220_15g	2192	Response	1	29943449	1273	4
210119_RL#220_15g	2192	Port Input	1	29948332	6156	4
210119_RL#220_15g	2192	Response	1	29948332	6156	4
210119_RL#220_15g	2192	Port Input	1	29948339	6163	4
210119_RL#220_15g	2192	Response	1	29948339	6163	4
210119_RL#220_15g	2192	Port Input	1	29954391	12215	4
210119_RL#220_15g	2192	Response	1	29954391	12215	4
210119_RL#220_15g	2192	Port Input	1	29954396	12220	4
210119_RL#220_15g	2192	Response	1	29954396	12220	4
210119_RL#220_15g	2192	Manual	1	29962191	20014	NA
210119_RL#220_15g	2193	Sound	2122	29964044	1563	1			0		other	0
210119_RL#220_15g	2193	Port Input	1	29965987	3506	4
210119_RL#220_15g	2193	Response	1	29965987	3506	4
210119_RL#220_15g	2193	Port Input	1	29967544	5063	5
210119_RL#220_15g	2193	Response	1	29967544	5063	5
210119_RL#220_15g	2193	Port Input	1	29967549	5068	5
210119_RL#220_15g	2193	Response	1	29967549	5068	5
210119_RL#220_15g	2194	Picture	55	29967640	0	3	5160	6	0	next	false_alarm	11833
210119_RL#220_15g	2194	Port Input	1	29971104	3464	4
210119_RL#220_15g	2194	Response	1	29971104	3464	4
210119_RL#220_15g	2194	Port Input	1	29971108	3467	4
210119_RL#220_15g	2194	Response	1	29971108	3467	4
210119_RL#220_15g	2195	Picture	10	29972800	0	3	1331	6	0	next	hit	11838
210119_RL#220_15g	2195	Port Input	1	29973884	1084	4
210119_RL#220_15g	2195	Response	1	29973884	1084	4
210119_RL#220_15g	2195	Port Input	1	29973888	1088	4
210119_RL#220_15g	2195	Response	1	29973888	1088	4
210119_RL#220_15g	2196	Picture	352	29974131	0	4	499	7	0	next	other	0
210119_RL#220_15g	2197	Picture	12	29974630	0	4	20135	11	0	next	false_alarm	11844
210119_RL#220_15g	2197	Port Input	1	29976877	2247	4
210119_RL#220_15g	2197	Response	1	29976877	2247	4
210119_RL#220_15g	2197	Port Input	1	29977754	3123	4
210119_RL#220_15g	2197	Response	1	29977754	3123	4
210119_RL#220_15g	2197	Port Input	1	29978775	4144	4
210119_RL#220_15g	2197	Response	1	29978775	4144	4
210119_RL#220_15g	2197	Port Input	1	29978778	4148	4
210119_RL#220_15g	2197	Response	1	29978778	4148	4
210119_RL#220_15g	2197	Port Input	1	29979893	5263	4
210119_RL#220_15g	2197	Response	1	29979893	5263	4
210119_RL#220_15g	2197	Port Input	1	29979897	5266	4
210119_RL#220_15g	2197	Response	1	29979897	5266	4
210119_RL#220_15g	2197	Port Input	1	29981070	6440	4
210119_RL#220_15g	2197	Response	1	29981070	6440	4
210119_RL#220_15g	2197	Port Input	1	29982281	7650	4
210119_RL#220_15g	2197	Response	1	29982281	7650	4
210119_RL#220_15g	2197	Port Input	1	29983661	9031	4
210119_RL#220_15g	2197	Response	1	29983661	9031	4
210119_RL#220_15g	2197	Port Input	1	29985085	10455	4
210119_RL#220_15g	2197	Response	1	29985085	10455	4
210119_RL#220_15g	2197	Port Input	1	29986527	11897	4
210119_RL#220_15g	2197	Response	1	29986527	11897	4
210119_RL#220_15g	2197	Port Input	1	29986533	11902	4
210119_RL#220_15g	2197	Response	1	29986533	11902	4
210119_RL#220_15g	2197	Port Input	1	29988159	13529	4
210119_RL#220_15g	2197	Response	1	29988159	13529	4
210119_RL#220_15g	2198	Picture	3521	29994765	0	8	503	11	0	next	other	0
210119_RL#220_15g	2199	Picture	666	29995268	0	4	20306	4	0	next	false_alarm	11872
210119_RL#220_15g	2199	Port Input	1	30013481	18213	4
210119_RL#220_15g	2199	Response	1	30013481	18213	4
210119_RL#220_15g	2199	Port Input	1	30014805	19537	3
210119_RL#220_15g	2199	Response	1	30014805	19537	3
210119_RL#220_15g	2199	Port Input	1	30014808	19540	3
210119_RL#220_15g	2199	Response	1	30014808	19540	3
210119_RL#220_15g	2200	Picture	777	30015575	0	1	20305	2	0	next	false_alarm	11879
210119_RL#220_15g	2200	Port Input	1	30026424	10849	4
210119_RL#220_15g	2200	Response	1	30026424	10849	4
210119_RL#220_15g	2200	Port Input	1	30029866	14291	4
210119_RL#220_15g	2200	Response	1	30029866	14291	4
210119_RL#220_15g	2200	Manual	2	30035589	20015	NA
210119_RL#220_15g	2201	Sound	2122	30037044	1165	1			0		other	0
210119_RL#220_15g	2201	Port Input	1	30038891	3011	4
210119_RL#220_15g	2201	Response	1	30038891	3011	4
210119_RL#220_15g	2202	Picture	55	30041206	0	1	5324	3	0	next	other	0
210119_RL#220_15g	2203	Picture	10	30046530	0	3	20303	7	0	next	miss	0
210119_RL#220_15g	2204	Picture	452	30066833	0	5	834	8	0	next	other	0
210119_RL#220_15g	2205	Picture	666	30067667	0	3	20139	6	0	next	false_alarm	11891
210119_RL#220_15g	2205	Port Input	1	30075058	7392	4
210119_RL#220_15g	2205	Response	1	30075058	7392	4
210119_RL#220_15g	2205	Port Input	1	30075062	7395	4
210119_RL#220_15g	2205	Response	1	30075062	7395	4
210119_RL#220_15g	2205	Port Input	1	30075525	7858	4
210119_RL#220_15g	2205	Response	1	30075525	7858	4
210119_RL#220_15g	2205	Port Input	1	30076938	9271	4
210119_RL#220_15g	2205	Response	1	30076938	9271	4
210119_RL#220_15g	2205	Port Input	1	30078617	10950	4
210119_RL#220_15g	2205	Response	1	30078617	10950	4
210119_RL#220_15g	2205	Port Input	1	30080388	12721	4
210119_RL#220_15g	2205	Response	1	30080388	12721	4
210119_RL#220_15g	2205	Port Input	1	30080393	12726	4
210119_RL#220_15g	2205	Response	1	30080393	12726	4
210119_RL#220_15g	2205	Port Input	1	30082545	14878	4
210119_RL#220_15g	2205	Response	1	30082545	14878	4
210119_RL#220_15g	2206	Picture	777	30087806	0	3	20138	7	0	next	false_alarm	11908
210119_RL#220_15g	2206	Port Input	1	30100255	12449	4
210119_RL#220_15g	2206	Response	1	30100255	12449	4
210119_RL#220_15g	2206	Port Input	1	30106072	18267	5
210119_RL#220_15g	2206	Response	1	30106072	18267	5
210119_RL#220_15g	2206	Manual	1	30107818	20012	NA
210119_RL#220_15g	2207	Sound	2112	30109045	1101	1			0		other	0
210119_RL#220_15g	2207	Port Input	1	30111683	3739	4
210119_RL#220_15g	2207	Response	1	30111683	3739	4
210119_RL#220_15g	2207	Port Input	1	30111688	3744	4
210119_RL#220_15g	2207	Response	1	30111688	3744	4
210119_RL#220_15g	2208	Picture	55	30113104	0	3	5159	7	0	next	other	0
210119_RL#220_15g	2209	Picture	10	30118263	0	4	20306	4	0	next	miss	0
210119_RL#220_15g	2210	Picture	412	30138569	0	1	832	2	0	next	other	0
210119_RL#220_15g	2211	Picture	666	30139401	0	1	20305	2	0	next	false_alarm	11922
210119_RL#220_15g	2211	Port Input	1	30157488	18087	4
210119_RL#220_15g	2211	Response	1	30157488	18087	4
210119_RL#220_15g	2212	Picture	777	30159706	0	1	20304	3	0	next	false_alarm	11925
210119_RL#220_15g	2212	Port Input	1	30160703	996	4
210119_RL#220_15g	2212	Response	1	30160703	996	4
210119_RL#220_15g	2212	Port Input	1	30160706	1000	4
210119_RL#220_15g	2212	Response	1	30160706	1000	4
210119_RL#220_15g	2212	Port Input	1	30171816	12110	4
210119_RL#220_15g	2212	Response	1	30171816	12110	4
210119_RL#220_15g	2212	Port Input	1	30175598	15891	4
210119_RL#220_15g	2212	Response	1	30175598	15891	4
210119_RL#220_15g	2212	Port Input	1	30175603	15897	4
210119_RL#220_15g	2212	Response	1	30175603	15897	4
210119_RL#220_15g	2212	Manual	2	30179722	20016	NA
210119_RL#220_15g	2213	Sound	2122	30181045	1035	1			0		other	0
210119_RL#220_15g	2213	Port Input	1	30183461	3451	4
210119_RL#220_15g	2213	Response	1	30183461	3451	4
210119_RL#220_15g	2214	Picture	55	30185169	0	3	5159	5	0	next	other	0
210119_RL#220_15g	2215	Picture	10	30190329	0	3	7490	6	0	next	hit	11941
210119_RL#220_15g	2215	Port Input	1	30197636	7307	4
210119_RL#220_15g	2215	Response	1	30197636	7307	4
210119_RL#220_15g	2215	Port Input	1	30197640	7311	4
210119_RL#220_15g	2215	Response	1	30197640	7311	4
210119_RL#220_15g	2216	Picture	352	30197818	0	3	499	6	0	next	other	0
210119_RL#220_15g	2217	Picture	12	30198318	0	3	20139	6	0	next	false_alarm	11947
210119_RL#220_15g	2217	Port Input	1	30214174	15857	4
210119_RL#220_15g	2217	Response	1	30214174	15857	4
210119_RL#220_15g	2217	Port Input	1	30215085	16767	4
210119_RL#220_15g	2217	Response	1	30215085	16767	4
210119_RL#220_15g	2217	Port Input	1	30216071	17753	4
210119_RL#220_15g	2217	Response	1	30216071	17753	4
210119_RL#220_15g	2217	Port Input	1	30216077	17759	4
210119_RL#220_15g	2217	Response	1	30216077	17759	4
210119_RL#220_15g	2217	Port Input	1	30217108	18790	3
210119_RL#220_15g	2217	Response	1	30217108	18790	3
210119_RL#220_15g	2217	Port Input	1	30217111	18793	4
210119_RL#220_15g	2217	Response	1	30217111	18793	4
210119_RL#220_15g	2217	Port Input	1	30218213	19896	4
210119_RL#220_15g	2217	Response	1	30218213	19896	4
210119_RL#220_15g	2218	Picture	3521	30218456	0	3	832	7	0	next	other	0
210119_RL#220_15g	2219	Picture	666	30219288	0	4	20139	7	0	next	false_alarm	11965
210119_RL#220_15g	2219	Port Input	1	30219323	35	6
210119_RL#220_15g	2219	Response	1	30219323	35	6
210119_RL#220_15g	2219	Port Input	1	30220447	1159	4
210119_RL#220_15g	2219	Response	1	30220447	1159	4
210119_RL#220_15g	2219	Port Input	1	30220451	1163	4
210119_RL#220_15g	2219	Response	1	30220451	1163	4
210119_RL#220_15g	2219	Port Input	1	30221623	2335	4
210119_RL#220_15g	2219	Response	1	30221623	2335	4
210119_RL#220_15g	2219	Port Input	1	30222926	3638	4
210119_RL#220_15g	2219	Response	1	30222926	3638	4
210119_RL#220_15g	2219	Port Input	1	30224323	5035	4
210119_RL#220_15g	2219	Response	1	30224323	5035	4
210119_RL#220_15g	2219	Port Input	1	30227228	7940	4
210119_RL#220_15g	2219	Response	1	30227228	7940	4
210119_RL#220_15g	2219	Port Input	1	30227232	7944	4
210119_RL#220_15g	2219	Response	1	30227232	7944	4
210119_RL#220_15g	2219	Port Input	1	30228726	9438	4
210119_RL#220_15g	2219	Response	1	30228726	9438	4
210119_RL#220_15g	2219	Port Input	1	30230316	11028	4
210119_RL#220_15g	2219	Response	1	30230316	11028	4
210119_RL#220_15g	2219	Port Input	1	30231868	12580	4
210119_RL#220_15g	2219	Response	1	30231868	12580	4
210119_RL#220_15g	2219	Port Input	1	30235142	15854	4
210119_RL#220_15g	2219	Response	1	30235142	15854	4
210119_RL#220_15g	2219	Port Input	1	30237172	17884	4
210119_RL#220_15g	2219	Response	1	30237172	17884	4
210119_RL#220_15g	2220	Picture	777	30239427	0	4	20306	4	0	next	false_alarm	11990
210119_RL#220_15g	2220	Port Input	1	30254973	15546	4
210119_RL#220_15g	2220	Response	1	30254973	15546	4
210119_RL#220_15g	2220	Port Input	1	30256253	16826	4
210119_RL#220_15g	2220	Response	1	30256253	16826	4
210119_RL#220_15g	2220	Port Input	1	30257736	18309	4
210119_RL#220_15g	2220	Response	1	30257736	18309	4
210119_RL#220_15g	2220	Manual	1	30259440	20013	NA
210119_RL#220_15g	2221	Sound	2122	30261045	1312	1			0		other	0
210119_RL#220_15g	2221	Port Input	1	30261156	1423	4
210119_RL#220_15g	2221	Response	1	30261156	1423	4
210119_RL#220_15g	2222	Picture	55	30265059	0	1	5326	2	0	next	false_alarm	12001
210119_RL#220_15g	2222	Port Input	1	30265758	699	4
210119_RL#220_15g	2222	Response	1	30265758	699	4
210119_RL#220_15g	2222	Port Input	1	30265761	702	4
210119_RL#220_15g	2222	Response	1	30265761	702	4
210119_RL#220_15g	2223	Picture	10	30270385	0	1	2496	2	0	next	hit	12006
210119_RL#220_15g	2223	Port Input	1	30272549	2165	4
210119_RL#220_15g	2223	Response	1	30272549	2165	4
210119_RL#220_15g	2224	Picture	352	30272881	0	1	666	2	0	next	other	0
210119_RL#220_15g	2225	Picture	12	30273547	0	1	20303	3	0	next	false_alarm	12010
210119_RL#220_15g	2225	Port Input	1	30275867	2320	5
210119_RL#220_15g	2225	Response	1	30275867	2320	5
210119_RL#220_15g	2225	Port Input	1	30276738	3191	4
210119_RL#220_15g	2225	Response	1	30276738	3191	4
210119_RL#220_15g	2225	Port Input	1	30277715	4168	4
210119_RL#220_15g	2225	Response	1	30277715	4168	4
210119_RL#220_15g	2225	Port Input	1	30277719	4172	4
210119_RL#220_15g	2225	Response	1	30277719	4172	4
210119_RL#220_15g	2225	Port Input	1	30278815	5268	4
210119_RL#220_15g	2225	Response	1	30278815	5268	4
210119_RL#220_15g	2225	Port Input	1	30279972	6425	4
210119_RL#220_15g	2225	Response	1	30279972	6425	4
210119_RL#220_15g	2225	Port Input	1	30281469	7922	5
210119_RL#220_15g	2225	Response	1	30281469	7922	5
210119_RL#220_15g	2225	Port Input	1	30283490	9943	4
210119_RL#220_15g	2225	Response	1	30283490	9943	4
210119_RL#220_15g	2225	Port Input	1	30284753	11206	4
210119_RL#220_15g	2225	Response	1	30284753	11206	4
210119_RL#220_15g	2225	Port Input	1	30285923	12377	4
210119_RL#220_15g	2225	Response	1	30285923	12377	4
210119_RL#220_15g	2225	Port Input	1	30287188	13641	4
210119_RL#220_15g	2225	Response	1	30287188	13641	4
210119_RL#220_15g	2225	Port Input	1	30288622	15075	4
210119_RL#220_15g	2225	Response	1	30288622	15075	4
210119_RL#220_15g	2225	Port Input	1	30288625	15079	4
210119_RL#220_15g	2225	Response	1	30288625	15079	4
210119_RL#220_15g	2225	Port Input	1	30290018	16471	4
210119_RL#220_15g	2225	Response	1	30290018	16471	4
210119_RL#220_15g	2225	Port Input	1	30291412	17865	4
210119_RL#220_15g	2225	Response	1	30291412	17865	4
210119_RL#220_15g	2225	Port Input	1	30292891	19344	4
210119_RL#220_15g	2225	Response	1	30292891	19344	4
210119_RL#220_15g	2225	Port Input	1	30292895	19348	4
210119_RL#220_15g	2225	Response	1	30292895	19348	4
210119_RL#220_15g	2226	Picture	3521	30293850	0	3	666	5	0	next	other	0
210119_RL#220_15g	2226	Port Input	1	30294376	525	6
210119_RL#220_15g	2226	Response	1	30294376	525	6
210119_RL#220_15g	2227	Picture	666	30294516	0	3	20301	10	0	next	false_alarm	12048
210119_RL#220_15g	2227	Port Input	1	30298953	4437	3
210119_RL#220_15g	2227	Response	1	30298953	4437	3
210119_RL#220_15g	2227	Port Input	1	30298958	4442	4
210119_RL#220_15g	2227	Response	1	30298958	4442	4
210119_RL#220_15g	2227	Port Input	1	30300310	5794	4
210119_RL#220_15g	2227	Response	1	30300310	5794	4
210119_RL#220_15g	2227	Port Input	1	30301670	7154	4
210119_RL#220_15g	2227	Response	1	30301670	7154	4
210119_RL#220_15g	2227	Port Input	1	30301674	7158	4
210119_RL#220_15g	2227	Response	1	30301674	7158	4
210119_RL#220_15g	2227	Port Input	1	30303397	8881	4
210119_RL#220_15g	2227	Response	1	30303397	8881	4
210119_RL#220_15g	2228	Picture	777	30314817	0	7	20142	10	0	next	false_alarm	12061
210119_RL#220_15g	2228	Port Input	1	30318317	3500	5
210119_RL#220_15g	2228	Response	1	30318317	3500	5
210119_RL#220_15g	2228	Port Input	1	30319634	4817	4
210119_RL#220_15g	2228	Response	1	30319634	4817	4
210119_RL#220_15g	2228	Port Input	1	30319638	4821	4
210119_RL#220_15g	2228	Response	1	30319638	4821	4
210119_RL#220_15g	2228	Port Input	1	30321293	6476	4
210119_RL#220_15g	2228	Response	1	30321293	6476	4
210119_RL#220_15g	2228	Port Input	1	30321297	6480	4
210119_RL#220_15g	2228	Response	1	30321297	6480	4
210119_RL#220_15g	2228	Manual	2	30334835	20018	NA
210119_RL#220_15g	2229	Sound	2112	30336045	1085	1			0		other	0
210119_RL#220_15g	2229	Port Input	1	30337369	2409	4
210119_RL#220_15g	2229	Response	1	30337369	2409	4
210119_RL#220_15g	2229	Port Input	1	30338437	3477	4
210119_RL#220_15g	2229	Response	1	30338437	3477	4
210119_RL#220_15g	2229	Port Input	1	30338440	3481	4
210119_RL#220_15g	2229	Response	1	30338440	3481	4
210119_RL#220_15g	2229	Port Input	1	30339813	4853	4
210119_RL#220_15g	2229	Response	1	30339813	4853	4
210119_RL#220_15g	2229	Port Input	1	30339818	4859	4
210119_RL#220_15g	2229	Response	1	30339818	4859	4
210119_RL#220_15g	2230	Picture	55	30340119	0	4	5160	8	0	next	false_alarm	12084
210119_RL#220_15g	2230	Port Input	1	30343283	3164	4
210119_RL#220_15g	2230	Response	1	30343283	3164	4
210119_RL#220_15g	2231	Picture	10	30345278	0	4	1498	8	0	next	hit	12087
210119_RL#220_15g	2231	Port Input	1	30346542	1263	4
210119_RL#220_15g	2231	Response	1	30346542	1263	4
210119_RL#220_15g	2231	Port Input	1	30346545	1267	4
210119_RL#220_15g	2231	Response	1	30346545	1267	4
210119_RL#220_15g	2232	Picture	312	30346776	0	4	499	7	0	next	other	0
210119_RL#220_15g	2233	Picture	4442	30347276	0	4	80720	6	0	next	false_alarm	12093
210119_RL#220_15g	2233	Port Input	1	30348416	1141	4
210119_RL#220_15g	2233	Response	1	30348416	1141	4
210119_RL#220_15g	2233	Port Input	1	30348420	1145	4
210119_RL#220_15g	2233	Response	1	30348420	1145	4
210119_RL#220_15g	2233	Port Input	1	30352748	5473	4
210119_RL#220_15g	2233	Response	1	30352748	5473	4
210119_RL#220_15g	2233	Port Input	1	30352752	5476	4
210119_RL#220_15g	2233	Response	1	30352752	5476	4
210119_RL#220_15g	2233	Port Input	1	30354965	7689	4
210119_RL#220_15g	2233	Response	1	30354965	7689	4
210119_RL#220_15g	2233	Port Input	1	30367216	19941	4
210119_RL#220_15g	2233	Response	1	30367216	19941	4
210119_RL#220_15g	2233	Port Input	1	30368879	21603	4
210119_RL#220_15g	2233	Response	1	30368879	21603	4
210119_RL#220_15g	2233	Port Input	1	30377021	29746	4
210119_RL#220_15g	2233	Response	1	30377021	29746	4
210119_RL#220_15g	2233	Port Input	1	30379256	31980	3
210119_RL#220_15g	2233	Response	1	30379256	31980	3
210119_RL#220_15g	2233	Port Input	1	30397166	49891	4
210119_RL#220_15g	2233	Response	1	30397166	49891	4
210119_RL#220_15g	2233	Port Input	1	30400308	53032	4
210119_RL#220_15g	2233	Response	1	30400308	53032	4
210119_RL#220_15g	2233	Port Input	1	30400312	53036	4
210119_RL#220_15g	2233	Response	1	30400312	53036	4
210119_RL#220_15g	2233	Port Input	1	30402353	55077	4
210119_RL#220_15g	2233	Response	1	30402353	55077	4
210119_RL#220_15g	2233	Port Input	1	30402357	55081	4
210119_RL#220_15g	2233	Response	1	30402357	55081	4
210119_RL#220_15g	2233	Port Input	1	30410420	63144	4
210119_RL#220_15g	2233	Response	1	30410420	63144	4
210119_RL#220_15g	2233	Port Input	1	30424099	76823	5
210119_RL#220_15g	2233	Response	1	30424099	76823	5
210119_RL#220_15g	2233	Port Input	1	30426822	79546	4
210119_RL#220_15g	2233	Response	1	30426822	79546	4
210119_RL#220_15g	2234	Picture	666	30427996	0	3	20139	7	0	next	false_alarm	12128
210119_RL#220_15g	2234	Port Input	1	30428274	279	3
210119_RL#220_15g	2234	Response	1	30428274	279	3
210119_RL#220_15g	2234	Port Input	1	30428277	281	3
210119_RL#220_15g	2234	Response	1	30428277	281	3
210119_RL#220_15g	2234	Port Input	1	30433075	5079	4
210119_RL#220_15g	2234	Response	1	30433075	5079	4
210119_RL#220_15g	2234	Port Input	1	30446944	18948	4
210119_RL#220_15g	2234	Response	1	30446944	18948	4
210119_RL#220_15g	2235	Picture	777	30448134	0	4	20138	7	0	next	false_alarm	12137
210119_RL#220_15g	2235	Port Input	1	30461145	13011	4
210119_RL#220_15g	2235	Response	1	30461145	13011	4
210119_RL#220_15g	2235	Port Input	1	30461150	13016	4
210119_RL#220_15g	2235	Response	1	30461150	13016	4
210119_RL#220_15g	2235	Port Input	1	30462519	14385	4
210119_RL#220_15g	2235	Response	1	30462519	14385	4
210119_RL#220_15g	2235	Port Input	1	30466396	18262	4
210119_RL#220_15g	2235	Response	1	30466396	18262	4
210119_RL#220_15g	2235	Port Input	1	30466402	18268	4
210119_RL#220_15g	2235	Response	1	30466402	18268	4
210119_RL#220_15g	2235	Manual	1	30468147	20013	NA
210119_RL#220_15g	2236	Sound	2112	30470045	1772	1			0		other	0
210119_RL#220_15g	2236	Port Input	1	30470457	2185	5
210119_RL#220_15g	2236	Response	1	30470457	2185	5
210119_RL#220_15g	2236	Port Input	1	30470462	2189	4
210119_RL#220_15g	2236	Response	1	30470462	2189	4
210119_RL#220_15g	2237	Picture	55	30473433	0	4	5159	7	0	next	other	0
210119_RL#220_15g	2238	Picture	10	30478592	0	4	20306	4	0	next	miss	0
210119_RL#220_15g	2239	Picture	412	30498898	0	1	832	1	0	next	other	0
210119_RL#220_15g	2240	Picture	666	30499730	0	1	20305	1	0	next	other	0
210119_RL#220_15g	2241	Picture	777	30520035	0	1	20303	4	0	next	false_alarm	12158
210119_RL#220_15g	2241	Port Input	1	30533157	13122	4
210119_RL#220_15g	2241	Response	1	30533157	13122	4
210119_RL#220_15g	2241	Port Input	1	30534367	14331	5
210119_RL#220_15g	2241	Response	1	30534367	14331	5
210119_RL#220_15g	2241	Manual	1	30540053	20017	NA
210119_RL#220_15g	2242	Sound	2122	30542045	1706	1			0		other	0
210119_RL#220_15g	2242	Port Input	1	30543597	3258	5
210119_RL#220_15g	2242	Response	1	30543597	3258	5
210119_RL#220_15g	2243	Picture	55	30545498	0	3	5160	6	0	next	other	0
210119_RL#220_15g	2244	Picture	10	30550658	0	3	20138	7	0	next	miss	0
210119_RL#220_15g	2245	Picture	452	30570796	0	4	999	7	0	next	other	0
210119_RL#220_15g	2246	Picture	666	30571795	0	4	20139	7	0	next	false_alarm	12170
210119_RL#220_15g	2246	Port Input	1	30574352	2558	4
210119_RL#220_15g	2246	Response	1	30574352	2558	4
210119_RL#220_15g	2246	Port Input	1	30574357	2563	4
210119_RL#220_15g	2246	Response	1	30574357	2563	4
210119_RL#220_15g	2246	Port Input	1	30575634	3840	4
210119_RL#220_15g	2246	Response	1	30575634	3840	4
210119_RL#220_15g	2246	Port Input	1	30575638	3843	4
210119_RL#220_15g	2246	Response	1	30575638	3843	4
210119_RL#220_15g	2246	Port Input	1	30584458	12664	4
210119_RL#220_15g	2246	Response	1	30584458	12664	4
210119_RL#220_15g	2246	Port Input	1	30584462	12667	4
210119_RL#220_15g	2246	Response	1	30584462	12667	4
210119_RL#220_15g	2246	Port Input	1	30586442	14647	4
210119_RL#220_15g	2246	Response	1	30586442	14647	4
210119_RL#220_15g	2247	Picture	777	30591933	0	4	20306	4	0	next	false_alarm	12185
210119_RL#220_15g	2247	Port Input	1	30593072	1138	4
210119_RL#220_15g	2247	Response	1	30593072	1138	4
210119_RL#220_15g	2247	Port Input	1	30601475	9541	4
210119_RL#220_15g	2247	Response	1	30601475	9541	4
210119_RL#220_15g	2247	Manual	2	30611947	20014	NA
210119_RL#220_15g	2248	Sound	2122	30614045	1806	1			0		other	0
210119_RL#220_15g	2248	Port Input	1	30615787	3547	4
210119_RL#220_15g	2248	Response	1	30615787	3547	4
210119_RL#220_15g	2249	Picture	55	30617566	0	1	5326	1	0	next	other	0
210119_RL#220_15g	2250	Picture	10	30622891	0	1	14480	2	0	next	hit	12195
210119_RL#220_15g	2250	Port Input	1	30637143	14252	4
210119_RL#220_15g	2250	Response	1	30637143	14252	4
210119_RL#220_15g	2251	Picture	352	30637371	0	1	499	2	0	next	other	0
210119_RL#220_15g	2252	Picture	12	30637870	0	1	20304	4	0	next	false_alarm	12199
210119_RL#220_15g	2252	Port Input	1	30649532	11662	4
210119_RL#220_15g	2252	Response	1	30649532	11662	4
210119_RL#220_15g	2252	Port Input	1	30650490	12620	4
210119_RL#220_15g	2252	Response	1	30650490	12620	4
210119_RL#220_15g	2252	Port Input	1	30651519	13649	4
210119_RL#220_15g	2252	Response	1	30651519	13649	4
210119_RL#220_15g	2252	Port Input	1	30652577	14707	4
210119_RL#220_15g	2252	Response	1	30652577	14707	4
210119_RL#220_15g	2252	Port Input	1	30653710	15840	4
210119_RL#220_15g	2252	Response	1	30653710	15840	4
210119_RL#220_15g	2252	Port Input	1	30653713	15843	4
210119_RL#220_15g	2252	Response	1	30653713	15843	4
210119_RL#220_15g	2252	Port Input	1	30654896	17026	4
210119_RL#220_15g	2252	Response	1	30654896	17026	4
210119_RL#220_15g	2252	Port Input	1	30656234	18364	4
210119_RL#220_15g	2252	Response	1	30656234	18364	4
210119_RL#220_15g	2252	Port Input	1	30657653	19783	4
210119_RL#220_15g	2252	Response	1	30657653	19783	4
210119_RL#220_15g	2252	Port Input	1	30657658	19787	4
210119_RL#220_15g	2252	Response	1	30657658	19787	4
210119_RL#220_15g	2253	Picture	3521	30658174	0	3	666	5	0	next	other	0
210119_RL#220_15g	2254	Picture	666	30658840	0	3	20305	5	0	next	false_alarm	12221
210119_RL#220_15g	2254	Port Input	1	30659171	331	3
210119_RL#220_15g	2254	Response	1	30659171	331	3
210119_RL#220_15g	2254	Port Input	1	30659175	335	4
210119_RL#220_15g	2254	Response	1	30659175	335	4
210119_RL#220_15g	2254	Port Input	1	30660754	1914	4
210119_RL#220_15g	2254	Response	1	30660754	1914	4
210119_RL#220_15g	2254	Port Input	1	30660758	1918	4
210119_RL#220_15g	2254	Response	1	30660758	1918	4
210119_RL#220_15g	2254	Port Input	1	30662335	3495	4
210119_RL#220_15g	2254	Response	1	30662335	3495	4
210119_RL#220_15g	2254	Port Input	1	30662338	3498	4
210119_RL#220_15g	2254	Response	1	30662338	3498	4
210119_RL#220_15g	2254	Port Input	1	30664315	5475	4
210119_RL#220_15g	2254	Response	1	30664315	5475	4
210119_RL#220_15g	2254	Port Input	1	30664319	5479	4
210119_RL#220_15g	2254	Response	1	30664319	5479	4
210119_RL#220_15g	2254	Port Input	1	30671967	13127	4
210119_RL#220_15g	2254	Response	1	30671967	13127	4
210119_RL#220_15g	2254	Port Input	1	30673377	14537	5
210119_RL#220_15g	2254	Response	1	30673377	14537	5
210119_RL#220_15g	2255	Picture	777	30679145	0	3	20139	6	0	next	false_alarm	12242
210119_RL#220_15g	2255	Port Input	1	30684585	5441	4
210119_RL#220_15g	2255	Response	1	30684585	5441	4
210119_RL#220_15g	2255	Port Input	1	30696194	17049	4
210119_RL#220_15g	2255	Response	1	30696194	17049	4
210119_RL#220_15g	2255	Port Input	1	30697578	18433	4
210119_RL#220_15g	2255	Response	1	30697578	18433	4
210119_RL#220_15g	2255	Port Input	1	30697582	18437	4
210119_RL#220_15g	2255	Response	1	30697582	18437	4
210119_RL#220_15g	2255	Manual	2	30699157	20013	NA
210119_RL#220_15g	2256	Port Input	1	30700584	1301	4
210119_RL#220_15g	2256	Response	1	30700584	1301	4
210119_RL#220_15g	2256	Port Input	1	30700588	1305	4
210119_RL#220_15g	2256	Response	1	30700588	1305	4
210119_RL#220_15g	2256	Sound	2112	30701045	1762	1			0		other	0
210119_RL#220_15g	2256	Port Input	1	30703624	4340	4
210119_RL#220_15g	2256	Response	1	30703624	4340	4
210119_RL#220_15g	2257	Picture	55	30704443	0	4	5159	7	0	next	false_alarm	12259
210119_RL#220_15g	2257	Port Input	1	30705470	1027	4
210119_RL#220_15g	2257	Response	1	30705470	1027	4
210119_RL#220_15g	2257	Port Input	1	30705473	1031	4
210119_RL#220_15g	2257	Response	1	30705473	1031	4
210119_RL#220_15g	2258	Picture	10	30709602	0	4	20303	8	0	next	miss	0
210119_RL#220_15g	2259	Picture	412	30729905	0	5	670	5	0	next	other	0
210119_RL#220_15g	2260	Picture	666	30730574	0	1	20305	1	0	next	false_alarm	12266
210119_RL#220_15g	2260	Port Input	1	30744844	14270	3
210119_RL#220_15g	2260	Response	1	30744844	14270	3
210119_RL#220_15g	2260	Port Input	1	30744848	14274	4
210119_RL#220_15g	2260	Response	1	30744848	14274	4
210119_RL#220_15g	2260	Port Input	1	30745928	15354	4
210119_RL#220_15g	2260	Response	1	30745928	15354	4
210119_RL#220_15g	2260	Port Input	1	30745932	15357	3
210119_RL#220_15g	2260	Response	1	30745932	15357	3
210119_RL#220_15g	2261	Picture	777	30750879	0	1	20304	3	0	next	false_alarm	12275
210119_RL#220_15g	2261	Port Input	1	30751977	1098	4
210119_RL#220_15g	2261	Response	1	30751977	1098	4
210119_RL#220_15g	2261	Port Input	1	30754632	3753	4
210119_RL#220_15g	2261	Response	1	30754632	3753	4
210119_RL#220_15g	2261	Port Input	1	30760710	9832	4
210119_RL#220_15g	2261	Response	1	30760710	9832	4
210119_RL#220_15g	2261	Port Input	1	30762123	11245	4
210119_RL#220_15g	2261	Response	1	30762123	11245	4
210119_RL#220_15g	2261	Manual	2	30770894	20015	NA
210119_RL#220_15g	2262	Sound	2112	30773045	1863	1			0		other	0
210119_RL#220_15g	2262	Port Input	1	30775889	4706	4
210119_RL#220_15g	2262	Response	1	30775889	4706	4
210119_RL#220_15g	2262	Port Input	1	30775892	4710	4
210119_RL#220_15g	2262	Response	1	30775892	4710	4
210119_RL#220_15g	2263	Picture	55	30776508	0	3	5160	5	0	next	other	0
210119_RL#220_15g	2264	Picture	10	30781668	0	3	499	5	0	next	hit	12291
210119_RL#220_15g	2264	Port Input	1	30781952	284	4
210119_RL#220_15g	2264	Response	1	30781952	284	4
210119_RL#220_15g	2264	Port Input	1	30781956	288	4
210119_RL#220_15g	2264	Response	1	30781956	288	4
210119_RL#220_15g	2265	Picture	312	30782167	0	3	500	5	0	next	other	0
210119_RL#220_15g	2266	Picture	4442	30782667	0	3	80888	3	0	next	false_alarm	12297
210119_RL#220_15g	2266	Port Input	1	30786012	3345	4
210119_RL#220_15g	2266	Response	1	30786012	3345	4
210119_RL#220_15g	2266	Port Input	1	30786015	3349	4
210119_RL#220_15g	2266	Response	1	30786015	3349	4
210119_RL#220_15g	2266	Port Input	1	30789897	7231	4
210119_RL#220_15g	2266	Response	1	30789897	7231	4
210119_RL#220_15g	2266	Port Input	1	30832304	49638	4
210119_RL#220_15g	2266	Response	1	30832304	49638	4
210119_RL#220_15g	2266	Port Input	1	30832309	49643	5
210119_RL#220_15g	2266	Response	1	30832309	49643	5
210119_RL#220_15g	2266	Port Input	1	30833823	51157	4
210119_RL#220_15g	2266	Response	1	30833823	51157	4
210119_RL#220_15g	2266	Port Input	1	30833827	51161	5
210119_RL#220_15g	2266	Response	1	30833827	51161	5
210119_RL#220_15g	2266	Port Input	1	30842287	59620	4
210119_RL#220_15g	2266	Response	1	30842287	59620	4
210119_RL#220_15g	2266	Port Input	1	30842290	59624	4
210119_RL#220_15g	2266	Response	1	30842290	59624	4
210119_RL#220_15g	2267	Picture	666	30863555	0	1	20304	3	0	next	false_alarm	12316
210119_RL#220_15g	2267	Port Input	1	30864034	480	3
210119_RL#220_15g	2267	Response	1	30864034	480	3
210119_RL#220_15g	2267	Port Input	1	30864037	482	3
210119_RL#220_15g	2267	Response	1	30864037	482	3
210119_RL#220_15g	2267	Port Input	1	30868718	5163	4
210119_RL#220_15g	2267	Response	1	30868718	5163	4
210119_RL#220_15g	2267	Port Input	1	30868722	5167	4
210119_RL#220_15g	2267	Response	1	30868722	5167	4
210119_RL#220_15g	2268	Picture	777	30883858	0	2	20304	5	0	next	false_alarm	12325
210119_RL#220_15g	2268	Port Input	1	30886152	2294	4
210119_RL#220_15g	2268	Response	1	30886152	2294	4
210119_RL#220_15g	2268	Port Input	1	30886156	2297	4
210119_RL#220_15g	2268	Response	1	30886156	2297	4
210119_RL#220_15g	2268	Port Input	1	30888569	4710	4
210119_RL#220_15g	2268	Response	1	30888569	4710	4
210119_RL#220_15g	2268	Port Input	1	30888574	4716	4
210119_RL#220_15g	2268	Response	1	30888574	4716	4
210119_RL#220_15g	2268	Manual	1	30903875	20017	NA
210119_RL#220_15g	2269	Sound	2122	30906045	1883	1			0		other	0
210119_RL#220_15g	2269	Port Input	1	30907725	3562	4
210119_RL#220_15g	2269	Response	1	30907725	3562	4
210119_RL#220_15g	2270	Picture	55	30909321	0	4	5161	7	0	next	other	0
210119_RL#220_15g	2271	Picture	10	30914482	0	3	16643	6	0	next	hit	12339
210119_RL#220_15g	2271	Port Input	1	30930842	16360	4
210119_RL#220_15g	2271	Response	1	30930842	16360	4
210119_RL#220_15g	2272	Picture	352	30931125	0	4	499	7	0	next	other	0
210119_RL#220_15g	2273	Picture	12	30931624	0	4	20139	7	0	next	false_alarm	12343
210119_RL#220_15g	2273	Port Input	1	30933657	2033	4
210119_RL#220_15g	2273	Response	1	30933657	2033	4
210119_RL#220_15g	2273	Port Input	1	30934152	2528	5
210119_RL#220_15g	2273	Response	1	30934152	2528	5
210119_RL#220_15g	2273	Port Input	1	30935164	3540	4
210119_RL#220_15g	2273	Response	1	30935164	3540	4
210119_RL#220_15g	2273	Port Input	1	30936210	4585	4
210119_RL#220_15g	2273	Response	1	30936210	4585	4
210119_RL#220_15g	2273	Port Input	1	30936217	4593	4
210119_RL#220_15g	2273	Response	1	30936217	4593	4
210119_RL#220_15g	2273	Port Input	1	30937292	5667	3
210119_RL#220_15g	2273	Response	1	30937292	5667	3
210119_RL#220_15g	2273	Port Input	1	30938470	6846	5
210119_RL#220_15g	2273	Response	1	30938470	6846	5
210119_RL#220_15g	2273	Port Input	1	30939689	8065	4
210119_RL#220_15g	2273	Response	1	30939689	8065	4
210119_RL#220_15g	2273	Port Input	1	30941083	9459	4
210119_RL#220_15g	2273	Response	1	30941083	9459	4
210119_RL#220_15g	2273	Port Input	1	30941087	9463	4
210119_RL#220_15g	2273	Response	1	30941087	9463	4
210119_RL#220_15g	2273	Port Input	1	30942412	10788	4
210119_RL#220_15g	2273	Response	1	30942412	10788	4
210119_RL#220_15g	2273	Port Input	1	30943772	12148	4
210119_RL#220_15g	2273	Response	1	30943772	12148	4
210119_RL#220_15g	2273	Port Input	1	30945387	13763	4
210119_RL#220_15g	2273	Response	1	30945387	13763	4
210119_RL#220_15g	2273	Port Input	1	30946918	15294	4
210119_RL#220_15g	2273	Response	1	30946918	15294	4
210119_RL#220_15g	2274	Picture	3521	30951763	0	4	666	7	0	next	other	0
210119_RL#220_15g	2275	Picture	666	30952428	0	4	20306	5	0	next	false_alarm	12373
210119_RL#220_15g	2275	Port Input	1	30957647	5218	4
210119_RL#220_15g	2275	Response	1	30957647	5218	4
210119_RL#220_15g	2275	Port Input	1	30957650	5222	4
210119_RL#220_15g	2275	Response	1	30957650	5222	4
210119_RL#220_15g	2275	Port Input	1	30958647	6219	4
210119_RL#220_15g	2275	Response	1	30958647	6219	4
210119_RL#220_15g	2275	Port Input	1	30958656	6228	4
210119_RL#220_15g	2275	Response	1	30958656	6228	4
210119_RL#220_15g	2275	Port Input	1	30958665	6237	4
210119_RL#220_15g	2275	Response	1	30958665	6237	4
210119_RL#220_15g	2275	Port Input	1	30958673	6244	4
210119_RL#220_15g	2275	Response	1	30958673	6244	4
210119_RL#220_15g	2275	Port Input	1	30958680	6251	4
210119_RL#220_15g	2275	Response	1	30958680	6251	4
210119_RL#220_15g	2275	Port Input	1	30958684	6255	4
210119_RL#220_15g	2275	Response	1	30958684	6255	4
210119_RL#220_15g	2275	Port Input	1	30958813	6384	4
210119_RL#220_15g	2275	Response	1	30958813	6384	4
210119_RL#220_15g	2275	Port Input	1	30960606	8177	4
210119_RL#220_15g	2275	Response	1	30960606	8177	4
210119_RL#220_15g	2275	Port Input	1	30970649	18220	4
210119_RL#220_15g	2275	Response	1	30970649	18220	4
210119_RL#220_15g	2275	Port Input	1	30972266	19838	4
210119_RL#220_15g	2275	Response	1	30972266	19838	4
210119_RL#220_15g	2276	Picture	777	30972735	0	1	20305	2	0	next	false_alarm	12398
210119_RL#220_15g	2276	Port Input	1	30988737	16003	5
210119_RL#220_15g	2276	Response	1	30988737	16003	5
210119_RL#220_15g	2276	Manual	1	30992749	20014	NA
210119_RL#220_15g	2276	Port Input	1	30992894	20159	5
210119_RL#220_15g	2276	Response	1	30992894	20159	5
210119_RL#220_15g	2277	Sound	2122	30994046	1006	1			0		other	0
210119_RL#220_15g	2277	Port Input	1	30994468	1428	4
210119_RL#220_15g	2277	Response	1	30994468	1428	4
210119_RL#220_15g	2278	Picture	55	30998364	0	3	5326	5	0	next	other	0
210119_RL#220_15g	2279	Picture	10	31003690	0	3	14646	6	0	next	hit	12408
210119_RL#220_15g	2279	Port Input	1	31018162	14472	4
210119_RL#220_15g	2279	Response	1	31018162	14472	4
210119_RL#220_15g	2280	Picture	352	31018336	0	3	500	5	0	next	other	0
210119_RL#220_15g	2281	Picture	12	31018836	0	2	20138	5	0	next	false_alarm	12412
210119_RL#220_15g	2281	Port Input	1	31020078	1242	4
210119_RL#220_15g	2281	Response	1	31020078	1242	4
210119_RL#220_15g	2281	Port Input	1	31020082	1246	3
210119_RL#220_15g	2281	Response	1	31020082	1246	3
210119_RL#220_15g	2281	Port Input	1	31021021	2185	4
210119_RL#220_15g	2281	Response	1	31021021	2185	4
210119_RL#220_15g	2281	Port Input	1	31021993	3157	4
210119_RL#220_15g	2281	Response	1	31021993	3157	4
210119_RL#220_15g	2281	Port Input	1	31023093	4257	4
210119_RL#220_15g	2281	Response	1	31023093	4257	4
210119_RL#220_15g	2281	Port Input	1	31024240	5404	4
210119_RL#220_15g	2281	Response	1	31024240	5404	4
210119_RL#220_15g	2281	Port Input	1	31025464	6628	4
210119_RL#220_15g	2281	Response	1	31025464	6628	4
210119_RL#220_15g	2281	Port Input	1	31026763	7927	4
210119_RL#220_15g	2281	Response	1	31026763	7927	4
210119_RL#220_15g	2281	Port Input	1	31026767	7930	4
210119_RL#220_15g	2281	Response	1	31026767	7930	4
210119_RL#220_15g	2281	Port Input	1	31028226	9390	4
210119_RL#220_15g	2281	Response	1	31028226	9390	4
210119_RL#220_15g	2281	Port Input	1	31028231	9395	4
210119_RL#220_15g	2281	Response	1	31028231	9395	4
210119_RL#220_15g	2281	Port Input	1	31028235	9398	4
210119_RL#220_15g	2281	Response	1	31028235	9398	4
210119_RL#220_15g	2281	Port Input	1	31029921	11085	4
210119_RL#220_15g	2281	Response	1	31029921	11085	4
210119_RL#220_15g	2281	Port Input	1	31031459	12623	4
210119_RL#220_15g	2281	Response	1	31031459	12623	4
210119_RL#220_15g	2281	Port Input	1	31031463	12626	4
210119_RL#220_15g	2281	Response	1	31031463	12626	4
210119_RL#220_15g	2281	Port Input	1	31033225	14389	5
210119_RL#220_15g	2281	Response	1	31033225	14389	5
210119_RL#220_15g	2282	Picture	3521	31038974	0	3	666	6	0	next	other	0
210119_RL#220_15g	2283	Picture	666	31039640	0	3	20139	6	0	next	false_alarm	12446
210119_RL#220_15g	2283	Port Input	1	31051205	11566	4
210119_RL#220_15g	2283	Response	1	31051205	11566	4
210119_RL#220_15g	2283	Port Input	1	31051209	11569	4
210119_RL#220_15g	2283	Response	1	31051209	11569	4
210119_RL#220_15g	2283	Port Input	1	31052557	12917	4
210119_RL#220_15g	2283	Response	1	31052557	12917	4
210119_RL#220_15g	2283	Port Input	1	31054107	14467	5
210119_RL#220_15g	2283	Response	1	31054107	14467	5
210119_RL#220_15g	2284	Picture	777	31059779	0	3	20306	4	0	next	false_alarm	12455
210119_RL#220_15g	2284	Port Input	1	31068128	8349	4
210119_RL#220_15g	2284	Response	1	31068128	8349	4
210119_RL#220_15g	2284	Port Input	1	31071386	11608	3
210119_RL#220_15g	2284	Response	1	31071386	11608	3
210119_RL#220_15g	2284	Manual	2	31079793	20014	NA
210119_RL#220_15g	2285	Port Input	1	31081208	1123	4
210119_RL#220_15g	2285	Response	1	31081208	1123	4
210119_RL#220_15g	2285	Port Input	1	31081212	1127	3
210119_RL#220_15g	2285	Response	1	31081212	1127	3
210119_RL#220_15g	2285	Sound	2112	31082046	1961	1			0		other	0
210119_RL#220_15g	2285	Port Input	1	31083733	3648	4
210119_RL#220_15g	2285	Response	1	31083733	3648	4
210119_RL#220_15g	2286	Picture	55	31085411	0	1	5326	2	0	next	other	0
210119_RL#220_15g	2287	Picture	10	31090736	0	1	1664	2	0	next	hit	12469
210119_RL#220_15g	2287	Port Input	1	31092092	1356	4
210119_RL#220_15g	2287	Response	1	31092092	1356	4
210119_RL#220_15g	2287	Port Input	1	31092096	1360	4
210119_RL#220_15g	2287	Response	1	31092096	1360	4
210119_RL#220_15g	2288	Picture	312	31092401	0	1	666	1	0	next	other	0
210119_RL#220_15g	2289	Picture	4442	31093066	0	1	80552	4	0	next	false_alarm	12475
210119_RL#220_15g	2289	Port Input	1	31093586	519	3
210119_RL#220_15g	2289	Response	1	31093586	519	3
210119_RL#220_15g	2289	Port Input	1	31093589	522	4
210119_RL#220_15g	2289	Response	1	31093589	522	4
210119_RL#220_15g	2289	Port Input	1	31098312	5245	4
210119_RL#220_15g	2289	Response	1	31098312	5245	4
210119_RL#220_15g	2289	Port Input	1	31099086	6019	4
210119_RL#220_15g	2289	Response	1	31099086	6019	4
210119_RL#220_15g	2289	Port Input	1	31101104	8038	4
210119_RL#220_15g	2289	Response	1	31101104	8038	4
210119_RL#220_15g	2289	Port Input	1	31101108	8042	5
210119_RL#220_15g	2289	Response	1	31101108	8042	5
210119_RL#220_15g	2289	Port Input	1	31104726	11660	4
210119_RL#220_15g	2289	Response	1	31104726	11660	4
210119_RL#220_15g	2289	Port Input	1	31113634	20568	4
210119_RL#220_15g	2289	Response	1	31113634	20568	4
210119_RL#220_15g	2289	Port Input	1	31113639	20573	4
210119_RL#220_15g	2289	Response	1	31113639	20573	4
210119_RL#220_15g	2289	Port Input	1	31150229	57163	6
210119_RL#220_15g	2289	Response	1	31150229	57163	6
210119_RL#220_15g	2289	Port Input	1	31150235	57168	4
210119_RL#220_15g	2289	Response	1	31150235	57168	4
210119_RL#220_15g	2289	Port Input	1	31152405	59338	4
210119_RL#220_15g	2289	Response	1	31152405	59338	4
210119_RL#220_15g	2289	Port Input	1	31152409	59342	4
210119_RL#220_15g	2289	Response	1	31152409	59342	4
210119_RL#220_15g	2289	Port Input	1	31153969	60903	4
210119_RL#220_15g	2289	Response	1	31153969	60903	4
210119_RL#220_15g	2289	Port Input	1	31157543	64476	5
210119_RL#220_15g	2289	Response	1	31157543	64476	5
210119_RL#220_15g	2289	Port Input	1	31161947	68881	4
210119_RL#220_15g	2289	Response	1	31161947	68881	4
210119_RL#220_15g	2289	Port Input	1	31161953	68886	4
210119_RL#220_15g	2289	Response	1	31161953	68886	4
210119_RL#220_15g	2289	Port Input	1	31167371	74305	4
210119_RL#220_15g	2289	Response	1	31167371	74305	4
210119_RL#220_15g	2289	Port Input	1	31167377	74310	4
210119_RL#220_15g	2289	Response	1	31167377	74310	4
210119_RL#220_15g	2290	Picture	666	31173619	0	4	20307	4	0	next	other	0
210119_RL#220_15g	2291	Picture	777	31193925	0	1	20305	2	0	next	false_alarm	12515
210119_RL#220_15g	2291	Port Input	1	31201855	7930	4
210119_RL#220_15g	2291	Response	1	31201855	7930	4
210119_RL#220_15g	2291	Port Input	1	31201859	7933	4
210119_RL#220_15g	2291	Response	1	31201859	7933	4
210119_RL#220_15g	2291	Port Input	1	31205006	11080	4
210119_RL#220_15g	2291	Response	1	31205006	11080	4
210119_RL#220_15g	2291	Port Input	1	31205011	11086	4
210119_RL#220_15g	2291	Response	1	31205011	11086	4
210119_RL#220_15g	2291	Manual	1	31213940	20015	NA
210119_RL#220_15g	2292	Sound	2112	31216046	1816	1			0		other	0
210119_RL#220_15g	2292	Port Input	1	31218506	4276	4
210119_RL#220_15g	2292	Response	1	31218506	4276	4
210119_RL#220_15g	2293	Picture	55	31219556	0	1	5326	1	0	next	false_alarm	12528
210119_RL#220_15g	2293	Port Input	1	31223427	3871	4
210119_RL#220_15g	2293	Response	1	31223427	3871	4
210119_RL#220_15g	2294	Picture	10	31224882	0	1	7156	2	0	next	hit	12531
210119_RL#220_15g	2294	Port Input	1	31231814	6932	4
210119_RL#220_15g	2294	Response	1	31231814	6932	4
210119_RL#220_15g	2295	Picture	312	31232038	0	2	666	2	0	next	other	0
210119_RL#220_15g	2296	Picture	4442	31232705	0	1	80885	3	0	next	false_alarm	12535
210119_RL#220_15g	2296	Port Input	1	31233497	793	4
210119_RL#220_15g	2296	Response	1	31233497	793	4
210119_RL#220_15g	2296	Port Input	1	31234355	1650	4
210119_RL#220_15g	2296	Response	1	31234355	1650	4
210119_RL#220_15g	2296	Port Input	1	31245294	12589	4
210119_RL#220_15g	2296	Response	1	31245294	12589	4
210119_RL#220_15g	2296	Port Input	1	31248138	15433	4
210119_RL#220_15g	2296	Response	1	31248138	15433	4
210119_RL#220_15g	2296	Port Input	1	31255185	22480	4
210119_RL#220_15g	2296	Response	1	31255185	22480	4
210119_RL#220_15g	2296	Port Input	1	31255188	22483	4
210119_RL#220_15g	2296	Response	1	31255188	22483	4
210119_RL#220_15g	2296	Port Input	1	31258860	26155	4
210119_RL#220_15g	2296	Response	1	31258860	26155	4
210119_RL#220_15g	2296	Port Input	1	31258863	26159	4
210119_RL#220_15g	2296	Response	1	31258863	26159	4
210119_RL#220_15g	2296	Port Input	1	31272982	40278	4
210119_RL#220_15g	2296	Response	1	31272982	40278	4
210119_RL#220_15g	2296	Port Input	1	31303606	70901	4
210119_RL#220_15g	2296	Response	1	31303606	70901	4
210119_RL#220_15g	2296	Port Input	1	31306611	73907	4
210119_RL#220_15g	2296	Response	1	31306611	73907	4
210119_RL#220_15g	2296	Port Input	1	31306615	73910	4
210119_RL#220_15g	2296	Response	1	31306615	73910	4
210119_RL#220_15g	2297	Picture	666	31313589	0	3	20307	4	0	next	false_alarm	12560
210119_RL#220_15g	2297	Port Input	1	31318467	4878	4
210119_RL#220_15g	2297	Response	1	31318467	4878	4
210119_RL#220_15g	2297	Port Input	1	31320538	6949	4
210119_RL#220_15g	2297	Response	1	31320538	6949	4
210119_RL#220_15g	2298	Picture	777	31333896	0	1	20305	2	0	next	other	0
210119_RL#220_15g	2298	Manual	1	31353916	20020	NA
210119_RL#220_15g	2299	Sound	2122	31356046	1845	1			0		other	0
210119_RL#220_15g	2299	Port Input	1	31356688	2487	5
210119_RL#220_15g	2299	Response	1	31356688	2487	5
210119_RL#220_15g	2300	Picture	55	31359526	0	3	5326	5	0	next	false_alarm	12570
210119_RL#220_15g	2300	Port Input	1	31361033	1507	4
210119_RL#220_15g	2300	Response	1	31361033	1507	4
210119_RL#220_15g	2300	Port Input	1	31361036	1510	4
210119_RL#220_15g	2300	Response	1	31361036	1510	4
210119_RL#220_15g	2300	Port Input	1	31361040	1514	4
210119_RL#220_15g	2300	Response	1	31361040	1514	4
210119_RL#220_15g	2301	Picture	10	31364851	0	3	8155	5	0	next	hit	12577
210119_RL#220_15g	2301	Port Input	1	31372703	7851	5
210119_RL#220_15g	2301	Response	1	31372703	7851	5
210119_RL#220_15g	2302	Picture	352	31373007	0	3	499	5	0	next	other	0
210119_RL#220_15g	2303	Picture	12	31373506	0	3	20139	6	0	next	false_alarm	12581
210119_RL#220_15g	2303	Port Input	1	31374924	1418	4
210119_RL#220_15g	2303	Response	1	31374924	1418	4
210119_RL#220_15g	2303	Port Input	1	31374927	1421	4
210119_RL#220_15g	2303	Response	1	31374927	1421	4
210119_RL#220_15g	2303	Port Input	1	31375973	2467	4
210119_RL#220_15g	2303	Response	1	31375973	2467	4
210119_RL#220_15g	2303	Port Input	1	31375976	2470	4
210119_RL#220_15g	2303	Response	1	31375976	2470	4
210119_RL#220_15g	2303	Port Input	1	31377089	3583	4
210119_RL#220_15g	2303	Response	1	31377089	3583	4
210119_RL#220_15g	2303	Port Input	1	31377095	3589	4
210119_RL#220_15g	2303	Response	1	31377095	3589	4
210119_RL#220_15g	2303	Port Input	1	31378233	4727	4
210119_RL#220_15g	2303	Response	1	31378233	4727	4
210119_RL#220_15g	2303	Port Input	1	31379519	6013	4
210119_RL#220_15g	2303	Response	1	31379519	6013	4
210119_RL#220_15g	2303	Port Input	1	31380762	7255	4
210119_RL#220_15g	2303	Response	1	31380762	7255	4
210119_RL#220_15g	2303	Port Input	1	31380765	7259	4
210119_RL#220_15g	2303	Response	1	31380765	7259	4
210119_RL#220_15g	2303	Port Input	1	31382140	8634	4
210119_RL#220_15g	2303	Response	1	31382140	8634	4
210119_RL#220_15g	2303	Port Input	1	31383650	10144	4
210119_RL#220_15g	2303	Response	1	31383650	10144	4
210119_RL#220_15g	2303	Port Input	1	31385099	11593	4
210119_RL#220_15g	2303	Response	1	31385099	11593	4
210119_RL#220_15g	2303	Port Input	1	31386713	13207	4
210119_RL#220_15g	2303	Response	1	31386713	13207	4
210119_RL#220_15g	2303	Port Input	1	31388584	15078	4
210119_RL#220_15g	2303	Response	1	31388584	15078	4
210119_RL#220_15g	2304	Picture	3521	31393645	0	3	832	6	0	next	other	0
210119_RL#220_15g	2305	Picture	666	31394476	0	3	20140	5	0	next	false_alarm	12613
210119_RL#220_15g	2305	Port Input	1	31411883	17406	4
210119_RL#220_15g	2305	Response	1	31411883	17406	4
210119_RL#220_15g	2305	Port Input	1	31413702	19226	4
210119_RL#220_15g	2305	Response	1	31413702	19226	4
210119_RL#220_15g	2305	Port Input	1	31413706	19229	4
210119_RL#220_15g	2305	Response	1	31413706	19229	4
210119_RL#220_15g	2306	Picture	777	31414616	0	2	20305	3	0	next	false_alarm	12620
210119_RL#220_15g	2306	Port Input	1	31426972	12356	4
210119_RL#220_15g	2306	Response	1	31426972	12356	4
210119_RL#220_15g	2306	Port Input	1	31426976	12360	4
210119_RL#220_15g	2306	Response	1	31426976	12360	4
210119_RL#220_15g	2306	Port Input	1	31426979	12363	4
210119_RL#220_15g	2306	Response	1	31426979	12363	4
210119_RL#220_15g	2306	Port Input	1	31430026	15410	4
210119_RL#220_15g	2306	Response	1	31430026	15410	4
210119_RL#220_15g	2306	Port Input	1	31432386	17770	4
210119_RL#220_15g	2306	Response	1	31432386	17770	4
210119_RL#220_15g	2306	Manual	1	31434631	20014	NA
210119_RL#220_15g	2307	Port Input	1	31435980	1059	4
210119_RL#220_15g	2307	Response	1	31435980	1059	4
210119_RL#220_15g	2307	Sound	2112	31436046	1125	1			0		other	0
210119_RL#220_15g	2307	Port Input	1	31438000	3078	4
210119_RL#220_15g	2307	Response	1	31438000	3078	4
210119_RL#220_15g	2307	Port Input	1	31438003	3082	3
210119_RL#220_15g	2307	Response	1	31438003	3082	3
210119_RL#220_15g	2308	Picture	55	31440247	0	1	5326	2	0	next	other	0
210119_RL#220_15g	2309	Picture	10	31445573	0	1	11484	2	0	next	hit	12640
210119_RL#220_15g	2309	Port Input	1	31456800	11227	5
210119_RL#220_15g	2309	Response	1	31456800	11227	5
210119_RL#220_15g	2310	Picture	312	31457057	0	1	666	1	0	next	other	0
210119_RL#220_15g	2311	Picture	4442	31457723	0	1	80552	4	0	next	false_alarm	12644
210119_RL#220_15g	2311	Port Input	1	31487734	30011	4
210119_RL#220_15g	2311	Response	1	31487734	30011	4
210119_RL#220_15g	2311	Port Input	1	31489182	31460	4
210119_RL#220_15g	2311	Response	1	31489182	31460	4
210119_RL#220_15g	2311	Port Input	1	31492007	34284	4
210119_RL#220_15g	2311	Response	1	31492007	34284	4
210119_RL#220_15g	2311	Port Input	1	31500139	42416	4
210119_RL#220_15g	2311	Response	1	31500139	42416	4
210119_RL#220_15g	2311	Port Input	1	31500143	42420	4
210119_RL#220_15g	2311	Response	1	31500143	42420	4
210119_RL#220_15g	2311	Port Input	1	31534026	76303	4
210119_RL#220_15g	2311	Response	1	31534026	76303	4
210119_RL#220_15g	2311	Port Input	1	31534030	76307	4
210119_RL#220_15g	2311	Response	1	31534030	76307	4
210119_RL#220_15g	2311	Port Input	1	31535518	77795	4
210119_RL#220_15g	2311	Response	1	31535518	77795	4
210119_RL#220_15g	2311	Port Input	1	31535521	77798	4
210119_RL#220_15g	2311	Response	1	31535521	77798	4
210119_RL#220_15g	2311	Port Input	1	31538198	80475	4
210119_RL#220_15g	2311	Response	1	31538198	80475	4
210119_RL#220_15g	2312	Picture	666	31538275	0	4	20307	4	0	next	false_alarm	12665
210119_RL#220_15g	2312	Port Input	1	31541259	2984	4
210119_RL#220_15g	2312	Response	1	31541259	2984	4
210119_RL#220_15g	2312	Port Input	1	31541265	2990	3
210119_RL#220_15g	2312	Response	1	31541265	2990	3
210119_RL#220_15g	2312	Port Input	1	31546760	8485	5
210119_RL#220_15g	2312	Response	1	31546760	8485	5
210119_RL#220_15g	2313	Picture	777	31558582	0	1	20305	1	0	next	false_alarm	12672
210119_RL#220_15g	2313	Port Input	1	31573443	14861	4
210119_RL#220_15g	2313	Response	1	31573443	14861	4
210119_RL#220_15g	2313	Port Input	1	31575159	16577	4
210119_RL#220_15g	2313	Response	1	31575159	16577	4
210119_RL#220_15g	2313	Port Input	1	31575164	16583	4
210119_RL#220_15g	2313	Response	1	31575164	16583	4
210119_RL#220_15g	2313	Manual	1	31578596	20014	NA
210119_RL#220_15g	2314	Sound	2122	31581046	2160	1			0		other	0
210119_RL#220_15g	2314	Port Input	1	31582829	3943	4
210119_RL#220_15g	2314	Response	1	31582829	3943	4
210119_RL#220_15g	2315	Picture	55	31584213	0	1	5326	2	0	next	false_alarm	12683
210119_RL#220_15g	2315	Port Input	1	31586280	2068	4
210119_RL#220_15g	2315	Response	1	31586280	2068	4
210119_RL#220_15g	2315	Port Input	1	31586284	2071	4
210119_RL#220_15g	2315	Response	1	31586284	2071	4
210119_RL#220_15g	2316	Picture	10	31589538	0	1	5159	3	0	next	hit	12688
210119_RL#220_15g	2316	Port Input	1	31594384	4846	3
210119_RL#220_15g	2316	Response	1	31594384	4846	3
210119_RL#220_15g	2316	Port Input	1	31594388	4850	13
210119_RL#220_15g	2316	Response	1	31594388	4850	13
210119_RL#220_15g	2317	Picture	352	31594697	0	2	499	4	0	next	other	0
210119_RL#220_15g	2318	Picture	12	31595196	0	2	20305	5	0	next	false_alarm	12694
210119_RL#220_15g	2318	Port Input	1	31597476	2280	4
210119_RL#220_15g	2318	Response	1	31597476	2280	4
210119_RL#220_15g	2318	Port Input	1	31598312	3116	4
210119_RL#220_15g	2318	Response	1	31598312	3116	4
210119_RL#220_15g	2318	Port Input	1	31599309	4113	4
210119_RL#220_15g	2318	Response	1	31599309	4113	4
210119_RL#220_15g	2318	Port Input	1	31599313	4117	4
210119_RL#220_15g	2318	Response	1	31599313	4117	4
210119_RL#220_15g	2318	Port Input	1	31600381	5185	4
210119_RL#220_15g	2318	Response	1	31600381	5185	4
210119_RL#220_15g	2318	Port Input	1	31601521	6325	4
210119_RL#220_15g	2318	Response	1	31601521	6325	4
210119_RL#220_15g	2318	Port Input	1	31602734	7538	4
210119_RL#220_15g	2318	Response	1	31602734	7538	4
210119_RL#220_15g	2318	Port Input	1	31604023	8827	4
210119_RL#220_15g	2318	Response	1	31604023	8827	4
210119_RL#220_15g	2318	Port Input	1	31605363	10166	4
210119_RL#220_15g	2318	Response	1	31605363	10166	4
210119_RL#220_15g	2318	Port Input	1	31605366	10170	3
210119_RL#220_15g	2318	Response	1	31605366	10170	3
210119_RL#220_15g	2318	Port Input	1	31606748	11552	4
210119_RL#220_15g	2318	Response	1	31606748	11552	4
210119_RL#220_15g	2318	Port Input	1	31606752	11556	4
210119_RL#220_15g	2318	Response	1	31606752	11556	4
210119_RL#220_15g	2318	Port Input	1	31608189	12993	4
210119_RL#220_15g	2318	Response	1	31608189	12993	4
210119_RL#220_15g	2318	Port Input	1	31609908	14712	3
210119_RL#220_15g	2318	Response	1	31609908	14712	3
210119_RL#220_15g	2318	Port Input	1	31611378	16182	4
210119_RL#220_15g	2318	Response	1	31611378	16182	4
210119_RL#220_15g	2318	Port Input	1	31611382	16186	4
210119_RL#220_15g	2318	Response	1	31611382	16186	4
210119_RL#220_15g	2318	Port Input	1	31612911	17715	4
210119_RL#220_15g	2318	Response	1	31612911	17715	4
210119_RL#220_15g	2318	Port Input	1	31612915	17719	4
210119_RL#220_15g	2318	Response	1	31612915	17719	4
210119_RL#220_15g	2319	Picture	3521	31615501	0	3	499	6	0	next	other	0
210119_RL#220_15g	2320	Picture	666	31616000	0	3	20138	6	0	next	other	0
210119_RL#220_15g	2321	Picture	777	31636138	0	4	20139	7	0	next	false_alarm	12733
210119_RL#220_15g	2321	Port Input	1	31637373	1235	5
210119_RL#220_15g	2321	Response	1	31637373	1235	5
210119_RL#220_15g	2321	Port Input	1	31638768	2629	4
210119_RL#220_15g	2321	Response	1	31638768	2629	4
210119_RL#220_15g	2321	Port Input	1	31655221	19083	4
210119_RL#220_15g	2321	Response	1	31655221	19083	4
210119_RL#220_15g	2321	Manual	1	31656151	20013	NA
210119_RL#220_15g	2322	Port Input	1	31657308	1031	4
210119_RL#220_15g	2322	Response	1	31657308	1031	4
210119_RL#220_15g	2322	Sound	2112	31658046	1769	1			0		other	0
210119_RL#220_15g	2322	Port Input	1	31659827	3550	4
210119_RL#220_15g	2322	Response	1	31659827	3550	4
210119_RL#220_15g	2322	Port Input	1	31659831	3554	4
210119_RL#220_15g	2322	Response	1	31659831	3554	4
210119_RL#220_15g	2323	Picture	55	31661436	0	4	5160	7	0	next	false_alarm	12750
210119_RL#220_15g	2323	Port Input	1	31661477	41	5
210119_RL#220_15g	2323	Response	1	31661477	41	5
210119_RL#220_15g	2323	Port Input	1	31666401	4965	5
210119_RL#220_15g	2323	Response	1	31666401	4965	5
210119_RL#220_15g	2324	Picture	10	31666596	0	4	4162	5	0	next	hit	12753
210119_RL#220_15g	2324	Port Input	1	31670468	3872	4
210119_RL#220_15g	2324	Response	1	31670468	3872	4
210119_RL#220_15g	2325	Picture	312	31670757	0	2	500	2	0	next	other	0
210119_RL#220_15g	2326	Picture	4442	31671258	0	1	80719	4	0	next	false_alarm	12757
210119_RL#220_15g	2326	Port Input	1	31673685	2428	4
210119_RL#220_15g	2326	Response	1	31673685	2428	4
210119_RL#220_15g	2326	Port Input	1	31673689	2432	4
210119_RL#220_15g	2326	Response	1	31673689	2432	4
210119_RL#220_15g	2326	Port Input	1	31678622	7365	4
210119_RL#220_15g	2326	Response	1	31678622	7365	4
210119_RL#220_15g	2326	Port Input	1	31680661	9404	4
210119_RL#220_15g	2326	Response	1	31680661	9404	4
210119_RL#220_15g	2326	Port Input	1	31680667	9409	4
210119_RL#220_15g	2326	Response	1	31680667	9409	4
210119_RL#220_15g	2326	Port Input	1	31682257	11000	4
210119_RL#220_15g	2326	Response	1	31682257	11000	4
210119_RL#220_15g	2326	Port Input	1	31682261	11003	3
210119_RL#220_15g	2326	Response	1	31682261	11003	3
210119_RL#220_15g	2326	Port Input	1	31684721	13464	4
210119_RL#220_15g	2326	Response	1	31684721	13464	4
210119_RL#220_15g	2326	Port Input	1	31687473	16216	4
210119_RL#220_15g	2326	Response	1	31687473	16216	4
210119_RL#220_15g	2326	Port Input	1	31687477	16220	4
210119_RL#220_15g	2326	Response	1	31687477	16220	4
210119_RL#220_15g	2326	Port Input	1	31691840	20582	4
210119_RL#220_15g	2326	Response	1	31691840	20582	4
210119_RL#220_15g	2326	Port Input	1	31691843	20586	4
210119_RL#220_15g	2326	Response	1	31691843	20586	4
210119_RL#220_15g	2326	Port Input	1	31692368	21110	4
210119_RL#220_15g	2326	Response	1	31692368	21110	4
210119_RL#220_15g	2326	Port Input	1	31696332	25074	4
210119_RL#220_15g	2326	Response	1	31696332	25074	4
210119_RL#220_15g	2326	Port Input	1	31696335	25078	4
210119_RL#220_15g	2326	Response	1	31696335	25078	4
210119_RL#220_15g	2326	Port Input	1	31737291	66034	5
210119_RL#220_15g	2326	Response	1	31737291	66034	5
210119_RL#220_15g	2327	Picture	666	31751976	0	3	20138	6	0	next	false_alarm	12790
210119_RL#220_15g	2327	Port Input	1	31752369	393	3
210119_RL#220_15g	2327	Response	1	31752369	393	3
210119_RL#220_15g	2327	Port Input	1	31754883	2906	4
210119_RL#220_15g	2327	Response	1	31754883	2906	4
210119_RL#220_15g	2327	Port Input	1	31766767	14791	4
210119_RL#220_15g	2327	Response	1	31766767	14791	4
210119_RL#220_15g	2327	Port Input	1	31766770	14794	5
210119_RL#220_15g	2327	Response	1	31766770	14794	5
210119_RL#220_15g	2327	Port Input	1	31770162	18186	4
210119_RL#220_15g	2327	Response	1	31770162	18186	4
210119_RL#220_15g	2327	Port Input	1	31770166	18189	3
210119_RL#220_15g	2327	Response	1	31770166	18189	3
210119_RL#220_15g	2328	Picture	777	31772114	0	4	20307	4	0	next	false_alarm	12803
210119_RL#220_15g	2328	Port Input	1	31784388	12274	4
210119_RL#220_15g	2328	Response	1	31784388	12274	4
210119_RL#220_15g	2328	Manual	2	31792130	20016	NA
210119_RL#220_15g	2329	Sound	2122	31794046	1625	1			0		other	0
210119_RL#220_15g	2329	Port Input	1	31796414	3993	4
210119_RL#220_15g	2329	Response	1	31796414	3993	4
210119_RL#220_15g	2329	Port Input	1	31796419	3998	4
210119_RL#220_15g	2329	Response	1	31796419	3998	4
210119_RL#220_15g	2330	Picture	55	31797747	0	1	5326	2	0	next	other	0
210119_RL#220_15g	2331	Picture	10	31803073	0	1	20305	2	0	next	miss	0
210119_RL#220_15g	2332	Picture	452	31823378	0	1	832	2	0	next	other	0
210119_RL#220_15g	2333	Picture	666	31824210	0	1	20303	3	0	next	false_alarm	12815
210119_RL#220_15g	2333	Port Input	1	31826303	2093	4
210119_RL#220_15g	2333	Response	1	31826303	2093	4
210119_RL#220_15g	2333	Port Input	1	31826306	2096	4
210119_RL#220_15g	2333	Response	1	31826306	2096	4
210119_RL#220_15g	2333	Port Input	1	31828811	4601	5
210119_RL#220_15g	2333	Response	1	31828811	4601	5
210119_RL#220_15g	2333	Port Input	1	31828815	4605	4
210119_RL#220_15g	2333	Response	1	31828815	4605	4
210119_RL#220_15g	2334	Picture	777	31844513	0	3	20305	6	0	next	false_alarm	12824
210119_RL#220_15g	2334	Port Input	1	31847098	2585	4
210119_RL#220_15g	2334	Response	1	31847098	2585	4
210119_RL#220_15g	2334	Port Input	1	31847101	2588	4
210119_RL#220_15g	2334	Response	1	31847101	2588	4
210119_RL#220_15g	2334	Port Input	1	31849156	4643	4
210119_RL#220_15g	2334	Response	1	31849156	4643	4
210119_RL#220_15g	2334	Port Input	1	31849161	4648	4
210119_RL#220_15g	2334	Response	1	31849161	4648	4
210119_RL#220_15g	2334	Manual	1	31864527	20014	NA
210119_RL#220_15g	2335	Sound	2112	31866047	1229	1			0		other	0
210119_RL#220_15g	2335	Port Input	1	31868470	3652	4
210119_RL#220_15g	2335	Response	1	31868470	3652	4
210119_RL#220_15g	2335	Port Input	1	31868474	3656	4
210119_RL#220_15g	2335	Response	1	31868474	3656	4
210119_RL#220_15g	2336	Picture	55	31869978	0	3	5159	6	0	next	other	0
210119_RL#220_15g	2337	Picture	10	31875137	0	3	13315	6	0	next	hit	12840
210119_RL#220_15g	2337	Port Input	1	31888286	13149	4
210119_RL#220_15g	2337	Response	1	31888286	13149	4
210119_RL#220_15g	2338	Picture	312	31888452	0	4	499	7	0	next	other	0
210119_RL#220_15g	2339	Picture	4442	31888951	0	4	80720	6	0	next	false_alarm	12844
210119_RL#220_15g	2339	Port Input	1	31889821	870	4
210119_RL#220_15g	2339	Response	1	31889821	870	4
210119_RL#220_15g	2339	Port Input	1	31920794	31843	4
210119_RL#220_15g	2339	Response	1	31920794	31843	4
210119_RL#220_15g	2339	Port Input	1	31922134	33183	4
210119_RL#220_15g	2339	Response	1	31922134	33183	4
210119_RL#220_15g	2339	Port Input	1	31922138	33187	4
210119_RL#220_15g	2339	Response	1	31922138	33187	4
210119_RL#220_15g	2339	Port Input	1	31930784	41832	4
210119_RL#220_15g	2339	Response	1	31930784	41832	4
210119_RL#220_15g	2340	Picture	666	31969671	0	3	20138	7	0	next	false_alarm	12855
210119_RL#220_15g	2340	Port Input	1	31972356	2685	4
210119_RL#220_15g	2340	Response	1	31972356	2685	4
210119_RL#220_15g	2340	Port Input	1	31975385	5713	4
210119_RL#220_15g	2340	Response	1	31975385	5713	4
210119_RL#220_15g	2341	Picture	777	31989810	0	4	20139	7	0	next	false_alarm	12860
210119_RL#220_15g	2341	Port Input	1	31991705	1895	4
210119_RL#220_15g	2341	Response	1	31991705	1895	4
210119_RL#220_15g	2341	Port Input	1	31993304	3494	4
210119_RL#220_15g	2341	Response	1	31993304	3494	4
210119_RL#220_15g	2341	Port Input	1	32005371	15562	5
210119_RL#220_15g	2341	Response	1	32005371	15562	5
210119_RL#220_15g	2341	Port Input	1	32005376	15567	4
210119_RL#220_15g	2341	Response	1	32005376	15567	4
210119_RL#220_15g	2341	Manual	2	32009822	20012	NA
210119_RL#220_15g	2342	Sound	2122	32011047	1098	1			0		other	0
210119_RL#220_15g	2342	Port Input	1	32012933	2985	4
210119_RL#220_15g	2342	Response	1	32012933	2985	4
210119_RL#220_15g	2343	Picture	55	32015108	0	4	5159	7	0	next	other	0
210119_RL#220_15g	2344	Picture	10	32020267	0	4	20307	5	0	next	miss	0
210119_RL#220_15g	2345	Picture	452	32040574	0	1	832	2	0	next	other	0
210119_RL#220_15g	2346	Picture	666	32041406	0	1	20305	1	0	next	false_alarm	12876
210119_RL#220_15g	2346	Port Input	1	32045587	4181	4
210119_RL#220_15g	2346	Response	1	32045587	4181	4
210119_RL#220_15g	2346	Port Input	1	32047424	6018	5
210119_RL#220_15g	2346	Response	1	32047424	6018	5
210119_RL#220_15g	2346	Port Input	1	32049710	8304	4
210119_RL#220_15g	2346	Response	1	32049710	8304	4
210119_RL#220_15g	2346	Port Input	1	32049713	8307	4
210119_RL#220_15g	2346	Response	1	32049713	8307	4
210119_RL#220_15g	2346	Port Input	1	32058727	17321	4
210119_RL#220_15g	2346	Response	1	32058727	17321	4
210119_RL#220_15g	2346	Port Input	1	32058730	17324	4
210119_RL#220_15g	2346	Response	1	32058730	17324	4
210119_RL#220_15g	2346	Port Input	1	32061511	20104	6
210119_RL#220_15g	2346	Response	1	32061511	20104	6
210119_RL#220_15g	2347	Picture	777	32061711	0	1	20303	3	0	next	other	0
210119_RL#220_15g	2347	Manual	1	32081723	20012	NA
210119_RL#220_15g	2348	Sound	2112	32083047	1033	1			0		other	0
210119_RL#220_15g	2348	Port Input	1	32085572	3558	4
210119_RL#220_15g	2348	Response	1	32085572	3558	4
210119_RL#220_15g	2348	Port Input	1	32087046	5032	6
210119_RL#220_15g	2348	Response	1	32087046	5032	6
210119_RL#220_15g	2349	Picture	55	32087340	0	3	5160	5	0	next	other	0
210119_RL#220_15g	2350	Picture	10	32092500	0	3	17808	5	0	next	hit	12899
210119_RL#220_15g	2350	Port Input	1	32110114	17614	4
210119_RL#220_15g	2350	Response	1	32110114	17614	4
210119_RL#220_15g	2350	Port Input	1	32110120	17620	11
210119_RL#220_15g	2350	Response	1	32110120	17620	11
210119_RL#220_15g	2351	Picture	312	32110308	0	3	498	8	0	next	other	0
210119_RL#220_15g	2352	Picture	4442	32110806	0	5	80555	7	0	next	false_alarm	12905
210119_RL#220_15g	2352	Port Input	1	32114757	3951	4
210119_RL#220_15g	2352	Response	1	32114757	3951	4
210119_RL#220_15g	2352	Port Input	1	32114763	3957	3
210119_RL#220_15g	2352	Response	1	32114763	3957	3
210119_RL#220_15g	2352	Port Input	1	32119100	8295	4
210119_RL#220_15g	2352	Response	1	32119100	8295	4
210119_RL#220_15g	2352	Port Input	1	32119106	8300	4
210119_RL#220_15g	2352	Response	1	32119106	8300	4
210119_RL#220_15g	2352	Port Input	1	32128017	17211	4
210119_RL#220_15g	2352	Response	1	32128017	17211	4
210119_RL#220_15g	2352	Port Input	1	32166331	55525	4
210119_RL#220_15g	2352	Response	1	32166331	55525	4
210119_RL#220_15g	2352	Port Input	1	32166335	55529	4
210119_RL#220_15g	2352	Response	1	32166335	55529	4
210119_RL#220_15g	2352	Port Input	1	32168193	57387	4
210119_RL#220_15g	2352	Response	1	32168193	57387	4
210119_RL#220_15g	2352	Port Input	1	32171910	61104	4
210119_RL#220_15g	2352	Response	1	32171910	61104	4
210119_RL#220_15g	2352	Port Input	1	32171917	61111	4
210119_RL#220_15g	2352	Response	1	32171917	61111	4
210119_RL#220_15g	2352	Port Input	1	32181949	71144	4
210119_RL#220_15g	2352	Response	1	32181949	71144	4
210119_RL#220_15g	2352	Port Input	1	32185631	74826	4
210119_RL#220_15g	2352	Response	1	32185631	74826	4
210119_RL#220_15g	2352	Port Input	1	32185636	74831	4
210119_RL#220_15g	2352	Response	1	32185636	74831	4
210119_RL#220_15g	2353	Picture	666	32191361	0	3	20305	5	0	next	other	0
210119_RL#220_15g	2354	Picture	777	32211666	0	3	20305	6	0	next	false_alarm	12933
210119_RL#220_15g	2354	Port Input	1	32215799	4133	4
210119_RL#220_15g	2354	Response	1	32215799	4133	4
210119_RL#220_15g	2354	Port Input	1	32218523	6857	4
210119_RL#220_15g	2354	Response	1	32218523	6857	4
210119_RL#220_15g	2354	Port Input	1	32218527	6861	4
210119_RL#220_15g	2354	Response	1	32218527	6861	4
210119_RL#220_15g	2354	Port Input	1	32223731	12065	4
210119_RL#220_15g	2354	Response	1	32223731	12065	4
210119_RL#220_15g	2354	Manual	2	32231682	20016	NA
210119_RL#220_15g	2355	Sound	2122	32233047	1076	1			0		other	0
210119_RL#220_15g	2355	Port Input	1	32235018	3047	4
210119_RL#220_15g	2355	Response	1	32235018	3047	4
210119_RL#220_15g	2355	Port Input	1	32235024	3053	4
210119_RL#220_15g	2355	Response	1	32235024	3053	4
210119_RL#220_15g	2356	Picture	55	32237131	0	3	5159	6	0	next	other	0
210119_RL#220_15g	2357	Picture	10	32242290	0	3	20139	6	0	next	miss	0
210119_RL#220_15g	2358	Picture	452	32262429	0	4	832	7	0	next	other	0
210119_RL#220_15g	2359	Picture	666	32263260	0	4	20307	4	0	next	false_alarm	12951
210119_RL#220_15g	2359	Port Input	1	32269365	6105	4
210119_RL#220_15g	2359	Response	1	32269365	6105	4
210119_RL#220_15g	2359	Port Input	1	32273527	10267	4
210119_RL#220_15g	2359	Response	1	32273527	10267	4
210119_RL#220_15g	2360	Picture	777	32283567	0	1	20305	2	0	next	other	0
210119_RL#220_15g	2360	Manual	2	32303581	20014	NA
210119_RL#220_15g	2361	Sound	2112	32305047	1175	1			0		other	0
210119_RL#220_15g	2361	Port Input	1	32307311	3439	4
210119_RL#220_15g	2361	Response	1	32307311	3439	4
210119_RL#220_15g	2361	Port Input	1	32307316	3444	4
210119_RL#220_15g	2361	Response	1	32307316	3444	4
210119_RL#220_15g	2361	Port Input	1	32308736	4864	4
210119_RL#220_15g	2361	Response	1	32308736	4864	4
210119_RL#220_15g	2362	Picture	55	32309196	0	3	5326	5	0	next	false_alarm	12965
210119_RL#220_15g	2362	Port Input	1	32311797	2601	4
210119_RL#220_15g	2362	Response	1	32311797	2601	4
210119_RL#220_15g	2362	Port Input	1	32313427	4231	4
210119_RL#220_15g	2362	Response	1	32313427	4231	4
210119_RL#220_15g	2362	Port Input	1	32313431	4235	4
210119_RL#220_15g	2362	Response	1	32313431	4235	4
210119_RL#220_15g	2363	Picture	10	32314522	0	3	998	5	0	next	hit	12972
210119_RL#220_15g	2363	Port Input	1	32315285	763	4
210119_RL#220_15g	2363	Response	1	32315285	763	4
210119_RL#220_15g	2364	Picture	312	32315521	0	3	333	5	0	next	other	0
210119_RL#220_15g	2365	Picture	4442	32315853	0	3	80888	3	0	next	false_alarm	12976
210119_RL#220_15g	2365	Port Input	1	32330239	14385	4
210119_RL#220_15g	2365	Response	1	32330239	14385	4
210119_RL#220_15g	2365	Port Input	1	32332224	16371	4
210119_RL#220_15g	2365	Response	1	32332224	16371	4
210119_RL#220_15g	2365	Port Input	1	32332228	16375	4
210119_RL#220_15g	2365	Response	1	32332228	16375	4
210119_RL#220_15g	2365	Port Input	1	32371409	55556	4
210119_RL#220_15g	2365	Response	1	32371409	55556	4
210119_RL#220_15g	2365	Port Input	1	32377696	61842	4
210119_RL#220_15g	2365	Response	1	32377696	61842	4
210119_RL#220_15g	2365	Port Input	1	32377701	61847	4
210119_RL#220_15g	2365	Response	1	32377701	61847	4
210119_RL#220_15g	2365	Port Input	1	32381419	65565	6
210119_RL#220_15g	2365	Response	1	32381419	65565	6
210119_RL#220_15g	2365	Port Input	1	32393454	77601	4
210119_RL#220_15g	2365	Response	1	32393454	77601	4
210119_RL#220_15g	2365	Port Input	1	32393458	77605	4
210119_RL#220_15g	2365	Response	1	32393458	77605	4
210119_RL#220_15g	2366	Picture	666	32396742	0	1	20305	1	0	next	false_alarm	12995
210119_RL#220_15g	2366	Port Input	1	32407737	10995	4
210119_RL#220_15g	2366	Response	1	32407737	10995	4
210119_RL#220_15g	2366	Port Input	1	32407741	10999	5
210119_RL#220_15g	2366	Response	1	32407741	10999	5
210119_RL#220_15g	2367	Picture	777	32417047	0	1	20304	3	0	next	other	0
210119_RL#220_15g	2367	Manual	1	32437060	20013	NA
210119_RL#220_15g	2368	Sound	2122	32439047	1697	1			0		other	0
210119_RL#220_15g	2369	Picture	55	32442676	0	3	5159	5	0	next	other	0
210119_RL#220_15g	2370	Picture	10	32447836	0	3	10818	5	0	next	hit	13004
210119_RL#220_15g	2370	Port Input	1	32458470	10634	4
210119_RL#220_15g	2370	Response	1	32458470	10634	4
210119_RL#220_15g	2370	Port Input	1	32458474	10638	4
210119_RL#220_15g	2370	Response	1	32458474	10638	4
210119_RL#220_15g	2371	Picture	352	32458654	0	3	499	6	0	next	other	0
210119_RL#220_15g	2372	Picture	12	32459152	0	4	20139	7	0	next	false_alarm	13010
210119_RL#220_15g	2372	Port Input	1	32459827	674	3
210119_RL#220_15g	2372	Response	1	32459827	674	3
210119_RL#220_15g	2372	Port Input	1	32460954	1802	4
210119_RL#220_15g	2372	Response	1	32460954	1802	4
210119_RL#220_15g	2372	Port Input	1	32460958	1806	4
210119_RL#220_15g	2372	Response	1	32460958	1806	4
210119_RL#220_15g	2372	Port Input	1	32461986	2834	4
210119_RL#220_15g	2372	Response	1	32461986	2834	4
210119_RL#220_15g	2372	Port Input	1	32463099	3947	4
210119_RL#220_15g	2372	Response	1	32463099	3947	4
210119_RL#220_15g	2372	Port Input	1	32464289	5136	4
210119_RL#220_15g	2372	Response	1	32464289	5136	4
210119_RL#220_15g	2372	Port Input	1	32465744	6592	4
210119_RL#220_15g	2372	Response	1	32465744	6592	4
210119_RL#220_15g	2372	Port Input	1	32467025	7873	4
210119_RL#220_15g	2372	Response	1	32467025	7873	4
210119_RL#220_15g	2372	Port Input	1	32467029	7876	4
210119_RL#220_15g	2372	Response	1	32467029	7876	4
210119_RL#220_15g	2372	Port Input	1	32468508	9356	4
210119_RL#220_15g	2372	Response	1	32468508	9356	4
210119_RL#220_15g	2372	Port Input	1	32468512	9359	4
210119_RL#220_15g	2372	Response	1	32468512	9359	4
210119_RL#220_15g	2372	Port Input	1	32470238	11086	4
210119_RL#220_15g	2372	Response	1	32470238	11086	4
210119_RL#220_15g	2372	Port Input	1	32473758	14606	4
210119_RL#220_15g	2372	Response	1	32473758	14606	4
210119_RL#220_15g	2372	Port Input	1	32477320	18168	5
210119_RL#220_15g	2372	Response	1	32477320	18168	5
210119_RL#220_15g	2373	Picture	3521	32479291	0	4	832	7	0	next	other	0
210119_RL#220_15g	2374	Picture	666	32480124	0	4	20138	7	0	next	false_alarm	13040
210119_RL#220_15g	2374	Port Input	1	32491803	11680	4
210119_RL#220_15g	2374	Response	1	32491803	11680	4
210119_RL#220_15g	2374	Port Input	1	32493367	13243	4
210119_RL#220_15g	2374	Response	1	32493367	13243	4
210119_RL#220_15g	2374	Port Input	1	32493370	13247	4
210119_RL#220_15g	2374	Response	1	32493370	13247	4
210119_RL#220_15g	2374	Port Input	1	32498564	18440	4
210119_RL#220_15g	2374	Response	1	32498564	18440	4
210119_RL#220_15g	2375	Picture	777	32500262	0	4	20307	5	0	next	other	0
210119_RL#220_15g	2375	Manual	1	32520276	20014	NA
210119_RL#220_15g	2376	Sound	2112	32522047	1479	1			0		other	0
210119_RL#220_15g	2376	Port Input	1	32524261	3693	4
210119_RL#220_15g	2376	Response	1	32524261	3693	4
210119_RL#220_15g	2377	Picture	55	32525894	0	1	5326	2	0	next	other	0
210119_RL#220_15g	2378	Picture	10	32531220	0	1	20304	3	0	next	miss	0
210119_RL#220_15g	2379	Picture	412	32551524	0	3	665	5	0	next	other	0
210119_RL#220_15g	2380	Picture	666	32552189	0	3	20305	6	0	next	false_alarm	13057
210119_RL#220_15g	2380	Port Input	1	32552547	357	4
210119_RL#220_15g	2380	Response	1	32552547	357	4
210119_RL#220_15g	2380	Port Input	1	32554653	2464	4
210119_RL#220_15g	2380	Response	1	32554653	2464	4
210119_RL#220_15g	2380	Port Input	1	32554657	2468	4
210119_RL#220_15g	2380	Response	1	32554657	2468	4
210119_RL#220_15g	2380	Port Input	1	32560426	8237	4
210119_RL#220_15g	2380	Response	1	32560426	8237	4
210119_RL#220_15g	2380	Port Input	1	32560430	8241	4
210119_RL#220_15g	2380	Response	1	32560430	8241	4
210119_RL#220_15g	2381	Picture	777	32572494	0	3	20139	6	0	next	false_alarm	13068
210119_RL#220_15g	2381	Port Input	1	32581293	8799	4
210119_RL#220_15g	2381	Response	1	32581293	8799	4
210119_RL#220_15g	2381	Port Input	1	32581297	8803	4
210119_RL#220_15g	2381	Response	1	32581297	8803	4
210119_RL#220_15g	2381	Manual	1	32592511	20017	NA
210119_RL#220_15g	2382	Sound	2122	32594047	1414	1			0		other	0
210119_RL#220_15g	2382	Port Input	1	32595825	3192	4
210119_RL#220_15g	2382	Response	1	32595825	3192	4
210119_RL#220_15g	2382	Port Input	1	32595830	3198	3
210119_RL#220_15g	2382	Response	1	32595830	3198	3
210119_RL#220_15g	2383	Picture	55	32597793	0	3	5159	6	0	next	other	0
210119_RL#220_15g	2384	Picture	10	32602952	0	3	20306	4	0	next	miss	0
210119_RL#220_15g	2385	Picture	452	32623258	0	1	833	2	0	next	other	0
210119_RL#220_15g	2386	Picture	666	32624091	0	1	20304	2	0	next	false_alarm	13082
210119_RL#220_15g	2386	Port Input	1	32628036	3945	4
210119_RL#220_15g	2386	Response	1	32628036	3945	4
210119_RL#220_15g	2386	Port Input	1	32628041	3950	4
210119_RL#220_15g	2386	Response	1	32628041	3950	4
210119_RL#220_15g	2386	Port Input	1	32632011	7921	4
210119_RL#220_15g	2386	Response	1	32632011	7921	4
210119_RL#220_15g	2386	Port Input	1	32637907	13817	4
210119_RL#220_15g	2386	Response	1	32637907	13817	4
210119_RL#220_15g	2386	Port Input	1	32637911	13821	5
210119_RL#220_15g	2386	Response	1	32637911	13821	5
210119_RL#220_15g	2387	Picture	777	32644395	0	1	20304	3	0	next	false_alarm	13093
210119_RL#220_15g	2387	Port Input	1	32661865	17471	4
210119_RL#220_15g	2387	Response	1	32661865	17471	4
210119_RL#220_15g	2387	Port Input	1	32661869	17474	4
210119_RL#220_15g	2387	Response	1	32661869	17474	4
210119_RL#220_15g	2387	Manual	2	32664409	20014	NA
210119_RL#220_15g	2388	Sound	2112	32666047	1349	1			0		other	0
210119_RL#220_15g	2388	Port Input	1	32668798	4099	4
210119_RL#220_15g	2388	Response	1	32668798	4099	4
210119_RL#220_15g	2389	Picture	55	32670025	0	2	5326	5	0	next	other	0
210119_RL#220_15g	2390	Picture	10	32675350	0	3	9653	6	0	next	hit	13103
210119_RL#220_15g	2390	Port Input	1	32684678	9328	4
210119_RL#220_15g	2390	Response	1	32684678	9328	4
210119_RL#220_15g	2391	Picture	312	32685004	0	3	499	6	0	next	other	0
210119_RL#220_15g	2392	Picture	4442	32685502	0	3	80722	4	0	next	false_alarm	13107
210119_RL#220_15g	2392	Port Input	1	32693594	8091	4
210119_RL#220_15g	2392	Response	1	32693594	8091	4
210119_RL#220_15g	2392	Port Input	1	32693598	8095	4
210119_RL#220_15g	2392	Response	1	32693598	8095	4
210119_RL#220_15g	2392	Port Input	1	32695221	9718	4
210119_RL#220_15g	2392	Response	1	32695221	9718	4
210119_RL#220_15g	2392	Port Input	1	32700418	14916	4
210119_RL#220_15g	2392	Response	1	32700418	14916	4
210119_RL#220_15g	2392	Port Input	1	32700422	14920	4
210119_RL#220_15g	2392	Response	1	32700422	14920	4
210119_RL#220_15g	2392	Port Input	1	32703361	17858	4
210119_RL#220_15g	2392	Response	1	32703361	17858	4
210119_RL#220_15g	2392	Port Input	1	32703364	17862	4
210119_RL#220_15g	2392	Response	1	32703364	17862	4
210119_RL#220_15g	2392	Port Input	1	32707146	21643	4
210119_RL#220_15g	2392	Response	1	32707146	21643	4
210119_RL#220_15g	2392	Port Input	1	32707149	21647	4
210119_RL#220_15g	2392	Response	1	32707149	21647	4
210119_RL#220_15g	2393	Picture	666	32766224	0	1	20304	3	0	next	other	0
210119_RL#220_15g	2394	Picture	777	32786528	0	3	20305	5	0	next	other	0
210119_RL#220_15g	2394	Manual	2	32806541	20013	NA
210119_RL#220_15g	2395	Sound	2122	32808048	1215	1			0		other	0
210119_RL#220_15g	2396	Picture	55	32811993	0	3	5159	5	0	next	other	0
210119_RL#220_15g	2397	Picture	10	32817152	0	3	10485	6	0	next	hit	13131
210119_RL#220_15g	2397	Port Input	1	32827435	10283	4
210119_RL#220_15g	2397	Response	1	32827435	10283	4
210119_RL#220_15g	2398	Picture	352	32827637	0	3	499	6	0	next	other	0
210119_RL#220_15g	2399	Picture	12	32828137	0	4	20139	7	0	next	other	0
210119_RL#220_15g	2399	Port Input	1	32848210	20073	6
210119_RL#220_15g	2399	Response	1	32848210	20073	6
210119_RL#220_15g	2400	Picture	3521	32848275	0	4	832	7	0	next	other	0
210119_RL#220_15g	2401	Picture	666	32849107	0	4	20307	5	0	next	false_alarm	13139
210119_RL#220_15g	2401	Port Input	1	32864191	15084	5
210119_RL#220_15g	2401	Response	1	32864191	15084	5
210119_RL#220_15g	2401	Port Input	1	32865944	16837	4
210119_RL#220_15g	2401	Response	1	32865944	16837	4
210119_RL#220_15g	2401	Port Input	1	32867726	18620	4
210119_RL#220_15g	2401	Response	1	32867726	18620	4
210119_RL#220_15g	2402	Picture	777	32869413	0	1	20305	2	0	next	false_alarm	13146
210119_RL#220_15g	2402	Port Input	1	32869533	120	4
210119_RL#220_15g	2402	Response	1	32869533	120	4
210119_RL#220_15g	2402	Port Input	1	32871006	1593	4
210119_RL#220_15g	2402	Response	1	32871006	1593	4
210119_RL#220_15g	2402	Port Input	1	32872363	2949	4
210119_RL#220_15g	2402	Response	1	32872363	2949	4
210119_RL#220_15g	2402	Port Input	1	32872366	2953	4
210119_RL#220_15g	2402	Response	1	32872366	2953	4
210119_RL#220_15g	2402	Port Input	1	32873886	4473	5
210119_RL#220_15g	2402	Response	1	32873886	4473	5
210119_RL#220_15g	2402	Port Input	1	32878868	9454	4
210119_RL#220_15g	2402	Response	1	32878868	9454	4
210119_RL#220_15g	2402	Port Input	1	32880989	11576	4
210119_RL#220_15g	2402	Response	1	32880989	11576	4
210119_RL#220_15g	2402	Port Input	1	32886686	17272	4
210119_RL#220_15g	2402	Response	1	32886686	17272	4
210119_RL#220_15g	2402	Port Input	1	32888938	19524	4
210119_RL#220_15g	2402	Response	1	32888938	19524	4
210119_RL#220_15g	2402	Port Input	1	32888943	19529	4
210119_RL#220_15g	2402	Response	1	32888943	19529	4
210119_RL#220_15g	2402	Manual	2	32889427	20013	NA
210119_RL#220_15g	2403	Sound	2112	32891048	1329	1			0		other	0
210119_RL#220_15g	2403	Port Input	1	32894162	4444	4
210119_RL#220_15g	2403	Response	1	32894162	4444	4
210119_RL#220_15g	2403	Port Input	1	32894166	4448	4
210119_RL#220_15g	2403	Response	1	32894166	4448	4
210119_RL#220_15g	2404	Picture	55	32895044	0	1	5326	2	0	next	other	0
210119_RL#220_15g	2405	Picture	10	32900370	0	1	7488	4	0	next	hit	13174
210119_RL#220_15g	2405	Port Input	1	32907588	7218	4
210119_RL#220_15g	2405	Response	1	32907588	7218	4
210119_RL#220_15g	2406	Picture	312	32907858	0	3	500	4	0	next	other	0
210119_RL#220_15g	2407	Picture	4442	32908358	0	2	80722	3	0	next	false_alarm	13178
210119_RL#220_15g	2407	Port Input	1	32909807	1449	4
210119_RL#220_15g	2407	Response	1	32909807	1449	4
210119_RL#220_15g	2407	Port Input	1	32909810	1452	4
210119_RL#220_15g	2407	Response	1	32909810	1452	4
210119_RL#220_15g	2407	Port Input	1	32943179	34821	4
210119_RL#220_15g	2407	Response	1	32943179	34821	4
210119_RL#220_15g	2407	Port Input	1	32943185	34827	4
210119_RL#220_15g	2407	Response	1	32943185	34827	4
210119_RL#220_15g	2407	Port Input	1	32945322	36964	5
210119_RL#220_15g	2407	Response	1	32945322	36964	5
210119_RL#220_15g	2407	Port Input	1	32946910	38552	4
210119_RL#220_15g	2407	Response	1	32946910	38552	4
210119_RL#220_15g	2407	Port Input	1	32953858	45500	4
210119_RL#220_15g	2407	Response	1	32953858	45500	4
210119_RL#220_15g	2407	Port Input	1	32953865	45507	4
210119_RL#220_15g	2407	Response	1	32953865	45507	4
210119_RL#220_15g	2408	Picture	666	32989080	0	1	20304	2	0	next	false_alarm	13195
210119_RL#220_15g	2408	Port Input	1	32992226	3147	4
210119_RL#220_15g	2408	Response	1	32992226	3147	4
210119_RL#220_15g	2408	Port Input	1	32996265	7185	4
210119_RL#220_15g	2408	Response	1	32996265	7185	4
210119_RL#220_15g	2408	Port Input	1	32996270	7190	4
210119_RL#220_15g	2408	Response	1	32996270	7190	4
210119_RL#220_15g	2409	Picture	777	33009384	0	1	20304	4	0	next	other	0
210119_RL#220_15g	2409	Manual	1	33029400	20016	NA
210119_RL#220_15g	2410	Sound	2122	33031048	1360	1			0		other	0
210119_RL#220_15g	2410	Port Input	1	33031741	2053	4
210119_RL#220_15g	2410	Response	1	33031741	2053	4
210119_RL#220_15g	2411	Picture	55	33035014	0	3	5160	5	0	next	other	0
210119_RL#220_15g	2412	Picture	10	33040173	0	3	13481	5	0	next	hit	13208
210119_RL#220_15g	2412	Port Input	1	33053460	13286	4
210119_RL#220_15g	2412	Response	1	33053460	13286	4
210119_RL#220_15g	2412	Port Input	1	33053464	13290	4
210119_RL#220_15g	2412	Response	1	33053464	13290	4
210119_RL#220_15g	2413	Picture	352	33053654	0	3	499	6	0	next	other	0
210119_RL#220_15g	2414	Picture	12	33054153	0	3	20139	6	0	next	other	0
210119_RL#220_15g	2415	Picture	3521	33074292	0	3	832	6	0	next	other	0
210119_RL#220_15g	2416	Picture	666	33075125	0	3	20138	7	0	next	false_alarm	13216
210119_RL#220_15g	2416	Port Input	1	33085213	10089	4
210119_RL#220_15g	2416	Response	1	33085213	10089	4
210119_RL#220_15g	2417	Picture	777	33095263	0	4	20306	5	0	next	false_alarm	13219
210119_RL#220_15g	2417	Port Input	1	33105061	9798	4
210119_RL#220_15g	2417	Response	1	33105061	9798	4
210119_RL#220_15g	2417	Manual	1	33115275	20012	NA
210119_RL#220_15g	2418	Sound	2112	33117048	1479	1			0		other	0
210119_RL#220_15g	2418	Port Input	1	33119269	3700	4
210119_RL#220_15g	2418	Response	1	33119269	3700	4
210119_RL#220_15g	2418	Port Input	1	33120541	4972	4
210119_RL#220_15g	2418	Response	1	33120541	4972	4
210119_RL#220_15g	2419	Picture	55	33120895	0	1	5326	1	0	next	false_alarm	13228
210119_RL#220_15g	2419	Port Input	1	33122118	1223	4
210119_RL#220_15g	2419	Response	1	33122118	1223	4
210119_RL#220_15g	2419	Port Input	1	33122122	1227	4
210119_RL#220_15g	2419	Response	1	33122122	1227	4
210119_RL#220_15g	2419	Port Input	1	33123682	2787	4
210119_RL#220_15g	2419	Response	1	33123682	2787	4
210119_RL#220_15g	2419	Port Input	1	33123686	2792	4
210119_RL#220_15g	2419	Response	1	33123686	2792	4
210119_RL#220_15g	2419	Port Input	1	33124458	3563	4
210119_RL#220_15g	2419	Response	1	33124458	3563	4
210119_RL#220_15g	2420	Picture	10	33126221	0	1	1664	1	0	next	hit	13239
210119_RL#220_15g	2420	Port Input	1	33127641	1420	4
210119_RL#220_15g	2420	Response	1	33127641	1420	4
210119_RL#220_15g	2421	Picture	312	33127885	0	1	666	1	0	next	other	0
210119_RL#220_15g	2422	Picture	4442	33128551	0	1	80553	4	0	next	false_alarm	13243
210119_RL#220_15g	2422	Port Input	1	33134856	6305	4
210119_RL#220_15g	2422	Response	1	33134856	6305	4
210119_RL#220_15g	2422	Port Input	1	33134859	6309	4
210119_RL#220_15g	2422	Response	1	33134859	6309	4
210119_RL#220_15g	2422	Port Input	1	33176653	48102	4
210119_RL#220_15g	2422	Response	1	33176653	48102	4
210119_RL#220_15g	2422	Port Input	1	33176657	48106	4
210119_RL#220_15g	2422	Response	1	33176657	48106	4
210119_RL#220_15g	2422	Port Input	1	33178343	49792	4
210119_RL#220_15g	2422	Response	1	33178343	49792	4
210119_RL#220_15g	2422	Port Input	1	33178347	49796	4
210119_RL#220_15g	2422	Response	1	33178347	49796	4
210119_RL#220_15g	2422	Port Input	1	33181873	53322	4
210119_RL#220_15g	2422	Response	1	33181873	53322	4
210119_RL#220_15g	2422	Port Input	1	33188243	59692	4
210119_RL#220_15g	2422	Response	1	33188243	59692	4
210119_RL#220_15g	2423	Picture	666	33209104	0	4	20306	4	0	next	false_alarm	13260
210119_RL#220_15g	2423	Port Input	1	33224313	15209	4
210119_RL#220_15g	2423	Response	1	33224313	15209	4
210119_RL#220_15g	2423	Port Input	1	33224318	15215	4
210119_RL#220_15g	2423	Response	1	33224318	15215	4
210119_RL#220_15g	2423	Port Input	1	33227124	18021	4
210119_RL#220_15g	2423	Response	1	33227124	18021	4
210119_RL#220_15g	2423	Port Input	1	33227128	18024	4
210119_RL#220_15g	2423	Response	1	33227128	18024	4
210119_RL#220_15g	2424	Picture	777	33229410	0	1	20305	2	0	next	other	0
210119_RL#220_15g	2424	Manual	1	33249422	20013	NA
210119_RL#220_15g	2425	Sound	2112	33251048	1334	1			0		other	0
210119_RL#220_15g	2425	Port Input	1	33253171	3457	4
210119_RL#220_15g	2425	Response	1	33253171	3457	4
210119_RL#220_15g	2425	Port Input	1	33254572	4858	5
210119_RL#220_15g	2425	Response	1	33254572	4858	5
210119_RL#220_15g	2426	Picture	55	33255040	0	1	5325	3	0	next	other	0
210119_RL#220_15g	2427	Picture	10	33260365	0	3	7157	5	0	next	hit	13277
210119_RL#220_15g	2427	Port Input	1	33267181	6816	4
210119_RL#220_15g	2427	Response	1	33267181	6816	4
210119_RL#220_15g	2428	Picture	312	33267522	0	3	499	5	0	next	other	0
210119_RL#220_15g	2429	Picture	4442	33268020	0	3	80722	3	0	next	false_alarm	13281
210119_RL#220_15g	2429	Port Input	1	33273869	5848	4
210119_RL#220_15g	2429	Response	1	33273869	5848	4
210119_RL#220_15g	2429	Port Input	1	33283528	15508	4
210119_RL#220_15g	2429	Response	1	33283528	15508	4
210119_RL#220_15g	2429	Port Input	1	33285354	17334	4
210119_RL#220_15g	2429	Response	1	33285354	17334	4
210119_RL#220_15g	2429	Port Input	1	33303496	35476	4
210119_RL#220_15g	2429	Response	1	33303496	35476	4
210119_RL#220_15g	2429	Port Input	1	33335781	67760	4
210119_RL#220_15g	2429	Response	1	33335781	67760	4
210119_RL#220_15g	2429	Port Input	1	33339102	71082	4
210119_RL#220_15g	2429	Response	1	33339102	71082	4
210119_RL#220_15g	2429	Port Input	1	33339106	71085	4
210119_RL#220_15g	2429	Response	1	33339106	71085	4
210119_RL#220_15g	2430	Picture	666	33348743	0	1	20305	1	0	next	other	0
210119_RL#220_15g	2431	Picture	777	33369048	0	1	20304	3	0	next	false_alarm	13297
210119_RL#220_15g	2431	Port Input	1	33383157	14109	4
210119_RL#220_15g	2431	Response	1	33383157	14109	4
210119_RL#220_15g	2431	Port Input	1	33385182	16135	4
210119_RL#220_15g	2431	Response	1	33385182	16135	4
210119_RL#220_15g	2431	Port Input	1	33385187	16139	4
210119_RL#220_15g	2431	Response	1	33385187	16139	4
210119_RL#220_15g	2431	Port Input	1	33387855	18807	4
210119_RL#220_15g	2431	Response	1	33387855	18807	4
210119_RL#220_15g	2431	Port Input	1	33387860	18812	4
210119_RL#220_15g	2431	Response	1	33387860	18812	4
210119_RL#220_15g	2431	Manual	1	33389062	20015	NA
210119_RL#220_15g	2432	Sound	2122	33391048	1697	1			0		other	0
210119_RL#220_15g	2433	Picture	55	33394678	0	1	5158	4	0	next	false_alarm	13310
210119_RL#220_15g	2433	Port Input	1	33399447	4768	4
210119_RL#220_15g	2433	Response	1	33399447	4768	4
210119_RL#220_15g	2433	Port Input	1	33399451	4772	4
210119_RL#220_15g	2433	Response	1	33399451	4772	4
210119_RL#220_15g	2434	Picture	10	33399836	0	3	13315	6	0	next	hit	13315
210119_RL#220_15g	2434	Port Input	1	33412982	13146	4
210119_RL#220_15g	2434	Response	1	33412982	13146	4
210119_RL#220_15g	2434	Port Input	1	33412987	13151	11
210119_RL#220_15g	2434	Response	1	33412987	13151	11
210119_RL#220_15g	2435	Picture	352	33413151	0	3	499	5	0	next	other	0
210119_RL#220_15g	2436	Picture	12	33413651	0	3	20138	6	0	next	false_alarm	13321
210119_RL#220_15g	2436	Port Input	1	33416514	2863	4
210119_RL#220_15g	2436	Response	1	33416514	2863	4
210119_RL#220_15g	2436	Port Input	1	33417408	3757	4
210119_RL#220_15g	2436	Response	1	33417408	3757	4
210119_RL#220_15g	2436	Port Input	1	33418427	4776	4
210119_RL#220_15g	2436	Response	1	33418427	4776	4
210119_RL#220_15g	2436	Port Input	1	33418430	4780	4
210119_RL#220_15g	2436	Response	1	33418430	4780	4
210119_RL#220_15g	2436	Port Input	1	33419501	5851	4
210119_RL#220_15g	2436	Response	1	33419501	5851	4
210119_RL#220_15g	2436	Port Input	1	33420639	6989	4
210119_RL#220_15g	2436	Response	1	33420639	6989	4
210119_RL#220_15g	2436	Port Input	1	33420643	6993	4
210119_RL#220_15g	2436	Response	1	33420643	6993	4
210119_RL#220_15g	2436	Port Input	1	33421829	8178	4
210119_RL#220_15g	2436	Response	1	33421829	8178	4
210119_RL#220_15g	2436	Port Input	1	33423053	9402	4
210119_RL#220_15g	2436	Response	1	33423053	9402	4
210119_RL#220_15g	2436	Port Input	1	33424378	10727	4
210119_RL#220_15g	2436	Response	1	33424378	10727	4
210119_RL#220_15g	2436	Port Input	1	33425750	12100	4
210119_RL#220_15g	2436	Response	1	33425750	12100	4
210119_RL#220_15g	2437	Picture	3521	33433789	0	3	665	7	0	next	other	0
210119_RL#220_15g	2438	Picture	666	33434454	0	4	20139	7	0	next	other	0
210119_RL#220_15g	2439	Picture	777	33454593	0	4	20306	4	0	next	other	0
210119_RL#220_15g	2439	Manual	2	33474612	20020	NA
210119_RL#220_15g	2440	Sound	2112	33477048	2149	1			0		other	0
210119_RL#220_15g	2440	Port Input	1	33479483	4584	3
210119_RL#220_15g	2440	Response	1	33479483	4584	3
210119_RL#220_15g	2440	Port Input	1	33479486	4587	4
210119_RL#220_15g	2440	Response	1	33479486	4587	4
210119_RL#220_15g	2441	Picture	55	33480225	0	1	5326	1	0	next	false_alarm	13353
210119_RL#220_15g	2441	Port Input	1	33480705	480	4
210119_RL#220_15g	2441	Response	1	33480705	480	4
210119_RL#220_15g	2441	Port Input	1	33482020	1795	4
210119_RL#220_15g	2441	Response	1	33482020	1795	4
210119_RL#220_15g	2441	Port Input	1	33483403	3178	4
210119_RL#220_15g	2441	Response	1	33483403	3178	4
210119_RL#220_15g	2441	Port Input	1	33484935	4709	4
210119_RL#220_15g	2441	Response	1	33484935	4709	4
210119_RL#220_15g	2442	Picture	10	33485551	0	1	20304	3	0	next	miss	0
210119_RL#220_15g	2443	Picture	412	33505855	0	3	665	5	0	next	other	0
210119_RL#220_15g	2444	Picture	666	33506520	0	3	20303	8	0	next	false_alarm	13364
210119_RL#220_15g	2444	Port Input	1	33514683	8163	4
210119_RL#220_15g	2444	Response	1	33514683	8163	4
210119_RL#220_15g	2444	Port Input	1	33516057	9537	4
210119_RL#220_15g	2444	Response	1	33516057	9537	4
210119_RL#220_15g	2445	Picture	777	33526823	0	5	20140	8	0	next	false_alarm	13369
210119_RL#220_15g	2445	Port Input	1	33537216	10393	4
210119_RL#220_15g	2445	Response	1	33537216	10393	4
210119_RL#220_15g	2445	Port Input	1	33537220	10397	4
210119_RL#220_15g	2445	Response	1	33537220	10397	4
210119_RL#220_15g	2445	Port Input	1	33539577	12754	4
210119_RL#220_15g	2445	Response	1	33539577	12754	4
210119_RL#220_15g	2445	Port Input	1	33539581	12758	4
210119_RL#220_15g	2445	Response	1	33539581	12758	4
210119_RL#220_15g	2445	Manual	1	33546835	20012	NA
210119_RL#220_15g	2446	Sound	2122	33548048	1085	1			0		other	0
210119_RL#220_15g	2446	Port Input	1	33550002	3039	3
210119_RL#220_15g	2446	Response	1	33550002	3039	3
210119_RL#220_15g	2446	Port Input	1	33550007	3043	3
210119_RL#220_15g	2446	Response	1	33550007	3043	3
210119_RL#220_15g	2447	Picture	55	33552123	0	4	5159	7	0	next	other	0
210119_RL#220_15g	2448	Picture	10	33557283	0	4	1831	7	0	next	hit	13385
210119_RL#220_15g	2448	Port Input	1	33558941	1658	4
210119_RL#220_15g	2448	Response	1	33558941	1658	4
210119_RL#220_15g	2449	Picture	352	33559113	0	4	499	7	0	next	other	0
210119_RL#220_15g	2450	Picture	12	33559613	0	4	20306	4	0	next	false_alarm	13389
210119_RL#220_15g	2450	Port Input	1	33565045	5432	4
210119_RL#220_15g	2450	Response	1	33565045	5432	4
210119_RL#220_15g	2450	Port Input	1	33566093	6480	4
210119_RL#220_15g	2450	Response	1	33566093	6480	4
210119_RL#220_15g	2450	Port Input	1	33567145	7532	4
210119_RL#220_15g	2450	Response	1	33567145	7532	4
210119_RL#220_15g	2450	Port Input	1	33568242	8629	4
210119_RL#220_15g	2450	Response	1	33568242	8629	4
210119_RL#220_15g	2450	Port Input	1	33569411	9798	5
210119_RL#220_15g	2450	Response	1	33569411	9798	5
210119_RL#220_15g	2450	Port Input	1	33570668	11056	4
210119_RL#220_15g	2450	Response	1	33570668	11056	4
210119_RL#220_15g	2450	Port Input	1	33571905	12293	4
210119_RL#220_15g	2450	Response	1	33571905	12293	4
210119_RL#220_15g	2450	Port Input	1	33573297	13684	4
210119_RL#220_15g	2450	Response	1	33573297	13684	4
210119_RL#220_15g	2450	Port Input	1	33573300	13687	4
210119_RL#220_15g	2450	Response	1	33573300	13687	4
210119_RL#220_15g	2450	Port Input	1	33574733	15120	5
210119_RL#220_15g	2450	Response	1	33574733	15120	5
210119_RL#220_15g	2450	Port Input	1	33574739	15126	3
210119_RL#220_15g	2450	Response	1	33574739	15126	3
210119_RL#220_15g	2450	Port Input	1	33576510	16897	5
210119_RL#220_15g	2450	Response	1	33576510	16897	5
210119_RL#220_15g	2451	Picture	3521	33579919	0	1	666	2	0	next	other	0
210119_RL#220_15g	2451	Port Input	1	33580246	327	4
210119_RL#220_15g	2451	Response	1	33580246	327	4
210119_RL#220_15g	2452	Picture	666	33580585	0	1	20305	1	0	next	false_alarm	13417
210119_RL#220_15g	2452	Port Input	1	33581751	1166	4
210119_RL#220_15g	2452	Response	1	33581751	1166	4
210119_RL#220_15g	2453	Picture	777	33600890	0	1	20304	3	0	next	other	0
210119_RL#220_15g	2453	Manual	2	33620903	20013	NA
210119_RL#220_15g	2454	Sound	2112	33623049	1855	1			0		other	0
210119_RL#220_15g	2454	Port Input	1	33624825	3632	4
210119_RL#220_15g	2454	Response	1	33624825	3632	4
210119_RL#220_15g	2454	Port Input	1	33625977	4783	4
210119_RL#220_15g	2454	Response	1	33625977	4783	4
210119_RL#220_15g	2455	Picture	55	33626519	0	3	5326	5	0	next	false_alarm	13427
210119_RL#220_15g	2455	Port Input	1	33627355	836	3
210119_RL#220_15g	2455	Response	1	33627355	836	3
210119_RL#220_15g	2455	Port Input	1	33627358	839	3
210119_RL#220_15g	2455	Response	1	33627358	839	3
210119_RL#220_15g	2455	Port Input	1	33629127	2608	5
210119_RL#220_15g	2455	Response	1	33629127	2608	5
210119_RL#220_15g	2455	Port Input	1	33629132	2613	4
210119_RL#220_15g	2455	Response	1	33629132	2613	4
210119_RL#220_15g	2456	Picture	10	33631845	0	3	20138	5	0	next	miss	0
210119_RL#220_15g	2457	Picture	412	33651983	0	3	832	7	0	next	other	0
210119_RL#220_15g	2458	Picture	666	33652815	0	4	20139	7	0	next	other	0
210119_RL#220_15g	2459	Picture	777	33672954	0	4	20306	4	0	next	false_alarm	13439
210119_RL#220_15g	2459	Port Input	1	33690198	17244	4
210119_RL#220_15g	2459	Response	1	33690198	17244	4
210119_RL#220_15g	2459	Port Input	1	33692133	19178	4
210119_RL#220_15g	2459	Response	1	33692133	19178	4
210119_RL#220_15g	2459	Manual	2	33692967	20013	NA
210119_RL#220_15g	2460	Sound	2122	33695049	1788	1			0		other	0
210119_RL#220_15g	2460	Port Input	1	33696585	3324	4
210119_RL#220_15g	2460	Response	1	33696585	3324	4
210119_RL#220_15g	2460	Port Input	1	33696589	3328	4
210119_RL#220_15g	2460	Response	1	33696589	3328	4
210119_RL#220_15g	2461	Picture	55	33698586	0	1	5326	2	0	next	false_alarm	13450
210119_RL#220_15g	2461	Port Input	1	33702480	3894	4
210119_RL#220_15g	2461	Response	1	33702480	3894	4
210119_RL#220_15g	2461	Port Input	1	33702486	3899	4
210119_RL#220_15g	2461	Response	1	33702486	3899	4
210119_RL#220_15g	2462	Picture	10	33703912	0	1	4494	2	0	next	hit	13455
210119_RL#220_15g	2462	Port Input	1	33708164	4252	4
210119_RL#220_15g	2462	Response	1	33708164	4252	4
210119_RL#220_15g	2463	Picture	352	33708406	0	1	500	2	0	next	other	0
210119_RL#220_15g	2464	Picture	12	33708905	0	1	20305	2	0	next	false_alarm	13459
210119_RL#220_15g	2464	Port Input	1	33710685	1780	5
210119_RL#220_15g	2464	Response	1	33710685	1780	5
210119_RL#220_15g	2464	Port Input	1	33711670	2765	6
210119_RL#220_15g	2464	Response	1	33711670	2765	6
210119_RL#220_15g	2464	Port Input	1	33712736	3831	4
210119_RL#220_15g	2464	Response	1	33712736	3831	4
210119_RL#220_15g	2464	Port Input	1	33712739	3834	4
210119_RL#220_15g	2464	Response	1	33712739	3834	4
210119_RL#220_15g	2464	Port Input	1	33713839	4934	4
210119_RL#220_15g	2464	Response	1	33713839	4934	4
210119_RL#220_15g	2464	Port Input	1	33715023	6118	4
210119_RL#220_15g	2464	Response	1	33715023	6118	4
210119_RL#220_15g	2464	Port Input	1	33716307	7402	4
210119_RL#220_15g	2464	Response	1	33716307	7402	4
210119_RL#220_15g	2464	Port Input	1	33717656	8750	4
210119_RL#220_15g	2464	Response	1	33717656	8750	4
210119_RL#220_15g	2464	Port Input	1	33718952	10047	4
210119_RL#220_15g	2464	Response	1	33718952	10047	4
210119_RL#220_15g	2464	Port Input	1	33718956	10050	4
210119_RL#220_15g	2464	Response	1	33718956	10050	4
210119_RL#220_15g	2464	Port Input	1	33720263	11358	4
210119_RL#220_15g	2464	Response	1	33720263	11358	4
210119_RL#220_15g	2464	Port Input	1	33721723	12818	4
210119_RL#220_15g	2464	Response	1	33721723	12818	4
210119_RL#220_15g	2465	Picture	3521	33729210	0	1	666	2	0	next	other	0
210119_RL#220_15g	2466	Picture	666	33729876	0	1	20303	3	0	next	other	0
210119_RL#220_15g	2467	Picture	777	33750179	0	3	20305	6	0	next	false_alarm	13486
210119_RL#220_15g	2467	Port Input	1	33752960	2781	4
210119_RL#220_15g	2467	Response	1	33752960	2781	4
210119_RL#220_15g	2467	Port Input	1	33754549	4370	4
210119_RL#220_15g	2467	Response	1	33754549	4370	4
210119_RL#220_15g	2467	Manual	1	33770196	20017	NA
210119_RL#220_15g	2468	Sound	2122	33772049	1565	1			0		other	0
210119_RL#220_15g	2469	Picture	55	33775644	0	3	5159	6	0	next	false_alarm	13493
210119_RL#220_15g	2469	Port Input	1	33778362	2719	4
210119_RL#220_15g	2469	Response	1	33778362	2719	4
210119_RL#220_15g	2469	Port Input	1	33778367	2724	4
210119_RL#220_15g	2469	Response	1	33778367	2724	4
210119_RL#220_15g	2469	Port Input	1	33779623	3979	5
210119_RL#220_15g	2469	Response	1	33779623	3979	5
210119_RL#220_15g	2470	Picture	10	33780803	0	3	9820	6	0	next	hit	13500
210119_RL#220_15g	2470	Port Input	1	33790483	9680	4
210119_RL#220_15g	2470	Response	1	33790483	9680	4
210119_RL#220_15g	2470	Port Input	1	33790487	9684	4
210119_RL#220_15g	2470	Response	1	33790487	9684	4
210119_RL#220_15g	2471	Picture	352	33790623	0	4	499	7	0	next	other	0
210119_RL#220_15g	2472	Picture	12	33791122	0	4	20307	4	0	next	false_alarm	13506
210119_RL#220_15g	2472	Port Input	1	33794494	3372	4
210119_RL#220_15g	2472	Response	1	33794494	3372	4
210119_RL#220_15g	2472	Port Input	1	33794498	3376	4
210119_RL#220_15g	2472	Response	1	33794498	3376	4
210119_RL#220_15g	2472	Port Input	1	33795412	4291	4
210119_RL#220_15g	2472	Response	1	33795412	4291	4
210119_RL#220_15g	2472	Port Input	1	33796426	5304	4
210119_RL#220_15g	2472	Response	1	33796426	5304	4
210119_RL#220_15g	2472	Port Input	1	33797522	6400	4
210119_RL#220_15g	2472	Response	1	33797522	6400	4
210119_RL#220_15g	2472	Port Input	1	33798664	7542	4
210119_RL#220_15g	2472	Response	1	33798664	7542	4
210119_RL#220_15g	2472	Port Input	1	33799822	8700	4
210119_RL#220_15g	2472	Response	1	33799822	8700	4
210119_RL#220_15g	2472	Port Input	1	33800972	9850	4
210119_RL#220_15g	2472	Response	1	33800972	9850	4
210119_RL#220_15g	2472	Port Input	1	33800975	9853	4
210119_RL#220_15g	2472	Response	1	33800975	9853	4
210119_RL#220_15g	2472	Port Input	1	33802242	11120	4
210119_RL#220_15g	2472	Response	1	33802242	11120	4
210119_RL#220_15g	2472	Port Input	1	33803560	12438	4
210119_RL#220_15g	2472	Response	1	33803560	12438	4
210119_RL#220_15g	2472	Port Input	1	33804967	13845	4
210119_RL#220_15g	2472	Response	1	33804967	13845	4
210119_RL#220_15g	2472	Port Input	1	33806659	15537	4
210119_RL#220_15g	2472	Response	1	33806659	15537	4
210119_RL#220_15g	2472	Port Input	1	33808086	16964	4
210119_RL#220_15g	2472	Response	1	33808086	16964	4
210119_RL#220_15g	2472	Port Input	1	33809602	18480	4
210119_RL#220_15g	2472	Response	1	33809602	18480	4
210119_RL#220_15g	2473	Picture	3521	33811428	0	1	832	2	0	next	other	0
210119_RL#220_15g	2474	Picture	666	33812261	0	1	20305	1	0	next	other	0
210119_RL#220_15g	2475	Picture	777	33832565	0	1	20305	2	0	next	false_alarm	13539
210119_RL#220_15g	2475	Port Input	1	33844413	11848	4
210119_RL#220_15g	2475	Response	1	33844413	11848	4
210119_RL#220_15g	2475	Port Input	1	33845820	13255	4
210119_RL#220_15g	2475	Response	1	33845820	13255	4
210119_RL#220_15g	2475	Port Input	1	33849693	17127	5
210119_RL#220_15g	2475	Response	1	33849693	17127	5
210119_RL#220_15g	2475	Manual	1	33852582	20017	NA
210119_RL#220_15g	2476	Sound	2112	33854049	1179	1			0		other	0
210119_RL#220_15g	2476	Port Input	1	33856318	3448	4
210119_RL#220_15g	2476	Response	1	33856318	3448	4
210119_RL#220_15g	2477	Picture	55	33858195	0	3	5326	5	0	next	false_alarm	13550
210119_RL#220_15g	2477	Port Input	1	33858883	688	5
210119_RL#220_15g	2477	Response	1	33858883	688	5
210119_RL#220_15g	2477	Port Input	1	33860354	2160	3
210119_RL#220_15g	2477	Response	1	33860354	2160	3
210119_RL#220_15g	2477	Port Input	1	33863027	4832	4
210119_RL#220_15g	2477	Response	1	33863027	4832	4
210119_RL#220_15g	2477	Port Input	1	33863032	4838	5
210119_RL#220_15g	2477	Response	1	33863032	4838	5
210119_RL#220_15g	2478	Picture	10	33863520	0	3	6325	5	0	next	hit	13559
210119_RL#220_15g	2478	Port Input	1	33869551	6031	4
210119_RL#220_15g	2478	Response	1	33869551	6031	4
210119_RL#220_15g	2478	Port Input	1	33869555	6035	4
210119_RL#220_15g	2478	Response	1	33869555	6035	4
210119_RL#220_15g	2479	Picture	312	33869845	0	3	499	6	0	next	other	0
210119_RL#220_15g	2480	Picture	4442	33870344	0	3	80889	3	0	next	false_alarm	13565
210119_RL#220_15g	2480	Port Input	1	33912903	42559	4
210119_RL#220_15g	2480	Response	1	33912903	42559	4
210119_RL#220_15g	2480	Port Input	1	33918800	48456	4
210119_RL#220_15g	2480	Response	1	33918800	48456	4
210119_RL#220_15g	2480	Port Input	1	33951099	80755	6
210119_RL#220_15g	2480	Response	1	33951099	80755	6
210119_RL#220_15g	2481	Picture	666	33951233	0	1	20305	1	0	next	false_alarm	13572
210119_RL#220_15g	2481	Port Input	1	33953112	1879	4
210119_RL#220_15g	2481	Response	1	33953112	1879	4
210119_RL#220_15g	2481	Port Input	1	33953115	1883	4
210119_RL#220_15g	2481	Response	1	33953115	1883	4
210119_RL#220_15g	2481	Port Input	1	33958029	6797	4
210119_RL#220_15g	2481	Response	1	33958029	6797	4
210119_RL#220_15g	2481	Port Input	1	33962820	11588	4
210119_RL#220_15g	2481	Response	1	33962820	11588	4
210119_RL#220_15g	2482	Picture	777	33971538	0	1	20303	3	0	next	other	0
210119_RL#220_15g	2482	Manual	2	33991552	20014	NA
210119_RL#220_15g	2483	Sound	2112	33993049	1208	1			0		other	0
210119_RL#220_15g	2483	Port Input	1	33995519	3678	4
210119_RL#220_15g	2483	Response	1	33995519	3678	4
210119_RL#220_15g	2484	Picture	55	33997000	0	3	5160	6	0	next	other	0
210119_RL#220_15g	2485	Picture	10	34002160	0	3	20138	6	0	next	miss	0
210119_RL#220_15g	2486	Picture	412	34022299	0	3	665	6	0	next	other	0
210119_RL#220_15g	2487	Picture	666	34022964	0	3	20138	7	0	next	false_alarm	13589
210119_RL#220_15g	2487	Port Input	1	34037932	14968	4
210119_RL#220_15g	2487	Response	1	34037932	14968	4
210119_RL#220_15g	2487	Port Input	1	34039833	16869	4
210119_RL#220_15g	2487	Response	1	34039833	16869	4
210119_RL#220_15g	2487	Port Input	1	34042785	19821	3
210119_RL#220_15g	2487	Response	1	34042785	19821	3
210119_RL#220_15g	2487	Port Input	1	34042788	19824	4
210119_RL#220_15g	2487	Response	1	34042788	19824	4
210119_RL#220_15g	2488	Picture	777	34043102	0	4	20307	5	0	next	false_alarm	13598
210119_RL#220_15g	2488	Port Input	1	34047974	4872	4
210119_RL#220_15g	2488	Response	1	34047974	4872	4
210119_RL#220_15g	2488	Port Input	1	34047978	4876	3
210119_RL#220_15g	2488	Response	1	34047978	4876	3
210119_RL#220_15g	2488	Port Input	1	34056754	13652	4
210119_RL#220_15g	2488	Response	1	34056754	13652	4
210119_RL#220_15g	2488	Port Input	1	34056758	13656	4
210119_RL#220_15g	2488	Response	1	34056758	13656	4
210119_RL#220_15g	2488	Manual	1	34063117	20015	NA
210119_RL#220_15g	2489	Sound	2122	34065049	1640	1			0		other	0
210119_RL#220_15g	2489	Port Input	1	34067473	4064	3
210119_RL#220_15g	2489	Response	1	34067473	4064	3
210119_RL#220_15g	2490	Picture	55	34068735	0	1	5326	2	0	next	other	0
210119_RL#220_15g	2491	Picture	10	34074061	0	1	9986	2	0	next	hit	13612
210119_RL#220_15g	2491	Port Input	1	34083773	9712	4
210119_RL#220_15g	2491	Response	1	34083773	9712	4
210119_RL#220_15g	2492	Picture	352	34084047	0	1	499	2	0	next	other	0
210119_RL#220_15g	2493	Picture	12	34084546	0	1	20303	4	0	next	false_alarm	13616
210119_RL#220_15g	2493	Port Input	1	34086793	2247	4
210119_RL#220_15g	2493	Response	1	34086793	2247	4
210119_RL#220_15g	2493	Port Input	1	34086797	2251	4
210119_RL#220_15g	2493	Response	1	34086797	2251	4
210119_RL#220_15g	2493	Port Input	1	34087737	3191	4
210119_RL#220_15g	2493	Response	1	34087737	3191	4
210119_RL#220_15g	2493	Port Input	1	34088793	4247	4
210119_RL#220_15g	2493	Response	1	34088793	4247	4
210119_RL#220_15g	2493	Port Input	1	34088797	4250	4
210119_RL#220_15g	2493	Response	1	34088797	4250	4
210119_RL#220_15g	2493	Port Input	1	34089911	5365	6
210119_RL#220_15g	2493	Response	1	34089911	5365	6
210119_RL#220_15g	2493	Port Input	1	34091078	6532	4
210119_RL#220_15g	2493	Response	1	34091078	6532	4
210119_RL#220_15g	2493	Port Input	1	34092318	7772	4
210119_RL#220_15g	2493	Response	1	34092318	7772	4
210119_RL#220_15g	2493	Port Input	1	34093714	9168	4
210119_RL#220_15g	2493	Response	1	34093714	9168	4
210119_RL#220_15g	2493	Port Input	1	34093718	9171	4
210119_RL#220_15g	2493	Response	1	34093718	9171	4
210119_RL#220_15g	2493	Port Input	1	34093721	9175	4
210119_RL#220_15g	2493	Response	1	34093721	9175	4
210119_RL#220_15g	2493	Port Input	1	34095244	10698	4
210119_RL#220_15g	2493	Response	1	34095244	10698	4
210119_RL#220_15g	2493	Port Input	1	34095248	10702	4
210119_RL#220_15g	2493	Response	1	34095248	10702	4
210119_RL#220_15g	2493	Port Input	1	34098606	14060	5
210119_RL#220_15g	2493	Response	1	34098606	14060	5
210119_RL#220_15g	2493	Port Input	1	34100116	15570	4
210119_RL#220_15g	2493	Response	1	34100116	15570	4
210119_RL#220_15g	2493	Port Input	1	34101751	17205	4
210119_RL#220_15g	2493	Response	1	34101751	17205	4
210119_RL#220_15g	2493	Port Input	1	34103775	19229	4
210119_RL#220_15g	2493	Response	1	34103775	19229	4
210119_RL#220_15g	2494	Picture	3521	34104849	0	3	666	6	0	next	other	0
210119_RL#220_15g	2495	Picture	666	34105515	0	3	20305	6	0	next	false_alarm	13652
210119_RL#220_15g	2495	Port Input	1	34106265	750	3
210119_RL#220_15g	2495	Response	1	34106265	750	3
210119_RL#220_15g	2495	Port Input	1	34106268	753	3
210119_RL#220_15g	2495	Response	1	34106268	753	3
210119_RL#220_15g	2495	Port Input	1	34108416	2900	4
210119_RL#220_15g	2495	Response	1	34108416	2900	4
210119_RL#220_15g	2495	Port Input	1	34111867	6352	4
210119_RL#220_15g	2495	Response	1	34111867	6352	4
210119_RL#220_15g	2495	Port Input	1	34115664	10149	4
210119_RL#220_15g	2495	Response	1	34115664	10149	4
210119_RL#220_15g	2495	Port Input	1	34115668	10153	4
210119_RL#220_15g	2495	Response	1	34115668	10153	4
210119_RL#220_15g	2496	Picture	777	34125820	0	3	20138	7	0	next	other	0
210119_RL#220_15g	2496	Manual	1	34145843	20023	NA
210119_RL#220_15g	2497	Sound	2112	34147049	1091	1			0		other	0
210119_RL#220_15g	2497	Port Input	1	34149299	3340	4
210119_RL#220_15g	2497	Response	1	34149299	3340	4
210119_RL#220_15g	2497	Port Input	1	34150526	4567	4
210119_RL#220_15g	2497	Response	1	34150526	4567	4
210119_RL#220_15g	2497	Port Input	1	34150529	4571	4
210119_RL#220_15g	2497	Response	1	34150529	4571	4
210119_RL#220_15g	2498	Picture	55	34151118	0	3	5160	6	0	next	false_alarm	13674
210119_RL#220_15g	2498	Port Input	1	34152979	1861	4
210119_RL#220_15g	2498	Response	1	34152979	1861	4
210119_RL#220_15g	2499	Picture	10	34156278	0	3	14647	4	0	next	hit	13677
210119_RL#220_15g	2499	Port Input	1	34170643	14365	4
210119_RL#220_15g	2499	Response	1	34170643	14365	4
210119_RL#220_15g	2500	Picture	312	34170925	0	1	499	2	0	next	other	0
210119_RL#220_15g	2501	Picture	4442	34171425	0	1	80552	4	0	next	false_alarm	13681
210119_RL#220_15g	2501	Port Input	1	34172312	887	4
210119_RL#220_15g	2501	Response	1	34172312	887	4
210119_RL#220_15g	2501	Port Input	1	34172316	891	4
210119_RL#220_15g	2501	Response	1	34172316	891	4
210119_RL#220_15g	2501	Port Input	1	34178909	7485	4
210119_RL#220_15g	2501	Response	1	34178909	7485	4
210119_RL#220_15g	2501	Port Input	1	34178916	7492	4
210119_RL#220_15g	2501	Response	1	34178916	7492	4
210119_RL#220_15g	2501	Port Input	1	34184543	13119	5
210119_RL#220_15g	2501	Response	1	34184543	13119	5
210119_RL#220_15g	2501	Port Input	1	34188251	16827	4
210119_RL#220_15g	2501	Response	1	34188251	16827	4
210119_RL#220_15g	2501	Port Input	1	34188256	16831	4
210119_RL#220_15g	2501	Response	1	34188256	16831	4
210119_RL#220_15g	2501	Port Input	1	34225790	54365	4
210119_RL#220_15g	2501	Response	1	34225790	54365	4
210119_RL#220_15g	2501	Port Input	1	34228127	56703	4
210119_RL#220_15g	2501	Response	1	34228127	56703	4
210119_RL#220_15g	2501	Port Input	1	34228133	56708	3
210119_RL#220_15g	2501	Response	1	34228133	56708	3
210119_RL#220_15g	2502	Picture	666	34251977	0	3	20139	6	0	next	false_alarm	13702
210119_RL#220_15g	2502	Port Input	1	34259886	7910	5
210119_RL#220_15g	2502	Response	1	34259886	7910	5
210119_RL#220_15g	2502	Port Input	1	34261551	9574	4
210119_RL#220_15g	2502	Response	1	34261551	9574	4
210119_RL#220_15g	2502	Port Input	1	34261556	9579	4
210119_RL#220_15g	2502	Response	1	34261556	9579	4
210119_RL#220_15g	2502	Port Input	1	34264629	12653	4
210119_RL#220_15g	2502	Response	1	34264629	12653	4
210119_RL#220_15g	2502	Port Input	1	34266942	14965	4
210119_RL#220_15g	2502	Response	1	34266942	14965	4
210119_RL#220_15g	2502	Port Input	1	34266946	14969	4
210119_RL#220_15g	2502	Response	1	34266946	14969	4
210119_RL#220_15g	2502	Port Input	1	34271824	19847	4
210119_RL#220_15g	2502	Response	1	34271824	19847	4
210119_RL#220_15g	2502	Port Input	1	34271829	19853	4
210119_RL#220_15g	2502	Response	1	34271829	19853	4
210119_RL#220_15g	2503	Picture	777	34272116	0	3	20306	4	0	next	false_alarm	13719
210119_RL#220_15g	2503	Port Input	1	34275251	3135	4
210119_RL#220_15g	2503	Response	1	34275251	3135	4
210119_RL#220_15g	2503	Port Input	1	34279561	7446	4
210119_RL#220_15g	2503	Response	1	34279561	7446	4
210119_RL#220_15g	2503	Manual	2	34292129	20013	NA
210119_RL#220_15g	2504	Sound	2122	34294049	1628	1			0		other	0
210119_RL#220_15g	2504	Port Input	1	34296286	3864	4
210119_RL#220_15g	2504	Response	1	34296286	3864	4
210119_RL#220_15g	2504	Port Input	1	34296289	3868	4
210119_RL#220_15g	2504	Response	1	34296289	3868	4
210119_RL#220_15g	2505	Picture	55	34297748	0	1	5326	2	0	next	other	0
210119_RL#220_15g	2506	Picture	10	34303073	0	1	20305	2	0	next	miss	0
210119_RL#220_15g	2507	Picture	452	34323378	0	1	832	2	0	next	other	0
210119_RL#220_15g	2508	Picture	666	34324211	0	1	20303	3	0	next	false_alarm	13733
210119_RL#220_15g	2508	Port Input	1	34327271	3060	4
210119_RL#220_15g	2508	Response	1	34327271	3060	4
210119_RL#220_15g	2508	Port Input	1	34328552	4341	4
210119_RL#220_15g	2508	Response	1	34328552	4341	4
210119_RL#220_15g	2508	Port Input	1	34335607	11397	4
210119_RL#220_15g	2508	Response	1	34335607	11397	4
210119_RL#220_15g	2508	Port Input	1	34335613	11402	4
210119_RL#220_15g	2508	Response	1	34335613	11402	4
210119_RL#220_15g	2509	Picture	777	34344514	0	3	20305	5	0	next	false_alarm	13742
210119_RL#220_15g	2509	Port Input	1	34353626	9112	4
210119_RL#220_15g	2509	Response	1	34353626	9112	4
210119_RL#220_15g	2509	Port Input	1	34353631	9116	4
210119_RL#220_15g	2509	Response	1	34353631	9116	4
210119_RL#220_15g	2509	Port Input	1	34356611	12097	4
210119_RL#220_15g	2509	Response	1	34356611	12097	4
210119_RL#220_15g	2509	Port Input	1	34356615	12101	4
210119_RL#220_15g	2509	Response	1	34356615	12101	4
210119_RL#220_15g	2509	Port Input	1	34363922	19408	3
210119_RL#220_15g	2509	Response	1	34363922	19408	3
210119_RL#220_15g	2509	Manual	2	34364528	20014	NA
210119_RL#220_15g	2510	Port Input	1	34365406	587	4
210119_RL#220_15g	2510	Response	1	34365406	587	4
210119_RL#220_15g	2510	Sound	2122	34366049	1230	1			0		other	0
210119_RL#220_15g	2511	Picture	55	34369979	0	3	5160	6	0	next	other	0
210119_RL#220_15g	2511	Port Input	1	34370004	25	6
210119_RL#220_15g	2511	Response	1	34370004	25	6
210119_RL#220_15g	2512	Picture	10	34375138	0	3	20138	7	0	next	miss	0
210119_RL#220_15g	2513	Picture	452	34395276	0	4	832	7	0	next	other	0
210119_RL#220_15g	2514	Picture	666	34396108	0	4	20307	4	0	next	false_alarm	13762
210119_RL#220_15g	2514	Port Input	1	34411419	15311	4
210119_RL#220_15g	2514	Response	1	34411419	15311	4
210119_RL#220_15g	2514	Port Input	1	34411423	15315	4
210119_RL#220_15g	2514	Response	1	34411423	15315	4
210119_RL#220_15g	2514	Port Input	1	34413385	17276	4
210119_RL#220_15g	2514	Response	1	34413385	17276	4
210119_RL#220_15g	2515	Picture	777	34416415	0	1	20305	1	0	next	false_alarm	13769
210119_RL#220_15g	2515	Port Input	1	34419722	3307	5
210119_RL#220_15g	2515	Response	1	34419722	3307	5
210119_RL#220_15g	2515	Port Input	1	34419728	3313	4
210119_RL#220_15g	2515	Response	1	34419728	3313	4
210119_RL#220_15g	2515	Port Input	1	34421402	4987	4
210119_RL#220_15g	2515	Response	1	34421402	4987	4
210119_RL#220_15g	2515	Port Input	1	34421406	4991	4
210119_RL#220_15g	2515	Response	1	34421406	4991	4
210119_RL#220_15g	2515	Port Input	1	34430607	14192	4
210119_RL#220_15g	2515	Response	1	34430607	14192	4
210119_RL#220_15g	2515	Port Input	1	34430611	14196	4
210119_RL#220_15g	2515	Response	1	34430611	14196	4
210119_RL#220_15g	2515	Port Input	1	34432856	16441	4
210119_RL#220_15g	2515	Response	1	34432856	16441	4
210119_RL#220_15g	2515	Manual	2	34436429	20014	NA
210119_RL#220_15g	2516	Port Input	1	34437856	1136	4
210119_RL#220_15g	2516	Response	1	34437856	1136	4
210119_RL#220_15g	2516	Sound	2112	34438049	1330	1			0		other	0
210119_RL#220_15g	2517	Picture	55	34442046	0	1	5326	2	0	next	false_alarm	13788
210119_RL#220_15g	2517	Port Input	1	34446859	4813	4
210119_RL#220_15g	2517	Response	1	34446859	4813	4
210119_RL#220_15g	2518	Picture	10	34447372	0	1	20304	3	0	next	miss	0
210119_RL#220_15g	2519	Picture	412	34467675	0	3	665	5	0	next	other	0
210119_RL#220_15g	2520	Picture	666	34468340	0	3	20139	7	0	next	false_alarm	13793
210119_RL#220_15g	2520	Port Input	1	34477206	8866	4
210119_RL#220_15g	2520	Response	1	34477206	8866	4
210119_RL#220_15g	2520	Port Input	1	34479414	11074	4
210119_RL#220_15g	2520	Response	1	34479414	11074	4
210119_RL#220_15g	2520	Port Input	1	34484080	15740	4
210119_RL#220_15g	2520	Response	1	34484080	15740	4
210119_RL#220_15g	2521	Picture	777	34488479	0	4	20139	7	0	next	false_alarm	13800
210119_RL#220_15g	2521	Port Input	1	34491074	2595	4
210119_RL#220_15g	2521	Response	1	34491074	2595	4
210119_RL#220_15g	2521	Port Input	1	34491079	2600	4
210119_RL#220_15g	2521	Response	1	34491079	2600	4
210119_RL#220_15g	2521	Port Input	1	34500728	12249	4
210119_RL#220_15g	2521	Response	1	34500728	12249	4
210119_RL#220_15g	2521	Port Input	1	34500731	12252	4
210119_RL#220_15g	2521	Response	1	34500731	12252	4
210119_RL#220_15g	2521	Manual	2	34508497	20018	NA
210119_RL#220_15g	2522	Sound	2112	34510050	1432	1			0		other	0
210119_RL#220_15g	2522	Port Input	1	34512150	3532	4
210119_RL#220_15g	2522	Response	1	34512150	3532	4
210119_RL#220_15g	2522	Port Input	1	34513117	4499	4
210119_RL#220_15g	2522	Response	1	34513117	4499	4
210119_RL#220_15g	2523	Picture	55	34513777	0	4	5159	7	0	next	false_alarm	13815
210119_RL#220_15g	2523	Port Input	1	34513972	195	4
210119_RL#220_15g	2523	Response	1	34513972	195	4
210119_RL#220_15g	2523	Port Input	1	34516349	2572	4
210119_RL#220_15g	2523	Response	1	34516349	2572	4
210119_RL#220_15g	2523	Port Input	1	34518088	4310	4
210119_RL#220_15g	2523	Response	1	34518088	4310	4
210119_RL#220_15g	2523	Port Input	1	34518091	4314	4
210119_RL#220_15g	2523	Response	1	34518091	4314	4
210119_RL#220_15g	2524	Picture	10	34518937	0	4	1332	7	0	next	hit	13824
210119_RL#220_15g	2524	Port Input	1	34520079	1142	4
210119_RL#220_15g	2524	Response	1	34520079	1142	4
210119_RL#220_15g	2525	Picture	312	34520268	0	4	499	7	0	next	other	0
210119_RL#220_15g	2526	Picture	4442	34520767	0	4	80720	7	0	next	false_alarm	13828
210119_RL#220_15g	2526	Port Input	1	34529701	8934	4
210119_RL#220_15g	2526	Response	1	34529701	8934	4
210119_RL#220_15g	2526	Port Input	1	34529705	8937	4
210119_RL#220_15g	2526	Response	1	34529705	8937	4
210119_RL#220_15g	2526	Port Input	1	34538981	18214	4
210119_RL#220_15g	2526	Response	1	34538981	18214	4
210119_RL#220_15g	2526	Port Input	1	34538985	18218	4
210119_RL#220_15g	2526	Response	1	34538985	18218	4
210119_RL#220_15g	2526	Port Input	1	34550446	29679	4
210119_RL#220_15g	2526	Response	1	34550446	29679	4
210119_RL#220_15g	2526	Port Input	1	34550450	29683	4
210119_RL#220_15g	2526	Response	1	34550450	29683	4
210119_RL#220_15g	2526	Port Input	1	34553723	32956	4
210119_RL#220_15g	2526	Response	1	34553723	32956	4
210119_RL#220_15g	2526	Port Input	1	34555871	35104	4
210119_RL#220_15g	2526	Response	1	34555871	35104	4
210119_RL#220_15g	2526	Port Input	1	34557736	36969	4
210119_RL#220_15g	2526	Response	1	34557736	36969	4
210119_RL#220_15g	2526	Port Input	1	34560633	39866	6
210119_RL#220_15g	2526	Response	1	34560633	39866	6
210119_RL#220_15g	2526	Port Input	1	34565458	44691	4
210119_RL#220_15g	2526	Response	1	34565458	44691	4
210119_RL#220_15g	2526	Port Input	1	34565461	44694	4
210119_RL#220_15g	2526	Response	1	34565461	44694	4
210119_RL#220_15g	2526	Port Input	1	34573473	52706	4
210119_RL#220_15g	2526	Response	1	34573473	52706	4
210119_RL#220_15g	2526	Port Input	1	34573477	52709	4
210119_RL#220_15g	2526	Response	1	34573477	52709	4
210119_RL#220_15g	2526	Port Input	1	34582473	61706	4
210119_RL#220_15g	2526	Response	1	34582473	61706	4
210119_RL#220_15g	2526	Port Input	1	34587451	66684	4
210119_RL#220_15g	2526	Response	1	34587451	66684	4
210119_RL#220_15g	2526	Port Input	1	34590078	69311	5
210119_RL#220_15g	2526	Response	1	34590078	69311	5
210119_RL#220_15g	2527	Picture	666	34601487	0	3	20139	6	0	next	false_alarm	13863
210119_RL#220_15g	2527	Port Input	1	34611266	9779	4
210119_RL#220_15g	2527	Response	1	34611266	9779	4
210119_RL#220_15g	2527	Port Input	1	34615718	14231	4
210119_RL#220_15g	2527	Response	1	34615718	14231	4
210119_RL#220_15g	2528	Picture	777	34621626	0	3	20138	7	0	next	false_alarm	13868
210119_RL#220_15g	2528	Port Input	1	34624688	3062	4
210119_RL#220_15g	2528	Response	1	34624688	3062	4
210119_RL#220_15g	2528	Port Input	1	34624692	3065	4
210119_RL#220_15g	2528	Response	1	34624692	3065	4
210119_RL#220_15g	2528	Manual	1	34641640	20013	NA
210119_RL#220_15g	2529	Sound	2112	34643050	1285	1			0		other	0
210119_RL#220_15g	2530	Picture	55	34647092	0	1	5326	2	0	next	other	0
210119_RL#220_15g	2531	Picture	10	34652418	0	1	1997	2	0	next	hit	13876
210119_RL#220_15g	2531	Port Input	1	34654072	1654	4
210119_RL#220_15g	2531	Response	1	34654072	1654	4
210119_RL#220_15g	2532	Picture	312	34654415	0	1	500	2	0	next	other	0
210119_RL#220_15g	2533	Picture	4442	34654915	0	1	81052	4	0	next	false_alarm	13880
210119_RL#220_15g	2533	Port Input	1	34656162	1248	4
210119_RL#220_15g	2533	Response	1	34656162	1248	4
210119_RL#220_15g	2533	Port Input	1	34656168	1253	4
210119_RL#220_15g	2533	Response	1	34656168	1253	4
210119_RL#220_15g	2533	Port Input	1	34706125	51211	4
210119_RL#220_15g	2533	Response	1	34706125	51211	4
210119_RL#220_15g	2534	Picture	666	34735966	0	3	20139	6	0	next	false_alarm	13887
210119_RL#220_15g	2534	Port Input	1	34741638	5672	4
210119_RL#220_15g	2534	Response	1	34741638	5672	4
210119_RL#220_15g	2534	Port Input	1	34747359	11392	4
210119_RL#220_15g	2534	Response	1	34747359	11392	4
210119_RL#220_15g	2534	Port Input	1	34747362	11396	4
210119_RL#220_15g	2534	Response	1	34747362	11396	4
210119_RL#220_15g	2535	Picture	777	34756105	0	4	20306	4	0	next	false_alarm	13894
210119_RL#220_15g	2535	Port Input	1	34758576	2471	4
210119_RL#220_15g	2535	Response	1	34758576	2471	4
210119_RL#220_15g	2535	Port Input	1	34758580	2476	4
210119_RL#220_15g	2535	Response	1	34758580	2476	4
210119_RL#220_15g	2535	Manual	1	34776118	20014	NA
210119_RL#220_15g	2536	Sound	2122	34778050	1639	1			0		other	0
210119_RL#220_15g	2537	Picture	55	34781737	0	1	5326	1	0	next	other	0
210119_RL#220_15g	2538	Picture	10	34787063	0	1	20305	2	0	next	miss	0
210119_RL#220_15g	2539	Picture	452	34807368	0	1	831	4	0	next	other	0
210119_RL#220_15g	2540	Picture	666	34808198	0	3	20305	5	0	next	false_alarm	13904
210119_RL#220_15g	2540	Port Input	1	34818828	10630	4
210119_RL#220_15g	2540	Response	1	34818828	10630	4
210119_RL#220_15g	2541	Picture	777	34828503	0	3	20305	6	0	next	other	0
210119_RL#220_15g	2541	Manual	2	34848518	20015	NA
210119_RL#220_15g	2542	Port Input	1	34849312	503	3
210119_RL#220_15g	2542	Response	1	34849312	503	3
210119_RL#220_15g	2542	Sound	2122	34850050	1242	1			0		other	0
210119_RL#220_15g	2542	Port Input	1	34850886	2078	4
210119_RL#220_15g	2542	Response	1	34850886	2078	4
210119_RL#220_15g	2543	Picture	55	34853967	0	4	5159	7	0	next	false_alarm	13914
210119_RL#220_15g	2543	Port Input	1	34855877	1910	5
210119_RL#220_15g	2543	Response	1	34855877	1910	5
210119_RL#220_15g	2543	Port Input	1	34855884	1917	4
210119_RL#220_15g	2543	Response	1	34855884	1917	4
210119_RL#220_15g	2543	Port Input	1	34858697	4729	4
210119_RL#220_15g	2543	Response	1	34858697	4729	4
210119_RL#220_15g	2543	Port Input	1	34858702	4735	4
210119_RL#220_15g	2543	Response	1	34858702	4735	4
210119_RL#220_15g	2544	Picture	10	34859127	0	4	4993	7	0	next	hit	13923
210119_RL#220_15g	2544	Port Input	1	34864003	4876	4
210119_RL#220_15g	2544	Response	1	34864003	4876	4
210119_RL#220_15g	2544	Port Input	1	34864007	4880	3
210119_RL#220_15g	2544	Response	1	34864007	4880	3
210119_RL#220_15g	2545	Picture	352	34864120	0	3	499	6	0	next	other	0
210119_RL#220_15g	2546	Picture	12	34864619	0	3	20306	4	0	next	false_alarm	13929
210119_RL#220_15g	2546	Port Input	1	34867148	2529	4
210119_RL#220_15g	2546	Response	1	34867148	2529	4
210119_RL#220_15g	2546	Port Input	1	34868044	3425	4
210119_RL#220_15g	2546	Response	1	34868044	3425	4
210119_RL#220_15g	2546	Port Input	1	34869144	4525	4
210119_RL#220_15g	2546	Response	1	34869144	4525	4
210119_RL#220_15g	2546	Port Input	1	34869148	4529	4
210119_RL#220_15g	2546	Response	1	34869148	4529	4
210119_RL#220_15g	2546	Port Input	1	34870302	5683	4
210119_RL#220_15g	2546	Response	1	34870302	5683	4
210119_RL#220_15g	2546	Port Input	1	34870306	5687	4
210119_RL#220_15g	2546	Response	1	34870306	5687	4
210119_RL#220_15g	2546	Port Input	1	34871564	6945	4
210119_RL#220_15g	2546	Response	1	34871564	6945	4
210119_RL#220_15g	2546	Port Input	1	34871568	6949	4
210119_RL#220_15g	2546	Response	1	34871568	6949	4
210119_RL#220_15g	2546	Port Input	1	34872933	8313	4
210119_RL#220_15g	2546	Response	1	34872933	8313	4
210119_RL#220_15g	2546	Port Input	1	34874315	9695	4
210119_RL#220_15g	2546	Response	1	34874315	9695	4
210119_RL#220_15g	2546	Port Input	1	34875896	11277	4
210119_RL#220_15g	2546	Response	1	34875896	11277	4
210119_RL#220_15g	2546	Port Input	1	34875900	11281	4
210119_RL#220_15g	2546	Response	1	34875900	11281	4
210119_RL#220_15g	2546	Port Input	1	34877634	13014	4
210119_RL#220_15g	2546	Response	1	34877634	13014	4
210119_RL#220_15g	2546	Port Input	1	34879245	14625	4
210119_RL#220_15g	2546	Response	1	34879245	14625	4
210119_RL#220_15g	2547	Picture	3521	34884926	0	1	832	2	0	next	other	0
210119_RL#220_15g	2548	Picture	666	34885758	0	1	20304	2	0	next	other	0
210119_RL#220_15g	2549	Picture	777	34906063	0	1	20304	3	0	next	false_alarm	13960
210119_RL#220_15g	2549	Port Input	1	34915138	9076	4
210119_RL#220_15g	2549	Response	1	34915138	9076	4
210119_RL#220_15g	2549	Port Input	1	34916692	10630	4
210119_RL#220_15g	2549	Response	1	34916692	10630	4
210119_RL#220_15g	2549	Port Input	1	34918141	12078	4
210119_RL#220_15g	2549	Response	1	34918141	12078	4
210119_RL#220_15g	2549	Port Input	1	34918144	12082	4
210119_RL#220_15g	2549	Response	1	34918144	12082	4
210119_RL#220_15g	2549	Port Input	1	34919994	13931	9
210119_RL#220_15g	2549	Response	1	34919994	13931	9
210119_RL#220_15g	2549	Port Input	1	34920002	13940	4
210119_RL#220_15g	2549	Response	1	34920002	13940	4
210119_RL#220_15g	2549	Manual	2	34926079	20016	NA
210119_RL#220_15g	2550	Sound	2112	34928050	1683	1			0		other	0
210119_RL#220_15g	2550	Port Input	1	34930067	3700	4
210119_RL#220_15g	2550	Response	1	34930067	3700	4
210119_RL#220_15g	2550	Port Input	1	34931366	5000	4
210119_RL#220_15g	2550	Response	1	34931366	5000	4
210119_RL#220_15g	2551	Picture	55	34931692	0	3	5326	5	0	next	false_alarm	13979
210119_RL#220_15g	2551	Port Input	1	34933530	1838	4
210119_RL#220_15g	2551	Response	1	34933530	1838	4
210119_RL#220_15g	2551	Port Input	1	34933533	1841	3
210119_RL#220_15g	2551	Response	1	34933533	1841	3
210119_RL#220_15g	2552	Picture	10	34937018	0	3	10485	6	0	next	hit	13984
210119_RL#220_15g	2552	Port Input	1	34947250	10232	4
210119_RL#220_15g	2552	Response	1	34947250	10232	4
210119_RL#220_15g	2553	Picture	312	34947503	0	3	499	6	0	next	other	0
210119_RL#220_15g	2554	Picture	4442	34948002	0	3	80722	4	0	next	false_alarm	13988
210119_RL#220_15g	2554	Port Input	1	34948694	691	4
210119_RL#220_15g	2554	Response	1	34948694	691	4
210119_RL#220_15g	2554	Port Input	1	34953175	5173	4
210119_RL#220_15g	2554	Response	1	34953175	5173	4
210119_RL#220_15g	2554	Port Input	1	34957476	9474	4
210119_RL#220_15g	2554	Response	1	34957476	9474	4
210119_RL#220_15g	2554	Port Input	1	34957480	9478	4
210119_RL#220_15g	2554	Response	1	34957480	9478	4
210119_RL#220_15g	2554	Port Input	1	34962471	14468	5
210119_RL#220_15g	2554	Response	1	34962471	14468	5
210119_RL#220_15g	2554	Port Input	1	34998902	50900	4
210119_RL#220_15g	2554	Response	1	34998902	50900	4
210119_RL#220_15g	2554	Port Input	1	34998907	50905	4
210119_RL#220_15g	2554	Response	1	34998907	50905	4
210119_RL#220_15g	2554	Port Input	1	35023732	75729	4
210119_RL#220_15g	2554	Response	1	35023732	75729	4
210119_RL#220_15g	2554	Port Input	1	35024898	76896	4
210119_RL#220_15g	2554	Response	1	35024898	76896	4
210119_RL#220_15g	2554	Port Input	1	35024901	76899	4
210119_RL#220_15g	2554	Response	1	35024901	76899	4
210119_RL#220_15g	2555	Picture	666	35028725	0	1	20304	3	0	next	false_alarm	14009
210119_RL#220_15g	2555	Port Input	1	35034093	5368	4
210119_RL#220_15g	2555	Response	1	35034093	5368	4
210119_RL#220_15g	2555	Port Input	1	35035794	7069	4
210119_RL#220_15g	2555	Response	1	35035794	7069	4
210119_RL#220_15g	2555	Port Input	1	35039084	10359	4
210119_RL#220_15g	2555	Response	1	35039084	10359	4
210119_RL#220_15g	2555	Port Input	1	35039088	10363	4
210119_RL#220_15g	2555	Response	1	35039088	10363	4
210119_RL#220_15g	2555	Port Input	1	35045890	17165	4
210119_RL#220_15g	2555	Response	1	35045890	17165	4
210119_RL#220_15g	2556	Picture	777	35049028	0	3	20305	5	0	next	false_alarm	14020
210119_RL#220_15g	2556	Port Input	1	35059291	10262	4
210119_RL#220_15g	2556	Response	1	35059291	10262	4
210119_RL#220_15g	2556	Port Input	1	35061457	12429	4
210119_RL#220_15g	2556	Response	1	35061457	12429	4
210119_RL#220_15g	2556	Port Input	1	35061461	12432	4
210119_RL#220_15g	2556	Response	1	35061461	12432	4
210119_RL#220_15g	2556	Manual	2	35069041	20013	NA
210119_RL#220_15g	2557	Sound	2122	35071050	1717	1			0		other	0
210119_RL#220_15g	2558	Picture	55	35074492	0	3	5160	6	0	next	other	0
210119_RL#220_15g	2559	Picture	10	35079652	0	3	20138	6	0	next	miss	0
210119_RL#220_15g	2560	Picture	452	35099790	0	3	832	6	0	next	other	0
210119_RL#220_15g	2561	Picture	666	35100622	0	3	20138	7	0	next	other	0
210119_RL#220_15g	2562	Picture	777	35120761	0	4	20307	4	0	next	false_alarm	14033
210119_RL#220_15g	2562	Port Input	1	35129045	8284	4
210119_RL#220_15g	2562	Response	1	35129045	8284	4
210119_RL#220_15g	2562	Port Input	1	35129048	8288	4
210119_RL#220_15g	2562	Response	1	35129048	8288	4
210119_RL#220_15g	2562	Port Input	1	35132232	11471	4
210119_RL#220_15g	2562	Response	1	35132232	11471	4
210119_RL#220_15g	2562	Port Input	1	35133645	12884	4
210119_RL#220_15g	2562	Response	1	35133645	12884	4
210119_RL#220_15g	2562	Manual	2	35140774	20013	NA
210119_RL#220_15g	2563	Sound	2112	35143050	1983	1			0		other	0
210119_RL#220_15g	2564	Picture	55	35146393	0	1	5326	2	0	next	false_alarm	14044
210119_RL#220_15g	2564	Port Input	1	35146810	418	3
210119_RL#220_15g	2564	Response	1	35146810	418	3
210119_RL#220_15g	2565	Picture	10	35151719	0	1	20303	4	0	next	miss	0
210119_RL#220_15g	2566	Picture	412	35172022	0	3	666	5	0	next	other	0
210119_RL#220_15g	2567	Picture	666	35172688	0	3	20305	5	0	next	false_alarm	14049
210119_RL#220_15g	2567	Port Input	1	35188749	16061	4
210119_RL#220_15g	2567	Response	1	35188749	16061	4
210119_RL#220_15g	2568	Picture	777	35192993	0	3	20139	6	0	next	false_alarm	14052
210119_RL#220_15g	2568	Port Input	1	35193263	270	3
210119_RL#220_15g	2568	Response	1	35193263	270	3
210119_RL#220_15g	2568	Port Input	1	35201445	8452	4
210119_RL#220_15g	2568	Response	1	35201445	8452	4
210119_RL#220_15g	2568	Port Input	1	35203089	10095	4
210119_RL#220_15g	2568	Response	1	35203089	10095	4
210119_RL#220_15g	2568	Manual	1	35213007	20014	NA
210119_RL#220_15g	2569	Sound	2122	35215050	1919	1			0		other	0
210119_RL#220_15g	2570	Picture	55	35218291	0	3	5159	7	0	next	other	0
210119_RL#220_15g	2571	Picture	10	35223450	0	4	20306	5	0	next	miss	0
210119_RL#220_15g	2572	Picture	452	35243757	0	2	999	2	0	next	other	0
210119_RL#220_15g	2572	Port Input	1	35244749	992	4
210119_RL#220_15g	2572	Response	1	35244749	992	4
210119_RL#220_15g	2572	Port Input	1	35244753	996	4
210119_RL#220_15g	2572	Response	1	35244753	996	4
210119_RL#220_15g	2573	Picture	666	35244756	0	1	20305	1	0	next	false_alarm	14068
210119_RL#220_15g	2573	Port Input	1	35248908	4152	4
210119_RL#220_15g	2573	Response	1	35248908	4152	4
210119_RL#220_15g	2573	Port Input	1	35256227	11471	4
210119_RL#220_15g	2573	Response	1	35256227	11471	4
210119_RL#220_15g	2574	Picture	777	35265060	0	1	20304	3	0	next	false_alarm	14073
210119_RL#220_15g	2574	Port Input	1	35266127	1067	4
210119_RL#220_15g	2574	Response	1	35266127	1067	4
210119_RL#220_15g	2574	Port Input	1	35271281	6220	4
210119_RL#220_15g	2574	Response	1	35271281	6220	4
210119_RL#220_15g	2574	Port Input	1	35271284	6224	4
210119_RL#220_15g	2574	Response	1	35271284	6224	4
210119_RL#220_15g	2574	Manual	2	35285079	20018	NA
210119_RL#220_15g	2575	Sound	2112	35287050	1687	1			0		other	0
210119_RL#220_15g	2575	Port Input	1	35289429	4065	4
210119_RL#220_15g	2575	Response	1	35289429	4065	4
210119_RL#220_15g	2575	Port Input	1	35289433	4069	5
210119_RL#220_15g	2575	Response	1	35289433	4069	5
210119_RL#220_15g	2576	Picture	55	35290690	0	3	5327	4	0	next	other	0
210119_RL#220_15g	2577	Picture	10	35296017	0	1	20137	4	0	next	miss	0
210119_RL#220_15g	2578	Picture	412	35316154	0	3	832	6	0	next	other	0
210119_RL#220_15g	2579	Picture	666	35316986	0	4	20139	6	0	next	false_alarm	14089
210119_RL#220_15g	2579	Port Input	1	35329413	12427	5
210119_RL#220_15g	2579	Response	1	35329413	12427	5
210119_RL#220_15g	2580	Picture	777	35337125	0	3	20138	7	0	next	other	0
210119_RL#220_15g	2580	Manual	1	35357139	20014	NA
210119_RL#220_15g	2581	Sound	2112	35359051	1787	1			0		other	0
210119_RL#220_15g	2581	Port Input	1	35361577	4314	4
210119_RL#220_15g	2581	Response	1	35361577	4314	4
210119_RL#220_15g	2581	Port Input	1	35361582	4319	4
210119_RL#220_15g	2581	Response	1	35361582	4319	4
210119_RL#220_15g	2582	Picture	55	35362591	0	1	5326	2	0	next	false_alarm	14099
210119_RL#220_15g	2582	Port Input	1	35363035	444	4
210119_RL#220_15g	2582	Response	1	35363035	444	4
210119_RL#220_15g	2582	Port Input	1	35364817	2226	4
210119_RL#220_15g	2582	Response	1	35364817	2226	4
210119_RL#220_15g	2582	Port Input	1	35366649	4058	4
210119_RL#220_15g	2582	Response	1	35366649	4058	4
210119_RL#220_15g	2583	Picture	10	35367916	0	1	2829	2	0	next	hit	14106
210119_RL#220_15g	2583	Port Input	1	35370461	2544	4
210119_RL#220_15g	2583	Response	1	35370461	2544	4
210119_RL#220_15g	2584	Picture	312	35370746	0	1	666	2	0	next	other	0
210119_RL#220_15g	2585	Picture	4442	35371412	0	1	80719	4	0	next	false_alarm	14110
210119_RL#220_15g	2585	Port Input	1	35377375	5963	4
210119_RL#220_15g	2585	Response	1	35377375	5963	4
210119_RL#220_15g	2585	Port Input	1	35387897	16485	4
210119_RL#220_15g	2585	Response	1	35387897	16485	4
210119_RL#220_15g	2585	Port Input	1	35387902	16491	4
210119_RL#220_15g	2585	Response	1	35387902	16491	4
210119_RL#220_15g	2585	Port Input	1	35396444	25032	4
210119_RL#220_15g	2585	Response	1	35396444	25032	4
210119_RL#220_15g	2585	Port Input	1	35396447	25036	4
210119_RL#220_15g	2585	Response	1	35396447	25036	4
210119_RL#220_15g	2586	Picture	666	35452130	0	3	20139	7	0	next	false_alarm	14121
210119_RL#220_15g	2586	Port Input	1	35460671	8541	4
210119_RL#220_15g	2586	Response	1	35460671	8541	4
210119_RL#220_15g	2586	Port Input	1	35460678	8547	4
210119_RL#220_15g	2586	Response	1	35460678	8547	4
210119_RL#220_15g	2586	Port Input	1	35461522	9392	4
210119_RL#220_15g	2586	Response	1	35461522	9392	4
210119_RL#220_15g	2586	Port Input	1	35471345	19215	4
210119_RL#220_15g	2586	Response	1	35471345	19215	4
210119_RL#220_15g	2587	Picture	777	35472269	0	4	20306	4	0	next	false_alarm	14130
210119_RL#220_15g	2587	Port Input	1	35481535	9266	4
210119_RL#220_15g	2587	Response	1	35481535	9266	4
210119_RL#220_15g	2587	Port Input	1	35481539	9270	4
210119_RL#220_15g	2587	Response	1	35481539	9270	4
210119_RL#220_15g	2587	Manual	1	35492281	20012	NA
210119_RL#220_15g	2588	Sound	2122	35494051	1475	1			0		other	0
210119_RL#220_15g	2589	Picture	55	35497901	0	1	5326	2	0	next	other	0
210119_RL#220_15g	2590	Picture	10	35503227	0	1	20304	3	0	next	miss	0
210119_RL#220_15g	2591	Picture	452	35523531	0	3	998	5	0	next	other	0
210119_RL#220_15g	2592	Picture	666	35524529	0	3	20305	5	0	next	false_alarm	14140
210119_RL#220_15g	2592	Port Input	1	35528084	3555	4
210119_RL#220_15g	2592	Response	1	35528084	3555	4
210119_RL#220_15g	2592	Port Input	1	35529737	5209	5
210119_RL#220_15g	2592	Response	1	35529737	5209	5
210119_RL#220_15g	2592	Port Input	1	35533581	9052	4
210119_RL#220_15g	2592	Response	1	35533581	9052	4
210119_RL#220_15g	2593	Picture	777	35544834	0	3	20140	4	0	next	false_alarm	14147
210119_RL#220_15g	2593	Port Input	1	35557470	12636	4
210119_RL#220_15g	2593	Response	1	35557470	12636	4
210119_RL#220_15g	2593	Manual	2	35564848	20013	NA
210119_RL#220_15g	2594	Sound	2122	35566051	1077	1			0		other	0
210119_RL#220_15g	2594	Port Input	1	35568253	3279	4
210119_RL#220_15g	2594	Response	1	35568253	3279	4
210119_RL#220_15g	2595	Picture	55	35570132	0	3	5159	7	0	next	other	0
210119_RL#220_15g	2596	Picture	10	35575291	0	4	20139	7	0	next	miss	0
210119_RL#220_15g	2597	Picture	452	35595430	0	4	999	7	0	next	other	0
210119_RL#220_15g	2598	Picture	666	35596429	0	4	20306	4	0	next	false_alarm	14157
210119_RL#220_15g	2598	Port Input	1	35599948	3519	4
210119_RL#220_15g	2598	Response	1	35599948	3519	4
210119_RL#220_15g	2598	Port Input	1	35601291	4862	4
210119_RL#220_15g	2598	Response	1	35601291	4862	4
210119_RL#220_15g	2598	Port Input	1	35608273	11844	4
210119_RL#220_15g	2598	Response	1	35608273	11844	4
210119_RL#220_15g	2598	Port Input	1	35608899	12471	4
210119_RL#220_15g	2598	Response	1	35608899	12471	4
210119_RL#220_15g	2598	Port Input	1	35614401	17972	6
210119_RL#220_15g	2598	Response	1	35614401	17972	6
210119_RL#220_15g	2598	Port Input	1	35614406	17978	5
210119_RL#220_15g	2598	Response	1	35614406	17978	5
210119_RL#220_15g	2599	Picture	777	35616735	0	1	20305	2	0	next	other	0
210119_RL#220_15g	2599	Manual	2	35636751	20016	NA
210119_RL#220_15g	2600	Sound	2112	35638051	1011	1			0		other	0
210119_RL#220_15g	2600	Port Input	1	35641368	4328	4
210119_RL#220_15g	2600	Response	1	35641368	4328	4
210119_RL#220_15g	2600	Port Input	1	35641372	4332	4
210119_RL#220_15g	2600	Response	1	35641372	4332	4
210119_RL#220_15g	2601	Picture	55	35642364	0	3	5326	5	0	next	other	0
210119_RL#220_15g	2602	Picture	10	35647690	0	3	20305	5	0	next	miss	0
210119_RL#220_15g	2603	Picture	412	35667995	0	3	832	6	0	next	other	0
210119_RL#220_15g	2604	Picture	666	35668827	0	4	20139	7	0	next	false_alarm	14180
210119_RL#220_15g	2604	Port Input	1	35679342	10515	4
210119_RL#220_15g	2604	Response	1	35679342	10515	4
210119_RL#220_15g	2605	Picture	777	35688965	0	4	20139	7	0	next	false_alarm	14183
210119_RL#220_15g	2605	Port Input	1	35689306	340	4
210119_RL#220_15g	2605	Response	1	35689306	340	4
210119_RL#220_15g	2605	Manual	1	35708981	20016	NA
210119_RL#220_15g	2606	Sound	2122	35711051	1947	1			0		other	0
210119_RL#220_15g	2607	Picture	55	35714264	0	4	5327	5	0	next	false_alarm	14188
210119_RL#220_15g	2607	Port Input	1	35715845	1582	4
210119_RL#220_15g	2607	Response	1	35715845	1582	4
210119_RL#220_15g	2607	Port Input	1	35717333	3069	4
210119_RL#220_15g	2607	Response	1	35717333	3069	4
210119_RL#220_15g	2608	Picture	10	35719591	0	1	20305	2	0	next	miss	0
210119_RL#220_15g	2609	Picture	452	35739896	0	1	999	1	0	next	other	0
210119_RL#220_15g	2610	Picture	666	35740894	0	1	20305	2	0	next	false_alarm	14195
210119_RL#220_15g	2610	Port Input	1	35753643	12749	4
210119_RL#220_15g	2610	Response	1	35753643	12749	4
210119_RL#220_15g	2610	Port Input	1	35753647	12753	4
210119_RL#220_15g	2610	Response	1	35753647	12753	4
210119_RL#220_15g	2610	Port Input	1	35755431	14537	4
210119_RL#220_15g	2610	Response	1	35755431	14537	4
210119_RL#220_15g	2610	Port Input	1	35759195	18301	7
210119_RL#220_15g	2610	Response	1	35759195	18301	7
210119_RL#220_15g	2610	Port Input	1	35759204	18310	4
210119_RL#220_15g	2610	Response	1	35759204	18310	4
210119_RL#220_15g	2611	Picture	777	35761199	0	1	20304	4	0	next	other	0
210119_RL#220_15g	2611	Manual	1	35781214	20015	NA
210119_RL#220_15g	2612	Sound	2122	35783051	1548	1			0		other	0
210119_RL#220_15g	2613	Picture	55	35786662	0	3	5159	6	0	next	false_alarm	14209
210119_RL#220_15g	2613	Port Input	1	35789331	2669	4
210119_RL#220_15g	2613	Response	1	35789331	2669	4
210119_RL#220_15g	2614	Picture	10	35791822	0	3	999	6	0	next	hit	14212
210119_RL#220_15g	2614	Port Input	1	35792653	832	4
210119_RL#220_15g	2614	Response	1	35792653	832	4
210119_RL#220_15g	2615	Picture	352	35792820	0	3	499	6	0	next	other	0
210119_RL#220_15g	2616	Picture	12	35793319	0	4	20139	7	0	next	false_alarm	14216
210119_RL#220_15g	2616	Port Input	1	35795314	1995	4
210119_RL#220_15g	2616	Response	1	35795314	1995	4
210119_RL#220_15g	2616	Port Input	1	35795318	1999	3
210119_RL#220_15g	2616	Response	1	35795318	1999	3
210119_RL#220_15g	2616	Port Input	1	35796274	2955	4
210119_RL#220_15g	2616	Response	1	35796274	2955	4
210119_RL#220_15g	2616	Port Input	1	35797296	3977	4
210119_RL#220_15g	2616	Response	1	35797296	3977	4
210119_RL#220_15g	2616	Port Input	1	35798434	5115	5
210119_RL#220_15g	2616	Response	1	35798434	5115	5
210119_RL#220_15g	2616	Port Input	1	35799558	6239	4
210119_RL#220_15g	2616	Response	1	35799558	6239	4
210119_RL#220_15g	2616	Port Input	1	35800797	7478	4
210119_RL#220_15g	2616	Response	1	35800797	7478	4
210119_RL#220_15g	2616	Port Input	1	35802080	8761	4
210119_RL#220_15g	2616	Response	1	35802080	8761	4
210119_RL#220_15g	2616	Port Input	1	35802086	8767	4
210119_RL#220_15g	2616	Response	1	35802086	8767	4
210119_RL#220_15g	2616	Port Input	1	35803547	10228	4
210119_RL#220_15g	2616	Response	1	35803547	10228	4
210119_RL#220_15g	2617	Picture	3521	35813458	0	3	832	7	0	next	other	0
210119_RL#220_15g	2618	Picture	666	35814290	0	4	20307	5	0	next	false_alarm	14238
210119_RL#220_15g	2618	Port Input	1	35833778	19488	4
210119_RL#220_15g	2618	Response	1	35833778	19488	4
210119_RL#220_15g	2618	Port Input	1	35833782	19492	4
210119_RL#220_15g	2618	Response	1	35833782	19492	4
210119_RL#220_15g	2619	Picture	777	35834596	0	1	20305	2	0	next	false_alarm	14243
210119_RL#220_15g	2619	Port Input	1	35835599	1003	4
210119_RL#220_15g	2619	Response	1	35835599	1003	4
210119_RL#220_15g	2619	Port Input	1	35835603	1007	3
210119_RL#220_15g	2619	Response	1	35835603	1007	3
210119_RL#220_15g	2619	Port Input	1	35847715	13119	4
210119_RL#220_15g	2619	Response	1	35847715	13119	4
210119_RL#220_15g	2619	Port Input	1	35847719	13123	4
210119_RL#220_15g	2619	Response	1	35847719	13123	4
210119_RL#220_15g	2619	Manual	2	35854608	20012	NA
210119_RL#220_15g	2620	Port Input	1	35855071	169	13
210119_RL#220_15g	2620	Response	1	35855071	169	13
210119_RL#220_15g	2620	Sound	2112	35857051	2150	1			0		other	0
210119_RL#220_15g	2620	Port Input	1	35858542	3641	4
210119_RL#220_15g	2620	Response	1	35858542	3641	4
210119_RL#220_15g	2620	Port Input	1	35858546	3645	4
210119_RL#220_15g	2620	Response	1	35858546	3645	4
210119_RL#220_15g	2621	Picture	55	35860227	0	1	5326	1	0	next	other	0
210119_RL#220_15g	2621	Port Input	1	35860380	153	6
210119_RL#220_15g	2621	Response	1	35860380	153	6
210119_RL#220_15g	2622	Picture	10	35865553	0	1	10317	4	0	next	hit	14263
210119_RL#220_15g	2622	Port Input	1	35875664	10111	4
210119_RL#220_15g	2622	Response	1	35875664	10111	4
210119_RL#220_15g	2623	Picture	312	35875870	0	3	500	5	0	next	other	0
210119_RL#220_15g	2624	Picture	4442	35876370	0	2	80722	3	0	next	false_alarm	14267
210119_RL#220_15g	2624	Port Input	1	35877682	1312	4
210119_RL#220_15g	2624	Response	1	35877682	1312	4
210119_RL#220_15g	2624	Port Input	1	35877686	1315	4
210119_RL#220_15g	2624	Response	1	35877686	1315	4
210119_RL#220_15g	2624	Port Input	1	35889847	13477	4
210119_RL#220_15g	2624	Response	1	35889847	13477	4
210119_RL#220_15g	2624	Port Input	1	35892004	15634	4
210119_RL#220_15g	2624	Response	1	35892004	15634	4
210119_RL#220_15g	2624	Port Input	1	35894477	18107	4
210119_RL#220_15g	2624	Response	1	35894477	18107	4
210119_RL#220_15g	2624	Port Input	1	35914853	38483	4
210119_RL#220_15g	2624	Response	1	35914853	38483	4
210119_RL#220_15g	2624	Port Input	1	35914858	38488	4
210119_RL#220_15g	2624	Response	1	35914858	38488	4
210119_RL#220_15g	2624	Port Input	1	35919761	43391	4
210119_RL#220_15g	2624	Response	1	35919761	43391	4
210119_RL#220_15g	2624	Port Input	1	35919765	43395	4
210119_RL#220_15g	2624	Response	1	35919765	43395	4
210119_RL#220_15g	2624	Port Input	1	35922154	45784	4
210119_RL#220_15g	2624	Response	1	35922154	45784	4
210119_RL#220_15g	2624	Port Input	1	35927754	51384	4
210119_RL#220_15g	2624	Response	1	35927754	51384	4
210119_RL#220_15g	2624	Port Input	1	35941043	64673	4
210119_RL#220_15g	2624	Response	1	35941043	64673	4
210119_RL#220_15g	2624	Port Input	1	35941048	64678	4
210119_RL#220_15g	2624	Response	1	35941048	64678	4
210119_RL#220_15g	2624	Port Input	1	35945839	69469	4
210119_RL#220_15g	2624	Response	1	35945839	69469	4
210119_RL#220_15g	2625	Picture	666	35957092	0	1	20304	2	0	next	false_alarm	14296
210119_RL#220_15g	2625	Port Input	1	35965193	8101	4
210119_RL#220_15g	2625	Response	1	35965193	8101	4
210119_RL#220_15g	2625	Port Input	1	35965197	8105	4
210119_RL#220_15g	2625	Response	1	35965197	8105	4
210119_RL#220_15g	2625	Port Input	1	35972827	15735	4
210119_RL#220_15g	2625	Response	1	35972827	15735	4
210119_RL#220_15g	2626	Picture	777	35977396	0	1	20304	4	0	next	false_alarm	14303
210119_RL#220_15g	2626	Port Input	1	35978290	893	3
210119_RL#220_15g	2626	Response	1	35978290	893	3
210119_RL#220_15g	2626	Port Input	1	35978296	900	4
210119_RL#220_15g	2626	Response	1	35978296	900	4
210119_RL#220_15g	2626	Port Input	1	35978957	1560	4
210119_RL#220_15g	2626	Response	1	35978957	1560	4
210119_RL#220_15g	2626	Port Input	1	35990912	13515	4
210119_RL#220_15g	2626	Response	1	35990912	13515	4
210119_RL#220_15g	2626	Port Input	1	35995171	17775	4
210119_RL#220_15g	2626	Response	1	35995171	17775	4
210119_RL#220_15g	2626	Port Input	1	35995178	17781	4
210119_RL#220_15g	2626	Response	1	35995178	17781	4
210119_RL#220_15g	2626	Manual	1	35997414	20018	NA
210119_RL#220_15g	2627	Sound	2112	35999051	1351	1			0		other	0
210119_RL#220_15g	2627	Port Input	1	36002019	4319	4
210119_RL#220_15g	2627	Response	1	36002019	4319	4
210119_RL#220_15g	2628	Picture	55	36003026	0	3	5326	5	0	next	false_alarm	14320
210119_RL#220_15g	2628	Port Input	1	36005897	2871	4
210119_RL#220_15g	2628	Response	1	36005897	2871	4
210119_RL#220_15g	2629	Picture	10	36008352	0	3	6824	5	0	next	hit	14323
210119_RL#220_15g	2629	Port Input	1	36014884	6532	5
210119_RL#220_15g	2629	Response	1	36014884	6532	5
210119_RL#220_15g	2630	Picture	312	36015176	0	3	499	5	0	next	other	0
210119_RL#220_15g	2630	Port Input	1	36015500	324	4
210119_RL#220_15g	2630	Response	1	36015500	324	4
210119_RL#220_15g	2630	Port Input	1	36015504	328	4
210119_RL#220_15g	2630	Response	1	36015504	328	4
210119_RL#220_15g	2631	Picture	4442	36015675	0	3	80888	3	0	next	false_alarm	14331
210119_RL#220_15g	2631	Port Input	1	36018159	2484	4
210119_RL#220_15g	2631	Response	1	36018159	2484	4
210119_RL#220_15g	2631	Port Input	1	36026798	11123	4
210119_RL#220_15g	2631	Response	1	36026798	11123	4
210119_RL#220_15g	2631	Port Input	1	36029835	14160	5
210119_RL#220_15g	2631	Response	1	36029835	14160	5
210119_RL#220_15g	2631	Port Input	1	36036099	20424	4
210119_RL#220_15g	2631	Response	1	36036099	20424	4
210119_RL#220_15g	2631	Port Input	1	36036103	20428	4
210119_RL#220_15g	2631	Response	1	36036103	20428	4
210119_RL#220_15g	2631	Port Input	1	36036938	21263	4
210119_RL#220_15g	2631	Response	1	36036938	21263	4
210119_RL#220_15g	2631	Port Input	1	36038475	22800	4
210119_RL#220_15g	2631	Response	1	36038475	22800	4
210119_RL#220_15g	2631	Port Input	1	36041831	26157	4
210119_RL#220_15g	2631	Response	1	36041831	26157	4
210119_RL#220_15g	2631	Port Input	1	36049092	33417	4
210119_RL#220_15g	2631	Response	1	36049092	33417	4
210119_RL#220_15g	2631	Port Input	1	36052846	37171	4
210119_RL#220_15g	2631	Response	1	36052846	37171	4
210119_RL#220_15g	2631	Port Input	1	36064399	48724	4
210119_RL#220_15g	2631	Response	1	36064399	48724	4
210119_RL#220_15g	2631	Port Input	1	36068364	52689	4
210119_RL#220_15g	2631	Response	1	36068364	52689	4
210119_RL#220_15g	2631	Port Input	1	36070141	54467	4
210119_RL#220_15g	2631	Response	1	36070141	54467	4
210119_RL#220_15g	2631	Port Input	1	36074813	59138	4
210119_RL#220_15g	2631	Response	1	36074813	59138	4
210119_RL#220_15g	2631	Port Input	1	36074817	59142	4
210119_RL#220_15g	2631	Response	1	36074817	59142	4
210119_RL#220_15g	2631	Port Input	1	36081036	65361	4
210119_RL#220_15g	2631	Response	1	36081036	65361	4
210119_RL#220_15g	2631	Port Input	1	36082031	66356	4
210119_RL#220_15g	2631	Response	1	36082031	66356	4
210119_RL#220_15g	2631	Port Input	1	36082035	66360	4
210119_RL#220_15g	2631	Response	1	36082035	66360	4
210119_RL#220_15g	2631	Port Input	1	36084027	68352	4
210119_RL#220_15g	2631	Response	1	36084027	68352	4
210119_RL#220_15g	2631	Port Input	1	36084424	68750	4
210119_RL#220_15g	2631	Response	1	36084424	68750	4
210119_RL#220_15g	2631	Port Input	1	36085873	70198	5
210119_RL#220_15g	2631	Response	1	36085873	70198	5
210119_RL#220_15g	2631	Port Input	1	36085877	70202	5
210119_RL#220_15g	2631	Response	1	36085877	70202	5
210119_RL#220_15g	2631	Port Input	1	36087178	71503	4
210119_RL#220_15g	2631	Response	1	36087178	71503	4
210119_RL#220_15g	2631	Port Input	1	36088688	73013	4
210119_RL#220_15g	2631	Response	1	36088688	73013	4
210119_RL#220_15g	2631	Port Input	1	36088693	73018	4
210119_RL#220_15g	2631	Response	1	36088693	73018	4
210119_RL#220_15g	2632	Picture	666	36096563	0	1	20304	3	0	next	false_alarm	14386
210119_RL#220_15g	2632	Port Input	1	36096595	31	6
210119_RL#220_15g	2632	Response	1	36096595	31	6
210119_RL#220_15g	2632	Port Input	1	36096610	46	5
210119_RL#220_15g	2632	Response	1	36096610	46	5
210119_RL#220_15g	2632	Port Input	1	36098298	1735	4
210119_RL#220_15g	2632	Response	1	36098298	1735	4
210119_RL#220_15g	2632	Port Input	1	36111801	15238	4
210119_RL#220_15g	2632	Response	1	36111801	15238	4
210119_RL#220_15g	2632	Port Input	1	36112062	15499	4
210119_RL#220_15g	2632	Response	1	36112062	15499	4
210119_RL#220_15g	2633	Picture	777	36116867	0	3	20305	6	0	next	false_alarm	14393
210119_RL#220_15g	2633	Port Input	1	36119057	2190	4
210119_RL#220_15g	2633	Response	1	36119057	2190	4
210119_RL#220_15g	2633	Port Input	1	36119060	2194	4
210119_RL#220_15g	2633	Response	1	36119060	2194	4
210119_RL#220_15g	2633	Port Input	1	36121069	4202	4
210119_RL#220_15g	2633	Response	1	36121069	4202	4
210119_RL#220_15g	2633	Manual	2	36136881	20014	NA
210119_RL#220_15g	2634	Port Input	1	36138288	1117	4
210119_RL#220_15g	2634	Response	1	36138288	1117	4
210119_RL#220_15g	2634	Port Input	1	36138291	1120	4
210119_RL#220_15g	2634	Response	1	36138291	1120	4
210119_RL#220_15g	2634	Port Input	1	36138534	1362	5
210119_RL#220_15g	2634	Response	1	36138534	1362	5
210119_RL#220_15g	2634	Sound	2112	36139051	1880	1			0		other	0
210119_RL#220_15g	2634	Port Input	1	36141142	3970	4
210119_RL#220_15g	2634	Response	1	36141142	3970	4
210119_RL#220_15g	2634	Port Input	1	36141782	4610	4
210119_RL#220_15g	2634	Response	1	36141782	4610	4
210119_RL#220_15g	2635	Picture	55	36142331	0	3	5159	5	0	next	false_alarm	14412
210119_RL#220_15g	2635	Port Input	1	36142528	197	4
210119_RL#220_15g	2635	Response	1	36142528	197	4
210119_RL#220_15g	2635	Port Input	1	36142533	202	4
210119_RL#220_15g	2635	Response	1	36142533	202	4
210119_RL#220_15g	2635	Port Input	1	36144382	2051	3
210119_RL#220_15g	2635	Response	1	36144382	2051	3
210119_RL#220_15g	2635	Port Input	1	36145640	3309	4
210119_RL#220_15g	2635	Response	1	36145640	3309	4
210119_RL#220_15g	2635	Port Input	1	36147118	4787	4
210119_RL#220_15g	2635	Response	1	36147118	4787	4
210119_RL#220_15g	2636	Picture	10	36147491	0	3	1498	5	0	next	hit	14423
210119_RL#220_15g	2636	Port Input	1	36148734	1244	4
210119_RL#220_15g	2636	Response	1	36148734	1244	4
210119_RL#220_15g	2637	Picture	312	36148989	0	3	499	6	0	next	other	0
210119_RL#220_15g	2638	Picture	4442	36149487	0	3	80889	4	0	next	false_alarm	14427
210119_RL#220_15g	2638	Port Input	1	36150528	1041	4
210119_RL#220_15g	2638	Response	1	36150528	1041	4
210119_RL#220_15g	2638	Port Input	1	36154701	5214	4
210119_RL#220_15g	2638	Response	1	36154701	5214	4
210119_RL#220_15g	2638	Port Input	1	36157675	8188	5
210119_RL#220_15g	2638	Response	1	36157675	8188	5
210119_RL#220_15g	2638	Port Input	1	36193582	44094	4
210119_RL#220_15g	2638	Response	1	36193582	44094	4
210119_RL#220_15g	2638	Port Input	1	36193586	44098	4
210119_RL#220_15g	2638	Response	1	36193586	44098	4
210119_RL#220_15g	2638	Port Input	1	36198274	48786	4
210119_RL#220_15g	2638	Response	1	36198274	48786	4
210119_RL#220_15g	2639	Picture	666	36230376	0	1	20303	4	0	next	other	0
210119_RL#220_15g	2640	Picture	777	36250679	0	3	20305	6	0	next	false_alarm	14441
210119_RL#220_15g	2640	Port Input	1	36261796	11117	4
210119_RL#220_15g	2640	Response	1	36261796	11117	4
210119_RL#220_15g	2640	Port Input	1	36261802	11123	4
210119_RL#220_15g	2640	Response	1	36261802	11123	4
210119_RL#220_15g	2640	Port Input	1	36263543	12864	4
210119_RL#220_15g	2640	Response	1	36263543	12864	4
210119_RL#220_15g	2640	Manual	2	36270694	20015	NA
210119_RL#220_15g	2641	Sound	2122	36272052	1067	1			0		other	0
210119_RL#220_15g	2642	Picture	55	36276144	0	3	5159	6	0	next	other	0
210119_RL#220_15g	2643	Picture	10	36281303	0	4	20139	7	0	next	miss	0
210119_RL#220_15g	2644	Picture	452	36301442	0	4	832	7	0	next	other	0
210119_RL#220_15g	2645	Picture	666	36302274	0	4	20307	4	0	next	other	0
210119_RL#220_15g	2646	Picture	777	36322580	0	1	20305	1	0	next	other	0
210119_RL#220_15g	2646	Manual	2	36342595	20015	NA
210119_RL#220_15g	2647	Sound	2122	36344052	1167	1			0		other	0
210119_RL#220_15g	2648	Picture	55	36348211	0	1	5324	4	0	next	other	0
210119_RL#220_15g	2649	Picture	10	36353535	0	3	20306	5	0	next	miss	0
210119_RL#220_15g	2650	Picture	452	36373840	0	3	832	6	0	next	other	0
210119_RL#220_15g	2651	Picture	666	36374672	0	3	20139	6	0	next	other	0
210119_RL#220_15g	2652	Picture	777	36394811	0	3	20139	7	0	next	other	0
210119_RL#220_15g	2652	Manual	2	36414828	20018	NA
210119_RL#220_15g	2653	Sound	2112	36416052	1102	1			0		other	0
210119_RL#220_15g	2653	Port Input	1	36419460	4511	4
210119_RL#220_15g	2653	Response	1	36419460	4511	4
210119_RL#220_15g	2654	Picture	55	36420109	0	4	5159	7	0	next	false_alarm	14466
210119_RL#220_15g	2654	Port Input	1	36420813	704	4
210119_RL#220_15g	2654	Response	1	36420813	704	4
210119_RL#220_15g	2654	Port Input	1	36422220	2111	4
210119_RL#220_15g	2654	Response	1	36422220	2111	4
210119_RL#220_15g	2654	Port Input	1	36423753	3644	5
210119_RL#220_15g	2654	Response	1	36423753	3644	5
210119_RL#220_15g	2655	Picture	10	36425268	0	4	1997	8	0	next	hit	14473
210119_RL#220_15g	2655	Port Input	1	36427121	1853	5
210119_RL#220_15g	2655	Response	1	36427121	1853	5
210119_RL#220_15g	2656	Picture	312	36427265	0	4	500	7	0	next	other	0
210119_RL#220_15g	2657	Picture	4442	36427765	0	3	80888	4	0	next	false_alarm	14477
210119_RL#220_15g	2657	Port Input	1	36431647	3882	4
210119_RL#220_15g	2657	Response	1	36431647	3882	4
210119_RL#220_15g	2657	Port Input	1	36448511	20746	4
210119_RL#220_15g	2657	Response	1	36448511	20746	4
210119_RL#220_15g	2657	Port Input	1	36451410	23645	4
210119_RL#220_15g	2657	Response	1	36451410	23645	4
210119_RL#220_15g	2657	Port Input	1	36466051	38286	4
210119_RL#220_15g	2657	Response	1	36466051	38286	4
210119_RL#220_15g	2658	Picture	666	36508653	0	2	20137	4	0	next	other	0
210119_RL#220_15g	2659	Picture	777	36528790	0	3	20138	7	0	next	other	0
210119_RL#220_15g	2659	Manual	2	36548804	20013	NA
210119_RL#220_15g	2660	Sound	2112	36550052	1123	1			0		other	0
210119_RL#220_15g	2660	Port Input	1	36553087	4158	5
210119_RL#220_15g	2660	Response	1	36553087	4158	5
210119_RL#220_15g	2661	Picture	55	36554256	0	1	5326	1	0	next	false_alarm	14492
210119_RL#220_15g	2661	Port Input	1	36554950	694	4
210119_RL#220_15g	2661	Response	1	36554950	694	4
210119_RL#220_15g	2661	Port Input	1	36556744	2488	5
210119_RL#220_15g	2661	Response	1	36556744	2488	5
210119_RL#220_15g	2662	Picture	10	36559582	0	1	6324	2	0	next	hit	14497
210119_RL#220_15g	2662	Port Input	1	36565529	5947	4
210119_RL#220_15g	2662	Response	1	36565529	5947	4
210119_RL#220_15g	2663	Picture	312	36565906	0	1	666	2	0	next	other	0
210119_RL#220_15g	2664	Picture	4442	36566572	0	1	80553	4	0	next	false_alarm	14501
210119_RL#220_15g	2664	Port Input	1	36567143	571	3
210119_RL#220_15g	2664	Response	1	36567143	571	3
210119_RL#220_15g	2664	Port Input	1	36575308	8736	4
210119_RL#220_15g	2664	Response	1	36575308	8736	4
210119_RL#220_15g	2664	Port Input	1	36575312	8740	4
210119_RL#220_15g	2664	Response	1	36575312	8740	4
210119_RL#220_15g	2665	Picture	666	36647124	0	4	20306	4	0	next	false_alarm	14508
210119_RL#220_15g	2665	Port Input	1	36656399	9274	4
210119_RL#220_15g	2665	Response	1	36656399	9274	4
210119_RL#220_15g	2665	Port Input	1	36656406	9282	4
210119_RL#220_15g	2665	Response	1	36656406	9282	4
210119_RL#220_15g	2665	Port Input	1	36658019	10895	4
210119_RL#220_15g	2665	Response	1	36658019	10895	4
210119_RL#220_15g	2665	Port Input	1	36658023	10899	4
210119_RL#220_15g	2665	Response	1	36658023	10899	4
210119_RL#220_15g	2665	Port Input	1	36661055	13930	5
210119_RL#220_15g	2665	Response	1	36661055	13930	5
210119_RL#220_15g	2665	Port Input	1	36665826	18701	4
210119_RL#220_15g	2665	Response	1	36665826	18701	4
210119_RL#220_15g	2666	Picture	777	36667431	0	1	20305	2	0	next	false_alarm	14521
210119_RL#220_15g	2666	Port Input	1	36671240	3810	4
210119_RL#220_15g	2666	Response	1	36671240	3810	4
210119_RL#220_15g	2666	Port Input	1	36671244	3813	5
210119_RL#220_15g	2666	Response	1	36671244	3813	5
210119_RL#220_15g	2666	Port Input	1	36675181	7750	4
210119_RL#220_15g	2666	Response	1	36675181	7750	4
210119_RL#220_15g	2666	Manual	1	36687446	20015	NA
210119_RL#220_15g	2667	Sound	2122	36689052	1317	1			0		other	0
210119_RL#220_15g	2668	Picture	55	36693061	0	1	5326	2	0	next	other	0
210119_RL#220_15g	2669	Picture	10	36698387	0	1	20304	4	0	next	miss	0
210119_RL#220_15g	2670	Picture	452	36718691	0	3	999	6	0	next	other	0
210119_RL#220_15g	2671	Picture	666	36719689	0	3	20305	6	0	next	other	0
210119_RL#220_15g	2672	Picture	777	36739995	0	3	20139	6	0	next	false_alarm	14534
210119_RL#220_15g	2672	Port Input	1	36751437	11443	4
210119_RL#220_15g	2672	Response	1	36751437	11443	4
210119_RL#220_15g	2672	Port Input	1	36751443	11448	4
210119_RL#220_15g	2672	Response	1	36751443	11448	4
210119_RL#220_15g	2672	Port Input	1	36754790	14796	4
210119_RL#220_15g	2672	Response	1	36754790	14796	4
210119_RL#220_15g	2672	Port Input	1	36754795	14800	4
210119_RL#220_15g	2672	Response	1	36754795	14800	4
210119_RL#220_15g	2672	Manual	1	36760010	20015	NA
210119_RL#220_15g	2673	Sound	2122	36762052	1919	1			0		other	0
210119_RL#220_15g	2673	Port Input	1	36764224	4091	4
210119_RL#220_15g	2673	Response	1	36764224	4091	4
210119_RL#220_15g	2674	Picture	55	36765292	0	4	5160	7	0	next	other	0
210119_RL#220_15g	2675	Picture	10	36770452	0	4	2497	7	0	next	hit	14548
210119_RL#220_15g	2675	Port Input	1	36772782	2330	4
210119_RL#220_15g	2675	Response	1	36772782	2330	4
210119_RL#220_15g	2675	Port Input	1	36772787	2335	10
210119_RL#220_15g	2675	Response	1	36772787	2335	10
210119_RL#220_15g	2676	Picture	352	36772948	0	4	499	7	0	next	other	0
210119_RL#220_15g	2677	Picture	12	36773448	0	4	20306	6	0	next	false_alarm	14554
210119_RL#220_15g	2677	Port Input	1	36779339	5891	4
210119_RL#220_15g	2677	Response	1	36779339	5891	4
210119_RL#220_15g	2677	Port Input	1	36780325	6878	4
210119_RL#220_15g	2677	Response	1	36780325	6878	4
210119_RL#220_15g	2677	Port Input	1	36781354	7906	4
210119_RL#220_15g	2677	Response	1	36781354	7906	4
210119_RL#220_15g	2677	Port Input	1	36782466	9018	6
210119_RL#220_15g	2677	Response	1	36782466	9018	6
210119_RL#220_15g	2677	Port Input	1	36783639	10191	4
210119_RL#220_15g	2677	Response	1	36783639	10191	4
210119_RL#220_15g	2677	Port Input	1	36783642	10195	4
210119_RL#220_15g	2677	Response	1	36783642	10195	4
210119_RL#220_15g	2677	Port Input	1	36784895	11447	4
210119_RL#220_15g	2677	Response	1	36784895	11447	4
210119_RL#220_15g	2677	Port Input	1	36786269	12821	4
210119_RL#220_15g	2677	Response	1	36786269	12821	4
210119_RL#220_15g	2677	Port Input	1	36787760	14313	4
210119_RL#220_15g	2677	Response	1	36787760	14313	4
210119_RL#220_15g	2677	Port Input	1	36789257	15810	4
210119_RL#220_15g	2677	Response	1	36789257	15810	4
210119_RL#220_15g	2677	Port Input	1	36790969	17522	4
210119_RL#220_15g	2677	Response	1	36790969	17522	4
210119_RL#220_15g	2677	Port Input	1	36792975	19528	5
210119_RL#220_15g	2677	Response	1	36792975	19528	5
210119_RL#220_15g	2678	Picture	3521	36793754	0	3	832	3	0	next	other	0
210119_RL#220_15g	2679	Picture	666	36794586	0	1	20305	2	0	next	false_alarm	14580
210119_RL#220_15g	2679	Port Input	1	36794916	330	3
210119_RL#220_15g	2679	Response	1	36794916	330	3
210119_RL#220_15g	2680	Picture	777	36814891	0	1	20304	3	0	next	false_alarm	14583
210119_RL#220_15g	2680	Port Input	1	36832177	17286	4
210119_RL#220_15g	2680	Response	1	36832177	17286	4
210119_RL#220_15g	2680	Manual	1	36834909	20018	NA
210119_RL#220_15g	2681	Sound	2122	36837052	1858	1			0		other	0
210119_RL#220_15g	2681	Port Input	1	36840187	4993	4
210119_RL#220_15g	2681	Response	1	36840187	4993	4
210119_RL#220_15g	2681	Port Input	1	36840192	4998	4
210119_RL#220_15g	2681	Response	1	36840192	4998	4
210119_RL#220_15g	2682	Picture	55	36840520	0	3	5326	6	0	next	false_alarm	14592
210119_RL#220_15g	2682	Port Input	1	36842036	1515	4
210119_RL#220_15g	2682	Response	1	36842036	1515	4
210119_RL#220_15g	2683	Picture	10	36845846	0	3	5992	6	0	next	hit	14595
210119_RL#220_15g	2683	Port Input	1	36851662	5816	4
210119_RL#220_15g	2683	Response	1	36851662	5816	4
210119_RL#220_15g	2683	Port Input	1	36851666	5819	4
210119_RL#220_15g	2683	Response	1	36851666	5819	4
210119_RL#220_15g	2684	Picture	352	36851838	0	3	499	5	0	next	other	0
210119_RL#220_15g	2685	Picture	12	36852337	0	3	20138	6	0	next	false_alarm	14601
210119_RL#220_15g	2685	Port Input	1	36854322	1985	4
210119_RL#220_15g	2685	Response	1	36854322	1985	4
210119_RL#220_15g	2685	Port Input	1	36855337	3000	4
210119_RL#220_15g	2685	Response	1	36855337	3000	4
210119_RL#220_15g	2685	Port Input	1	36856403	4066	4
210119_RL#220_15g	2685	Response	1	36856403	4066	4
210119_RL#220_15g	2685	Port Input	1	36857529	5192	4
210119_RL#220_15g	2685	Response	1	36857529	5192	4
210119_RL#220_15g	2685	Port Input	1	36858699	6362	4
210119_RL#220_15g	2685	Response	1	36858699	6362	4
210119_RL#220_15g	2685	Port Input	1	36859933	7596	4
210119_RL#220_15g	2685	Response	1	36859933	7596	4
210119_RL#220_15g	2685	Port Input	1	36861213	8876	4
210119_RL#220_15g	2685	Response	1	36861213	8876	4
210119_RL#220_15g	2685	Port Input	1	36861217	8880	4
210119_RL#220_15g	2685	Response	1	36861217	8880	4
210119_RL#220_15g	2685	Port Input	1	36862577	10240	3
210119_RL#220_15g	2685	Response	1	36862577	10240	3
210119_RL#220_15g	2685	Port Input	1	36864114	11777	4
210119_RL#220_15g	2685	Response	1	36864114	11777	4
210119_RL#220_15g	2685	Port Input	1	36864119	11782	4
210119_RL#220_15g	2685	Response	1	36864119	11782	4
210119_RL#220_15g	2685	Port Input	1	36865625	13288	4
210119_RL#220_15g	2685	Response	1	36865625	13288	4
210119_RL#220_15g	2685	Port Input	1	36865629	13293	4
210119_RL#220_15g	2685	Response	1	36865629	13293	4
210119_RL#220_15g	2685	Port Input	1	36867209	14872	5
210119_RL#220_15g	2685	Response	1	36867209	14872	5
210119_RL#220_15g	2685	Port Input	1	36867217	14880	5
210119_RL#220_15g	2685	Response	1	36867217	14880	5
210119_RL#220_15g	2685	Port Input	1	36868923	16586	4
210119_RL#220_15g	2685	Response	1	36868923	16586	4
210119_RL#220_15g	2685	Port Input	1	36872329	19992	4
210119_RL#220_15g	2685	Response	1	36872329	19992	4
210119_RL#220_15g	2686	Picture	3521	36872475	0	4	666	7	0	next	other	0
210119_RL#220_15g	2687	Picture	666	36873141	0	3	20139	7	0	next	other	0
210119_RL#220_15g	2688	Picture	777	36893280	0	4	20306	4	0	next	other	0
210119_RL#220_15g	2688	Manual	1	36913293	20013	NA
210119_RL#220_15g	2689	Sound	2112	36915052	1466	1			0		other	0
210119_RL#220_15g	2689	Port Input	1	36916812	3226	4
210119_RL#220_15g	2689	Response	1	36916812	3226	4
210119_RL#220_15g	2689	Port Input	1	36918016	4430	4
210119_RL#220_15g	2689	Response	1	36918016	4430	4
210119_RL#220_15g	2690	Picture	55	36918912	0	1	5326	2	0	next	false_alarm	14645
210119_RL#220_15g	2690	Port Input	1	36919556	644	3
210119_RL#220_15g	2690	Response	1	36919556	644	3
210119_RL#220_15g	2690	Port Input	1	36922170	3258	4
210119_RL#220_15g	2690	Response	1	36922170	3258	4
210119_RL#220_15g	2691	Picture	10	36924238	0	1	20305	2	0	next	miss	0
210119_RL#220_15g	2692	Picture	412	36944542	0	2	833	2	0	next	other	0
210119_RL#220_15g	2693	Picture	666	36945375	0	1	20304	3	0	next	false_alarm	14652
210119_RL#220_15g	2693	Port Input	1	36957464	12089	4
210119_RL#220_15g	2693	Response	1	36957464	12089	4
210119_RL#220_15g	2693	Port Input	1	36958901	13526	3
210119_RL#220_15g	2693	Response	1	36958901	13526	3
210119_RL#220_15g	2693	Port Input	1	36962858	17482	4
210119_RL#220_15g	2693	Response	1	36962858	17482	4
210119_RL#220_15g	2694	Picture	777	36965679	0	3	20305	6	0	next	other	0
210119_RL#220_15g	2694	Manual	2	36985694	20015	NA
210119_RL#220_15g	2695	Sound	2112	36987052	1069	1			0		other	0
210119_RL#220_15g	2695	Port Input	1	36989607	3623	5
210119_RL#220_15g	2695	Response	1	36989607	3623	5
210119_RL#220_15g	2696	Picture	55	36991143	0	3	5159	6	0	next	false_alarm	14664
210119_RL#220_15g	2696	Port Input	1	36991294	151	3
210119_RL#220_15g	2696	Response	1	36991294	151	3
210119_RL#220_15g	2696	Port Input	1	36992911	1768	4
210119_RL#220_15g	2696	Response	1	36992911	1768	4
210119_RL#220_15g	2696	Port Input	1	36992915	1772	5
210119_RL#220_15g	2696	Response	1	36992915	1772	5
210119_RL#220_15g	2697	Picture	10	36996303	0	3	1498	6	0	next	hit	14671
210119_RL#220_15g	2697	Port Input	1	36997557	1255	4
210119_RL#220_15g	2697	Response	1	36997557	1255	4
210119_RL#220_15g	2697	Port Input	1	36997561	1258	4
210119_RL#220_15g	2697	Response	1	36997561	1258	4
210119_RL#220_15g	2698	Picture	312	36997801	0	3	498	6	0	next	other	0
210119_RL#220_15g	2699	Picture	4442	36998299	0	4	80887	7	0	next	false_alarm	14677
210119_RL#220_15g	2699	Port Input	1	37000169	1870	4
210119_RL#220_15g	2699	Response	1	37000169	1870	4
210119_RL#220_15g	2699	Port Input	1	37000173	1874	4
210119_RL#220_15g	2699	Response	1	37000173	1874	4
210119_RL#220_15g	2699	Port Input	1	37009027	10728	4
210119_RL#220_15g	2699	Response	1	37009027	10728	4
210119_RL#220_15g	2699	Port Input	1	37038176	39877	4
210119_RL#220_15g	2699	Response	1	37038176	39877	4
210119_RL#220_15g	2699	Port Input	1	37040864	42565	4
210119_RL#220_15g	2699	Response	1	37040864	42565	4
210119_RL#220_15g	2699	Port Input	1	37043980	45681	4
210119_RL#220_15g	2699	Response	1	37043980	45681	4
210119_RL#220_15g	2700	Picture	666	37079186	0	3	20306	6	0	next	false_alarm	14690
210119_RL#220_15g	2700	Port Input	1	37086148	6962	4
210119_RL#220_15g	2700	Response	1	37086148	6962	4
210119_RL#220_15g	2700	Port Input	1	37087797	8612	5
210119_RL#220_15g	2700	Response	1	37087797	8612	5
210119_RL#220_15g	2701	Picture	777	37099492	0	3	20138	6	0	next	false_alarm	14695
210119_RL#220_15g	2701	Port Input	1	37100332	841	4
210119_RL#220_15g	2701	Response	1	37100332	841	4
210119_RL#220_15g	2701	Port Input	1	37100337	846	4
210119_RL#220_15g	2701	Response	1	37100337	846	4
210119_RL#220_15g	2701	Port Input	1	37102344	2853	4
210119_RL#220_15g	2701	Response	1	37102344	2853	4
210119_RL#220_15g	2701	Port Input	1	37111825	12333	5
210119_RL#220_15g	2701	Response	1	37111825	12333	5
210119_RL#220_15g	2701	Port Input	1	37114703	15212	4
210119_RL#220_15g	2701	Response	1	37114703	15212	4
210119_RL#220_15g	2701	Port Input	1	37114707	15216	4
210119_RL#220_15g	2701	Response	1	37114707	15216	4
210119_RL#220_15g	2701	Manual	1	37119505	20014	NA
210119_RL#220_15g	2702	Sound	2122	37121053	1423	1			0		other	0
210119_RL#220_15g	2702	Port Input	1	37122682	3052	4
210119_RL#220_15g	2702	Response	1	37122682	3052	4
210119_RL#220_15g	2702	Port Input	1	37122687	3057	4
210119_RL#220_15g	2702	Response	1	37122687	3057	4
210119_RL#220_15g	2703	Picture	55	37124789	0	3	5159	7	0	next	other	0
210119_RL#220_15g	2704	Picture	10	37129949	0	4	7323	7	0	next	hit	14715
210119_RL#220_15g	2704	Port Input	1	37137144	7196	4
210119_RL#220_15g	2704	Response	1	37137144	7196	4
210119_RL#220_15g	2704	Port Input	1	37137148	7199	4
210119_RL#220_15g	2704	Response	1	37137148	7199	4
210119_RL#220_15g	2705	Picture	352	37137272	0	4	333	7	0	next	other	0
210119_RL#220_15g	2706	Picture	12	37137605	0	4	20306	4	0	next	false_alarm	14721
210119_RL#220_15g	2706	Port Input	1	37138790	1186	4
210119_RL#220_15g	2706	Response	1	37138790	1186	4
210119_RL#220_15g	2706	Port Input	1	37139846	2242	4
210119_RL#220_15g	2706	Response	1	37139846	2242	4
210119_RL#220_15g	2706	Port Input	1	37140893	3289	3
210119_RL#220_15g	2706	Response	1	37140893	3289	3
210119_RL#220_15g	2706	Port Input	1	37141993	4389	4
210119_RL#220_15g	2706	Response	1	37141993	4389	4
210119_RL#220_15g	2706	Port Input	1	37143202	5597	4
210119_RL#220_15g	2706	Response	1	37143202	5597	4
210119_RL#220_15g	2706	Port Input	1	37144558	6953	4
210119_RL#220_15g	2706	Response	1	37144558	6953	4
210119_RL#220_15g	2706	Port Input	1	37145873	8268	4
210119_RL#220_15g	2706	Response	1	37145873	8268	4
210119_RL#220_15g	2706	Port Input	1	37145877	8272	5
210119_RL#220_15g	2706	Response	1	37145877	8272	5
210119_RL#220_15g	2706	Port Input	1	37147184	9580	4
210119_RL#220_15g	2706	Response	1	37147184	9580	4
210119_RL#220_15g	2706	Port Input	1	37147190	9585	3
210119_RL#220_15g	2706	Response	1	37147190	9585	3
210119_RL#220_15g	2706	Port Input	1	37148557	10952	4
210119_RL#220_15g	2706	Response	1	37148557	10952	4
210119_RL#220_15g	2706	Port Input	1	37150108	12503	4
210119_RL#220_15g	2706	Response	1	37150108	12503	4
210119_RL#220_15g	2706	Port Input	1	37150111	12507	4
210119_RL#220_15g	2706	Response	1	37150111	12507	4
210119_RL#220_15g	2706	Port Input	1	37151528	13923	4
210119_RL#220_15g	2706	Response	1	37151528	13923	4
210119_RL#220_15g	2706	Port Input	1	37153077	15473	4
210119_RL#220_15g	2706	Response	1	37153077	15473	4
210119_RL#220_15g	2706	Port Input	1	37153080	15476	3
210119_RL#220_15g	2706	Response	1	37153080	15476	3
210119_RL#220_15g	2707	Picture	3521	37157911	0	1	666	2	0	next	other	0
210119_RL#220_15g	2708	Picture	666	37158577	0	1	20305	2	0	next	false_alarm	14755
210119_RL#220_15g	2708	Port Input	1	37173066	14489	4
210119_RL#220_15g	2708	Response	1	37173066	14489	4
210119_RL#220_15g	2708	Port Input	1	37174831	16254	4
210119_RL#220_15g	2708	Response	1	37174831	16254	4
210119_RL#220_15g	2708	Port Input	1	37176642	18065	4
210119_RL#220_15g	2708	Response	1	37176642	18065	4
210119_RL#220_15g	2709	Picture	777	37178881	0	1	20303	4	0	next	other	0
210119_RL#220_15g	2709	Manual	1	37198901	20019	NA
210119_RL#220_15g	2710	Sound	2112	37201053	1868	1			0		other	0
210119_RL#220_15g	2710	Port Input	1	37202792	3608	4
210119_RL#220_15g	2710	Response	1	37202792	3608	4
210119_RL#220_15g	2710	Port Input	1	37202796	3611	4
210119_RL#220_15g	2710	Response	1	37202796	3611	4
210119_RL#220_15g	2710	Port Input	1	37204010	4825	4
210119_RL#220_15g	2710	Response	1	37204010	4825	4
210119_RL#220_15g	2711	Picture	55	37204345	0	3	5159	6	0	next	false_alarm	14771
210119_RL#220_15g	2711	Port Input	1	37205751	1407	4
210119_RL#220_15g	2711	Response	1	37205751	1407	4
210119_RL#220_15g	2711	Port Input	1	37208279	3935	4
210119_RL#220_15g	2711	Response	1	37208279	3935	4
210119_RL#220_15g	2712	Picture	10	37209504	0	4	20139	6	0	next	miss	0
210119_RL#220_15g	2713	Picture	412	37229642	0	3	832	6	0	next	other	0
210119_RL#220_15g	2713	Port Input	1	37229718	75	278
210119_RL#220_15g	2713	Response	1	37229718	75	278
210119_RL#220_15g	2714	Picture	666	37230474	0	4	20138	7	0	next	false_alarm	14780
210119_RL#220_15g	2714	Port Input	1	37233795	3321	4
210119_RL#220_15g	2714	Response	1	37233795	3321	4
210119_RL#220_15g	2714	Port Input	1	37236279	5805	4
210119_RL#220_15g	2714	Response	1	37236279	5805	4
210119_RL#220_15g	2714	Port Input	1	37238104	7629	4
210119_RL#220_15g	2714	Response	1	37238104	7629	4
210119_RL#220_15g	2714	Port Input	1	37240701	10226	4
210119_RL#220_15g	2714	Response	1	37240701	10226	4
210119_RL#220_15g	2714	Port Input	1	37244800	14326	4
210119_RL#220_15g	2714	Response	1	37244800	14326	4
210119_RL#220_15g	2715	Picture	777	37250613	0	4	20307	4	0	next	other	0
210119_RL#220_15g	2715	Manual	2	37270627	20015	NA
210119_RL#220_15g	2716	Sound	2122	37272053	1133	1			0		other	0
210119_RL#220_15g	2716	Port Input	1	37273896	2976	4
210119_RL#220_15g	2716	Response	1	37273896	2976	4
210119_RL#220_15g	2716	Port Input	1	37273899	2980	4
210119_RL#220_15g	2716	Response	1	37273899	2980	4
210119_RL#220_15g	2717	Picture	55	37276245	0	1	5326	2	0	next	false_alarm	14798
210119_RL#220_15g	2717	Port Input	1	37277915	1669	4
210119_RL#220_15g	2717	Response	1	37277915	1669	4
210119_RL#220_15g	2718	Picture	10	37281571	0	1	5326	1	0	next	hit	14801
210119_RL#220_15g	2718	Port Input	1	37286540	4969	4
210119_RL#220_15g	2718	Response	1	37286540	4969	4
210119_RL#220_15g	2718	Port Input	1	37286544	4973	4
210119_RL#220_15g	2718	Response	1	37286544	4973	4
210119_RL#220_15g	2719	Picture	352	37286897	0	1	666	1	0	next	other	0
210119_RL#220_15g	2720	Picture	12	37287563	0	1	20304	3	0	next	false_alarm	14807
210119_RL#220_15g	2720	Port Input	1	37289968	2405	4
210119_RL#220_15g	2720	Response	1	37289968	2405	4
210119_RL#220_15g	2720	Port Input	1	37290911	3348	5
210119_RL#220_15g	2720	Response	1	37290911	3348	5
210119_RL#220_15g	2720	Port Input	1	37291962	4399	4
210119_RL#220_15g	2720	Response	1	37291962	4399	4
210119_RL#220_15g	2720	Port Input	1	37293107	5544	4
210119_RL#220_15g	2720	Response	1	37293107	5544	4
210119_RL#220_15g	2720	Port Input	1	37294250	6687	4
210119_RL#220_15g	2720	Response	1	37294250	6687	4
210119_RL#220_15g	2720	Port Input	1	37295449	7886	4
210119_RL#220_15g	2720	Response	1	37295449	7886	4
210119_RL#220_15g	2720	Port Input	1	37296768	9205	4
210119_RL#220_15g	2720	Response	1	37296768	9205	4
210119_RL#220_15g	2720	Port Input	1	37298020	10457	4
210119_RL#220_15g	2720	Response	1	37298020	10457	4
210119_RL#220_15g	2720	Port Input	1	37299285	11722	5
210119_RL#220_15g	2720	Response	1	37299285	11722	5
210119_RL#220_15g	2720	Port Input	1	37300741	13178	4
210119_RL#220_15g	2720	Response	1	37300741	13178	4
210119_RL#220_15g	2720	Port Input	1	37300744	13182	4
210119_RL#220_15g	2720	Response	1	37300744	13182	4
210119_RL#220_15g	2720	Port Input	1	37302313	14751	4
210119_RL#220_15g	2720	Response	1	37302313	14751	4
210119_RL#220_15g	2720	Port Input	1	37304061	16498	4
210119_RL#220_15g	2720	Response	1	37304061	16498	4
210119_RL#220_15g	2720	Port Input	1	37304065	16502	4
210119_RL#220_15g	2720	Response	1	37304065	16502	4
210119_RL#220_15g	2721	Picture	3521	37307866	0	3	665	5	0	next	other	0
210119_RL#220_15g	2722	Picture	666	37308532	0	3	20305	6	0	next	false_alarm	14837
210119_RL#220_15g	2722	Port Input	1	37311877	3345	4
210119_RL#220_15g	2722	Response	1	37311877	3345	4
210119_RL#220_15g	2723	Picture	777	37328837	0	3	20138	7	0	next	other	0
210119_RL#220_15g	2723	Manual	1	37348850	20013	NA
210119_RL#220_15g	2724	Sound	2122	37350053	1078	1			0		other	0
210119_RL#220_15g	2724	Port Input	1	37351661	2686	4
210119_RL#220_15g	2724	Response	1	37351661	2686	4
210119_RL#220_15g	2724	Port Input	1	37353226	4251	4
210119_RL#220_15g	2724	Response	1	37353226	4251	4
210119_RL#220_15g	2725	Picture	55	37354135	0	3	5160	6	0	next	false_alarm	14847
210119_RL#220_15g	2725	Port Input	1	37356149	2014	4
210119_RL#220_15g	2725	Response	1	37356149	2014	4
210119_RL#220_15g	2725	Port Input	1	37358888	4753	4
210119_RL#220_15g	2725	Response	1	37358888	4753	4
210119_RL#220_15g	2726	Picture	10	37359295	0	3	3994	6	0	next	hit	14852
210119_RL#220_15g	2726	Port Input	1	37363101	3806	4
210119_RL#220_15g	2726	Response	1	37363101	3806	4
210119_RL#220_15g	2727	Picture	352	37363288	0	4	499	7	0	next	other	0
210119_RL#220_15g	2728	Picture	12	37363788	0	4	20307	5	0	next	false_alarm	14856
210119_RL#220_15g	2728	Port Input	1	37365951	2163	4
210119_RL#220_15g	2728	Response	1	37365951	2163	4
210119_RL#220_15g	2728	Port Input	1	37365954	2167	4
210119_RL#220_15g	2728	Response	1	37365954	2167	4
210119_RL#220_15g	2728	Port Input	1	37367009	3221	4
210119_RL#220_15g	2728	Response	1	37367009	3221	4
210119_RL#220_15g	2728	Port Input	1	37368077	4289	5
210119_RL#220_15g	2728	Response	1	37368077	4289	5
210119_RL#220_15g	2728	Port Input	1	37369234	5447	4
210119_RL#220_15g	2728	Response	1	37369234	5447	4
210119_RL#220_15g	2728	Port Input	1	37370462	6674	4
210119_RL#220_15g	2728	Response	1	37370462	6674	4
210119_RL#220_15g	2728	Port Input	1	37371683	7896	6
210119_RL#220_15g	2728	Response	1	37371683	7896	6
210119_RL#220_15g	2728	Port Input	1	37372985	9197	4
210119_RL#220_15g	2728	Response	1	37372985	9197	4
210119_RL#220_15g	2728	Port Input	1	37374283	10496	4
210119_RL#220_15g	2728	Response	1	37374283	10496	4
210119_RL#220_15g	2728	Port Input	1	37374287	10499	4
210119_RL#220_15g	2728	Response	1	37374287	10499	4
210119_RL#220_15g	2728	Port Input	1	37375612	11825	4
210119_RL#220_15g	2728	Response	1	37375612	11825	4
210119_RL#220_15g	2728	Port Input	1	37375616	11828	4
210119_RL#220_15g	2728	Response	1	37375616	11828	4
210119_RL#220_15g	2728	Port Input	1	37377023	13236	4
210119_RL#220_15g	2728	Response	1	37377023	13236	4
210119_RL#220_15g	2728	Port Input	1	37377027	13240	4
210119_RL#220_15g	2728	Response	1	37377027	13240	4
210119_RL#220_15g	2728	Port Input	1	37378475	14687	4
210119_RL#220_15g	2728	Response	1	37378475	14687	4
210119_RL#220_15g	2728	Port Input	1	37380039	16252	4
210119_RL#220_15g	2728	Response	1	37380039	16252	4
210119_RL#220_15g	2728	Port Input	1	37380043	16255	4
210119_RL#220_15g	2728	Response	1	37380043	16255	4
210119_RL#220_15g	2728	Port Input	1	37383335	19547	4
210119_RL#220_15g	2728	Response	1	37383335	19547	4
210119_RL#220_15g	2729	Picture	3521	37384094	0	1	832	2	0	next	other	0
210119_RL#220_15g	2730	Picture	666	37384927	0	1	20305	1	0	next	false_alarm	14894
210119_RL#220_15g	2730	Port Input	1	37385107	181	4
210119_RL#220_15g	2730	Response	1	37385107	181	4
210119_RL#220_15g	2730	Port Input	1	37385110	184	3
210119_RL#220_15g	2730	Response	1	37385110	184	3
210119_RL#220_15g	2730	Port Input	1	37388371	3444	4
210119_RL#220_15g	2730	Response	1	37388371	3444	4
210119_RL#220_15g	2730	Port Input	1	37390070	5144	4
210119_RL#220_15g	2730	Response	1	37390070	5144	4
210119_RL#220_15g	2730	Port Input	1	37390074	5148	6
210119_RL#220_15g	2730	Response	1	37390074	5148	6
210119_RL#220_15g	2731	Picture	777	37405231	0	1	20304	3	0	next	other	0
210119_RL#220_15g	2731	Manual	2	37425246	20014	NA
210119_RL#220_15g	2732	Sound	2112	37427053	1518	1			0		other	0
210119_RL#220_15g	2732	Port Input	1	37428557	3022	4
210119_RL#220_15g	2732	Response	1	37428557	3022	4
210119_RL#220_15g	2732	Port Input	1	37429911	4376	4
210119_RL#220_15g	2732	Response	1	37429911	4376	4
210119_RL#220_15g	2733	Picture	55	37430861	0	3	5326	5	0	next	false_alarm	14912
210119_RL#220_15g	2733	Port Input	1	37431567	706	3
210119_RL#220_15g	2733	Response	1	37431567	706	3
210119_RL#220_15g	2733	Port Input	1	37433319	2459	4
210119_RL#220_15g	2733	Response	1	37433319	2459	4
210119_RL#220_15g	2733	Port Input	1	37433323	2462	4
210119_RL#220_15g	2733	Response	1	37433323	2462	4
210119_RL#220_15g	2734	Picture	10	37436187	0	3	2163	5	0	next	hit	14919
210119_RL#220_15g	2734	Port Input	1	37438171	1984	4
210119_RL#220_15g	2734	Response	1	37438171	1984	4
210119_RL#220_15g	2735	Picture	312	37438350	0	3	499	6	0	next	other	0
210119_RL#220_15g	2736	Picture	4442	37438849	0	3	80722	4	0	next	false_alarm	14923
210119_RL#220_15g	2736	Port Input	1	37445179	6330	4
210119_RL#220_15g	2736	Response	1	37445179	6330	4
210119_RL#220_15g	2736	Port Input	1	37446892	8043	4
210119_RL#220_15g	2736	Response	1	37446892	8043	4
210119_RL#220_15g	2736	Port Input	1	37453848	14999	4
210119_RL#220_15g	2736	Response	1	37453848	14999	4
210119_RL#220_15g	2736	Port Input	1	37453852	15003	4
210119_RL#220_15g	2736	Response	1	37453852	15003	4
210119_RL#220_15g	2736	Port Input	1	37478435	39586	5
210119_RL#220_15g	2736	Response	1	37478435	39586	5
210119_RL#220_15g	2736	Port Input	1	37508610	69761	4
210119_RL#220_15g	2736	Response	1	37508610	69761	4
210119_RL#220_15g	2736	Port Input	1	37509745	70896	5
210119_RL#220_15g	2736	Response	1	37509745	70896	5
210119_RL#220_15g	2736	Port Input	1	37511603	72754	4
210119_RL#220_15g	2736	Response	1	37511603	72754	4
210119_RL#220_15g	2736	Port Input	1	37515875	77026	4
210119_RL#220_15g	2736	Response	1	37515875	77026	4
210119_RL#220_15g	2737	Picture	666	37519571	0	1	20305	2	0	next	false_alarm	14942
210119_RL#220_15g	2737	Port Input	1	37527247	7675	4
210119_RL#220_15g	2737	Response	1	37527247	7675	4
210119_RL#220_15g	2737	Port Input	1	37539042	19471	4
210119_RL#220_15g	2737	Response	1	37539042	19471	4
210119_RL#220_15g	2738	Picture	777	37539876	0	1	20304	4	0	next	other	0
210119_RL#220_15g	2738	Manual	1	37559894	20018	NA
210119_RL#220_15g	2739	Sound	2112	37562053	1873	1			0		other	0
210119_RL#220_15g	2739	Port Input	1	37564442	4262	4
210119_RL#220_15g	2739	Response	1	37564442	4262	4
210119_RL#220_15g	2740	Picture	55	37565340	0	3	5159	5	0	next	false_alarm	14952
210119_RL#220_15g	2740	Port Input	1	37566373	1034	4
210119_RL#220_15g	2740	Response	1	37566373	1034	4
210119_RL#220_15g	2740	Port Input	1	37566377	1037	4
210119_RL#220_15g	2740	Response	1	37566377	1037	4
210119_RL#220_15g	2741	Picture	10	37570499	0	3	1331	5	0	next	hit	14957
210119_RL#220_15g	2741	Port Input	1	37571517	1018	6
210119_RL#220_15g	2741	Response	1	37571517	1018	6
210119_RL#220_15g	2742	Picture	312	37571830	0	3	501	4	0	next	other	0
210119_RL#220_15g	2743	Picture	4442	37572331	0	2	80721	2	0	next	false_alarm	14961
210119_RL#220_15g	2743	Port Input	1	37573459	1129	4
210119_RL#220_15g	2743	Response	1	37573459	1129	4
210119_RL#220_15g	2743	Port Input	1	37575983	3652	4
210119_RL#220_15g	2743	Response	1	37575983	3652	4
210119_RL#220_15g	2743	Port Input	1	37575987	3656	4
210119_RL#220_15g	2743	Response	1	37575987	3656	4
210119_RL#220_15g	2743	Port Input	1	37578100	5769	4
210119_RL#220_15g	2743	Response	1	37578100	5769	4
210119_RL#220_15g	2743	Port Input	1	37578105	5774	4
210119_RL#220_15g	2743	Response	1	37578105	5774	4
210119_RL#220_15g	2743	Port Input	1	37602050	29719	4
210119_RL#220_15g	2743	Response	1	37602050	29719	4
210119_RL#220_15g	2743	Port Input	1	37625679	53348	4
210119_RL#220_15g	2743	Response	1	37625679	53348	4
210119_RL#220_15g	2743	Port Input	1	37625682	53352	4
210119_RL#220_15g	2743	Response	1	37625682	53352	4
210119_RL#220_15g	2743	Port Input	1	37631419	59088	4
210119_RL#220_15g	2743	Response	1	37631419	59088	4
210119_RL#220_15g	2743	Port Input	1	37633553	61222	4
210119_RL#220_15g	2743	Response	1	37633553	61222	4
210119_RL#220_15g	2743	Port Input	1	37639203	66872	4
210119_RL#220_15g	2743	Response	1	37639203	66872	4
210119_RL#220_15g	2743	Port Input	1	37639207	66876	4
210119_RL#220_15g	2743	Response	1	37639207	66876	4
210119_RL#220_15g	2743	Port Input	1	37642716	70385	5
210119_RL#220_15g	2743	Response	1	37642716	70385	5
210119_RL#220_15g	2743	Port Input	1	37648106	75776	4
210119_RL#220_15g	2743	Response	1	37648106	75776	4
210119_RL#220_15g	2743	Port Input	1	37649503	77173	4
210119_RL#220_15g	2743	Response	1	37649503	77173	4
210119_RL#220_15g	2743	Port Input	1	37652635	80304	185
210119_RL#220_15g	2743	Response	1	37652635	80304	185
210119_RL#220_15g	2744	Picture	666	37653051	0	1	20303	3	0	next	other	0
210119_RL#220_15g	2745	Picture	777	37673355	0	3	20305	6	0	next	false_alarm	14995
210119_RL#220_15g	2745	Port Input	1	37686227	12873	4
210119_RL#220_15g	2745	Response	1	37686227	12873	4
210119_RL#220_15g	2745	Port Input	1	37686231	12877	4
210119_RL#220_15g	2745	Response	1	37686231	12877	4
210119_RL#220_15g	2745	Port Input	1	37688340	14985	4
210119_RL#220_15g	2745	Response	1	37688340	14985	4
210119_RL#220_15g	2745	Port Input	1	37690322	16967	4
210119_RL#220_15g	2745	Response	1	37690322	16967	4
210119_RL#220_15g	2745	Manual	1	37693368	20014	NA
210119_RL#220_15g	2746	Port Input	1	37694494	835	3
210119_RL#220_15g	2746	Response	1	37694494	835	3
210119_RL#220_15g	2746	Port Input	1	37694497	838	4
210119_RL#220_15g	2746	Response	1	37694497	838	4
210119_RL#220_15g	2746	Sound	2122	37695053	1393	1			0		other	0
210119_RL#220_15g	2746	Port Input	1	37698035	4375	4
210119_RL#220_15g	2746	Response	1	37698035	4375	4
210119_RL#220_15g	2747	Picture	55	37698819	0	3	5160	6	0	next	other	0
210119_RL#220_15g	2748	Picture	10	37703979	0	3	20139	6	0	next	miss	0
210119_RL#220_15g	2749	Picture	452	37724117	0	3	999	6	0	next	other	0
210119_RL#220_15g	2750	Picture	666	37725116	0	3	20306	4	0	next	false_alarm	15015
210119_RL#220_15g	2750	Port Input	1	37727615	2500	5
210119_RL#220_15g	2750	Response	1	37727615	2500	5
210119_RL#220_15g	2750	Port Input	1	37730803	5688	4
210119_RL#220_15g	2750	Response	1	37730803	5688	4
210119_RL#220_15g	2750	Port Input	1	37730808	5693	4
210119_RL#220_15g	2750	Response	1	37730808	5693	4
210119_RL#220_15g	2750	Port Input	1	37734898	9783	4
210119_RL#220_15g	2750	Response	1	37734898	9783	4
210119_RL#220_15g	2750	Port Input	1	37739395	14279	4
210119_RL#220_15g	2750	Response	1	37739395	14279	4
210119_RL#220_15g	2750	Port Input	1	37741030	15914	4
210119_RL#220_15g	2750	Response	1	37741030	15914	4
210119_RL#220_15g	2751	Picture	777	37745422	0	1	20305	2	0	next	other	0
210119_RL#220_15g	2751	Manual	1	37765435	20013	NA
210119_RL#220_15g	2752	Sound	2122	37767053	1327	1			0		other	0
210119_RL#220_15g	2752	Port Input	1	37769156	3429	4
210119_RL#220_15g	2752	Response	1	37769156	3429	4
210119_RL#220_15g	2753	Picture	55	37771053	0	1	5326	1	0	next	other	0
210119_RL#220_15g	2754	Picture	10	37776379	0	1	20304	3	0	next	miss	0
210119_RL#220_15g	2755	Picture	452	37796682	0	3	832	5	0	next	other	0
210119_RL#220_15g	2756	Picture	666	37797514	0	3	20139	6	0	next	false_alarm	15036
210119_RL#220_15g	2756	Port Input	1	37800695	3181	4
210119_RL#220_15g	2756	Response	1	37800695	3181	4
210119_RL#220_15g	2756	Port Input	1	37802068	4554	4
210119_RL#220_15g	2756	Response	1	37802068	4554	4
210119_RL#220_15g	2756	Port Input	1	37802072	4558	4
210119_RL#220_15g	2756	Response	1	37802072	4558	4
210119_RL#220_15g	2756	Port Input	1	37804175	6661	4
210119_RL#220_15g	2756	Response	1	37804175	6661	4
210119_RL#220_15g	2756	Port Input	1	37813301	15788	4
210119_RL#220_15g	2756	Response	1	37813301	15788	4
210119_RL#220_15g	2756	Port Input	1	37813308	15794	4
210119_RL#220_15g	2756	Response	1	37813308	15794	4
210119_RL#220_15g	2757	Picture	777	37817653	0	3	20139	6	0	next	other	0
210119_RL#220_15g	2757	Manual	1	37837667	20015	NA
210119_RL#220_15g	2758	Sound	2112	37839053	1262	1			0		other	0
210119_RL#220_15g	2758	Port Input	1	37841564	3773	4
210119_RL#220_15g	2758	Response	1	37841564	3773	4
210119_RL#220_15g	2758	Port Input	1	37841568	3776	5
210119_RL#220_15g	2758	Response	1	37841568	3776	5
210119_RL#220_15g	2759	Picture	55	37842951	0	4	5160	7	0	next	false_alarm	15056
210119_RL#220_15g	2759	Port Input	1	37843227	276	4
210119_RL#220_15g	2759	Response	1	37843227	276	4
210119_RL#220_15g	2759	Port Input	1	37845356	2406	4
210119_RL#220_15g	2759	Response	1	37845356	2406	4
210119_RL#220_15g	2760	Picture	10	37848110	0	4	833	5	0	next	hit	15061
210119_RL#220_15g	2760	Port Input	1	37848720	610	4
210119_RL#220_15g	2760	Response	1	37848720	610	4
210119_RL#220_15g	2760	Port Input	1	37848841	731	5
210119_RL#220_15g	2760	Response	1	37848841	731	5
210119_RL#220_15g	2760	Port Input	1	37848846	736	6
210119_RL#220_15g	2760	Response	1	37848846	736	6
210119_RL#220_15g	2761	Picture	312	37848944	0	2	498	5	0	next	other	0
210119_RL#220_15g	2762	Picture	4442	37849441	0	4	80720	7	0	next	false_alarm	15069
210119_RL#220_15g	2762	Port Input	1	37860087	10646	4
210119_RL#220_15g	2762	Response	1	37860087	10646	4
210119_RL#220_15g	2762	Port Input	1	37860091	10650	4
210119_RL#220_15g	2762	Response	1	37860091	10650	4
210119_RL#220_15g	2762	Port Input	1	37863331	13890	4
210119_RL#220_15g	2762	Response	1	37863331	13890	4
210119_RL#220_15g	2762	Port Input	1	37891416	41974	4
210119_RL#220_15g	2762	Response	1	37891416	41974	4
210119_RL#220_15g	2762	Port Input	1	37891421	41980	4
210119_RL#220_15g	2762	Response	1	37891421	41980	4
210119_RL#220_15g	2762	Port Input	1	37923475	74034	4
210119_RL#220_15g	2762	Response	1	37923475	74034	4
210119_RL#220_15g	2762	Port Input	1	37923479	74038	4
210119_RL#220_15g	2762	Response	1	37923479	74038	4
210119_RL#220_15g	2762	Port Input	1	37923482	74041	3
210119_RL#220_15g	2762	Response	1	37923482	74041	3
210119_RL#220_15g	2763	Picture	666	37930162	0	3	20139	6	0	next	false_alarm	15086
210119_RL#220_15g	2763	Port Input	1	37939390	9229	4
210119_RL#220_15g	2763	Response	1	37939390	9229	4
210119_RL#220_15g	2763	Port Input	1	37939393	9232	4
210119_RL#220_15g	2763	Response	1	37939393	9232	4
210119_RL#220_15g	2763	Port Input	1	37941119	10958	4
210119_RL#220_15g	2763	Response	1	37941119	10958	4
210119_RL#220_15g	2763	Port Input	1	37941123	10962	4
210119_RL#220_15g	2763	Response	1	37941123	10962	4
210119_RL#220_15g	2763	Port Input	1	37949342	19181	4
210119_RL#220_15g	2763	Response	1	37949342	19181	4
210119_RL#220_15g	2764	Picture	777	37950300	0	4	20138	7	0	next	false_alarm	15097
210119_RL#220_15g	2764	Port Input	1	37950710	410	5
210119_RL#220_15g	2764	Response	1	37950710	410	5
210119_RL#220_15g	2764	Port Input	1	37950715	415	5
210119_RL#220_15g	2764	Response	1	37950715	415	5
210119_RL#220_15g	2764	Manual	2	37970317	20017	NA
210119_RL#220_15g	2765	Sound	2112	37972054	1615	1			0		other	0
210119_RL#220_15g	2766	Picture	55	37975598	0	4	5327	4	0	next	false_alarm	15104
210119_RL#220_15g	2766	Port Input	1	37978213	2615	4
210119_RL#220_15g	2766	Response	1	37978213	2615	4
210119_RL#220_15g	2767	Picture	10	37980926	0	1	20305	2	0	next	miss	0
210119_RL#220_15g	2768	Picture	412	38001231	0	1	832	1	0	next	other	0
210119_RL#220_15g	2769	Picture	666	38002063	0	1	20304	3	0	next	false_alarm	15109
210119_RL#220_15g	2769	Port Input	1	38010581	8518	4
210119_RL#220_15g	2769	Response	1	38010581	8518	4
210119_RL#220_15g	2769	Port Input	1	38012093	10030	4
210119_RL#220_15g	2769	Response	1	38012093	10030	4
210119_RL#220_15g	2769	Port Input	1	38021692	19629	4
210119_RL#220_15g	2769	Response	1	38021692	19629	4
210119_RL#220_15g	2770	Picture	777	38022366	0	3	20305	5	0	next	false_alarm	15116
210119_RL#220_15g	2770	Port Input	1	38030254	7888	8
210119_RL#220_15g	2770	Response	1	38030254	7888	8
210119_RL#220_15g	2770	Manual	1	38042382	20015	NA
210119_RL#220_15g	2771	Sound	2122	38044054	1382	1			0		other	0
210119_RL#220_15g	2772	Picture	55	38047831	0	3	5159	6	0	next	other	0
210119_RL#220_15g	2773	Picture	10	38052990	0	3	19973	6	0	next	hit	15122
210119_RL#220_15g	2773	Port Input	1	38072766	19776	5
210119_RL#220_15g	2773	Response	1	38072766	19776	5
210119_RL#220_15g	2774	Picture	352	38072962	0	3	501	5	0	next	other	0
210119_RL#220_15g	2775	Picture	12	38073463	0	2	20137	6	0	next	false_alarm	15126
210119_RL#220_15g	2775	Port Input	1	38075658	2195	5
210119_RL#220_15g	2775	Response	1	38075658	2195	5
210119_RL#220_15g	2775	Port Input	1	38076550	3087	4
210119_RL#220_15g	2775	Response	1	38076550	3087	4
210119_RL#220_15g	2775	Port Input	1	38076554	3091	5
210119_RL#220_15g	2775	Response	1	38076554	3091	5
210119_RL#220_15g	2775	Port Input	1	38077573	4110	4
210119_RL#220_15g	2775	Response	1	38077573	4110	4
210119_RL#220_15g	2775	Port Input	1	38077577	4113	4
210119_RL#220_15g	2775	Response	1	38077577	4113	4
210119_RL#220_15g	2775	Port Input	1	38078611	5148	4
210119_RL#220_15g	2775	Response	1	38078611	5148	4
210119_RL#220_15g	2775	Port Input	1	38079728	6265	4
210119_RL#220_15g	2775	Response	1	38079728	6265	4
210119_RL#220_15g	2775	Port Input	1	38080889	7426	4
210119_RL#220_15g	2775	Response	1	38080889	7426	4
210119_RL#220_15g	2775	Port Input	1	38082102	8639	4
210119_RL#220_15g	2775	Response	1	38082102	8639	4
210119_RL#220_15g	2775	Port Input	1	38083315	9852	4
210119_RL#220_15g	2775	Response	1	38083315	9852	4
210119_RL#220_15g	2775	Port Input	1	38084790	11327	4
210119_RL#220_15g	2775	Response	1	38084790	11327	4
210119_RL#220_15g	2775	Port Input	1	38086266	12803	5
210119_RL#220_15g	2775	Response	1	38086266	12803	5
210119_RL#220_15g	2775	Port Input	1	38089590	16127	5
210119_RL#220_15g	2775	Response	1	38089590	16127	5
210119_RL#220_15g	2776	Picture	3521	38093600	0	4	833	7	0	next	other	0
210119_RL#220_15g	2777	Picture	666	38094432	0	3	20306	4	0	next	false_alarm	15154
210119_RL#220_15g	2777	Port Input	1	38103721	9289	4
210119_RL#220_15g	2777	Response	1	38103721	9289	4
210119_RL#220_15g	2777	Port Input	1	38105207	10775	4
210119_RL#220_15g	2777	Response	1	38105207	10775	4
210119_RL#220_15g	2778	Picture	777	38114738	0	1	20305	2	0	next	false_alarm	15159
210119_RL#220_15g	2778	Port Input	1	38116232	1493	4
210119_RL#220_15g	2778	Response	1	38116232	1493	4
210119_RL#220_15g	2778	Manual	2	38134751	20013	NA
210119_RL#220_15g	2779	Sound	2112	38136054	1011	1			0		other	0
210119_RL#220_15g	2779	Port Input	1	38138300	3257	5
210119_RL#220_15g	2779	Response	1	38138300	3257	5
210119_RL#220_15g	2779	Port Input	1	38139817	4774	4
210119_RL#220_15g	2779	Response	1	38139817	4774	4
210119_RL#220_15g	2780	Picture	55	38140368	0	3	5326	5	0	next	other	0
210119_RL#220_15g	2781	Picture	10	38145693	0	3	14979	5	0	next	hit	15169
210119_RL#220_15g	2781	Port Input	1	38160358	14665	4
210119_RL#220_15g	2781	Response	1	38160358	14665	4
210119_RL#220_15g	2782	Picture	312	38160672	0	3	333	5	0	next	other	0
210119_RL#220_15g	2783	Picture	4442	38161006	0	3	80721	4	0	next	false_alarm	15173
210119_RL#220_15g	2783	Port Input	1	38187141	26135	4
210119_RL#220_15g	2783	Response	1	38187141	26135	4
210119_RL#220_15g	2783	Port Input	1	38191692	30686	4
210119_RL#220_15g	2783	Response	1	38191692	30686	4
210119_RL#220_15g	2783	Port Input	1	38191696	30690	4
210119_RL#220_15g	2783	Response	1	38191696	30690	4
210119_RL#220_15g	2783	Port Input	1	38195048	34042	5
210119_RL#220_15g	2783	Response	1	38195048	34042	5
210119_RL#220_15g	2783	Port Input	1	38198375	37370	5
210119_RL#220_15g	2783	Response	1	38198375	37370	5
210119_RL#220_15g	2783	Port Input	1	38198383	37377	4
210119_RL#220_15g	2783	Response	1	38198383	37377	4
210119_RL#220_15g	2783	Port Input	1	38212918	51912	4
210119_RL#220_15g	2783	Response	1	38212918	51912	4
210119_RL#220_15g	2783	Port Input	1	38214672	53667	4
210119_RL#220_15g	2783	Response	1	38214672	53667	4
210119_RL#220_15g	2783	Port Input	1	38214676	53670	4
210119_RL#220_15g	2783	Response	1	38214676	53670	4
210119_RL#220_15g	2784	Picture	666	38241727	0	1	20304	3	0	next	false_alarm	15192
210119_RL#220_15g	2784	Port Input	1	38246041	4314	4
210119_RL#220_15g	2784	Response	1	38246041	4314	4
210119_RL#220_15g	2784	Port Input	1	38247278	5552	4
210119_RL#220_15g	2784	Response	1	38247278	5552	4
210119_RL#220_15g	2784	Port Input	1	38247282	5555	4
210119_RL#220_15g	2784	Response	1	38247282	5555	4
210119_RL#220_15g	2784	Port Input	1	38251532	9805	4
210119_RL#220_15g	2784	Response	1	38251532	9805	4
210119_RL#220_15g	2784	Port Input	1	38255365	13638	3
210119_RL#220_15g	2784	Response	1	38255365	13638	3
210119_RL#220_15g	2785	Picture	777	38262031	0	3	20305	5	0	next	false_alarm	15203
210119_RL#220_15g	2785	Port Input	1	38281360	19329	4
210119_RL#220_15g	2785	Response	1	38281360	19329	4
210119_RL#220_15g	2785	Manual	1	38282044	20014	NA
210119_RL#220_15g	2786	Sound	2122	38284054	1718	1			0		other	0
210119_RL#220_15g	2786	Port Input	1	38287045	4709	3
210119_RL#220_15g	2786	Response	1	38287045	4709	3
210119_RL#220_15g	2786	Port Input	1	38287048	4712	4
210119_RL#220_15g	2786	Response	1	38287048	4712	4
210119_RL#220_15g	2787	Picture	55	38287495	0	3	5160	6	0	next	other	0
210119_RL#220_15g	2788	Picture	10	38292655	0	3	20138	6	0	next	miss	0
210119_RL#220_15g	2789	Picture	452	38312793	0	4	998	7	0	next	other	0
210119_RL#220_15g	2790	Picture	666	38313791	0	4	20307	4	0	next	false_alarm	15215
210119_RL#220_15g	2790	Port Input	1	38322053	8261	4
210119_RL#220_15g	2790	Response	1	38322053	8261	4
210119_RL#220_15g	2790	Port Input	1	38324737	10946	4
210119_RL#220_15g	2790	Response	1	38324737	10946	4
210119_RL#220_15g	2790	Port Input	1	38324743	10951	4
210119_RL#220_15g	2790	Response	1	38324743	10951	4
210119_RL#220_15g	2791	Picture	777	38334098	0	1	20305	1	0	next	false_alarm	15222
210119_RL#220_15g	2791	Port Input	1	38335002	904	4
210119_RL#220_15g	2791	Response	1	38335002	904	4
210119_RL#220_15g	2791	Port Input	1	38336485	2387	4
210119_RL#220_15g	2791	Response	1	38336485	2387	4
210119_RL#220_15g	2791	Manual	2	38354115	20017	NA
210119_RL#220_15g	2792	Sound	2122	38356054	1651	1			0		other	0
210119_RL#220_15g	2792	Port Input	1	38358509	4106	4
210119_RL#220_15g	2792	Response	1	38358509	4106	4
210119_RL#220_15g	2793	Picture	55	38359729	0	1	5326	2	0	next	other	0
210119_RL#220_15g	2794	Picture	10	38365054	0	1	14645	4	0	next	hit	15232
210119_RL#220_15g	2794	Port Input	1	38379429	14375	4
210119_RL#220_15g	2794	Response	1	38379429	14375	4
210119_RL#220_15g	2795	Picture	352	38379699	0	3	499	5	0	next	other	0
210119_RL#220_15g	2796	Picture	12	38380198	0	3	20305	6	0	next	false_alarm	15236
210119_RL#220_15g	2796	Port Input	1	38382658	2459	4
210119_RL#220_15g	2796	Response	1	38382658	2459	4
210119_RL#220_15g	2796	Port Input	1	38383475	3276	4
210119_RL#220_15g	2796	Response	1	38383475	3276	4
210119_RL#220_15g	2796	Port Input	1	38384440	4242	4
210119_RL#220_15g	2796	Response	1	38384440	4242	4
210119_RL#220_15g	2796	Port Input	1	38385492	5294	4
210119_RL#220_15g	2796	Response	1	38385492	5294	4
210119_RL#220_15g	2796	Port Input	1	38386611	6413	4
210119_RL#220_15g	2796	Response	1	38386611	6413	4
210119_RL#220_15g	2796	Port Input	1	38387763	7565	4
210119_RL#220_15g	2796	Response	1	38387763	7565	4
210119_RL#220_15g	2796	Port Input	1	38388964	8766	4
210119_RL#220_15g	2796	Response	1	38388964	8766	4
210119_RL#220_15g	2796	Port Input	1	38390338	10139	5
210119_RL#220_15g	2796	Response	1	38390338	10139	5
210119_RL#220_15g	2796	Port Input	1	38391850	11652	4
210119_RL#220_15g	2796	Response	1	38391850	11652	4
210119_RL#220_15g	2796	Port Input	1	38393453	13254	4
210119_RL#220_15g	2796	Response	1	38393453	13254	4
210119_RL#220_15g	2796	Port Input	1	38396789	16591	4
210119_RL#220_15g	2796	Response	1	38396789	16591	4
210119_RL#220_15g	2796	Port Input	1	38398425	18227	4
210119_RL#220_15g	2796	Response	1	38398425	18227	4
210119_RL#220_15g	2796	Port Input	1	38400084	19886	4
210119_RL#220_15g	2796	Response	1	38400084	19886	4
210119_RL#220_15g	2796	Port Input	1	38400088	19889	4
210119_RL#220_15g	2796	Response	1	38400088	19889	4
210119_RL#220_15g	2797	Picture	3521	38400503	0	3	666	6	0	next	other	0
210119_RL#220_15g	2798	Picture	666	38401169	0	3	20140	5	0	next	false_alarm	15266
210119_RL#220_15g	2798	Port Input	1	38401709	540	6
210119_RL#220_15g	2798	Response	1	38401709	540	6
210119_RL#220_15g	2798	Port Input	1	38406652	5483	4
210119_RL#220_15g	2798	Response	1	38406652	5483	4
210119_RL#220_15g	2799	Picture	777	38421309	0	2	20137	5	0	next	other	0
210119_RL#220_15g	2799	Manual	1	38441323	20014	NA
210119_RL#220_15g	2800	Sound	2112	38443054	1608	1			0		other	0
210119_RL#220_15g	2800	Port Input	1	38445005	3558	5
210119_RL#220_15g	2800	Response	1	38445005	3558	5
210119_RL#220_15g	2801	Picture	55	38446606	0	4	5327	4	0	next	false_alarm	15276
210119_RL#220_15g	2801	Port Input	1	38446742	137	4
210119_RL#220_15g	2801	Response	1	38446742	137	4
210119_RL#220_15g	2802	Picture	10	38451933	0	1	8488	2	0	next	hit	15279
210119_RL#220_15g	2802	Port Input	1	38460171	8238	4
210119_RL#220_15g	2802	Response	1	38460171	8238	4
210119_RL#220_15g	2803	Picture	312	38460421	0	1	500	2	0	next	other	0
210119_RL#220_15g	2804	Picture	4442	38460921	0	1	80885	4	0	next	false_alarm	15283
210119_RL#220_15g	2804	Port Input	1	38463023	2102	4
210119_RL#220_15g	2804	Response	1	38463023	2102	4
210119_RL#220_15g	2804	Port Input	1	38466439	5518	4
210119_RL#220_15g	2804	Response	1	38466439	5518	4
210119_RL#220_15g	2804	Port Input	1	38466444	5523	3
210119_RL#220_15g	2804	Response	1	38466444	5523	3
210119_RL#220_15g	2804	Port Input	1	38470665	9744	4
210119_RL#220_15g	2804	Response	1	38470665	9744	4
210119_RL#220_15g	2804	Port Input	1	38482950	22029	3
210119_RL#220_15g	2804	Response	1	38482950	22029	3
210119_RL#220_15g	2804	Port Input	1	38482956	22035	4
210119_RL#220_15g	2804	Response	1	38482956	22035	4
210119_RL#220_15g	2804	Port Input	1	38494618	33697	5
210119_RL#220_15g	2804	Response	1	38494618	33697	5
210119_RL#220_15g	2804	Port Input	1	38494624	33703	4
210119_RL#220_15g	2804	Response	1	38494624	33703	4
210119_RL#220_15g	2804	Port Input	1	38526162	65242	4
210119_RL#220_15g	2804	Response	1	38526162	65242	4
210119_RL#220_15g	2804	Port Input	1	38527916	66995	4
210119_RL#220_15g	2804	Response	1	38527916	66995	4
210119_RL#220_15g	2805	Picture	666	38541805	0	4	20139	7	0	next	false_alarm	15304
210119_RL#220_15g	2805	Port Input	1	38554379	12573	4
210119_RL#220_15g	2805	Response	1	38554379	12573	4
210119_RL#220_15g	2805	Port Input	1	38557799	15993	3
210119_RL#220_15g	2805	Response	1	38557799	15993	3
210119_RL#220_15g	2805	Port Input	1	38557806	16000	4
210119_RL#220_15g	2805	Response	1	38557806	16000	4
210119_RL#220_15g	2806	Picture	777	38561944	0	4	20306	4	0	next	false_alarm	15311
210119_RL#220_15g	2806	Port Input	1	38579799	17855	4
210119_RL#220_15g	2806	Response	1	38579799	17855	4
210119_RL#220_15g	2806	Port Input	1	38579803	17859	4
210119_RL#220_15g	2806	Response	1	38579803	17859	4
210119_RL#220_15g	2806	Port Input	1	38581741	19797	4
210119_RL#220_15g	2806	Response	1	38581741	19797	4
210119_RL#220_15g	2806	Port Input	1	38581746	19801	4
210119_RL#220_15g	2806	Response	1	38581746	19801	4
210119_RL#220_15g	2806	Manual	2	38581956	20012	NA
210119_RL#220_15g	2807	Sound	2122	38584054	1804	1			0		other	0
210119_RL#220_15g	2807	Port Input	1	38585501	3251	4
210119_RL#220_15g	2807	Response	1	38585501	3251	4
210119_RL#220_15g	2807	Port Input	1	38585505	3254	4
210119_RL#220_15g	2807	Response	1	38585505	3254	4
210119_RL#220_15g	2808	Picture	55	38587576	0	1	5326	1	0	next	other	0
210119_RL#220_15g	2809	Picture	10	38592902	0	1	20304	3	0	next	miss	0
210119_RL#220_15g	2810	Picture	452	38613206	0	3	999	4	0	next	other	0
210119_RL#220_15g	2811	Picture	666	38614205	0	2	20305	5	0	next	false_alarm	15329
210119_RL#220_15g	2811	Port Input	1	38616276	2071	3
210119_RL#220_15g	2811	Response	1	38616276	2071	3
210119_RL#220_15g	2812	Picture	777	38634509	0	3	20305	6	0	next	false_alarm	15332
210119_RL#220_15g	2812	Port Input	1	38651956	17447	4
210119_RL#220_15g	2812	Response	1	38651956	17447	4
210119_RL#220_15g	2812	Manual	2	38654523	20013	NA
210119_RL#220_15g	2812	Port Input	1	38654663	20154	6
210119_RL#220_15g	2812	Response	1	38654663	20154	6
210119_RL#220_15g	2813	Sound	2112	38656054	1240	1			0		other	0
210119_RL#220_15g	2814	Picture	55	38659974	0	3	5159	7	0	next	other	0
210119_RL#220_15g	2815	Picture	10	38665133	0	4	20139	7	0	next	miss	0
210119_RL#220_15g	2816	Picture	412	38685272	0	4	666	7	0	next	other	0
210119_RL#220_15g	2817	Picture	666	38685938	0	3	20306	4	0	next	false_alarm	15342
210119_RL#220_15g	2817	Port Input	1	38688098	2160	4
210119_RL#220_15g	2817	Response	1	38688098	2160	4
210119_RL#220_15g	2817	Port Input	1	38691069	5132	5
210119_RL#220_15g	2817	Response	1	38691069	5132	5
210119_RL#220_15g	2817	Port Input	1	38691075	5138	4
210119_RL#220_15g	2817	Response	1	38691075	5138	4
210119_RL#220_15g	2817	Port Input	1	38696277	10339	4
210119_RL#220_15g	2817	Response	1	38696277	10339	4
210119_RL#220_15g	2817	Port Input	1	38696282	10344	4
210119_RL#220_15g	2817	Response	1	38696282	10344	4
210119_RL#220_15g	2818	Picture	777	38706244	0	1	20305	2	0	next	false_alarm	15353
210119_RL#220_15g	2818	Port Input	1	38723396	17153	4
210119_RL#220_15g	2818	Response	1	38723396	17153	4
210119_RL#220_15g	2818	Port Input	1	38723401	17158	4
210119_RL#220_15g	2818	Response	1	38723401	17158	4
210119_RL#220_15g	2818	Manual	1	38726262	20018	NA
210119_RL#220_15g	2819	Sound	2122	38728054	1506	1			0		other	0
210119_RL#220_15g	2819	Port Input	1	38730003	3455	4
210119_RL#220_15g	2819	Response	1	38730003	3455	4
210119_RL#220_15g	2820	Picture	55	38731873	0	2	5325	4	0	next	false_alarm	15362
210119_RL#220_15g	2820	Port Input	1	38731978	104	4
210119_RL#220_15g	2820	Response	1	38731978	104	4
210119_RL#220_15g	2821	Picture	10	38737199	0	3	5326	5	0	next	hit	15365
210119_RL#220_15g	2821	Port Input	1	38742325	5126	5
210119_RL#220_15g	2821	Response	1	38742325	5126	5
210119_RL#220_15g	2822	Picture	352	38742525	0	3	500	5	0	next	other	0
210119_RL#220_15g	2823	Picture	12	38743024	0	3	20304	6	0	next	false_alarm	15369
210119_RL#220_15g	2823	Port Input	1	38745021	1996	4
210119_RL#220_15g	2823	Response	1	38745021	1996	4
210119_RL#220_15g	2823	Port Input	1	38745951	2926	4
210119_RL#220_15g	2823	Response	1	38745951	2926	4
210119_RL#220_15g	2823	Port Input	1	38746972	3948	4
210119_RL#220_15g	2823	Response	1	38746972	3948	4
210119_RL#220_15g	2823	Port Input	1	38748103	5078	4
210119_RL#220_15g	2823	Response	1	38748103	5078	4
210119_RL#220_15g	2823	Port Input	1	38749240	6215	4
210119_RL#220_15g	2823	Response	1	38749240	6215	4
210119_RL#220_15g	2823	Port Input	1	38750443	7418	4
210119_RL#220_15g	2823	Response	1	38750443	7418	4
210119_RL#220_15g	2823	Port Input	1	38751781	8757	4
210119_RL#220_15g	2823	Response	1	38751781	8757	4
210119_RL#220_15g	2823	Port Input	1	38753208	10183	4
210119_RL#220_15g	2823	Response	1	38753208	10183	4
210119_RL#220_15g	2823	Port Input	1	38761779	18755	5
210119_RL#220_15g	2823	Response	1	38761779	18755	5
210119_RL#220_15g	2824	Picture	3521	38763329	0	3	666	6	0	next	other	0
210119_RL#220_15g	2825	Picture	666	38763995	0	3	20139	6	0	next	false_alarm	15389
210119_RL#220_15g	2825	Port Input	1	38764710	716	3
210119_RL#220_15g	2825	Response	1	38764710	716	3
210119_RL#220_15g	2825	Port Input	1	38771017	7022	4
210119_RL#220_15g	2825	Response	1	38771017	7022	4
210119_RL#220_15g	2826	Picture	777	38784134	0	3	20138	7	0	next	other	0
210119_RL#220_15g	2826	Manual	1	38804147	20013	NA
210119_RL#220_15g	2827	Sound	2122	38806054	1783	1			0		other	0
210119_RL#220_15g	2828	Picture	55	38809599	0	1	5326	2	0	next	false_alarm	15397
210119_RL#220_15g	2828	Port Input	1	38812716	3117	4
210119_RL#220_15g	2828	Response	1	38812716	3117	4
210119_RL#220_15g	2829	Picture	10	38814925	0	1	1498	2	0	next	hit	15400
210119_RL#220_15g	2829	Port Input	1	38816138	1213	4
210119_RL#220_15g	2829	Response	1	38816138	1213	4
210119_RL#220_15g	2830	Picture	352	38816423	0	1	499	2	0	next	other	0
210119_RL#220_15g	2831	Picture	12	38816922	0	1	20305	1	0	next	false_alarm	15404
210119_RL#220_15g	2831	Port Input	1	38818983	2061	5
210119_RL#220_15g	2831	Response	1	38818983	2061	5
210119_RL#220_15g	2831	Port Input	1	38819914	2992	4
210119_RL#220_15g	2831	Response	1	38819914	2992	4
210119_RL#220_15g	2831	Port Input	1	38819918	2996	4
210119_RL#220_15g	2831	Response	1	38819918	2996	4
210119_RL#220_15g	2831	Port Input	1	38820962	4040	4
210119_RL#220_15g	2831	Response	1	38820962	4040	4
210119_RL#220_15g	2831	Port Input	1	38822057	5134	5
210119_RL#220_15g	2831	Response	1	38822057	5134	5
210119_RL#220_15g	2831	Port Input	1	38823273	6350	4
210119_RL#220_15g	2831	Response	1	38823273	6350	4
210119_RL#220_15g	2831	Port Input	1	38823276	6354	4
210119_RL#220_15g	2831	Response	1	38823276	6354	4
210119_RL#220_15g	2831	Port Input	1	38824525	7602	4
210119_RL#220_15g	2831	Response	1	38824525	7602	4
210119_RL#220_15g	2831	Port Input	1	38825814	8892	4
210119_RL#220_15g	2831	Response	1	38825814	8892	4
210119_RL#220_15g	2831	Port Input	1	38827133	10211	4
210119_RL#220_15g	2831	Response	1	38827133	10211	4
210119_RL#220_15g	2831	Port Input	1	38828557	11635	4
210119_RL#220_15g	2831	Response	1	38828557	11635	4
210119_RL#220_15g	2831	Port Input	1	38828561	11639	4
210119_RL#220_15g	2831	Response	1	38828561	11639	4
210119_RL#220_15g	2832	Picture	3521	38837227	0	1	832	1	0	next	other	0
210119_RL#220_15g	2833	Picture	666	38838059	0	1	20304	3	0	next	false_alarm	15430
210119_RL#220_15g	2833	Port Input	1	38839693	1634	4
210119_RL#220_15g	2833	Response	1	38839693	1634	4
210119_RL#220_15g	2834	Picture	777	38858363	0	3	20305	5	0	next	other	0
210119_RL#220_15g	2834	Manual	1	38878376	20013	NA
210119_RL#220_15g	2835	Sound	2112	38880055	1387	1			0		other	0
210119_RL#220_15g	2835	Port Input	1	38883094	4426	4
210119_RL#220_15g	2835	Response	1	38883094	4426	4
210119_RL#220_15g	2835	Port Input	1	38883098	4430	4
210119_RL#220_15g	2835	Response	1	38883098	4430	4
210119_RL#220_15g	2836	Picture	55	38883827	0	3	5159	6	0	next	other	0
210119_RL#220_15g	2837	Picture	10	38888986	0	3	1165	6	0	next	hit	15441
210119_RL#220_15g	2837	Port Input	1	38889943	956	4
210119_RL#220_15g	2837	Response	1	38889943	956	4
210119_RL#220_15g	2838	Picture	312	38890152	0	3	499	6	0	next	other	0
210119_RL#220_15g	2839	Picture	4442	38890651	0	3	80886	5	0	next	false_alarm	15445
210119_RL#220_15g	2839	Port Input	1	38894962	4311	5
210119_RL#220_15g	2839	Response	1	38894962	4311	5
210119_RL#220_15g	2839	Port Input	1	38896533	5882	4
210119_RL#220_15g	2839	Response	1	38896533	5882	4
210119_RL#220_15g	2839	Port Input	1	38900686	10035	4
210119_RL#220_15g	2839	Response	1	38900686	10035	4
210119_RL#220_15g	2839	Port Input	1	38909480	18829	4
210119_RL#220_15g	2839	Response	1	38909480	18829	4
210119_RL#220_15g	2839	Port Input	1	38925479	34828	4
210119_RL#220_15g	2839	Response	1	38925479	34828	4
210119_RL#220_15g	2839	Port Input	1	38946043	55392	4
210119_RL#220_15g	2839	Response	1	38946043	55392	4
210119_RL#220_15g	2839	Port Input	1	38954015	63364	4
210119_RL#220_15g	2839	Response	1	38954015	63364	4
210119_RL#220_15g	2839	Port Input	1	38954021	63370	4
210119_RL#220_15g	2839	Response	1	38954021	63370	4
210119_RL#220_15g	2839	Port Input	1	38956580	65929	4
210119_RL#220_15g	2839	Response	1	38956580	65929	4
210119_RL#220_15g	2839	Port Input	1	38956583	65932	4
210119_RL#220_15g	2839	Response	1	38956583	65932	4
210119_RL#220_15g	2840	Picture	666	38971537	0	3	20305	6	0	next	other	0
210119_RL#220_15g	2840	Port Input	1	38991582	20045	8
210119_RL#220_15g	2840	Response	1	38991582	20045	8
210119_RL#220_15g	2841	Picture	777	38991842	0	3	20305	6	0	next	false_alarm	15469
210119_RL#220_15g	2841	Port Input	1	38993260	1418	4
210119_RL#220_15g	2841	Response	1	38993260	1418	4
210119_RL#220_15g	2841	Port Input	1	38996970	5128	4
210119_RL#220_15g	2841	Response	1	38996970	5128	4
210119_RL#220_15g	2841	Port Input	1	39008104	16262	4
210119_RL#220_15g	2841	Response	1	39008104	16262	4
210119_RL#220_15g	2841	Port Input	1	39008108	16266	4
210119_RL#220_15g	2841	Response	1	39008108	16266	4
210119_RL#220_15g	2841	Port Input	1	39009788	17946	4
210119_RL#220_15g	2841	Response	1	39009788	17946	4
210119_RL#220_15g	2841	Manual	1	39011855	20013	NA
210119_RL#220_15g	2842	Port Input	1	39012848	701	3
210119_RL#220_15g	2842	Response	1	39012848	701	3
210119_RL#220_15g	2842	Port Input	1	39012854	707	3
210119_RL#220_15g	2842	Response	1	39012854	707	3
210119_RL#220_15g	2842	Sound	2112	39014055	1907	1			0		other	0
210119_RL#220_15g	2843	Picture	55	39017307	0	3	5159	7	0	next	other	0
210119_RL#220_15g	2844	Picture	10	39022466	0	4	15479	7	0	next	hit	15487
210119_RL#220_15g	2844	Port Input	1	39037707	15241	5
210119_RL#220_15g	2844	Response	1	39037707	15241	5
210119_RL#220_15g	2844	Port Input	1	39037711	15245	4
210119_RL#220_15g	2844	Response	1	39037711	15245	4
210119_RL#220_15g	2845	Picture	312	39037945	0	4	499	7	0	next	other	0
210119_RL#220_15g	2846	Picture	4442	39038444	0	4	80720	7	0	next	false_alarm	15493
210119_RL#220_15g	2846	Port Input	1	39064223	25779	4
210119_RL#220_15g	2846	Response	1	39064223	25779	4
210119_RL#220_15g	2846	Port Input	1	39065956	27512	4
210119_RL#220_15g	2846	Response	1	39065956	27512	4
210119_RL#220_15g	2846	Port Input	1	39065960	27516	4
210119_RL#220_15g	2846	Response	1	39065960	27516	4
210119_RL#220_15g	2846	Port Input	1	39065963	27519	4
210119_RL#220_15g	2846	Response	1	39065963	27519	4
210119_RL#220_15g	2846	Port Input	1	39073879	35435	4
210119_RL#220_15g	2846	Response	1	39073879	35435	4
210119_RL#220_15g	2846	Port Input	1	39076589	38145	4
210119_RL#220_15g	2846	Response	1	39076589	38145	4
210119_RL#220_15g	2846	Port Input	1	39094821	56377	4
210119_RL#220_15g	2846	Response	1	39094821	56377	4
210119_RL#220_15g	2846	Port Input	1	39094828	56384	4
210119_RL#220_15g	2846	Response	1	39094828	56384	4
210119_RL#220_15g	2846	Port Input	1	39096796	58352	4
210119_RL#220_15g	2846	Response	1	39096796	58352	4
210119_RL#220_15g	2846	Port Input	1	39105154	66710	4
210119_RL#220_15g	2846	Response	1	39105154	66710	4
210119_RL#220_15g	2846	Port Input	1	39105159	66715	4
210119_RL#220_15g	2846	Response	1	39105159	66715	4
210119_RL#220_15g	2847	Picture	666	39119164	0	3	20139	7	0	next	false_alarm	15516
210119_RL#220_15g	2847	Port Input	1	39121694	2531	4
210119_RL#220_15g	2847	Response	1	39121694	2531	4
210119_RL#220_15g	2847	Port Input	1	39121700	2536	4
210119_RL#220_15g	2847	Response	1	39121700	2536	4
210119_RL#220_15g	2847	Port Input	1	39124832	5668	4
210119_RL#220_15g	2847	Response	1	39124832	5668	4
210119_RL#220_15g	2847	Port Input	1	39124837	5673	4
210119_RL#220_15g	2847	Response	1	39124837	5673	4
210119_RL#220_15g	2847	Port Input	1	39126724	7560	4
210119_RL#220_15g	2847	Response	1	39126724	7560	4
210119_RL#220_15g	2847	Port Input	1	39126727	7564	4
210119_RL#220_15g	2847	Response	1	39126727	7564	4
210119_RL#220_15g	2847	Port Input	1	39130121	10957	4
210119_RL#220_15g	2847	Response	1	39130121	10957	4
210119_RL#220_15g	2847	Port Input	1	39130125	10961	4
210119_RL#220_15g	2847	Response	1	39130125	10961	4
210119_RL#220_15g	2847	Port Input	1	39132182	13018	4
210119_RL#220_15g	2847	Response	1	39132182	13018	4
210119_RL#220_15g	2847	Port Input	1	39132186	13022	4
210119_RL#220_15g	2847	Response	1	39132186	13022	4
210119_RL#220_15g	2848	Picture	777	39139303	0	4	20139	7	0	next	false_alarm	15537
210119_RL#220_15g	2848	Port Input	1	39154936	15633	4
210119_RL#220_15g	2848	Response	1	39154936	15633	4
210119_RL#220_15g	2848	Port Input	1	39154940	15637	4
210119_RL#220_15g	2848	Response	1	39154940	15637	4
210119_RL#220_15g	2848	Manual	2	39159318	20015	NA
210119_RL#220_15g	2849	Sound	2122	39161055	1613	1			0		other	0
210119_RL#220_15g	2849	Port Input	1	39163252	3810	4
210119_RL#220_15g	2849	Response	1	39163252	3810	4
210119_RL#220_15g	2849	Port Input	1	39163257	3816	4
210119_RL#220_15g	2849	Response	1	39163257	3816	4
210119_RL#220_15g	2850	Picture	55	39164602	0	2	5326	3	0	next	other	0
210119_RL#220_15g	2851	Picture	10	39169928	0	1	20305	1	0	next	miss	0
210119_RL#220_15g	2852	Picture	452	39190233	0	1	998	1	0	next	other	0
210119_RL#220_15g	2853	Picture	666	39191231	0	1	20304	3	0	next	false_alarm	15551
210119_RL#220_15g	2853	Port Input	1	39191976	745	3
210119_RL#220_15g	2853	Response	1	39191976	745	3
210119_RL#220_15g	2853	Port Input	1	39201971	10740	4
210119_RL#220_15g	2853	Response	1	39201971	10740	4
210119_RL#220_15g	2853	Port Input	1	39210909	19677	5
210119_RL#220_15g	2853	Response	1	39210909	19677	5
210119_RL#220_15g	2854	Picture	777	39211535	0	2	20305	5	0	next	false_alarm	15558
210119_RL#220_15g	2854	Port Input	1	39219759	8223	4
210119_RL#220_15g	2854	Response	1	39219759	8223	4
210119_RL#220_15g	2854	Port Input	1	39219762	8227	4
210119_RL#220_15g	2854	Response	1	39219762	8227	4
210119_RL#220_15g	2854	Port Input	1	39224606	13071	4
210119_RL#220_15g	2854	Response	1	39224606	13071	4
210119_RL#220_15g	2854	Port Input	1	39224610	13074	4
210119_RL#220_15g	2854	Response	1	39224610	13074	4
210119_RL#220_15g	2854	Port Input	1	39226458	14923	4
210119_RL#220_15g	2854	Response	1	39226458	14923	4
210119_RL#220_15g	2854	Manual	2	39231550	20015	NA
210119_RL#220_15g	2855	Sound	2112	39233055	1215	1			0		other	0
210119_RL#220_15g	2855	Port Input	1	39235267	3427	4
210119_RL#220_15g	2855	Response	1	39235267	3427	4
210119_RL#220_15g	2855	Port Input	1	39235270	3430	4
210119_RL#220_15g	2855	Response	1	39235270	3430	4
210119_RL#220_15g	2855	Port Input	1	39236879	5039	5
210119_RL#220_15g	2855	Response	1	39236879	5039	5
210119_RL#220_15g	2856	Picture	55	39236999	0	3	5160	6	0	next	false_alarm	15577
210119_RL#220_15g	2856	Port Input	1	39241175	4175	4
210119_RL#220_15g	2856	Response	1	39241175	4175	4
210119_RL#220_15g	2856	Port Input	1	39241180	4180	4
210119_RL#220_15g	2856	Response	1	39241180	4180	4
210119_RL#220_15g	2857	Picture	10	39242159	0	3	666	6	0	next	hit	15582
210119_RL#220_15g	2857	Port Input	1	39242679	520	4
210119_RL#220_15g	2857	Response	1	39242679	520	4
210119_RL#220_15g	2858	Picture	312	39242825	0	3	500	5	0	next	other	0
210119_RL#220_15g	2859	Picture	4442	39243324	0	3	80721	3	0	next	false_alarm	15586
210119_RL#220_15g	2859	Port Input	1	39275212	31888	4
210119_RL#220_15g	2859	Response	1	39275212	31888	4
210119_RL#220_15g	2859	Port Input	1	39275218	31893	4
210119_RL#220_15g	2859	Response	1	39275218	31893	4
210119_RL#220_15g	2859	Port Input	1	39305031	61706	4
210119_RL#220_15g	2859	Response	1	39305031	61706	4
210119_RL#220_15g	2859	Port Input	1	39305034	61710	4
210119_RL#220_15g	2859	Response	1	39305034	61710	4
210119_RL#220_15g	2859	Port Input	1	39310534	67209	4
210119_RL#220_15g	2859	Response	1	39310534	67209	4
210119_RL#220_15g	2859	Port Input	1	39310537	67213	4
210119_RL#220_15g	2859	Response	1	39310537	67213	4
210119_RL#220_15g	2860	Picture	666	39324046	0	1	20303	4	0	next	false_alarm	15599
210119_RL#220_15g	2860	Port Input	1	39327211	3166	4
210119_RL#220_15g	2860	Response	1	39327211	3166	4
210119_RL#220_15g	2860	Port Input	1	39334098	10052	4
210119_RL#220_15g	2860	Response	1	39334098	10052	4
210119_RL#220_15g	2860	Port Input	1	39337951	13906	4
210119_RL#220_15g	2860	Response	1	39337951	13906	4
210119_RL#220_15g	2861	Picture	777	39344349	0	3	20305	6	0	next	other	0
210119_RL#220_15g	2861	Manual	2	39364364	20015	NA
210119_RL#220_15g	2862	Sound	2112	39366055	1401	1			0		other	0
210119_RL#220_15g	2862	Port Input	1	39368472	3818	3
210119_RL#220_15g	2862	Response	1	39368472	3818	3
210119_RL#220_15g	2863	Picture	55	39369813	0	4	5160	7	0	next	false_alarm	15611
210119_RL#220_15g	2863	Port Input	1	39372080	2267	4
210119_RL#220_15g	2863	Response	1	39372080	2267	4
210119_RL#220_15g	2863	Port Input	1	39372084	2271	4
210119_RL#220_15g	2863	Response	1	39372084	2271	4
210119_RL#220_15g	2864	Picture	10	39374973	0	4	20139	7	0	next	miss	0
210119_RL#220_15g	2865	Picture	412	39395112	0	4	831	7	0	next	other	0
210119_RL#220_15g	2866	Picture	666	39395943	0	4	20307	5	0	next	false_alarm	15618
210119_RL#220_15g	2866	Port Input	1	39399672	3729	4
210119_RL#220_15g	2866	Response	1	39399672	3729	4
210119_RL#220_15g	2866	Port Input	1	39399677	3734	5
210119_RL#220_15g	2866	Response	1	39399677	3734	5
210119_RL#220_15g	2866	Port Input	1	39401065	5122	4
210119_RL#220_15g	2866	Response	1	39401065	5122	4
210119_RL#220_15g	2866	Port Input	1	39401071	5128	3
210119_RL#220_15g	2866	Response	1	39401071	5128	3
210119_RL#220_15g	2866	Port Input	1	39403601	7658	4
210119_RL#220_15g	2866	Response	1	39403601	7658	4
210119_RL#220_15g	2866	Port Input	1	39403604	7661	4
210119_RL#220_15g	2866	Response	1	39403604	7661	4
210119_RL#220_15g	2867	Picture	777	39416250	0	1	20305	2	0	next	false_alarm	15631
210119_RL#220_15g	2867	Port Input	1	39424219	7969	5
210119_RL#220_15g	2867	Response	1	39424219	7969	5
210119_RL#220_15g	2867	Port Input	1	39425624	9374	4
210119_RL#220_15g	2867	Response	1	39425624	9374	4
210119_RL#220_15g	2867	Port Input	1	39427584	11334	4
210119_RL#220_15g	2867	Response	1	39427584	11334	4
210119_RL#220_15g	2867	Port Input	1	39427587	11338	4
210119_RL#220_15g	2867	Response	1	39427587	11338	4
210119_RL#220_15g	2867	Manual	2	39436263	20013	NA
210119_RL#220_15g	2868	Sound	2122	39438055	1501	1			0		other	0
210119_RL#220_15g	2868	Port Input	1	39439890	3336	4
210119_RL#220_15g	2868	Response	1	39439890	3336	4
210119_RL#220_15g	2869	Picture	55	39441881	0	1	5324	3	0	next	false_alarm	15644
210119_RL#220_15g	2869	Port Input	1	39442189	308	3
210119_RL#220_15g	2869	Response	1	39442189	308	3
210119_RL#220_15g	2870	Picture	10	39447205	0	3	20305	5	0	next	miss	0
210119_RL#220_15g	2871	Picture	452	39467510	0	3	832	6	0	next	other	0
210119_RL#220_15g	2872	Picture	666	39468342	0	3	20139	6	0	next	false_alarm	15649
210119_RL#220_15g	2872	Port Input	1	39478506	10164	4
210119_RL#220_15g	2872	Response	1	39478506	10164	4
210119_RL#220_15g	2872	Port Input	1	39479768	11426	4
210119_RL#220_15g	2872	Response	1	39479768	11426	4
210119_RL#220_15g	2872	Port Input	1	39479772	11430	5
210119_RL#220_15g	2872	Response	1	39479772	11430	5
210119_RL#220_15g	2872	Port Input	1	39482609	14267	4
210119_RL#220_15g	2872	Response	1	39482609	14267	4
210119_RL#220_15g	2872	Port Input	1	39482616	14274	4
210119_RL#220_15g	2872	Response	1	39482616	14274	4
210119_RL#220_15g	2873	Picture	777	39488481	0	3	20138	6	0	next	false_alarm	15660
210119_RL#220_15g	2873	Port Input	1	39496556	8075	4
210119_RL#220_15g	2873	Response	1	39496556	8075	4
210119_RL#220_15g	2873	Port Input	1	39498642	10161	4
210119_RL#220_15g	2873	Response	1	39498642	10161	4
210119_RL#220_15g	2873	Manual	1	39508497	20016	NA
210119_RL#220_15g	2874	Sound	2122	39510055	1436	1			0		other	0
210119_RL#220_15g	2874	Port Input	1	39513497	4877	5
210119_RL#220_15g	2874	Response	1	39513497	4877	5
210119_RL#220_15g	2875	Picture	55	39513778	0	4	5160	7	0	next	other	0
210119_RL#220_15g	2876	Picture	10	39518938	0	4	2496	7	0	next	hit	15670
210119_RL#220_15g	2876	Port Input	1	39521280	2341	6
210119_RL#220_15g	2876	Response	1	39521280	2341	6
210119_RL#220_15g	2877	Picture	352	39521434	0	4	500	7	0	next	other	0
210119_RL#220_15g	2878	Picture	12	39521934	0	4	20306	4	0	next	other	0
210119_RL#220_15g	2879	Picture	3521	39542240	0	1	832	2	0	next	other	0
210119_RL#220_15g	2880	Picture	666	39543072	0	1	20305	2	0	next	false_alarm	15676
210119_RL#220_15g	2880	Port Input	1	39554142	11070	4
210119_RL#220_15g	2880	Response	1	39554142	11070	4
210119_RL#220_15g	2880	Port Input	1	39555112	12040	4
210119_RL#220_15g	2880	Response	1	39555112	12040	4
210119_RL#220_15g	2880	Port Input	1	39556240	13168	5
210119_RL#220_15g	2880	Response	1	39556240	13168	5
210119_RL#220_15g	2880	Port Input	1	39557271	14198	4
210119_RL#220_15g	2880	Response	1	39557271	14198	4
210119_RL#220_15g	2880	Port Input	1	39558424	15352	4
210119_RL#220_15g	2880	Response	1	39558424	15352	4
210119_RL#220_15g	2880	Port Input	1	39559647	16574	4
210119_RL#220_15g	2880	Response	1	39559647	16574	4
210119_RL#220_15g	2880	Port Input	1	39561044	17971	4
210119_RL#220_15g	2880	Response	1	39561044	17971	4
210119_RL#220_15g	2880	Port Input	1	39562612	19540	4
210119_RL#220_15g	2880	Response	1	39562612	19540	4
210119_RL#220_15g	2880	Port Input	1	39562616	19543	4
210119_RL#220_15g	2880	Response	1	39562616	19543	4
210119_RL#220_15g	2881	Picture	777	39563377	0	1	20303	4	0	next	false_alarm	15695
210119_RL#220_15g	2881	Port Input	1	39564035	657	3
210119_RL#220_15g	2881	Response	1	39564035	657	3
210119_RL#220_15g	2881	Port Input	1	39569339	5962	4
210119_RL#220_15g	2881	Response	1	39569339	5962	4
210119_RL#220_15g	2881	Port Input	1	39571521	8144	4
210119_RL#220_15g	2881	Response	1	39571521	8144	4
210119_RL#220_15g	2881	Port Input	1	39573172	9794	4
210119_RL#220_15g	2881	Response	1	39573172	9794	4
210119_RL#220_15g	2881	Port Input	1	39574632	11254	4
210119_RL#220_15g	2881	Response	1	39574632	11254	4
210119_RL#220_15g	2881	Port Input	1	39576206	12828	4
210119_RL#220_15g	2881	Response	1	39576206	12828	4
210119_RL#220_15g	2881	Port Input	1	39576209	12832	5
210119_RL#220_15g	2881	Response	1	39576209	12832	5
210119_RL#220_15g	2881	Port Input	1	39577868	14491	4
210119_RL#220_15g	2881	Response	1	39577868	14491	4
210119_RL#220_15g	2881	Manual	2	39583391	20013	NA
210119_RL#220_15g	2882	Sound	2112	39585055	1375	1			0		other	0
210119_RL#220_15g	2882	Port Input	1	39586021	2340	4
210119_RL#220_15g	2882	Response	1	39586021	2340	4
210119_RL#220_15g	2882	Port Input	1	39586024	2343	4
210119_RL#220_15g	2882	Response	1	39586024	2343	4
210119_RL#220_15g	2882	Port Input	1	39588372	4691	4
210119_RL#220_15g	2882	Response	1	39588372	4691	4
210119_RL#220_15g	2883	Picture	55	39588840	0	5	5160	8	0	next	false_alarm	15720
210119_RL#220_15g	2883	Port Input	1	39590245	1405	4
210119_RL#220_15g	2883	Response	1	39590245	1405	4
210119_RL#220_15g	2883	Port Input	1	39591968	3128	4
210119_RL#220_15g	2883	Response	1	39591968	3128	4
210119_RL#220_15g	2884	Picture	10	39594000	0	3	20139	6	0	next	miss	0
210119_RL#220_15g	2885	Picture	412	39614138	0	3	832	6	0	next	other	0
210119_RL#220_15g	2886	Picture	666	39614970	0	3	20138	7	0	next	false_alarm	15727
210119_RL#220_15g	2886	Port Input	1	39621767	6796	4
210119_RL#220_15g	2886	Response	1	39621767	6796	4
210119_RL#220_15g	2886	Port Input	1	39623167	8197	5
210119_RL#220_15g	2886	Response	1	39623167	8197	5
210119_RL#220_15g	2886	Port Input	1	39625781	10810	4
210119_RL#220_15g	2886	Response	1	39625781	10810	4
210119_RL#220_15g	2886	Port Input	1	39625784	10814	4
210119_RL#220_15g	2886	Response	1	39625784	10814	4
210119_RL#220_15g	2886	Port Input	1	39628157	13187	4
210119_RL#220_15g	2886	Response	1	39628157	13187	4
210119_RL#220_15g	2887	Picture	777	39635109	0	4	20306	5	0	next	other	0
210119_RL#220_15g	2887	Manual	1	39655122	20013	NA
210119_RL#220_15g	2888	Sound	2122	39657055	1640	1			0		other	0
210119_RL#220_15g	2888	Port Input	1	39658588	3173	4
210119_RL#220_15g	2888	Response	1	39658588	3173	4
210119_RL#220_15g	2888	Port Input	1	39658592	3177	4
210119_RL#220_15g	2888	Response	1	39658592	3177	4
210119_RL#220_15g	2888	Port Input	1	39659938	4523	4
210119_RL#220_15g	2888	Response	1	39659938	4523	4
210119_RL#220_15g	2888	Port Input	1	39659942	4527	4
210119_RL#220_15g	2888	Response	1	39659942	4527	4
210119_RL#220_15g	2889	Picture	55	39660741	0	1	5326	1	0	next	false_alarm	15749
210119_RL#220_15g	2889	Port Input	1	39662994	2253	4
210119_RL#220_15g	2889	Response	1	39662994	2253	4
210119_RL#220_15g	2889	Port Input	1	39662998	2257	4
210119_RL#220_15g	2889	Response	1	39662998	2257	4
210119_RL#220_15g	2890	Picture	10	39666067	0	1	20304	3	0	next	miss	0
210119_RL#220_15g	2891	Picture	452	39686370	0	3	1165	5	0	next	other	0
210119_RL#220_15g	2892	Picture	666	39687535	0	3	20305	6	0	next	false_alarm	15756
210119_RL#220_15g	2892	Port Input	1	39697334	9799	4
210119_RL#220_15g	2892	Response	1	39697334	9799	4
210119_RL#220_15g	2892	Port Input	1	39701128	13593	4
210119_RL#220_15g	2892	Response	1	39701128	13593	4
210119_RL#220_15g	2892	Port Input	1	39702939	15404	4
210119_RL#220_15g	2892	Response	1	39702939	15404	4
210119_RL#220_15g	2892	Port Input	1	39706161	18626	5
210119_RL#220_15g	2892	Response	1	39706161	18626	5
210119_RL#220_15g	2893	Picture	777	39707840	0	3	20139	6	0	next	other	0
210119_RL#220_15g	2893	Manual	1	39727854	20014	NA
210119_RL#220_15g	2894	Sound	2112	39729056	1077	1			0		other	0
210119_RL#220_15g	2894	Port Input	1	39730921	2942	4
210119_RL#220_15g	2894	Response	1	39730921	2942	4
210119_RL#220_15g	2894	Port Input	1	39732178	4199	4
210119_RL#220_15g	2894	Response	1	39732178	4199	4
210119_RL#220_15g	2894	Port Input	1	39732182	4203	4
210119_RL#220_15g	2894	Response	1	39732182	4203	4
210119_RL#220_15g	2895	Picture	55	39733138	0	3	5159	7	0	next	false_alarm	15774
210119_RL#220_15g	2895	Port Input	1	39736159	3021	9
210119_RL#220_15g	2895	Response	1	39736159	3021	9
210119_RL#220_15g	2896	Picture	10	39738297	0	4	1831	7	0	next	hit	15777
210119_RL#220_15g	2896	Port Input	1	39740017	1720	4
210119_RL#220_15g	2896	Response	1	39740017	1720	4
210119_RL#220_15g	2896	Port Input	1	39740021	1723	4
210119_RL#220_15g	2896	Response	1	39740021	1723	4
210119_RL#220_15g	2897	Picture	312	39740129	0	4	499	7	0	next	other	0
210119_RL#220_15g	2898	Picture	4442	39740627	0	4	81054	6	0	next	false_alarm	15783
210119_RL#220_15g	2898	Port Input	1	39742434	1806	4
210119_RL#220_15g	2898	Response	1	39742434	1806	4
210119_RL#220_15g	2898	Port Input	1	39810956	70328	4
210119_RL#220_15g	2898	Response	1	39810956	70328	4
210119_RL#220_15g	2898	Port Input	1	39812587	71960	4
210119_RL#220_15g	2898	Response	1	39812587	71960	4
210119_RL#220_15g	2898	Port Input	1	39812591	71963	4
210119_RL#220_15g	2898	Response	1	39812591	71963	4
210119_RL#220_15g	2898	Port Input	1	39814770	74143	4
210119_RL#220_15g	2898	Response	1	39814770	74143	4
210119_RL#220_15g	2898	Port Input	1	39814774	74147	4
210119_RL#220_15g	2898	Response	1	39814774	74147	4
210119_RL#220_15g	2898	Port Input	1	39817904	77277	4
210119_RL#220_15g	2898	Response	1	39817904	77277	4
210119_RL#220_15g	2899	Picture	666	39821681	0	3	20138	5	0	next	false_alarm	15798
210119_RL#220_15g	2899	Port Input	1	39832839	11158	4
210119_RL#220_15g	2899	Response	1	39832839	11158	4
210119_RL#220_15g	2899	Port Input	1	39832843	11162	4
210119_RL#220_15g	2899	Response	1	39832843	11162	4
210119_RL#220_15g	2899	Port Input	1	39838707	17026	4
210119_RL#220_15g	2899	Response	1	39838707	17026	4
210119_RL#220_15g	2900	Picture	777	39841820	0	3	20140	5	0	next	other	0
210119_RL#220_15g	2900	Manual	2	39861836	20016	NA
210119_RL#220_15g	2901	Sound	2122	39863056	1097	1			0		other	0
210119_RL#220_15g	2902	Picture	55	39867117	0	4	5160	7	0	next	false_alarm	15808
210119_RL#220_15g	2902	Port Input	1	39870399	3282	4
210119_RL#220_15g	2902	Response	1	39870399	3282	4
210119_RL#220_15g	2903	Picture	10	39872277	0	4	20307	4	0	next	miss	0
210119_RL#220_15g	2904	Picture	452	39892583	0	1	832	1	0	next	other	0
210119_RL#220_15g	2905	Picture	666	39893415	0	1	20305	2	0	next	other	0
210119_RL#220_15g	2906	Picture	777	39913720	0	1	20303	4	0	next	false_alarm	15814
210119_RL#220_15g	2906	Port Input	1	39931550	17829	4
210119_RL#220_15g	2906	Response	1	39931550	17829	4
210119_RL#220_15g	2906	Port Input	1	39931553	17833	4
210119_RL#220_15g	2906	Response	1	39931553	17833	4
210119_RL#220_15g	2906	Manual	2	39933736	20016	NA
210119_RL#220_15g	2907	Sound	2112	39935056	1032	1			0		other	0
210119_RL#220_15g	2907	Port Input	1	39936474	2450	4
210119_RL#220_15g	2907	Response	1	39936474	2450	4
210119_RL#220_15g	2907	Port Input	1	39938513	4490	4
210119_RL#220_15g	2907	Response	1	39938513	4490	4
210119_RL#220_15g	2907	Port Input	1	39938519	4495	4
210119_RL#220_15g	2907	Response	1	39938519	4495	4
210119_RL#220_15g	2908	Picture	55	39939349	0	3	5160	5	0	next	other	0
210119_RL#220_15g	2909	Picture	10	39944509	0	3	2829	5	0	next	hit	15828
210119_RL#220_15g	2909	Port Input	1	39947185	2675	4
210119_RL#220_15g	2909	Response	1	39947185	2675	4
210119_RL#220_15g	2910	Picture	312	39947339	0	3	501	4	0	next	other	0
210119_RL#220_15g	2911	Picture	4442	39947839	0	2	80887	2	0	next	false_alarm	15832
210119_RL#220_15g	2911	Port Input	1	39954259	6419	4
210119_RL#220_15g	2911	Response	1	39954259	6419	4
210119_RL#220_15g	2911	Port Input	1	39969400	21561	4
210119_RL#220_15g	2911	Response	1	39969400	21561	4
210119_RL#220_15g	2911	Port Input	1	39969404	21565	4
210119_RL#220_15g	2911	Response	1	39969404	21565	4
210119_RL#220_15g	2911	Port Input	1	39992445	44606	4
210119_RL#220_15g	2911	Response	1	39992445	44606	4
210119_RL#220_15g	2911	Port Input	1	39992449	44610	4
210119_RL#220_15g	2911	Response	1	39992449	44610	4
210119_RL#220_15g	2911	Port Input	1	39997911	50071	4
210119_RL#220_15g	2911	Response	1	39997911	50071	4
210119_RL#220_15g	2911	Port Input	1	40022131	74291	5
210119_RL#220_15g	2911	Response	1	40022131	74291	5
210119_RL#220_15g	2911	Port Input	1	40022135	74296	5
210119_RL#220_15g	2911	Response	1	40022135	74296	5
210119_RL#220_15g	2912	Picture	666	40028726	0	1	20304	3	0	next	other	0
210119_RL#220_15g	2913	Picture	777	40049030	0	3	20305	5	0	next	false_alarm	15850
210119_RL#220_15g	2913	Port Input	1	40068522	19493	4
210119_RL#220_15g	2913	Response	1	40068522	19493	4
210119_RL#220_15g	2913	Port Input	1	40068526	19496	4
210119_RL#220_15g	2913	Response	1	40068526	19496	4
210119_RL#220_15g	2913	Manual	2	40069043	20013	NA
210119_RL#220_15g	2914	Sound	2112	40071056	1722	1			0		other	0
210119_RL#220_15g	2914	Port Input	1	40072070	2736	5
210119_RL#220_15g	2914	Response	1	40072070	2736	5
210119_RL#220_15g	2914	Port Input	1	40073524	4190	4
210119_RL#220_15g	2914	Response	1	40073524	4190	4
210119_RL#220_15g	2915	Picture	55	40074494	0	3	5159	6	0	next	false_alarm	15861
210119_RL#220_15g	2915	Port Input	1	40075322	828	4
210119_RL#220_15g	2915	Response	1	40075322	828	4
210119_RL#220_15g	2915	Port Input	1	40075326	832	4
210119_RL#220_15g	2915	Response	1	40075326	832	4
210119_RL#220_15g	2915	Port Input	1	40077181	2687	4
210119_RL#220_15g	2915	Response	1	40077181	2687	4
210119_RL#220_15g	2915	Port Input	1	40078929	4435	4
210119_RL#220_15g	2915	Response	1	40078929	4435	4
210119_RL#220_15g	2916	Picture	10	40079653	0	3	1332	6	0	next	hit	15870
210119_RL#220_15g	2916	Port Input	1	40080811	1158	4
210119_RL#220_15g	2916	Response	1	40080811	1158	4
210119_RL#220_15g	2917	Picture	312	40080985	0	3	501	4	0	next	other	0
210119_RL#220_15g	2918	Picture	4442	40081485	0	2	81052	4	0	next	false_alarm	15874
210119_RL#220_15g	2918	Port Input	1	40085072	3587	4
210119_RL#220_15g	2918	Response	1	40085072	3587	4
210119_RL#220_15g	2918	Port Input	1	40087581	6095	4
210119_RL#220_15g	2918	Response	1	40087581	6095	4
210119_RL#220_15g	2919	Picture	666	40162537	0	3	20303	7	0	next	false_alarm	15879
210119_RL#220_15g	2919	Port Input	1	40181432	18895	4
210119_RL#220_15g	2919	Response	1	40181432	18895	4
210119_RL#220_15g	2920	Picture	777	40182841	0	5	20140	7	0	next	false_alarm	15882
210119_RL#220_15g	2920	Port Input	1	40185409	2569	4
210119_RL#220_15g	2920	Response	1	40185409	2569	4
210119_RL#220_15g	2920	Port Input	1	40196127	13287	4
210119_RL#220_15g	2920	Response	1	40196127	13287	4
210119_RL#220_15g	2920	Manual	2	40202854	20014	NA
210119_RL#220_15g	2921	Sound	2122	40204056	1075	1			0		other	0
210119_RL#220_15g	2921	Port Input	1	40206272	3292	4
210119_RL#220_15g	2921	Response	1	40206272	3292	4
210119_RL#220_15g	2921	Port Input	1	40206276	3295	4
210119_RL#220_15g	2921	Response	1	40206276	3295	4
210119_RL#220_15g	2922	Picture	55	40208140	0	4	5159	7	0	next	other	0
210119_RL#220_15g	2923	Picture	10	40213299	0	3	13481	9	0	next	hit	15894
210119_RL#220_15g	2923	Port Input	1	40226560	13260	6
210119_RL#220_15g	2923	Response	1	40226560	13260	6
210119_RL#220_15g	2924	Picture	352	40226780	0	6	500	9	0	next	other	0
210119_RL#220_15g	2925	Picture	12	40227280	0	3	20306	4	0	next	false_alarm	15898
210119_RL#220_15g	2925	Port Input	1	40228242	962	4
210119_RL#220_15g	2925	Response	1	40228242	962	4
210119_RL#220_15g	2925	Port Input	1	40229301	2021	4
210119_RL#220_15g	2925	Response	1	40229301	2021	4
210119_RL#220_15g	2925	Port Input	1	40229306	2026	4
210119_RL#220_15g	2925	Response	1	40229306	2026	4
210119_RL#220_15g	2925	Port Input	1	40230327	3047	5
210119_RL#220_15g	2925	Response	1	40230327	3047	5
210119_RL#220_15g	2925	Port Input	1	40231428	4148	4
210119_RL#220_15g	2925	Response	1	40231428	4148	4
210119_RL#220_15g	2925	Port Input	1	40232603	5323	4
210119_RL#220_15g	2925	Response	1	40232603	5323	4
210119_RL#220_15g	2925	Port Input	1	40232606	5326	4
210119_RL#220_15g	2925	Response	1	40232606	5326	4
210119_RL#220_15g	2925	Port Input	1	40233891	6611	4
210119_RL#220_15g	2925	Response	1	40233891	6611	4
210119_RL#220_15g	2925	Port Input	1	40233895	6615	4
210119_RL#220_15g	2925	Response	1	40233895	6615	4
210119_RL#220_15g	2925	Port Input	1	40235365	8085	4
210119_RL#220_15g	2925	Response	1	40235365	8085	4
210119_RL#220_15g	2925	Port Input	1	40236887	9607	4
210119_RL#220_15g	2925	Response	1	40236887	9607	4
210119_RL#220_15g	2925	Port Input	1	40238346	11066	4
210119_RL#220_15g	2925	Response	1	40238346	11066	4
210119_RL#220_15g	2925	Port Input	1	40241997	14717	4
210119_RL#220_15g	2925	Response	1	40241997	14717	4
210119_RL#220_15g	2925	Port Input	1	40242000	14720	5
210119_RL#220_15g	2925	Response	1	40242000	14720	5
210119_RL#220_15g	2925	Port Input	1	40244236	16956	4
210119_RL#220_15g	2925	Response	1	40244236	16956	4
210119_RL#220_15g	2925	Port Input	1	40245863	18583	4
210119_RL#220_15g	2925	Response	1	40245863	18583	4
210119_RL#220_15g	2925	Port Input	1	40245867	18587	4
210119_RL#220_15g	2925	Response	1	40245867	18587	4
210119_RL#220_15g	2926	Picture	3521	40247586	0	1	833	2	0	next	other	0
210119_RL#220_15g	2926	Port Input	1	40247599	12	224
210119_RL#220_15g	2926	Response	1	40247599	12	224
210119_RL#220_15g	2927	Picture	666	40248419	0	1	20305	1	0	next	false_alarm	15936
210119_RL#220_15g	2927	Port Input	1	40261113	12694	4
210119_RL#220_15g	2927	Response	1	40261113	12694	4
210119_RL#220_15g	2927	Port Input	1	40262666	14247	4
210119_RL#220_15g	2927	Response	1	40262666	14247	4
210119_RL#220_15g	2927	Port Input	1	40267057	18638	4
210119_RL#220_15g	2927	Response	1	40267057	18638	4
210119_RL#220_15g	2928	Picture	777	40268723	0	1	20304	3	0	next	false_alarm	15943
210119_RL#220_15g	2928	Port Input	1	40269738	1015	4
210119_RL#220_15g	2928	Response	1	40269738	1015	4
210119_RL#220_15g	2928	Port Input	1	40276760	8036	4
210119_RL#220_15g	2928	Response	1	40276760	8036	4
210119_RL#220_15g	2928	Port Input	1	40286967	18243	4
210119_RL#220_15g	2928	Response	1	40286967	18243	4
210119_RL#220_15g	2928	Port Input	1	40286973	18249	4
210119_RL#220_15g	2928	Response	1	40286973	18249	4
210119_RL#220_15g	2928	Manual	2	40288741	20018	NA
210119_RL#220_15g	2929	Sound	2122	40290056	1029	1			0		other	0
210119_RL#220_15g	2930	Picture	55	40294352	0	3	5159	6	0	next	other	0
210119_RL#220_15g	2931	Picture	10	40299512	0	4	4660	6	0	next	hit	15955
210119_RL#220_15g	2931	Port Input	1	40303888	4376	4
210119_RL#220_15g	2931	Response	1	40303888	4376	4
210119_RL#220_15g	2932	Picture	352	40304172	0	3	500	6	0	next	other	0
210119_RL#220_15g	2933	Picture	12	40304672	0	3	20138	7	0	next	false_alarm	15959
210119_RL#220_15g	2933	Port Input	1	40314509	9837	4
210119_RL#220_15g	2933	Response	1	40314509	9837	4
210119_RL#220_15g	2933	Port Input	1	40315425	10753	4
210119_RL#220_15g	2933	Response	1	40315425	10753	4
210119_RL#220_15g	2933	Port Input	1	40316423	11751	4
210119_RL#220_15g	2933	Response	1	40316423	11751	4
210119_RL#220_15g	2933	Port Input	1	40317526	12854	4
210119_RL#220_15g	2933	Response	1	40317526	12854	4
210119_RL#220_15g	2933	Port Input	1	40318670	13998	5
210119_RL#220_15g	2933	Response	1	40318670	13998	5
210119_RL#220_15g	2933	Port Input	1	40319881	15210	4
210119_RL#220_15g	2933	Response	1	40319881	15210	4
210119_RL#220_15g	2933	Port Input	1	40319885	15213	4
210119_RL#220_15g	2933	Response	1	40319885	15213	4
210119_RL#220_15g	2933	Port Input	1	40321223	16551	4
210119_RL#220_15g	2933	Response	1	40321223	16551	4
210119_RL#220_15g	2933	Port Input	1	40322856	18184	4
210119_RL#220_15g	2933	Response	1	40322856	18184	4
210119_RL#220_15g	2933	Port Input	1	40324324	19652	4
210119_RL#220_15g	2933	Response	1	40324324	19652	4
210119_RL#220_15g	2934	Picture	3521	40324809	0	4	666	7	0	next	other	0
210119_RL#220_15g	2935	Picture	666	40325476	0	3	20138	7	0	next	false_alarm	15981
210119_RL#220_15g	2935	Port Input	1	40325988	512	3
210119_RL#220_15g	2935	Response	1	40325988	512	3
210119_RL#220_15g	2935	Port Input	1	40327428	1952	4
210119_RL#220_15g	2935	Response	1	40327428	1952	4
210119_RL#220_15g	2935	Port Input	1	40329469	3994	4
210119_RL#220_15g	2935	Response	1	40329469	3994	4
210119_RL#220_15g	2935	Port Input	1	40331230	5754	4
210119_RL#220_15g	2935	Response	1	40331230	5754	4
210119_RL#220_15g	2935	Port Input	1	40334566	9090	4
210119_RL#220_15g	2935	Response	1	40334566	9090	4
210119_RL#220_15g	2935	Port Input	1	40336354	10879	4
210119_RL#220_15g	2935	Response	1	40336354	10879	4
210119_RL#220_15g	2936	Picture	777	40345614	0	4	20305	6	0	next	false_alarm	15994
210119_RL#220_15g	2936	Port Input	1	40363504	17890	4
210119_RL#220_15g	2936	Response	1	40363504	17890	4
210119_RL#220_15g	2936	Port Input	1	40364881	19267	5
210119_RL#220_15g	2936	Response	1	40364881	19267	5
210119_RL#220_15g	2936	Manual	1	40365630	20016	NA
210119_RL#220_15g	2937	Sound	2112	40367056	1138	1			0		other	0
210119_RL#220_15g	2937	Port Input	1	40368260	2341	4
210119_RL#220_15g	2937	Response	1	40368260	2341	4
210119_RL#220_15g	2938	Picture	55	40371246	0	1	5326	1	0	next	false_alarm	16003
210119_RL#220_15g	2938	Port Input	1	40373844	2598	4
210119_RL#220_15g	2938	Response	1	40373844	2598	4
210119_RL#220_15g	2939	Picture	10	40376572	0	1	8987	2	0	next	hit	16006
210119_RL#220_15g	2939	Port Input	1	40385275	8703	4
210119_RL#220_15g	2939	Response	1	40385275	8703	4
210119_RL#220_15g	2940	Picture	312	40385559	0	1	666	2	0	next	other	0
210119_RL#220_15g	2941	Picture	4442	40386225	0	1	80553	4	0	next	false_alarm	16010
210119_RL#220_15g	2941	Port Input	1	40416723	30498	4
210119_RL#220_15g	2941	Response	1	40416723	30498	4
210119_RL#220_15g	2941	Port Input	1	40432513	46288	4
210119_RL#220_15g	2941	Response	1	40432513	46288	4
210119_RL#220_15g	2941	Port Input	1	40434048	47822	4
210119_RL#220_15g	2941	Response	1	40434048	47822	4
210119_RL#220_15g	2941	Port Input	1	40438368	52142	4
210119_RL#220_15g	2941	Response	1	40438368	52142	4
210119_RL#220_15g	2941	Port Input	1	40438371	52146	4
210119_RL#220_15g	2941	Response	1	40438371	52146	4
210119_RL#220_15g	2941	Port Input	1	40450298	64073	5
210119_RL#220_15g	2941	Response	1	40450298	64073	5
210119_RL#220_15g	2942	Picture	666	40466778	0	3	20306	4	0	next	other	0
210119_RL#220_15g	2943	Picture	777	40487084	0	1	20305	2	0	next	other	0
210119_RL#220_15g	2943	Manual	2	40507097	20013	NA
210119_RL#220_15g	2944	Sound	2122	40509056	1667	1			0		other	0
210119_RL#220_15g	2945	Picture	55	40512715	0	1	5325	3	0	next	other	0
210119_RL#220_15g	2946	Picture	10	40518040	0	3	20304	5	0	next	miss	0
210119_RL#220_15g	2947	Picture	452	40538344	0	3	834	4	0	next	other	0
210119_RL#220_15g	2948	Picture	666	40539178	0	1	20137	4	0	next	other	0
210119_RL#220_15g	2949	Picture	777	40559315	0	3	20139	6	0	next	other	0
210119_RL#220_15g	2949	Manual	1	40579328	20013	NA
210119_RL#220_15g	2950	Sound	2112	40581057	1603	1			0		other	0
210119_RL#220_15g	2950	Port Input	1	40584397	4944	4
210119_RL#220_15g	2950	Response	1	40584397	4944	4
210119_RL#220_15g	2951	Picture	55	40584613	0	4	5159	7	0	next	false_alarm	16036
210119_RL#220_15g	2951	Port Input	1	40585855	1241	4
210119_RL#220_15g	2951	Response	1	40585855	1241	4
210119_RL#220_15g	2951	Port Input	1	40585858	1245	4
210119_RL#220_15g	2951	Response	1	40585858	1245	4
210119_RL#220_15g	2951	Port Input	1	40587383	2770	4
210119_RL#220_15g	2951	Response	1	40587383	2770	4
210119_RL#220_15g	2952	Picture	10	40589772	0	4	5660	4	0	next	hit	16043
210119_RL#220_15g	2952	Port Input	1	40595076	5304	4
210119_RL#220_15g	2952	Response	1	40595076	5304	4
210119_RL#220_15g	2953	Picture	312	40595433	0	1	500	2	0	next	other	0
210119_RL#220_15g	2954	Picture	4442	40595932	0	1	80719	4	0	next	false_alarm	16047
210119_RL#220_15g	2954	Port Input	1	40660610	64678	4
210119_RL#220_15g	2954	Response	1	40660610	64678	4
210119_RL#220_15g	2954	Port Input	1	40660615	64683	4
210119_RL#220_15g	2954	Response	1	40660615	64683	4
210119_RL#220_15g	2955	Picture	666	40676651	0	3	20138	6	0	next	other	0
210119_RL#220_15g	2956	Picture	777	40696789	0	4	20306	5	0	next	false_alarm	16053
210119_RL#220_15g	2956	Port Input	1	40715040	18251	5
210119_RL#220_15g	2956	Response	1	40715040	18251	5
210119_RL#220_15g	2956	Port Input	1	40715046	18257	4
210119_RL#220_15g	2956	Response	1	40715046	18257	4
210119_RL#220_15g	2956	Port Input	1	40716695	19906	4
210119_RL#220_15g	2956	Response	1	40716695	19906	4
210119_RL#220_15g	2956	Manual	1	40716806	20017	NA
210119_RL#220_15g	2957	Sound	2112	40719057	1961	1			0		other	0
210119_RL#220_15g	2957	Port Input	1	40722214	5118	7
210119_RL#220_15g	2957	Response	1	40722214	5118	7
210119_RL#220_15g	2958	Picture	55	40722422	0	1	5326	2	0	next	other	0
210119_RL#220_15g	2959	Picture	10	40727747	0	1	20305	2	0	next	miss	0
210119_RL#220_15g	2960	Picture	412	40748052	0	1	999	2	0	next	other	0
210119_RL#220_15g	2961	Picture	666	40749051	0	1	20304	3	0	next	other	0
210119_RL#220_15g	2962	Picture	777	40769355	0	3	20305	5	0	next	other	0
210119_RL#220_15g	2962	Manual	1	40789369	20014	NA
210119_RL#220_15g	2963	Sound	2122	40791057	1397	1			0		other	0
210119_RL#220_15g	2964	Picture	55	40794819	0	4	5160	7	0	next	other	0
210119_RL#220_15g	2965	Picture	10	40799978	0	3	20138	6	0	next	miss	0
210119_RL#220_15g	2966	Picture	452	40820117	0	4	998	7	0	next	other	0
210119_RL#220_15g	2967	Picture	666	40821115	0	4	20306	5	0	next	other	0
210119_RL#220_15g	2968	Picture	777	40841422	0	1	20305	2	0	next	other	0
210119_RL#220_15g	2968	Manual	1	40861437	20015	NA
210119_RL#220_15g	2969	Sound	2122	40863057	1330	1			0		other	0
210119_RL#220_15g	2969	Port Input	1	40864443	2717	4
210119_RL#220_15g	2969	Response	1	40864443	2717	4
210119_RL#220_15g	2969	Port Input	1	40864446	2720	4
210119_RL#220_15g	2969	Response	1	40864446	2720	4
210119_RL#220_15g	2969	Port Input	1	40866066	4339	4
210119_RL#220_15g	2969	Response	1	40866066	4339	4
210119_RL#220_15g	2970	Picture	55	40867053	0	1	5326	2	0	next	other	0
210119_RL#220_15g	2970	Port Input	1	40872154	5101	6
210119_RL#220_15g	2970	Response	1	40872154	5101	6
210119_RL#220_15g	2971	Picture	10	40872378	0	1	1996	3	0	next	hit	16087
210119_RL#220_15g	2971	Port Input	1	40874072	1693	4
210119_RL#220_15g	2971	Response	1	40874072	1693	4
210119_RL#220_15g	2972	Picture	352	40874374	0	2	499	4	0	next	other	0
210119_RL#220_15g	2973	Picture	12	40874873	0	2	20305	5	0	next	false_alarm	16091
210119_RL#220_15g	2973	Port Input	1	40887702	12828	4
210119_RL#220_15g	2973	Response	1	40887702	12828	4
210119_RL#220_15g	2973	Port Input	1	40888584	13711	4
210119_RL#220_15g	2973	Response	1	40888584	13711	4
210119_RL#220_15g	2973	Port Input	1	40889518	14645	4
210119_RL#220_15g	2973	Response	1	40889518	14645	4
210119_RL#220_15g	2973	Port Input	1	40889521	14648	4
210119_RL#220_15g	2973	Response	1	40889521	14648	4
210119_RL#220_15g	2973	Port Input	1	40890578	15705	4
210119_RL#220_15g	2973	Response	1	40890578	15705	4
210119_RL#220_15g	2973	Port Input	1	40891743	16870	4
210119_RL#220_15g	2973	Response	1	40891743	16870	4
210119_RL#220_15g	2973	Port Input	1	40892993	18120	4
210119_RL#220_15g	2973	Response	1	40892993	18120	4
210119_RL#220_15g	2973	Port Input	1	40894317	19444	4
210119_RL#220_15g	2973	Response	1	40894317	19444	4
210119_RL#220_15g	2974	Picture	3521	40895179	0	3	832	6	0	next	other	0
210119_RL#220_15g	2974	Port Input	1	40895445	267	220
210119_RL#220_15g	2974	Response	1	40895445	267	220
210119_RL#220_15g	2975	Picture	666	40896010	0	3	20139	6	0	next	false_alarm	16111
210119_RL#220_15g	2975	Port Input	1	40915395	19385	4
210119_RL#220_15g	2975	Response	1	40915395	19385	4
210119_RL#220_15g	2976	Picture	777	40916149	0	3	20138	7	0	next	false_alarm	16114
210119_RL#220_15g	2976	Port Input	1	40921543	5394	4
210119_RL#220_15g	2976	Response	1	40921543	5394	4
210119_RL#220_15g	2976	Port Input	1	40921547	5398	4
210119_RL#220_15g	2976	Response	1	40921547	5398	4
210119_RL#220_15g	2976	Manual	2	40936162	20013	NA
210119_RL#220_15g	2977	Sound	2112	40938057	1770	1			0		other	0
210119_RL#220_15g	2978	Picture	55	40941447	0	4	5160	7	0	next	other	0
210119_RL#220_15g	2979	Picture	10	40946607	0	4	2498	4	0	next	hit	16122
210119_RL#220_15g	2979	Port Input	1	40948835	2229	4
210119_RL#220_15g	2979	Response	1	40948835	2229	4
210119_RL#220_15g	2979	Port Input	1	40948839	2232	4
210119_RL#220_15g	2979	Response	1	40948839	2232	4
210119_RL#220_15g	2980	Picture	312	40949104	0	1	331	5	0	next	other	0
210119_RL#220_15g	2981	Picture	4442	40949435	0	4	80721	7	0	next	false_alarm	16128
210119_RL#220_15g	2981	Port Input	1	40951808	2373	4
210119_RL#220_15g	2981	Response	1	40951808	2373	4
210119_RL#220_15g	2981	Port Input	1	40951812	2377	4
210119_RL#220_15g	2981	Response	1	40951812	2377	4
210119_RL#220_15g	2981	Port Input	1	40953453	4018	5
210119_RL#220_15g	2981	Response	1	40953453	4018	5
210119_RL#220_15g	2981	Port Input	1	40954727	5292	7
210119_RL#220_15g	2981	Response	1	40954727	5292	7
210119_RL#220_15g	2981	Port Input	1	40956303	6867	4
210119_RL#220_15g	2981	Response	1	40956303	6867	4
210119_RL#220_15g	2981	Port Input	1	40956306	6871	4
210119_RL#220_15g	2981	Response	1	40956306	6871	4
210119_RL#220_15g	2981	Port Input	1	41012952	63517	4
210119_RL#220_15g	2981	Response	1	41012952	63517	4
210119_RL#220_15g	2981	Port Input	1	41021292	71857	4
210119_RL#220_15g	2981	Response	1	41021292	71857	4
210119_RL#220_15g	2981	Port Input	1	41025248	75813	4
210119_RL#220_15g	2981	Response	1	41025248	75813	4
210119_RL#220_15g	2981	Port Input	1	41025253	75818	4
210119_RL#220_15g	2981	Response	1	41025253	75818	4
210119_RL#220_15g	2982	Picture	666	41030156	0	3	20139	6	0	next	false_alarm	16149
210119_RL#220_15g	2982	Port Input	1	41031386	1230	3
210119_RL#220_15g	2982	Response	1	41031386	1230	3
210119_RL#220_15g	2982	Port Input	1	41034013	3857	4
210119_RL#220_15g	2982	Response	1	41034013	3857	4
210119_RL#220_15g	2983	Picture	777	41050295	0	3	20306	4	0	next	other	0
210119_RL#220_15g	2983	Manual	2	41070314	20019	NA
210119_RL#220_15g	2984	Sound	2112	41072057	1456	1			0		other	0
210119_RL#220_15g	2984	Port Input	1	41075457	4856	4
210119_RL#220_15g	2984	Response	1	41075457	4856	4
210119_RL#220_15g	2985	Picture	55	41075927	0	1	5326	2	0	next	false_alarm	16159
210119_RL#220_15g	2985	Port Input	1	41078593	2666	4
210119_RL#220_15g	2985	Response	1	41078593	2666	4
210119_RL#220_15g	2985	Port Input	1	41078596	2670	4
210119_RL#220_15g	2985	Response	1	41078596	2670	4
210119_RL#220_15g	2985	Port Input	1	41080447	4520	4
210119_RL#220_15g	2985	Response	1	41080447	4520	4
210119_RL#220_15g	2985	Port Input	1	41080451	4524	4
210119_RL#220_15g	2985	Response	1	41080451	4524	4
210119_RL#220_15g	2986	Picture	10	41081253	0	1	20305	1	0	next	miss	0
210119_RL#220_15g	2987	Picture	412	41101557	0	1	832	1	0	next	other	0
210119_RL#220_15g	2988	Picture	666	41102390	0	1	20303	3	0	next	other	0
210119_RL#220_15g	2989	Picture	777	41122693	0	3	20305	5	0	next	false_alarm	16171
210119_RL#220_15g	2989	Port Input	1	41128292	5599	4
210119_RL#220_15g	2989	Response	1	41128292	5599	4
210119_RL#220_15g	2989	Port Input	1	41128296	5603	4
210119_RL#220_15g	2989	Response	1	41128296	5603	4
210119_RL#220_15g	2989	Port Input	1	41130225	7532	5
210119_RL#220_15g	2989	Response	1	41130225	7532	5
210119_RL#220_15g	2989	Port Input	1	41132019	9326	5
210119_RL#220_15g	2989	Response	1	41132019	9326	5
210119_RL#220_15g	2989	Port Input	1	41136609	13916	5
210119_RL#220_15g	2989	Response	1	41136609	13916	5
210119_RL#220_15g	2989	Port Input	1	41139592	16899	4
210119_RL#220_15g	2989	Response	1	41139592	16899	4
210119_RL#220_15g	2989	Port Input	1	41139596	16903	4
210119_RL#220_15g	2989	Response	1	41139596	16903	4
210119_RL#220_15g	2989	Manual	2	41142707	20014	NA
210119_RL#220_15g	2990	Sound	2122	41144057	1059	1			0		other	0
210119_RL#220_15g	2990	Port Input	1	41146932	3934	4
210119_RL#220_15g	2990	Response	1	41146932	3934	4
210119_RL#220_15g	2991	Picture	55	41148157	0	3	5160	6	0	next	other	0
210119_RL#220_15g	2992	Picture	10	41153317	0	3	7822	6	0	next	hit	16191
210119_RL#220_15g	2992	Port Input	1	41160972	7655	4
210119_RL#220_15g	2992	Response	1	41160972	7655	4
210119_RL#220_15g	2992	Port Input	1	41160975	7658	4
210119_RL#220_15g	2992	Response	1	41160975	7658	4
210119_RL#220_15g	2993	Picture	352	41161140	0	3	499	6	0	next	other	0
210119_RL#220_15g	2994	Picture	12	41161639	0	3	20138	6	0	next	other	0
210119_RL#220_15g	2995	Picture	3521	41181777	0	4	499	7	0	next	other	0
210119_RL#220_15g	2996	Picture	666	41182276	0	4	20307	5	0	next	false_alarm	16199
210119_RL#220_15g	2996	Port Input	1	41188824	6548	4
210119_RL#220_15g	2996	Response	1	41188824	6548	4
210119_RL#220_15g	2996	Port Input	1	41188829	6553	5
210119_RL#220_15g	2996	Response	1	41188829	6553	5
210119_RL#220_15g	2996	Port Input	1	41190706	8430	4
210119_RL#220_15g	2996	Response	1	41190706	8430	4
210119_RL#220_15g	2996	Port Input	1	41190712	8436	4
210119_RL#220_15g	2996	Response	1	41190712	8436	4
210119_RL#220_15g	2996	Port Input	1	41191697	9421	4
210119_RL#220_15g	2996	Response	1	41191697	9421	4
210119_RL#220_15g	2996	Port Input	1	41191702	9426	4
210119_RL#220_15g	2996	Response	1	41191702	9426	4
210119_RL#220_15g	2996	Port Input	1	41192687	10411	4
210119_RL#220_15g	2996	Response	1	41192687	10411	4
210119_RL#220_15g	2996	Port Input	1	41193814	11538	4
210119_RL#220_15g	2996	Response	1	41193814	11538	4
210119_RL#220_15g	2996	Port Input	1	41193818	11542	4
210119_RL#220_15g	2996	Response	1	41193818	11542	4
210119_RL#220_15g	2996	Port Input	1	41195036	12760	4
210119_RL#220_15g	2996	Response	1	41195036	12760	4
210119_RL#220_15g	2996	Port Input	1	41195039	12763	4
210119_RL#220_15g	2996	Response	1	41195039	12763	4
210119_RL#220_15g	2996	Port Input	1	41196390	14114	5
210119_RL#220_15g	2996	Response	1	41196390	14114	5
210119_RL#220_15g	2996	Port Input	1	41198004	15728	4
210119_RL#220_15g	2996	Response	1	41198004	15728	4
210119_RL#220_15g	2996	Port Input	1	41198011	15735	4
210119_RL#220_15g	2996	Response	1	41198011	15735	4
210119_RL#220_15g	2996	Port Input	1	41199686	17410	4
210119_RL#220_15g	2996	Response	1	41199686	17410	4
210119_RL#220_15g	2996	Port Input	1	41199690	17414	4
210119_RL#220_15g	2996	Response	1	41199690	17414	4
210119_RL#220_15g	2997	Picture	777	41202583	0	1	20305	2	0	next	other	0
210119_RL#220_15g	2997	Manual	2	41222596	20014	NA
210119_RL#220_15g	2998	Sound	2112	41224057	1170	1			0		other	0
210119_RL#220_15g	2999	Picture	55	41228213	0	1	5325	4	0	next	false_alarm	16235
210119_RL#220_15g	2999	Port Input	1	41229011	797	4
210119_RL#220_15g	2999	Response	1	41229011	797	4
210119_RL#220_15g	3000	Picture	10	41233538	0	3	20305	5	0	next	miss	0
210119_RL#220_15g	3001	Picture	412	41253843	0	3	665	5	0	next	other	0
210119_RL#220_15g	3002	Picture	666	41254509	0	3	20139	6	0	next	other	0
210119_RL#220_15g	3003	Picture	777	41274647	0	3	20139	6	0	next	false_alarm	16241
210119_RL#220_15g	3003	Port Input	1	41277299	2651	4
210119_RL#220_15g	3003	Response	1	41277299	2651	4
210119_RL#220_15g	3003	Port Input	1	41277304	2657	4
210119_RL#220_15g	3003	Response	1	41277304	2657	4
210119_RL#220_15g	3003	Port Input	1	41280334	5686	4
210119_RL#220_15g	3003	Response	1	41280334	5686	4
210119_RL#220_15g	3003	Port Input	1	41280337	5690	4
210119_RL#220_15g	3003	Response	1	41280337	5690	4
210119_RL#220_15g	3003	Port Input	1	41284003	9356	4
210119_RL#220_15g	3003	Response	1	41284003	9356	4
210119_RL#220_15g	3003	Port Input	1	41285127	10480	4
210119_RL#220_15g	3003	Response	1	41285127	10480	4
210119_RL#220_15g	3003	Port Input	1	41285131	10483	4
210119_RL#220_15g	3003	Response	1	41285131	10483	4
210119_RL#220_15g	3003	Port Input	1	41285805	11158	4
210119_RL#220_15g	3003	Response	1	41285805	11158	4
210119_RL#220_15g	3003	Port Input	1	41289411	14764	5
210119_RL#220_15g	3003	Response	1	41289411	14764	5
210119_RL#220_15g	3003	Port Input	1	41293458	18810	4
210119_RL#220_15g	3003	Response	1	41293458	18810	4
210119_RL#220_15g	3003	Port Input	1	41293461	18814	4
210119_RL#220_15g	3003	Response	1	41293461	18814	4
210119_RL#220_15g	3003	Manual	1	41294661	20014	NA
210119_RL#220_15g	3004	Sound	2122	41296057	1272	1			0		other	0
210119_RL#220_15g	3005	Picture	55	41299946	0	2	5158	6	0	next	other	0
210119_RL#220_15g	3006	Picture	10	41305105	0	4	14814	4	0	next	hit	16267
210119_RL#220_15g	3006	Port Input	1	41319668	14563	4
210119_RL#220_15g	3006	Response	1	41319668	14563	4
210119_RL#220_15g	3006	Port Input	1	41319672	14567	4
210119_RL#220_15g	3006	Response	1	41319672	14567	4
210119_RL#220_15g	3007	Picture	352	41319919	0	1	499	2	0	next	other	0
210119_RL#220_15g	3008	Picture	12	41320418	0	1	20305	1	0	next	false_alarm	16273
210119_RL#220_15g	3008	Port Input	1	41322268	1850	4
210119_RL#220_15g	3008	Response	1	41322268	1850	4
210119_RL#220_15g	3008	Port Input	1	41323261	2843	5
210119_RL#220_15g	3008	Response	1	41323261	2843	5
210119_RL#220_15g	3008	Port Input	1	41324292	3874	4
210119_RL#220_15g	3008	Response	1	41324292	3874	4
210119_RL#220_15g	3008	Port Input	1	41325417	4999	4
210119_RL#220_15g	3008	Response	1	41325417	4999	4
210119_RL#220_15g	3008	Port Input	1	41326632	6214	4
210119_RL#220_15g	3008	Response	1	41326632	6214	4
210119_RL#220_15g	3008	Port Input	1	41326636	6218	3
210119_RL#220_15g	3008	Response	1	41326636	6218	3
210119_RL#220_15g	3008	Port Input	1	41328057	7639	4
210119_RL#220_15g	3008	Response	1	41328057	7639	4
210119_RL#220_15g	3008	Port Input	1	41329386	8968	4
210119_RL#220_15g	3008	Response	1	41329386	8968	4
210119_RL#220_15g	3008	Port Input	1	41330918	10500	3
210119_RL#220_15g	3008	Response	1	41330918	10500	3
210119_RL#220_15g	3008	Port Input	1	41332554	12136	4
210119_RL#220_15g	3008	Response	1	41332554	12136	4
210119_RL#220_15g	3008	Port Input	1	41334583	14165	4
210119_RL#220_15g	3008	Response	1	41334583	14165	4
210119_RL#220_15g	3008	Port Input	1	41334591	14173	4
210119_RL#220_15g	3008	Response	1	41334591	14173	4
210119_RL#220_15g	3008	Port Input	1	41336004	15586	3
210119_RL#220_15g	3008	Response	1	41336004	15586	3
210119_RL#220_15g	3009	Picture	3521	41340723	0	1	666	2	0	next	other	0
210119_RL#220_15g	3010	Picture	666	41341388	0	1	20303	3	0	next	false_alarm	16301
210119_RL#220_15g	3010	Port Input	1	41342746	1358	4
210119_RL#220_15g	3010	Response	1	41342746	1358	4
210119_RL#220_15g	3011	Picture	777	41361692	0	3	20305	6	0	next	false_alarm	16304
210119_RL#220_15g	3011	Port Input	1	41380215	18524	4
210119_RL#220_15g	3011	Response	1	41380215	18524	4
210119_RL#220_15g	3011	Manual	2	41381708	20016	NA
210119_RL#220_15g	3011	Port Input	1	41381980	20288	7
210119_RL#220_15g	3011	Response	1	41381980	20288	7
210119_RL#220_15g	3012	Sound	2122	41383057	1061	1			0		other	0
210119_RL#220_15g	3012	Port Input	1	41384155	2159	4
210119_RL#220_15g	3012	Response	1	41384155	2159	4
210119_RL#220_15g	3013	Picture	55	41387156	0	3	5160	6	0	next	other	0
210119_RL#220_15g	3014	Picture	10	41392316	0	3	20138	6	0	next	miss	0
210119_RL#220_15g	3015	Picture	452	41412454	0	3	999	6	0	next	other	0
210119_RL#220_15g	3016	Picture	666	41413453	0	4	20306	4	0	next	false_alarm	16316
210119_RL#220_15g	3016	Port Input	1	41420827	7374	4
210119_RL#220_15g	3016	Response	1	41420827	7374	4
210119_RL#220_15g	3016	Port Input	1	41422667	9214	4
210119_RL#220_15g	3016	Response	1	41422667	9214	4
210119_RL#220_15g	3016	Port Input	1	41424344	10891	4
210119_RL#220_15g	3016	Response	1	41424344	10891	4
210119_RL#220_15g	3016	Port Input	1	41432774	19321	4
210119_RL#220_15g	3016	Response	1	41432774	19321	4
210119_RL#220_15g	3017	Picture	777	41433759	0	1	20305	1	0	next	false_alarm	16325
210119_RL#220_15g	3017	Port Input	1	41436353	2594	4
210119_RL#220_15g	3017	Response	1	41436353	2594	4
210119_RL#220_15g	3017	Port Input	1	41436358	2599	4
210119_RL#220_15g	3017	Response	1	41436358	2599	4
210119_RL#220_15g	3017	Port Input	1	41438140	4381	4
210119_RL#220_15g	3017	Response	1	41438140	4381	4
210119_RL#220_15g	3017	Manual	2	41453773	20014	NA
210119_RL#220_15g	3018	Sound	2112	41456058	1994	1			0		other	0
210119_RL#220_15g	3018	Port Input	1	41458764	4700	4
210119_RL#220_15g	3018	Response	1	41458764	4700	4
210119_RL#220_15g	3019	Picture	55	41459390	0	1	5326	2	0	next	false_alarm	16336
210119_RL#220_15g	3019	Port Input	1	41460528	1138	4
210119_RL#220_15g	3019	Response	1	41460528	1138	4
210119_RL#220_15g	3019	Port Input	1	41463069	3679	4
210119_RL#220_15g	3019	Response	1	41463069	3679	4
210119_RL#220_15g	3020	Picture	10	41464716	0	1	12980	4	0	next	hit	16341
210119_RL#220_15g	3020	Port Input	1	41477421	12705	4
210119_RL#220_15g	3020	Response	1	41477421	12705	4
210119_RL#220_15g	3020	Port Input	1	41477424	12708	4
210119_RL#220_15g	3020	Response	1	41477424	12708	4
210119_RL#220_15g	3021	Picture	312	41477696	0	3	499	5	0	next	other	0
210119_RL#220_15g	3022	Picture	4442	41478195	0	3	80722	3	0	next	false_alarm	16347
210119_RL#220_15g	3022	Port Input	1	41480604	2409	4
210119_RL#220_15g	3022	Response	1	41480604	2409	4
210119_RL#220_15g	3022	Port Input	1	41484737	6542	4
210119_RL#220_15g	3022	Response	1	41484737	6542	4
210119_RL#220_15g	3022	Port Input	1	41484741	6545	4
210119_RL#220_15g	3022	Response	1	41484741	6545	4
210119_RL#220_15g	3022	Port Input	1	41489618	11423	4
210119_RL#220_15g	3022	Response	1	41489618	11423	4
210119_RL#220_15g	3022	Port Input	1	41489622	11427	4
210119_RL#220_15g	3022	Response	1	41489622	11427	4
210119_RL#220_15g	3022	Port Input	1	41495942	17747	4
210119_RL#220_15g	3022	Response	1	41495942	17747	4
210119_RL#220_15g	3023	Picture	666	41558917	0	1	20305	1	0	next	false_alarm	16360
210119_RL#220_15g	3023	Port Input	1	41560600	1682	4
210119_RL#220_15g	3023	Response	1	41560600	1682	4
210119_RL#220_15g	3023	Port Input	1	41576775	17857	4
210119_RL#220_15g	3023	Response	1	41576775	17857	4
210119_RL#220_15g	3023	Port Input	1	41576778	17861	3
210119_RL#220_15g	3023	Response	1	41576778	17861	3
210119_RL#220_15g	3023	Port Input	1	41578400	19483	4
210119_RL#220_15g	3023	Response	1	41578400	19483	4
210119_RL#220_15g	3023	Port Input	1	41578404	19486	4
210119_RL#220_15g	3023	Response	1	41578404	19486	4
210119_RL#220_15g	3024	Picture	777	41579222	0	1	20303	3	0	next	false_alarm	16371
210119_RL#220_15g	3024	Port Input	1	41583124	3902	4
210119_RL#220_15g	3024	Response	1	41583124	3902	4
210119_RL#220_15g	3024	Port Input	1	41583129	3907	4
210119_RL#220_15g	3024	Response	1	41583129	3907	4
210119_RL#220_15g	3024	Port Input	1	41586896	7674	4
210119_RL#220_15g	3024	Response	1	41586896	7674	4
210119_RL#220_15g	3024	Port Input	1	41590515	11292	4
210119_RL#220_15g	3024	Response	1	41590515	11292	4
210119_RL#220_15g	3024	Port Input	1	41590518	11296	4
210119_RL#220_15g	3024	Response	1	41590518	11296	4
210119_RL#220_15g	3024	Port Input	1	41595370	16147	4
210119_RL#220_15g	3024	Response	1	41595370	16147	4
210119_RL#220_15g	3024	Manual	1	41599235	20012	NA
210119_RL#220_15g	3025	Sound	2112	41601058	1532	1			0		other	0
210119_RL#220_15g	3025	Port Input	1	41603768	4242	4
210119_RL#220_15g	3025	Response	1	41603768	4242	4
210119_RL#220_15g	3026	Picture	55	41604851	0	3	5159	6	0	next	other	0
210119_RL#220_15g	3027	Picture	10	41610011	0	3	20139	6	0	next	miss	0
210119_RL#220_15g	3028	Picture	412	41630150	0	3	832	6	0	next	other	0
210119_RL#220_15g	3029	Picture	666	41630982	0	3	20138	6	0	next	false_alarm	16391
210119_RL#220_15g	3029	Port Input	1	41636158	5176	4
210119_RL#220_15g	3029	Response	1	41636158	5176	4
210119_RL#220_15g	3030	Picture	777	41651120	0	4	20306	4	0	next	false_alarm	16394
210119_RL#220_15g	3030	Port Input	1	41655009	3889	4
210119_RL#220_15g	3030	Response	1	41655009	3889	4
210119_RL#220_15g	3030	Port Input	1	41655013	3893	4
210119_RL#220_15g	3030	Response	1	41655013	3893	4
210119_RL#220_15g	3030	Port Input	1	41658828	7708	5
210119_RL#220_15g	3030	Response	1	41658828	7708	5
210119_RL#220_15g	3030	Manual	2	41671132	20012	NA
210119_RL#220_15g	3031	Sound	2122	41673058	1631	1			0		other	0
210119_RL#220_15g	3031	Port Input	1	41674871	3444	4
210119_RL#220_15g	3031	Response	1	41674871	3444	4
210119_RL#220_15g	3031	Port Input	1	41674874	3448	4
210119_RL#220_15g	3031	Response	1	41674874	3448	4
210119_RL#220_15g	3032	Picture	55	41676752	0	1	5326	2	0	next	other	0
210119_RL#220_15g	3033	Picture	10	41682078	0	1	7822	1	0	next	hit	16408
210119_RL#220_15g	3033	Port Input	1	41689631	7553	4
210119_RL#220_15g	3033	Response	1	41689631	7553	4
210119_RL#220_15g	3034	Picture	352	41689901	0	1	666	1	0	next	other	0
210119_RL#220_15g	3035	Picture	12	41690566	0	1	20304	3	0	next	false_alarm	16412
210119_RL#220_15g	3035	Port Input	1	41690849	283	3
210119_RL#220_15g	3035	Response	1	41690849	283	3
210119_RL#220_15g	3035	Port Input	1	41693456	2889	4
210119_RL#220_15g	3035	Response	1	41693456	2889	4
210119_RL#220_15g	3035	Port Input	1	41694068	3502	4
210119_RL#220_15g	3035	Response	1	41694068	3502	4
210119_RL#220_15g	3035	Port Input	1	41695024	4458	4
210119_RL#220_15g	3035	Response	1	41695024	4458	4
210119_RL#220_15g	3035	Port Input	1	41696080	5514	5
210119_RL#220_15g	3035	Response	1	41696080	5514	5
210119_RL#220_15g	3035	Port Input	1	41696085	5519	5
210119_RL#220_15g	3035	Response	1	41696085	5519	5
210119_RL#220_15g	3035	Port Input	1	41697226	6660	4
210119_RL#220_15g	3035	Response	1	41697226	6660	4
210119_RL#220_15g	3035	Port Input	1	41698393	7827	4
210119_RL#220_15g	3035	Response	1	41698393	7827	4
210119_RL#220_15g	3035	Port Input	1	41699749	9182	4
210119_RL#220_15g	3035	Response	1	41699749	9182	4
210119_RL#220_15g	3035	Port Input	1	41699753	9186	4
210119_RL#220_15g	3035	Response	1	41699753	9186	4
210119_RL#220_15g	3035	Port Input	1	41701157	10590	4
210119_RL#220_15g	3035	Response	1	41701157	10590	4
210119_RL#220_15g	3035	Port Input	1	41702608	12042	4
210119_RL#220_15g	3035	Response	1	41702608	12042	4
210119_RL#220_15g	3035	Port Input	1	41702612	12045	4
210119_RL#220_15g	3035	Response	1	41702612	12045	4
210119_RL#220_15g	3035	Port Input	1	41704000	13434	9
210119_RL#220_15g	3035	Response	1	41704000	13434	9
210119_RL#220_15g	3035	Port Input	1	41705474	14908	4
210119_RL#220_15g	3035	Response	1	41705474	14908	4
210119_RL#220_15g	3035	Port Input	1	41705478	14912	4
210119_RL#220_15g	3035	Response	1	41705478	14912	4
210119_RL#220_15g	3035	Port Input	1	41707120	16553	4
210119_RL#220_15g	3035	Response	1	41707120	16553	4
210119_RL#220_15g	3035	Port Input	1	41707123	16557	4
210119_RL#220_15g	3035	Response	1	41707123	16557	4
210119_RL#220_15g	3035	Port Input	1	41708818	18252	4
210119_RL#220_15g	3035	Response	1	41708818	18252	4
210119_RL#220_15g	3035	Port Input	1	41710498	19931	4
210119_RL#220_15g	3035	Response	1	41710498	19931	4
210119_RL#220_15g	3036	Picture	3521	41710870	0	3	666	5	0	next	other	0
210119_RL#220_15g	3037	Picture	666	41711536	0	2	20305	5	0	next	other	0
210119_RL#220_15g	3038	Picture	777	41731840	0	3	20305	6	0	next	other	0
210119_RL#220_15g	3038	Manual	1	41751858	20017	NA
210119_RL#220_15g	3039	Sound	2112	41754058	1912	1			0		other	0
210119_RL#220_15g	3039	Port Input	1	41756153	4008	4
210119_RL#220_15g	3039	Response	1	41756153	4008	4
210119_RL#220_15g	3040	Picture	55	41757305	0	3	5159	6	0	next	false_alarm	16460
210119_RL#220_15g	3040	Port Input	1	41757688	383	4
210119_RL#220_15g	3040	Response	1	41757688	383	4
210119_RL#220_15g	3040	Port Input	1	41759356	2051	4
210119_RL#220_15g	3040	Response	1	41759356	2051	4
210119_RL#220_15g	3040	Port Input	1	41761192	3887	4
210119_RL#220_15g	3040	Response	1	41761192	3887	4
210119_RL#220_15g	3040	Port Input	1	41761196	3891	4
210119_RL#220_15g	3040	Response	1	41761196	3891	4
210119_RL#220_15g	3041	Picture	10	41762464	0	3	4993	6	0	next	hit	16469
210119_RL#220_15g	3041	Port Input	1	41767269	4805	4
210119_RL#220_15g	3041	Response	1	41767269	4805	4
210119_RL#220_15g	3041	Port Input	1	41767273	4808	4
210119_RL#220_15g	3041	Response	1	41767273	4808	4
210119_RL#220_15g	3042	Picture	312	41767457	0	3	499	7	0	next	other	0
210119_RL#220_15g	3043	Picture	4442	41767956	0	4	80887	6	0	next	false_alarm	16475
210119_RL#220_15g	3043	Port Input	1	41769267	1311	4
210119_RL#220_15g	3043	Response	1	41769267	1311	4
210119_RL#220_15g	3043	Port Input	1	41769271	1315	4
210119_RL#220_15g	3043	Response	1	41769271	1315	4
210119_RL#220_15g	3043	Port Input	1	41770927	2970	4
210119_RL#220_15g	3043	Response	1	41770927	2970	4
210119_RL#220_15g	3043	Port Input	1	41775146	7190	4
210119_RL#220_15g	3043	Response	1	41775146	7190	4
210119_RL#220_15g	3043	Port Input	1	41778878	10921	5
210119_RL#220_15g	3043	Response	1	41778878	10921	5
210119_RL#220_15g	3043	Port Input	1	41794572	26616	5
210119_RL#220_15g	3043	Response	1	41794572	26616	5
210119_RL#220_15g	3043	Port Input	1	41796499	28543	4
210119_RL#220_15g	3043	Response	1	41796499	28543	4
210119_RL#220_15g	3043	Port Input	1	41796503	28547	4
210119_RL#220_15g	3043	Response	1	41796503	28547	4
210119_RL#220_15g	3043	Port Input	1	41837295	69339	4
210119_RL#220_15g	3043	Response	1	41837295	69339	4
210119_RL#220_15g	3043	Port Input	1	41838644	70688	4
210119_RL#220_15g	3043	Response	1	41838644	70688	4
210119_RL#220_15g	3043	Port Input	1	41843254	75298	4
210119_RL#220_15g	3043	Response	1	41843254	75298	4
210119_RL#220_15g	3043	Port Input	1	41843258	75301	4
210119_RL#220_15g	3043	Response	1	41843258	75301	4
210119_RL#220_15g	3043	Port Input	1	41844788	76832	4
210119_RL#220_15g	3043	Response	1	41844788	76832	4
210119_RL#220_15g	3043	Port Input	1	41844792	76835	4
210119_RL#220_15g	3043	Response	1	41844792	76835	4
210119_RL#220_15g	3043	Port Input	1	41844853	76897	4
210119_RL#220_15g	3043	Response	1	41844853	76897	4
210119_RL#220_15g	3043	Port Input	1	41847198	79242	4
210119_RL#220_15g	3043	Response	1	41847198	79242	4
210119_RL#220_15g	3043	Port Input	1	41847202	79245	4
210119_RL#220_15g	3043	Response	1	41847202	79245	4
210119_RL#220_15g	3044	Picture	666	41848843	0	3	20139	6	0	next	false_alarm	16510
210119_RL#220_15g	3044	Port Input	1	41849611	768	4
210119_RL#220_15g	3044	Response	1	41849611	768	4
210119_RL#220_15g	3044	Port Input	1	41849614	771	3
210119_RL#220_15g	3044	Response	1	41849614	771	3
210119_RL#220_15g	3045	Picture	777	41868982	0	3	20138	6	0	next	other	0
210119_RL#220_15g	3045	Manual	2	41888995	20013	NA
210119_RL#220_15g	3046	Sound	2122	41891058	1937	1			0		other	0
210119_RL#220_15g	3046	Port Input	1	41893013	3892	4
210119_RL#220_15g	3046	Response	1	41893013	3892	4
210119_RL#220_15g	3047	Picture	55	41894280	0	4	5160	7	0	next	other	0
210119_RL#220_15g	3048	Picture	10	41899439	0	4	6825	5	0	next	hit	16521
210119_RL#220_15g	3048	Port Input	1	41905945	6506	4
210119_RL#220_15g	3048	Response	1	41905945	6506	4
210119_RL#220_15g	3048	Port Input	1	41905949	6510	4
210119_RL#220_15g	3048	Response	1	41905949	6510	4
210119_RL#220_15g	3049	Picture	352	41906264	0	1	500	2	0	next	other	0
210119_RL#220_15g	3050	Picture	12	41906764	0	1	20305	1	0	next	false_alarm	16527
210119_RL#220_15g	3050	Port Input	1	41908122	1358	5
210119_RL#220_15g	3050	Response	1	41908122	1358	5
210119_RL#220_15g	3050	Port Input	1	41909110	2346	4
210119_RL#220_15g	3050	Response	1	41909110	2346	4
210119_RL#220_15g	3050	Port Input	1	41910181	3417	5
210119_RL#220_15g	3050	Response	1	41910181	3417	5
210119_RL#220_15g	3050	Port Input	1	41911214	4450	4
210119_RL#220_15g	3050	Response	1	41911214	4450	4
210119_RL#220_15g	3050	Port Input	1	41912365	5601	4
210119_RL#220_15g	3050	Response	1	41912365	5601	4
210119_RL#220_15g	3050	Port Input	1	41913503	6739	4
210119_RL#220_15g	3050	Response	1	41913503	6739	4
210119_RL#220_15g	3050	Port Input	1	41914691	7927	4
210119_RL#220_15g	3050	Response	1	41914691	7927	4
210119_RL#220_15g	3050	Port Input	1	41915964	9200	4
210119_RL#220_15g	3050	Response	1	41915964	9200	4
210119_RL#220_15g	3050	Port Input	1	41917419	10655	6
210119_RL#220_15g	3050	Response	1	41917419	10655	6
210119_RL#220_15g	3050	Port Input	1	41918775	12011	4
210119_RL#220_15g	3050	Response	1	41918775	12011	4
210119_RL#220_15g	3050	Port Input	1	41920198	13434	4
210119_RL#220_15g	3050	Response	1	41920198	13434	4
210119_RL#220_15g	3050	Port Input	1	41920201	13437	4
210119_RL#220_15g	3050	Response	1	41920201	13437	4
210119_RL#220_15g	3050	Port Input	1	41921836	15072	4
210119_RL#220_15g	3050	Response	1	41921836	15072	4
210119_RL#220_15g	3050	Port Input	1	41925278	18514	4
210119_RL#220_15g	3050	Response	1	41925278	18514	4
210119_RL#220_15g	3050	Port Input	1	41925281	18517	4
210119_RL#220_15g	3050	Response	1	41925281	18517	4
210119_RL#220_15g	3050	Port Input	1	41926749	19986	5
210119_RL#220_15g	3050	Response	1	41926749	19986	5
210119_RL#220_15g	3050	Port Input	1	41926754	19990	5
210119_RL#220_15g	3050	Response	1	41926754	19990	5
210119_RL#220_15g	3051	Picture	3521	41927069	0	1	666	1	0	next	other	0
210119_RL#220_15g	3052	Picture	666	41927734	0	1	20304	3	0	next	false_alarm	16563
210119_RL#220_15g	3052	Port Input	1	41939927	12193	4
210119_RL#220_15g	3052	Response	1	41939927	12193	4
210119_RL#220_15g	3052	Port Input	1	41939931	12196	4
210119_RL#220_15g	3052	Response	1	41939931	12196	4
210119_RL#220_15g	3052	Port Input	1	41942105	14370	4
210119_RL#220_15g	3052	Response	1	41942105	14370	4
210119_RL#220_15g	3052	Port Input	1	41946342	18608	4
210119_RL#220_15g	3052	Response	1	41946342	18608	4
210119_RL#220_15g	3053	Picture	777	41948038	0	3	20304	5	0	next	other	0
210119_RL#220_15g	3053	Manual	1	41968057	20019	NA
210119_RL#220_15g	3054	Sound	2122	41970058	1716	1			0		other	0
210119_RL#220_15g	3054	Port Input	1	41972140	3797	5
210119_RL#220_15g	3054	Response	1	41972140	3797	5
210119_RL#220_15g	3055	Picture	55	41973502	0	3	5159	6	0	next	false_alarm	16577
210119_RL#220_15g	3055	Port Input	1	41973932	430	4
210119_RL#220_15g	3055	Response	1	41973932	430	4
210119_RL#220_15g	3056	Picture	10	41978662	0	3	20138	6	0	next	miss	0
210119_RL#220_15g	3057	Picture	452	41998800	0	3	1165	7	0	next	other	0
210119_RL#220_15g	3058	Picture	666	41999965	0	4	20139	7	0	next	false_alarm	16582
210119_RL#220_15g	3058	Port Input	1	42010623	10658	4
210119_RL#220_15g	3058	Response	1	42010623	10658	4
210119_RL#220_15g	3058	Port Input	1	42010627	10662	4
210119_RL#220_15g	3058	Response	1	42010627	10662	4
210119_RL#220_15g	3058	Port Input	1	42013998	14033	4
210119_RL#220_15g	3058	Response	1	42013998	14033	4
210119_RL#220_15g	3059	Picture	777	42020104	0	4	20306	4	0	next	false_alarm	16589
210119_RL#220_15g	3059	Port Input	1	42026832	6729	5
210119_RL#220_15g	3059	Response	1	42026832	6729	5
210119_RL#220_15g	3059	Port Input	1	42026838	6735	3
210119_RL#220_15g	3059	Response	1	42026838	6735	3
210119_RL#220_15g	3059	Port Input	1	42028390	8286	4
210119_RL#220_15g	3059	Response	1	42028390	8286	4
210119_RL#220_15g	3059	Port Input	1	42031892	11788	5
210119_RL#220_15g	3059	Response	1	42031892	11788	5
210119_RL#220_15g	3059	Manual	2	42040118	20014	NA
210119_RL#220_15g	3060	Sound	2112	42042058	1648	1			0		other	0
210119_RL#220_15g	3060	Port Input	1	42042384	1974	4
210119_RL#220_15g	3060	Response	1	42042384	1974	4
210119_RL#220_15g	3060	Port Input	1	42042388	1978	4
210119_RL#220_15g	3060	Response	1	42042388	1978	4
210119_RL#220_15g	3060	Port Input	1	42043864	3454	4
210119_RL#220_15g	3060	Response	1	42043864	3454	4
210119_RL#220_15g	3061	Picture	55	42045736	0	1	5326	1	0	next	false_alarm	16606
210119_RL#220_15g	3061	Port Input	1	42048048	2313	4
210119_RL#220_15g	3061	Response	1	42048048	2313	4
210119_RL#220_15g	3061	Port Input	1	42048052	2317	4
210119_RL#220_15g	3061	Response	1	42048052	2317	4
210119_RL#220_15g	3061	Port Input	1	42049790	4054	4
210119_RL#220_15g	3061	Response	1	42049790	4054	4
210119_RL#220_15g	3061	Port Input	1	42049793	4057	4
210119_RL#220_15g	3061	Response	1	42049793	4057	4
210119_RL#220_15g	3062	Picture	10	42051062	0	1	5326	2	0	next	hit	16615
210119_RL#220_15g	3062	Port Input	1	42056098	5036	5
210119_RL#220_15g	3062	Response	1	42056098	5036	5
210119_RL#220_15g	3062	Port Input	1	42056103	5041	4
210119_RL#220_15g	3062	Response	1	42056103	5041	4
210119_RL#220_15g	3063	Picture	312	42056388	0	1	499	2	0	next	other	0
210119_RL#220_15g	3064	Picture	4442	42056887	0	1	80552	5	0	next	false_alarm	16621
210119_RL#220_15g	3064	Port Input	1	42063556	6668	5
210119_RL#220_15g	3064	Response	1	42063556	6668	5
210119_RL#220_15g	3064	Port Input	1	42063565	6677	5
210119_RL#220_15g	3064	Response	1	42063565	6677	5
210119_RL#220_15g	3064	Port Input	1	42064115	7227	4
210119_RL#220_15g	3064	Response	1	42064115	7227	4
210119_RL#220_15g	3064	Port Input	1	42135488	78601	4
210119_RL#220_15g	3064	Response	1	42135488	78601	4
210119_RL#220_15g	3065	Picture	666	42137439	0	4	20307	4	0	next	false_alarm	16630
210119_RL#220_15g	3065	Port Input	1	42138260	820	4
210119_RL#220_15g	3065	Response	1	42138260	820	4
210119_RL#220_15g	3065	Port Input	1	42139869	2430	4
210119_RL#220_15g	3065	Response	1	42139869	2430	4
210119_RL#220_15g	3065	Port Input	1	42145432	7993	4
210119_RL#220_15g	3065	Response	1	42145432	7993	4
210119_RL#220_15g	3065	Port Input	1	42150819	13379	4
210119_RL#220_15g	3065	Response	1	42150819	13379	4
210119_RL#220_15g	3066	Picture	777	42157746	0	1	20305	2	0	next	other	0
210119_RL#220_15g	3066	Manual	1	42177765	20019	NA
210119_RL#220_15g	3067	Sound	2112	42179058	1008	1			0		other	0
210119_RL#220_15g	3067	Port Input	1	42181702	3651	4
210119_RL#220_15g	3067	Response	1	42181702	3651	4
210119_RL#220_15g	3067	Port Input	1	42181705	3655	4
210119_RL#220_15g	3067	Response	1	42181705	3655	4
210119_RL#220_15g	3067	Port Input	1	42183213	5162	6
210119_RL#220_15g	3067	Response	1	42183213	5162	6
210119_RL#220_15g	3067	Port Input	1	42183221	5170	5
210119_RL#220_15g	3067	Response	1	42183221	5170	5
210119_RL#220_15g	3068	Picture	55	42183376	0	2	5327	3	0	next	other	0
210119_RL#220_15g	3069	Picture	10	42188702	0	1	5158	4	0	next	hit	16651
210119_RL#220_15g	3069	Port Input	1	42193589	4886	3
210119_RL#220_15g	3069	Response	1	42193589	4886	3
210119_RL#220_15g	3070	Picture	312	42193860	0	3	501	4	0	next	other	0
210119_RL#220_15g	3071	Picture	4442	42194361	0	1	80720	2	0	next	false_alarm	16655
210119_RL#220_15g	3071	Port Input	1	42204390	10029	5
210119_RL#220_15g	3071	Response	1	42204390	10029	5
210119_RL#220_15g	3071	Port Input	1	42206982	12620	4
210119_RL#220_15g	3071	Response	1	42206982	12620	4
210119_RL#220_15g	3071	Port Input	1	42216967	22606	4
210119_RL#220_15g	3071	Response	1	42216967	22606	4
210119_RL#220_15g	3071	Port Input	1	42216971	22609	4
210119_RL#220_15g	3071	Response	1	42216971	22609	4
210119_RL#220_15g	3071	Port Input	1	42246685	52324	4
210119_RL#220_15g	3071	Response	1	42246685	52324	4
210119_RL#220_15g	3071	Port Input	1	42246690	52329	4
210119_RL#220_15g	3071	Response	1	42246690	52329	4
210119_RL#220_15g	3071	Port Input	1	42248555	54194	4
210119_RL#220_15g	3071	Response	1	42248555	54194	4
210119_RL#220_15g	3071	Port Input	1	42251820	57459	4
210119_RL#220_15g	3071	Response	1	42251820	57459	4
210119_RL#220_15g	3071	Port Input	1	42251823	57462	4
210119_RL#220_15g	3071	Response	1	42251823	57462	4
210119_RL#220_15g	3071	Port Input	1	42255714	61352	4
210119_RL#220_15g	3071	Response	1	42255714	61352	4
210119_RL#220_15g	3071	Port Input	1	42258239	63878	4
210119_RL#220_15g	3071	Response	1	42258239	63878	4
210119_RL#220_15g	3071	Port Input	1	42258243	63881	5
210119_RL#220_15g	3071	Response	1	42258243	63881	5
210119_RL#220_15g	3071	Port Input	1	42263930	69569	4
210119_RL#220_15g	3071	Response	1	42263930	69569	4
210119_RL#220_15g	3071	Port Input	1	42263935	69574	4
210119_RL#220_15g	3071	Response	1	42263935	69574	4
210119_RL#220_15g	3072	Picture	666	42275082	0	1	20305	2	0	next	false_alarm	16684
210119_RL#220_15g	3072	Port Input	1	42288608	13527	4
210119_RL#220_15g	3072	Response	1	42288608	13527	4
210119_RL#220_15g	3073	Picture	777	42295386	0	1	20303	4	0	next	other	0
210119_RL#220_15g	3073	Manual	2	42315402	20015	NA
210119_RL#220_15g	3074	Sound	2122	42317059	1369	1			0		other	0
210119_RL#220_15g	3074	Port Input	1	42318960	3270	4
210119_RL#220_15g	3074	Response	1	42318960	3270	4
210119_RL#220_15g	3075	Picture	55	42320849	0	3	5159	6	0	next	other	0
210119_RL#220_15g	3076	Picture	10	42326008	0	4	11152	6	0	next	hit	16693
210119_RL#220_15g	3076	Port Input	1	42336977	10969	4
210119_RL#220_15g	3076	Response	1	42336977	10969	4
210119_RL#220_15g	3077	Picture	352	42337160	0	3	499	6	0	next	other	0
210119_RL#220_15g	3078	Picture	12	42337659	0	3	20138	6	0	next	false_alarm	16697
210119_RL#220_15g	3078	Port Input	1	42343414	5754	4
210119_RL#220_15g	3078	Response	1	42343414	5754	4
210119_RL#220_15g	3078	Port Input	1	42343417	5758	4
210119_RL#220_15g	3078	Response	1	42343417	5758	4
210119_RL#220_15g	3078	Port Input	1	42344240	6580	4
210119_RL#220_15g	3078	Response	1	42344240	6580	4
210119_RL#220_15g	3078	Port Input	1	42345259	7600	4
210119_RL#220_15g	3078	Response	1	42345259	7600	4
210119_RL#220_15g	3078	Port Input	1	42346326	8667	4
210119_RL#220_15g	3078	Response	1	42346326	8667	4
210119_RL#220_15g	3078	Port Input	1	42346330	8670	4
210119_RL#220_15g	3078	Response	1	42346330	8670	4
210119_RL#220_15g	3078	Port Input	1	42347459	9800	4
210119_RL#220_15g	3078	Response	1	42347459	9800	4
210119_RL#220_15g	3078	Port Input	1	42348969	11309	4
210119_RL#220_15g	3078	Response	1	42348969	11309	4
210119_RL#220_15g	3078	Port Input	1	42350322	12663	4
210119_RL#220_15g	3078	Response	1	42350322	12663	4
210119_RL#220_15g	3079	Picture	3521	42357798	0	4	666	7	0	next	other	0
210119_RL#220_15g	3080	Picture	666	42358463	0	4	20306	4	0	next	false_alarm	16717
210119_RL#220_15g	3080	Port Input	1	42366960	8497	4
210119_RL#220_15g	3080	Response	1	42366960	8497	4
210119_RL#220_15g	3080	Port Input	1	42370268	11804	4
210119_RL#220_15g	3080	Response	1	42370268	11804	4
210119_RL#220_15g	3081	Picture	777	42378770	0	1	20305	2	0	next	other	0
210119_RL#220_15g	3081	Manual	1	42398785	20015	NA
210119_RL#220_15g	3082	Sound	2112	42401059	1984	1			0		other	0
210119_RL#220_15g	3083	Picture	55	42404401	0	1	5326	1	0	next	false_alarm	16725
210119_RL#220_15g	3083	Port Input	1	42404927	527	3
210119_RL#220_15g	3083	Response	1	42404927	527	3
210119_RL#220_15g	3083	Port Input	1	42404930	530	3
210119_RL#220_15g	3083	Response	1	42404930	530	3
210119_RL#220_15g	3084	Picture	10	42409726	0	1	12648	3	0	next	hit	16730
210119_RL#220_15g	3084	Port Input	1	42422187	12461	4
210119_RL#220_15g	3084	Response	1	42422187	12461	4
210119_RL#220_15g	3084	Port Input	1	42422191	12465	5
210119_RL#220_15g	3084	Response	1	42422191	12465	5
210119_RL#220_15g	3085	Picture	312	42422374	0	3	497	7	0	next	other	0
210119_RL#220_15g	3086	Picture	4442	42422871	0	5	80724	5	0	next	false_alarm	16736
210119_RL#220_15g	3086	Port Input	1	42423832	961	4
210119_RL#220_15g	3086	Response	1	42423832	961	4
210119_RL#220_15g	3086	Port Input	1	42425510	2639	4
210119_RL#220_15g	3086	Response	1	42425510	2639	4
210119_RL#220_15g	3086	Port Input	1	42425515	2645	4
210119_RL#220_15g	3086	Response	1	42425515	2645	4
210119_RL#220_15g	3086	Port Input	1	42427191	4320	4
210119_RL#220_15g	3086	Response	1	42427191	4320	4
210119_RL#220_15g	3086	Port Input	1	42427194	4323	4
210119_RL#220_15g	3086	Response	1	42427194	4323	4
210119_RL#220_15g	3086	Port Input	1	42428716	5845	5
210119_RL#220_15g	3086	Response	1	42428716	5845	5
210119_RL#220_15g	3086	Port Input	1	42434887	12016	4
210119_RL#220_15g	3086	Response	1	42434887	12016	4
210119_RL#220_15g	3086	Port Input	1	42439370	16499	4
210119_RL#220_15g	3086	Response	1	42439370	16499	4
210119_RL#220_15g	3086	Port Input	1	42440891	18020	5
210119_RL#220_15g	3086	Response	1	42440891	18020	5
210119_RL#220_15g	3086	Port Input	1	42492996	70125	4
210119_RL#220_15g	3086	Response	1	42492996	70125	4
210119_RL#220_15g	3086	Port Input	1	42493000	70129	4
210119_RL#220_15g	3086	Response	1	42493000	70129	4
210119_RL#220_15g	3086	Port Input	1	42495228	72357	4
210119_RL#220_15g	3086	Response	1	42495228	72357	4
210119_RL#220_15g	3086	Port Input	1	42495231	72361	4
210119_RL#220_15g	3086	Response	1	42495231	72361	4
210119_RL#220_15g	3086	Port Input	1	42496721	73850	5
210119_RL#220_15g	3086	Response	1	42496721	73850	5
210119_RL#220_15g	3087	Picture	666	42503595	0	1	20305	1	0	next	false_alarm	16765
210119_RL#220_15g	3087	Port Input	1	42522391	18796	4
210119_RL#220_15g	3087	Response	1	42522391	18796	4
210119_RL#220_15g	3088	Picture	777	42523900	0	1	20304	3	0	next	false_alarm	16768
210119_RL#220_15g	3088	Port Input	1	42525909	2009	4
210119_RL#220_15g	3088	Response	1	42525909	2009	4
210119_RL#220_15g	3088	Port Input	1	42532131	8231	4
210119_RL#220_15g	3088	Response	1	42532131	8231	4
210119_RL#220_15g	3088	Manual	1	42543913	20013	NA
210119_RL#220_15g	3089	Sound	2122	42546059	1855	1			0		other	0
210119_RL#220_15g	3089	Port Input	1	42547983	3779	4
210119_RL#220_15g	3089	Response	1	42547983	3779	4
210119_RL#220_15g	3090	Picture	55	42549530	0	3	5324	7	0	next	other	0
210119_RL#220_15g	3091	Picture	10	42554853	0	5	20307	8	0	next	miss	0
210119_RL#220_15g	3092	Picture	452	42575160	0	3	833	6	0	next	other	0
210119_RL#220_15g	3093	Picture	666	42575992	0	3	20139	6	0	next	false_alarm	16780
210119_RL#220_15g	3093	Port Input	1	42579470	3478	4
210119_RL#220_15g	3093	Response	1	42579470	3478	4
210119_RL#220_15g	3093	Port Input	1	42581841	5849	4
210119_RL#220_15g	3093	Response	1	42581841	5849	4
210119_RL#220_15g	3093	Port Input	1	42585905	9913	4
210119_RL#220_15g	3093	Response	1	42585905	9913	4
210119_RL#220_15g	3093	Port Input	1	42592161	16169	6
210119_RL#220_15g	3093	Response	1	42592161	16169	6
210119_RL#220_15g	3093	Port Input	1	42592167	16175	4
210119_RL#220_15g	3093	Response	1	42592167	16175	4
210119_RL#220_15g	3094	Picture	777	42596131	0	3	20306	4	0	next	other	0
210119_RL#220_15g	3094	Manual	2	42616151	20020	NA
210119_RL#220_15g	3095	Sound	2112	42618059	1622	1			0		other	0
210119_RL#220_15g	3095	Port Input	1	42619241	2804	4
210119_RL#220_15g	3095	Response	1	42619241	2804	4
210119_RL#220_15g	3095	Port Input	1	42619245	2808	4
210119_RL#220_15g	3095	Response	1	42619245	2808	4
210119_RL#220_15g	3095	Port Input	1	42620662	4225	4
210119_RL#220_15g	3095	Response	1	42620662	4225	4
210119_RL#220_15g	3095	Port Input	1	42620666	4229	4
210119_RL#220_15g	3095	Response	1	42620666	4229	4
210119_RL#220_15g	3096	Picture	55	42621763	0	2	5326	3	0	next	false_alarm	16802
210119_RL#220_15g	3096	Port Input	1	42622625	862	4
210119_RL#220_15g	3096	Response	1	42622625	862	4
210119_RL#220_15g	3096	Port Input	1	42624836	3073	4
210119_RL#220_15g	3096	Response	1	42624836	3073	4
210119_RL#220_15g	3097	Picture	10	42627089	0	1	832	2	0	next	hit	16807
210119_RL#220_15g	3097	Port Input	1	42627672	583	4
210119_RL#220_15g	3097	Response	1	42627672	583	4
210119_RL#220_15g	3098	Picture	312	42627921	0	1	666	2	0	next	other	0
210119_RL#220_15g	3099	Picture	4442	42628587	0	1	80718	4	0	next	false_alarm	16811
210119_RL#220_15g	3099	Port Input	1	42631735	3148	4
210119_RL#220_15g	3099	Response	1	42631735	3148	4
210119_RL#220_15g	3099	Port Input	1	42631739	3152	4
210119_RL#220_15g	3099	Response	1	42631739	3152	4
210119_RL#220_15g	3099	Port Input	1	42638250	9663	4
210119_RL#220_15g	3099	Response	1	42638250	9663	4
210119_RL#220_15g	3099	Port Input	1	42638256	9669	4
210119_RL#220_15g	3099	Response	1	42638256	9669	4
210119_RL#220_15g	3099	Port Input	1	42685443	56856	6
210119_RL#220_15g	3099	Response	1	42685443	56856	6
210119_RL#220_15g	3099	Port Input	1	42693892	65305	4
210119_RL#220_15g	3099	Response	1	42693892	65305	4
210119_RL#220_15g	3100	Picture	666	42709305	0	4	20139	7	0	next	false_alarm	16824
210119_RL#220_15g	3100	Port Input	1	42729281	19976	4
210119_RL#220_15g	3100	Response	1	42729281	19976	4
210119_RL#220_15g	3101	Picture	777	42729444	0	4	20306	4	0	next	false_alarm	16827
210119_RL#220_15g	3101	Port Input	1	42730619	1175	4
210119_RL#220_15g	3101	Response	1	42730619	1175	4
210119_RL#220_15g	3101	Port Input	1	42730623	1179	4
210119_RL#220_15g	3101	Response	1	42730623	1179	4
210119_RL#220_15g	3101	Port Input	1	42745735	16292	4
210119_RL#220_15g	3101	Response	1	42745735	16292	4
210119_RL#220_15g	3101	Port Input	1	42748106	18662	5
210119_RL#220_15g	3101	Response	1	42748106	18662	5
210119_RL#220_15g	3101	Manual	1	42749459	20015	NA
210119_RL#220_15g	3102	Sound	2112	42751059	1309	1			0		other	0
210119_RL#220_15g	3102	Port Input	1	42751594	1844	4
210119_RL#220_15g	3102	Response	1	42751594	1844	4
210119_RL#220_15g	3103	Picture	55	42755076	0	1	5326	1	0	next	other	0
210119_RL#220_15g	3104	Picture	10	42760402	0	1	10985	2	0	next	hit	16841
210119_RL#220_15g	3104	Port Input	1	42771112	10710	4
210119_RL#220_15g	3104	Response	1	42771112	10710	4
210119_RL#220_15g	3104	Port Input	1	42771116	10714	4
210119_RL#220_15g	3104	Response	1	42771116	10714	4
210119_RL#220_15g	3105	Picture	312	42771387	0	1	499	2	0	next	other	0
210119_RL#220_15g	3106	Picture	4442	42771886	0	1	80719	4	0	next	false_alarm	16847
210119_RL#220_15g	3106	Port Input	1	42803412	31526	4
210119_RL#220_15g	3106	Response	1	42803412	31526	4
210119_RL#220_15g	3107	Picture	666	42852605	0	3	20306	4	0	next	false_alarm	16850
210119_RL#220_15g	3107	Port Input	1	42855061	2455	3
210119_RL#220_15g	3107	Response	1	42855061	2455	3
210119_RL#220_15g	3107	Port Input	1	42855065	2460	4
210119_RL#220_15g	3107	Response	1	42855065	2460	4
210119_RL#220_15g	3107	Port Input	1	42856761	4155	5
210119_RL#220_15g	3107	Response	1	42856761	4155	5
210119_RL#220_15g	3107	Port Input	1	42860973	8368	4
210119_RL#220_15g	3107	Response	1	42860973	8368	4
210119_RL#220_15g	3107	Port Input	1	42860977	8372	4
210119_RL#220_15g	3107	Response	1	42860977	8372	4
210119_RL#220_15g	3107	Port Input	1	42862655	10049	5
210119_RL#220_15g	3107	Response	1	42862655	10049	5
210119_RL#220_15g	3108	Picture	777	42872911	0	1	20305	2	0	next	other	0
210119_RL#220_15g	3108	Manual	1	42892923	20012	NA
210119_RL#220_15g	3109	Sound	2122	42895059	1843	1			0		other	0
210119_RL#220_15g	3109	Port Input	1	42898479	5262	6
210119_RL#220_15g	3109	Response	1	42898479	5262	6
210119_RL#220_15g	3110	Picture	55	42898541	0	3	5326	5	0	next	other	0
210119_RL#220_15g	3111	Picture	10	42903867	0	3	20305	5	0	next	miss	0
210119_RL#220_15g	3112	Picture	452	42924172	0	3	832	6	0	next	other	0
210119_RL#220_15g	3113	Picture	666	42925003	0	3	20139	6	0	next	false_alarm	16871
210119_RL#220_15g	3113	Port Input	1	42928118	3114	4
210119_RL#220_15g	3113	Response	1	42928118	3114	4
210119_RL#220_15g	3113	Port Input	1	42928121	3118	5
210119_RL#220_15g	3113	Response	1	42928121	3118	5
210119_RL#220_15g	3113	Port Input	1	42931164	6161	4
210119_RL#220_15g	3113	Response	1	42931164	6161	4
210119_RL#220_15g	3114	Picture	777	42945142	0	3	20138	6	0	next	other	0
210119_RL#220_15g	3114	Manual	2	42965156	20014	NA
210119_RL#220_15g	3115	Port Input	1	42965448	167	8
210119_RL#220_15g	3115	Response	1	42965448	167	8
210119_RL#220_15g	3115	Port Input	1	42966799	1518	4
210119_RL#220_15g	3115	Response	1	42966799	1518	4
210119_RL#220_15g	3115	Sound	2122	42967059	1778	1			0		other	0
210119_RL#220_15g	3115	Port Input	1	42969126	3845	4
210119_RL#220_15g	3115	Response	1	42969126	3845	4
210119_RL#220_15g	3115	Port Input	1	42969130	3849	4
210119_RL#220_15g	3115	Response	1	42969130	3849	4
210119_RL#220_15g	3116	Picture	55	42970440	0	4	5327	5	0	next	other	0
210119_RL#220_15g	3117	Picture	10	42975767	0	1	5159	2	0	next	hit	16890
210119_RL#220_15g	3117	Port Input	1	42980554	4786	4
210119_RL#220_15g	3117	Response	1	42980554	4786	4
210119_RL#220_15g	3117	Port Input	1	42980557	4790	4
210119_RL#220_15g	3117	Response	1	42980557	4790	4
210119_RL#220_15g	3118	Picture	352	42980927	0	1	499	2	0	next	other	0
210119_RL#220_15g	3119	Picture	12	42981426	0	1	20305	2	0	next	false_alarm	16896
210119_RL#220_15g	3119	Port Input	1	42982358	932	4
210119_RL#220_15g	3119	Response	1	42982358	932	4
210119_RL#220_15g	3119	Port Input	1	42983454	2028	4
210119_RL#220_15g	3119	Response	1	42983454	2028	4
210119_RL#220_15g	3119	Port Input	1	42983458	2032	3
210119_RL#220_15g	3119	Response	1	42983458	2032	3
210119_RL#220_15g	3119	Port Input	1	42984494	3068	4
210119_RL#220_15g	3119	Response	1	42984494	3068	4
210119_RL#220_15g	3119	Port Input	1	42984498	3071	4
210119_RL#220_15g	3119	Response	1	42984498	3071	4
210119_RL#220_15g	3119	Port Input	1	42985624	4198	4
210119_RL#220_15g	3119	Response	1	42985624	4198	4
210119_RL#220_15g	3119	Port Input	1	42986806	5380	4
210119_RL#220_15g	3119	Response	1	42986806	5380	4
210119_RL#220_15g	3119	Port Input	1	42988120	6694	4
210119_RL#220_15g	3119	Response	1	42988120	6694	4
210119_RL#220_15g	3119	Port Input	1	42989456	8030	4
210119_RL#220_15g	3119	Response	1	42989456	8030	4
210119_RL#220_15g	3119	Port Input	1	42989464	8037	4
210119_RL#220_15g	3119	Response	1	42989464	8037	4
210119_RL#220_15g	3119	Port Input	1	42990910	9484	4
210119_RL#220_15g	3119	Response	1	42990910	9484	4
210119_RL#220_15g	3119	Port Input	1	42995663	14236	4
210119_RL#220_15g	3119	Response	1	42995663	14236	4
210119_RL#220_15g	3119	Port Input	1	42999274	17847	4
210119_RL#220_15g	3119	Response	1	42999274	17847	4
210119_RL#220_15g	3120	Picture	3521	43001731	0	1	832	1	0	next	other	0
210119_RL#220_15g	3120	Port Input	1	43001901	170	149
210119_RL#220_15g	3120	Response	1	43001901	170	149
210119_RL#220_15g	3121	Picture	666	43002563	0	1	20301	5	0	next	other	0
210119_RL#220_15g	3122	Picture	777	43022865	0	5	20307	8	0	next	other	0
210119_RL#220_15g	3122	Manual	2	43042882	20018	NA
210119_RL#220_15g	3123	Sound	2112	43045059	1888	1			0		other	0
210119_RL#220_15g	3123	Port Input	1	43047276	4105	4
210119_RL#220_15g	3123	Response	1	43047276	4105	4
210119_RL#220_15g	3123	Port Input	1	43047280	4108	4
210119_RL#220_15g	3123	Response	1	43047280	4108	4
210119_RL#220_15g	3124	Picture	55	43048331	0	3	5160	6	0	next	false_alarm	16934
210119_RL#220_15g	3124	Port Input	1	43050104	1773	4
210119_RL#220_15g	3124	Response	1	43050104	1773	4
210119_RL#220_15g	3124	Port Input	1	43050108	1777	4
210119_RL#220_15g	3124	Response	1	43050108	1777	4
210119_RL#220_15g	3125	Picture	10	43053491	0	3	1332	6	0	next	hit	16939
210119_RL#220_15g	3125	Port Input	1	43054600	1110	5
210119_RL#220_15g	3125	Response	1	43054600	1110	5
210119_RL#220_15g	3126	Picture	312	43054822	0	3	499	5	0	next	other	0
210119_RL#220_15g	3127	Picture	4442	43055322	0	3	80720	5	0	next	false_alarm	16943
210119_RL#220_15g	3127	Port Input	1	43065956	10635	4
210119_RL#220_15g	3127	Response	1	43065956	10635	4
210119_RL#220_15g	3127	Port Input	1	43065960	10638	4
210119_RL#220_15g	3127	Response	1	43065960	10638	4
210119_RL#220_15g	3127	Port Input	1	43086798	31477	4
210119_RL#220_15g	3127	Response	1	43086798	31477	4
210119_RL#220_15g	3127	Port Input	1	43089863	34542	4
210119_RL#220_15g	3127	Response	1	43089863	34542	4
210119_RL#220_15g	3127	Port Input	1	43096535	41213	4
210119_RL#220_15g	3127	Response	1	43096535	41213	4
210119_RL#220_15g	3127	Port Input	1	43096538	41217	4
210119_RL#220_15g	3127	Response	1	43096538	41217	4
210119_RL#220_15g	3128	Picture	666	43136041	0	3	20306	5	0	next	false_alarm	16956
210119_RL#220_15g	3128	Port Input	1	43150552	14511	4
210119_RL#220_15g	3128	Response	1	43150552	14511	4
210119_RL#220_15g	3128	Port Input	1	43150556	14515	4
210119_RL#220_15g	3128	Response	1	43150556	14515	4
210119_RL#220_15g	3128	Port Input	1	43151918	15877	4
210119_RL#220_15g	3128	Response	1	43151918	15877	4
210119_RL#220_15g	3128	Port Input	1	43154314	18273	5
210119_RL#220_15g	3128	Response	1	43154314	18273	5
210119_RL#220_15g	3128	Port Input	1	43154318	18277	4
210119_RL#220_15g	3128	Response	1	43154318	18277	4
210119_RL#220_15g	3129	Picture	777	43156347	0	3	20305	6	0	next	false_alarm	16967
210119_RL#220_15g	3129	Port Input	1	43156990	644	4
210119_RL#220_15g	3129	Response	1	43156990	644	4
210119_RL#220_15g	3129	Port Input	1	43159761	3415	4
210119_RL#220_15g	3129	Response	1	43159761	3415	4
210119_RL#220_15g	3129	Port Input	1	43159765	3418	4
210119_RL#220_15g	3129	Response	1	43159765	3418	4
210119_RL#220_15g	3129	Manual	1	43176360	20013	NA
210119_RL#220_15g	3130	Sound	2122	43178060	1408	1			0		other	0
210119_RL#220_15g	3131	Picture	55	43181811	0	3	5159	6	0	next	other	0
210119_RL#220_15g	3132	Picture	10	43186970	0	4	333	7	0	next	hit	16977
210119_RL#220_15g	3132	Port Input	1	43187106	136	4
210119_RL#220_15g	3132	Response	1	43187106	136	4
210119_RL#220_15g	3132	Port Input	1	43187110	140	4
210119_RL#220_15g	3132	Response	1	43187110	140	4
210119_RL#220_15g	3133	Picture	352	43187303	0	3	333	7	0	next	other	0
210119_RL#220_15g	3134	Picture	12	43187636	0	4	20139	7	0	next	false_alarm	16983
210119_RL#220_15g	3134	Port Input	1	43189893	2257	4
210119_RL#220_15g	3134	Response	1	43189893	2257	4
210119_RL#220_15g	3134	Port Input	1	43190833	3197	4
210119_RL#220_15g	3134	Response	1	43190833	3197	4
210119_RL#220_15g	3134	Port Input	1	43190837	3201	4
210119_RL#220_15g	3134	Response	1	43190837	3201	4
210119_RL#220_15g	3134	Port Input	1	43191892	4256	3
210119_RL#220_15g	3134	Response	1	43191892	4256	3
210119_RL#220_15g	3134	Port Input	1	43191895	4259	3
210119_RL#220_15g	3134	Response	1	43191895	4259	3
210119_RL#220_15g	3134	Port Input	1	43192973	5337	3
210119_RL#220_15g	3134	Response	1	43192973	5337	3
210119_RL#220_15g	3134	Port Input	1	43194170	6535	4
210119_RL#220_15g	3134	Response	1	43194170	6535	4
210119_RL#220_15g	3134	Port Input	1	43195419	7783	4
210119_RL#220_15g	3134	Response	1	43195419	7783	4
210119_RL#220_15g	3134	Port Input	1	43196801	9165	4
210119_RL#220_15g	3134	Response	1	43196801	9165	4
210119_RL#220_15g	3134	Port Input	1	43196806	9170	4
210119_RL#220_15g	3134	Response	1	43196806	9170	4
210119_RL#220_15g	3134	Port Input	1	43198406	10770	4
210119_RL#220_15g	3134	Response	1	43198406	10770	4
210119_RL#220_15g	3134	Port Input	1	43201813	14177	4
210119_RL#220_15g	3134	Response	1	43201813	14177	4
210119_RL#220_15g	3135	Picture	3521	43207775	0	4	832	7	0	next	other	0
210119_RL#220_15g	3136	Picture	666	43208607	0	4	20306	4	0	next	false_alarm	17011
210119_RL#220_15g	3136	Port Input	1	43208696	89	6
210119_RL#220_15g	3136	Response	1	43208696	89	6
210119_RL#220_15g	3136	Port Input	1	43218076	9469	4
210119_RL#220_15g	3136	Response	1	43218076	9469	4
210119_RL#220_15g	3136	Port Input	1	43218083	9476	3
210119_RL#220_15g	3136	Response	1	43218083	9476	3
210119_RL#220_15g	3137	Picture	777	43228913	0	1	20305	2	0	next	false_alarm	17016
210119_RL#220_15g	3137	Port Input	1	43235263	6350	5
210119_RL#220_15g	3137	Response	1	43235263	6350	5
210119_RL#220_15g	3137	Port Input	1	43235268	6355	5
210119_RL#220_15g	3137	Response	1	43235268	6355	5
210119_RL#220_15g	3137	Port Input	1	43237206	8293	4
210119_RL#220_15g	3137	Response	1	43237206	8293	4
210119_RL#220_15g	3137	Port Input	1	43237209	8297	4
210119_RL#220_15g	3137	Response	1	43237209	8297	4
210119_RL#220_15g	3137	Port Input	1	43240079	11166	5
210119_RL#220_15g	3137	Response	1	43240079	11166	5
210119_RL#220_15g	3137	Manual	1	43248925	20012	NA
210119_RL#220_15g	3138	Sound	2112	43251060	1842	1			0		other	0
210119_RL#220_15g	3138	Port Input	1	43253810	4592	4
210119_RL#220_15g	3138	Response	1	43253810	4592	4
210119_RL#220_15g	3138	Port Input	1	43253814	4596	4
210119_RL#220_15g	3138	Response	1	43253814	4596	4
210119_RL#220_15g	3139	Picture	55	43254543	0	3	5326	5	0	next	other	0
210119_RL#220_15g	3140	Picture	10	43259868	0	3	20304	6	0	next	miss	0
210119_RL#220_15g	3141	Picture	412	43280173	0	3	833	6	0	next	other	0
210119_RL#220_15g	3142	Picture	666	43281005	0	3	20140	5	0	next	other	0
210119_RL#220_15g	3143	Picture	777	43301145	0	2	20137	5	0	next	false_alarm	17037
210119_RL#220_15g	3143	Port Input	1	43304693	3548	4
210119_RL#220_15g	3143	Response	1	43304693	3548	4
210119_RL#220_15g	3143	Port Input	1	43310748	9603	4
210119_RL#220_15g	3143	Response	1	43310748	9603	4
210119_RL#220_15g	3143	Port Input	1	43321013	19868	4
210119_RL#220_15g	3143	Response	1	43321013	19868	4
210119_RL#220_15g	3143	Manual	2	43321159	20014	NA
210119_RL#220_15g	3144	Port Input	1	43322590	1308	5
210119_RL#220_15g	3144	Response	1	43322590	1308	5
210119_RL#220_15g	3144	Sound	2122	43323060	1777	1			0		other	0
210119_RL#220_15g	3144	Port Input	1	43325461	4179	4
210119_RL#220_15g	3144	Response	1	43325461	4179	4
210119_RL#220_15g	3145	Picture	55	43326442	0	4	5327	4	0	next	other	0
210119_RL#220_15g	3146	Picture	10	43331769	0	1	20305	2	0	next	miss	0
210119_RL#220_15g	3147	Picture	452	43352074	0	1	999	1	0	next	other	0
210119_RL#220_15g	3148	Picture	666	43353073	0	1	20304	3	0	next	false_alarm	17053
210119_RL#220_15g	3148	Port Input	1	43365263	12191	4
210119_RL#220_15g	3148	Response	1	43365263	12191	4
210119_RL#220_15g	3148	Port Input	1	43365267	12194	4
210119_RL#220_15g	3148	Response	1	43365267	12194	4
210119_RL#220_15g	3148	Port Input	1	43366952	13879	4
210119_RL#220_15g	3148	Response	1	43366952	13879	4
210119_RL#220_15g	3149	Picture	777	43373376	0	3	20305	5	0	next	false_alarm	17060
210119_RL#220_15g	3149	Port Input	1	43376727	3350	4
210119_RL#220_15g	3149	Response	1	43376727	3350	4
210119_RL#220_15g	3149	Port Input	1	43383284	9908	4
210119_RL#220_15g	3149	Response	1	43383284	9908	4
210119_RL#220_15g	3149	Manual	2	43393398	20022	NA
210119_RL#220_15g	3149	Port Input	1	43393580	20204	4
210119_RL#220_15g	3149	Response	1	43393580	20204	4
210119_RL#220_15g	3149	Port Input	1	43393585	20209	4
210119_RL#220_15g	3149	Response	1	43393585	20209	4
210119_RL#220_15g	3150	Sound	2112	43395060	1379	1			0		other	0
210119_RL#220_15g	3151	Picture	55	43398840	0	6	5159	9	0	next	false_alarm	17071
210119_RL#220_15g	3151	Port Input	1	43400219	1378	4
210119_RL#220_15g	3151	Response	1	43400219	1378	4
210119_RL#220_15g	3151	Port Input	1	43402717	3877	5
210119_RL#220_15g	3151	Response	1	43402717	3877	5
210119_RL#220_15g	3152	Picture	10	43403999	0	4	999	6	0	next	hit	17076
210119_RL#220_15g	3152	Port Input	1	43404820	820	4
210119_RL#220_15g	3152	Response	1	43404820	820	4
210119_RL#220_15g	3153	Picture	312	43404999	0	3	499	6	0	next	other	0
210119_RL#220_15g	3154	Picture	4442	43405497	0	3	80889	4	0	next	false_alarm	17080
210119_RL#220_15g	3154	Port Input	1	43423762	18264	4
210119_RL#220_15g	3154	Response	1	43423762	18264	4
210119_RL#220_15g	3154	Port Input	1	43425263	19766	4
210119_RL#220_15g	3154	Response	1	43425263	19766	4
210119_RL#220_15g	3154	Port Input	1	43425267	19769	4
210119_RL#220_15g	3154	Response	1	43425267	19769	4
210119_RL#220_15g	3154	Port Input	1	43425270	19773	4
210119_RL#220_15g	3154	Response	1	43425270	19773	4
210119_RL#220_15g	3154	Port Input	1	43437106	31609	4
210119_RL#220_15g	3154	Response	1	43437106	31609	4
210119_RL#220_15g	3154	Port Input	1	43437111	31614	4
210119_RL#220_15g	3154	Response	1	43437111	31614	4
210119_RL#220_15g	3154	Port Input	1	43439969	34471	4
210119_RL#220_15g	3154	Response	1	43439969	34471	4
210119_RL#220_15g	3154	Port Input	1	43439972	34475	4
210119_RL#220_15g	3154	Response	1	43439972	34475	4
210119_RL#220_15g	3154	Port Input	1	43446461	40964	4
210119_RL#220_15g	3154	Response	1	43446461	40964	4
210119_RL#220_15g	3154	Port Input	1	43446465	40968	4
210119_RL#220_15g	3154	Response	1	43446465	40968	4
210119_RL#220_15g	3155	Picture	666	43486386	0	1	20303	3	0	next	false_alarm	17101
210119_RL#220_15g	3155	Port Input	1	43505657	19270	4
210119_RL#220_15g	3155	Response	1	43505657	19270	4
210119_RL#220_15g	3155	Port Input	1	43505662	19276	4
210119_RL#220_15g	3155	Response	1	43505662	19276	4
210119_RL#220_15g	3156	Picture	777	43506689	0	3	20305	6	0	next	false_alarm	17106
210119_RL#220_15g	3156	Port Input	1	43508635	1946	4
210119_RL#220_15g	3156	Response	1	43508635	1946	4
210119_RL#220_15g	3156	Port Input	1	43508640	1951	3
210119_RL#220_15g	3156	Response	1	43508640	1951	3
210119_RL#220_15g	3156	Port Input	1	43517673	10984	4
210119_RL#220_15g	3156	Response	1	43517673	10984	4
210119_RL#220_15g	3156	Manual	1	43526701	20012	NA
210119_RL#220_15g	3157	Sound	2122	43528060	1066	1			0		other	0
210119_RL#220_15g	3158	Picture	55	43532154	0	4	5160	6	0	next	false_alarm	17115
210119_RL#220_15g	3158	Port Input	1	43536230	4076	4
210119_RL#220_15g	3158	Response	1	43536230	4076	4
210119_RL#220_15g	3159	Picture	10	43537314	0	3	10318	6	0	next	hit	17118
210119_RL#220_15g	3159	Port Input	1	43547429	10115	4
210119_RL#220_15g	3159	Response	1	43547429	10115	4
210119_RL#220_15g	3160	Picture	352	43547632	0	4	500	7	0	next	other	0
210119_RL#220_15g	3161	Picture	12	43548132	0	3	20306	4	0	next	false_alarm	17122
210119_RL#220_15g	3161	Port Input	1	43549614	1483	4
210119_RL#220_15g	3161	Response	1	43549614	1483	4
210119_RL#220_15g	3161	Port Input	1	43550702	2570	4
210119_RL#220_15g	3161	Response	1	43550702	2570	4
210119_RL#220_15g	3161	Port Input	1	43551768	3637	4
210119_RL#220_15g	3161	Response	1	43551768	3637	4
210119_RL#220_15g	3161	Port Input	1	43552891	4759	5
210119_RL#220_15g	3161	Response	1	43552891	4759	5
210119_RL#220_15g	3161	Port Input	1	43554110	5979	4
210119_RL#220_15g	3161	Response	1	43554110	5979	4
210119_RL#220_15g	3161	Port Input	1	43554114	5983	4
210119_RL#220_15g	3161	Response	1	43554114	5983	4
210119_RL#220_15g	3161	Port Input	1	43555428	7297	4
210119_RL#220_15g	3161	Response	1	43555428	7297	4
210119_RL#220_15g	3161	Port Input	1	43555432	7300	4
210119_RL#220_15g	3161	Response	1	43555432	7300	4
210119_RL#220_15g	3161	Port Input	1	43559923	11792	4
210119_RL#220_15g	3161	Response	1	43559923	11792	4
210119_RL#220_15g	3161	Port Input	1	43567920	19789	4
210119_RL#220_15g	3161	Response	1	43567920	19789	4
210119_RL#220_15g	3162	Picture	3521	43568438	0	1	832	2	0	next	other	0
210119_RL#220_15g	3163	Picture	666	43569270	0	1	20305	2	0	next	false_alarm	17144
210119_RL#220_15g	3163	Port Input	1	43570218	948	4
210119_RL#220_15g	3163	Response	1	43570218	948	4
210119_RL#220_15g	3163	Port Input	1	43572012	2742	5
210119_RL#220_15g	3163	Response	1	43572012	2742	5
210119_RL#220_15g	3163	Port Input	1	43577961	8691	4
210119_RL#220_15g	3163	Response	1	43577961	8691	4
210119_RL#220_15g	3164	Picture	777	43589575	0	1	20304	3	0	next	other	0
210119_RL#220_15g	3164	Manual	1	43609589	20014	NA
210119_RL#220_15g	3165	Sound	2112	43611060	1182	1			0		other	0
210119_RL#220_15g	3166	Picture	55	43615204	0	3	5325	5	0	next	other	0
210119_RL#220_15g	3167	Picture	10	43620530	0	3	20305	6	0	next	miss	0
210119_RL#220_15g	3168	Picture	412	43640835	0	3	666	6	0	next	other	0
210119_RL#220_15g	3169	Picture	666	43641501	0	3	20138	6	0	next	other	0
210119_RL#220_15g	3170	Picture	777	43661639	0	3	20138	7	0	next	other	0
210119_RL#220_15g	3170	Manual	1	43681653	20013	NA
210119_RL#220_15g	3171	Sound	2122	43683060	1282	1			0		other	0
210119_RL#220_15g	3171	Port Input	1	43685319	3541	4
210119_RL#220_15g	3171	Response	1	43685319	3541	4
210119_RL#220_15g	3172	Picture	55	43687105	0	1	5326	2	0	next	other	0
210119_RL#220_15g	3173	Picture	10	43692431	0	1	1331	2	0	next	hit	17164
210119_RL#220_15g	3173	Port Input	1	43693518	1087	4
210119_RL#220_15g	3173	Response	1	43693518	1087	4
210119_RL#220_15g	3173	Port Input	1	43693521	1090	4
210119_RL#220_15g	3173	Response	1	43693521	1090	4
210119_RL#220_15g	3174	Picture	352	43693763	0	1	499	1	0	next	other	0
210119_RL#220_15g	3175	Picture	12	43694262	0	1	20305	1	0	next	false_alarm	17170
210119_RL#220_15g	3175	Port Input	1	43695600	1338	4
210119_RL#220_15g	3175	Response	1	43695600	1338	4
210119_RL#220_15g	3175	Port Input	1	43696595	2334	4
210119_RL#220_15g	3175	Response	1	43696595	2334	4
210119_RL#220_15g	3175	Port Input	1	43697648	3386	4
210119_RL#220_15g	3175	Response	1	43697648	3386	4
210119_RL#220_15g	3175	Port Input	1	43698765	4503	4
210119_RL#220_15g	3175	Response	1	43698765	4503	4
210119_RL#220_15g	3175	Port Input	1	43699927	5665	4
210119_RL#220_15g	3175	Response	1	43699927	5665	4
210119_RL#220_15g	3175	Port Input	1	43699931	5669	4
210119_RL#220_15g	3175	Response	1	43699931	5669	4
210119_RL#220_15g	3175	Port Input	1	43701342	7080	4
210119_RL#220_15g	3175	Response	1	43701342	7080	4
210119_RL#220_15g	3175	Port Input	1	43701346	7084	4
210119_RL#220_15g	3175	Response	1	43701346	7084	4
210119_RL#220_15g	3175	Port Input	1	43711901	17639	4
210119_RL#220_15g	3175	Response	1	43711901	17639	4
210119_RL#220_15g	3175	Port Input	1	43711907	17645	4
210119_RL#220_15g	3175	Response	1	43711907	17645	4
210119_RL#220_15g	3176	Picture	3521	43714567	0	1	666	1	0	next	other	0
210119_RL#220_15g	3177	Picture	666	43715232	0	1	20303	3	0	next	other	0
210119_RL#220_15g	3178	Picture	777	43735536	0	3	20305	5	0	next	other	0
210119_RL#220_15g	3178	Manual	2	43755552	20017	NA
210119_RL#220_15g	3179	Sound	2112	43757060	1219	1			0		other	0
210119_RL#220_15g	3180	Picture	55	43761000	0	3	5159	6	0	next	false_alarm	17196
210119_RL#220_15g	3180	Port Input	1	43761382	382	4
210119_RL#220_15g	3180	Response	1	43761382	382	4
210119_RL#220_15g	3180	Port Input	1	43761386	386	4
210119_RL#220_15g	3180	Response	1	43761386	386	4
210119_RL#220_15g	3180	Port Input	1	43763117	2116	4
210119_RL#220_15g	3180	Response	1	43763117	2116	4
210119_RL#220_15g	3180	Port Input	1	43763120	2120	4
210119_RL#220_15g	3180	Response	1	43763120	2120	4
210119_RL#220_15g	3180	Port Input	1	43764655	3655	4
210119_RL#220_15g	3180	Response	1	43764655	3655	4
210119_RL#220_15g	3181	Picture	10	43766159	0	4	500	6	0	next	hit	17207
210119_RL#220_15g	3181	Port Input	1	43766423	264	4
210119_RL#220_15g	3181	Response	1	43766423	264	4
210119_RL#220_15g	3181	Port Input	1	43766427	267	4
210119_RL#220_15g	3181	Response	1	43766427	267	4
210119_RL#220_15g	3182	Picture	312	43766659	0	3	499	5	0	next	other	0
210119_RL#220_15g	3183	Picture	4442	43767158	0	3	80719	6	0	next	false_alarm	17213
210119_RL#220_15g	3183	Port Input	1	43770679	3520	4
210119_RL#220_15g	3183	Response	1	43770679	3520	4
210119_RL#220_15g	3183	Port Input	1	43770682	3524	4
210119_RL#220_15g	3183	Response	1	43770682	3524	4
210119_RL#220_15g	3183	Port Input	1	43772476	5318	4
210119_RL#220_15g	3183	Response	1	43772476	5318	4
210119_RL#220_15g	3183	Port Input	1	43786381	19223	4
210119_RL#220_15g	3183	Response	1	43786381	19223	4
210119_RL#220_15g	3183	Port Input	1	43786384	19226	4
210119_RL#220_15g	3183	Response	1	43786384	19226	4
210119_RL#220_15g	3183	Port Input	1	43795982	28824	4
210119_RL#220_15g	3183	Response	1	43795982	28824	4
210119_RL#220_15g	3184	Picture	666	43847878	0	3	20306	6	0	next	other	0
210119_RL#220_15g	3185	Picture	777	43868184	0	3	20305	6	0	next	other	0
210119_RL#220_15g	3185	Manual	1	43888198	20014	NA
210119_RL#220_15g	3186	Sound	2122	43890060	1572	1			0		other	0
210119_RL#220_15g	3186	Port Input	1	43892077	3589	4
210119_RL#220_15g	3186	Response	1	43892077	3589	4
210119_RL#220_15g	3186	Port Input	1	43892082	3593	4
210119_RL#220_15g	3186	Response	1	43892082	3593	4
210119_RL#220_15g	3187	Picture	55	43893648	0	3	5159	6	0	next	false_alarm	17234
210119_RL#220_15g	3187	Port Input	1	43894269	621	4
210119_RL#220_15g	3187	Response	1	43894269	621	4
210119_RL#220_15g	3188	Picture	10	43898807	0	3	666	6	0	next	hit	17237
210119_RL#220_15g	3188	Port Input	1	43899313	506	4
210119_RL#220_15g	3188	Response	1	43899313	506	4
210119_RL#220_15g	3189	Picture	352	43899473	0	3	499	6	0	next	other	0
210119_RL#220_15g	3190	Picture	12	43899972	0	3	20139	7	0	next	false_alarm	17241
210119_RL#220_15g	3190	Port Input	1	43903794	3822	4
210119_RL#220_15g	3190	Response	1	43903794	3822	4
210119_RL#220_15g	3190	Port Input	1	43904743	4770	4
210119_RL#220_15g	3190	Response	1	43904743	4770	4
210119_RL#220_15g	3190	Port Input	1	43905789	5817	4
210119_RL#220_15g	3190	Response	1	43905789	5817	4
210119_RL#220_15g	3190	Port Input	1	43906934	6962	4
210119_RL#220_15g	3190	Response	1	43906934	6962	4
210119_RL#220_15g	3190	Port Input	1	43908077	8105	4
210119_RL#220_15g	3190	Response	1	43908077	8105	4
210119_RL#220_15g	3190	Port Input	1	43909310	9338	4
210119_RL#220_15g	3190	Response	1	43909310	9338	4
210119_RL#220_15g	3190	Port Input	1	43909314	9342	4
210119_RL#220_15g	3190	Response	1	43909314	9342	4
210119_RL#220_15g	3190	Port Input	1	43910666	10693	4
210119_RL#220_15g	3190	Response	1	43910666	10693	4
210119_RL#220_15g	3190	Port Input	1	43912017	12045	4
210119_RL#220_15g	3190	Response	1	43912017	12045	4
210119_RL#220_15g	3190	Port Input	1	43912021	12048	4
210119_RL#220_15g	3190	Response	1	43912021	12048	4
210119_RL#220_15g	3190	Port Input	1	43913610	13638	4
210119_RL#220_15g	3190	Response	1	43913610	13638	4
210119_RL#220_15g	3190	Port Input	1	43913615	13643	4
210119_RL#220_15g	3190	Response	1	43913615	13643	4
210119_RL#220_15g	3190	Port Input	1	43917188	17215	4
210119_RL#220_15g	3190	Response	1	43917188	17215	4
210119_RL#220_15g	3190	Port Input	1	43918761	18789	4
210119_RL#220_15g	3190	Response	1	43918761	18789	4
210119_RL#220_15g	3190	Port Input	1	43918765	18793	4
210119_RL#220_15g	3190	Response	1	43918765	18793	4
210119_RL#220_15g	3191	Picture	3521	43920111	0	4	666	7	0	next	other	0
210119_RL#220_15g	3191	Port Input	1	43920587	476	4
210119_RL#220_15g	3191	Response	1	43920587	476	4
210119_RL#220_15g	3192	Picture	666	43920777	0	4	20306	4	0	next	other	0
210119_RL#220_15g	3193	Picture	777	43941083	0	1	20305	2	0	next	other	0
210119_RL#220_15g	3193	Manual	2	43961097	20014	NA
210119_RL#220_15g	3194	Sound	2122	43963060	1673	1			0		other	0
210119_RL#220_15g	3194	Port Input	1	43964619	3231	4
210119_RL#220_15g	3194	Response	1	43964619	3231	4
210119_RL#220_15g	3195	Picture	55	43966712	0	3	5325	5	0	next	false_alarm	17281
210119_RL#220_15g	3195	Port Input	1	43966904	191	4
210119_RL#220_15g	3195	Response	1	43966904	191	4
210119_RL#220_15g	3195	Port Input	1	43969780	3068	4
210119_RL#220_15g	3195	Response	1	43969780	3068	4
210119_RL#220_15g	3195	Port Input	1	43969784	3071	4
210119_RL#220_15g	3195	Response	1	43969784	3071	4
210119_RL#220_15g	3196	Picture	10	43972038	0	3	20305	6	0	next	miss	0
210119_RL#220_15g	3197	Picture	452	43992343	0	3	832	6	0	next	other	0
210119_RL#220_15g	3198	Picture	666	43993175	0	4	20139	7	0	next	false_alarm	17290
210119_RL#220_15g	3198	Port Input	1	44002949	9775	4
210119_RL#220_15g	3198	Response	1	44002949	9775	4
210119_RL#220_15g	3198	Port Input	1	44002953	9778	4
210119_RL#220_15g	3198	Response	1	44002953	9778	4
210119_RL#220_15g	3198	Port Input	1	44004637	11463	4
210119_RL#220_15g	3198	Response	1	44004637	11463	4
210119_RL#220_15g	3198	Port Input	1	44006512	13337	4
210119_RL#220_15g	3198	Response	1	44006512	13337	4
210119_RL#220_15g	3199	Picture	777	44013313	0	3	20139	7	0	next	other	0
210119_RL#220_15g	3199	Manual	1	44033327	20013	NA
210119_RL#220_15g	3200	Sound	2112	44035061	1609	1			0		other	0
210119_RL#220_15g	3200	Port Input	1	44037987	4535	4
210119_RL#220_15g	3200	Response	1	44037987	4535	4
210119_RL#220_15g	3201	Picture	55	44038611	0	4	5327	5	0	next	false_alarm	17304
210119_RL#220_15g	3201	Port Input	1	44039450	839	4
210119_RL#220_15g	3201	Response	1	44039450	839	4
210119_RL#220_15g	3202	Picture	10	44043939	0	1	9820	2	0	next	hit	17307
210119_RL#220_15g	3202	Port Input	1	44053389	9450	4
210119_RL#220_15g	3202	Response	1	44053389	9450	4
210119_RL#220_15g	3202	Port Input	1	44053392	9453	4
210119_RL#220_15g	3202	Response	1	44053392	9453	4
210119_RL#220_15g	3203	Picture	312	44053758	0	1	666	2	0	next	other	0
210119_RL#220_15g	3204	Picture	4442	44054424	0	1	80719	4	0	next	false_alarm	17313
210119_RL#220_15g	3204	Port Input	1	44103330	48906	4
210119_RL#220_15g	3204	Response	1	44103330	48906	4
210119_RL#220_15g	3204	Port Input	1	44103335	48911	4
210119_RL#220_15g	3204	Response	1	44103335	48911	4
210119_RL#220_15g	3204	Port Input	1	44106314	51890	4
210119_RL#220_15g	3204	Response	1	44106314	51890	4
210119_RL#220_15g	3204	Port Input	1	44106318	51894	4
210119_RL#220_15g	3204	Response	1	44106318	51894	4
210119_RL#220_15g	3204	Port Input	1	44119253	64829	4
210119_RL#220_15g	3204	Response	1	44119253	64829	4
210119_RL#220_15g	3204	Port Input	1	44122157	67733	4
210119_RL#220_15g	3204	Response	1	44122157	67733	4
210119_RL#220_15g	3204	Port Input	1	44122163	67738	4
210119_RL#220_15g	3204	Response	1	44122163	67738	4
210119_RL#220_15g	3204	Port Input	1	44125539	71115	4
210119_RL#220_15g	3204	Response	1	44125539	71115	4
210119_RL#220_15g	3204	Port Input	1	44130789	76364	4
210119_RL#220_15g	3204	Response	1	44130789	76364	4
210119_RL#220_15g	3204	Port Input	1	44130795	76371	4
210119_RL#220_15g	3204	Response	1	44130795	76371	4
210119_RL#220_15g	3205	Picture	666	44135143	0	3	20138	7	0	next	false_alarm	17334
210119_RL#220_15g	3205	Port Input	1	44135997	854	3
210119_RL#220_15g	3205	Response	1	44135997	854	3
210119_RL#220_15g	3206	Picture	777	44155281	0	4	20307	5	0	next	false_alarm	17337
210119_RL#220_15g	3206	Port Input	1	44163191	7910	5
210119_RL#220_15g	3206	Response	1	44163191	7910	5
210119_RL#220_15g	3206	Port Input	1	44166440	11159	4
210119_RL#220_15g	3206	Response	1	44166440	11159	4
210119_RL#220_15g	3206	Port Input	1	44166444	11163	5
210119_RL#220_15g	3206	Response	1	44166444	11163	5
210119_RL#220_15g	3206	Manual	2	44175300	20019	NA
210119_RL#220_15g	3207	Sound	2122	44177061	1473	1			0		other	0
210119_RL#220_15g	3207	Port Input	1	44179582	3994	4
210119_RL#220_15g	3207	Response	1	44179582	3994	4
210119_RL#220_15g	3207	Port Input	1	44179588	4000	4
210119_RL#220_15g	3207	Response	1	44179588	4000	4
210119_RL#220_15g	3208	Picture	55	44180914	0	1	5324	4	0	next	other	0
210119_RL#220_15g	3209	Picture	10	44186237	0	3	20306	6	0	next	miss	0
210119_RL#220_15g	3210	Picture	452	44206543	0	3	832	5	0	next	other	0
210119_RL#220_15g	3211	Picture	666	44207375	0	3	20305	5	0	next	other	0
210119_RL#220_15g	3212	Picture	777	44227680	0	3	20305	6	0	next	false_alarm	17354
210119_RL#220_15g	3212	Port Input	1	44240175	12495	4
210119_RL#220_15g	3212	Response	1	44240175	12495	4
210119_RL#220_15g	3212	Port Input	1	44244094	16413	4
210119_RL#220_15g	3212	Response	1	44244094	16413	4
210119_RL#220_15g	3212	Manual	2	44247695	20014	NA
210119_RL#220_15g	3213	Port Input	1	44248124	139	4
210119_RL#220_15g	3213	Response	1	44248124	139	4
210119_RL#220_15g	3213	Sound	2112	44249061	1076	1			0		other	0
210119_RL#220_15g	3213	Port Input	1	44251847	3862	4
210119_RL#220_15g	3213	Response	1	44251847	3862	4
210119_RL#220_15g	3214	Picture	55	44253145	0	3	5160	6	0	next	other	0
210119_RL#220_15g	3215	Picture	10	44258304	0	3	19473	6	0	next	hit	17366
210119_RL#220_15g	3215	Port Input	1	44277574	19270	4
210119_RL#220_15g	3215	Response	1	44277574	19270	4
210119_RL#220_15g	3216	Picture	312	44277777	0	4	499	7	0	next	other	0
210119_RL#220_15g	3217	Picture	4442	44278276	0	4	80887	6	0	next	false_alarm	17370
210119_RL#220_15g	3217	Port Input	1	44323671	45395	4
210119_RL#220_15g	3217	Response	1	44323671	45395	4
210119_RL#220_15g	3217	Port Input	1	44323677	45401	4
210119_RL#220_15g	3217	Response	1	44323677	45401	4
210119_RL#220_15g	3217	Port Input	1	44325283	47007	8
210119_RL#220_15g	3217	Response	1	44325283	47007	8
210119_RL#220_15g	3217	Port Input	1	44329965	51689	6
210119_RL#220_15g	3217	Response	1	44329965	51689	6
210119_RL#220_15g	3217	Port Input	1	44332224	53948	4
210119_RL#220_15g	3217	Response	1	44332224	53948	4
210119_RL#220_15g	3217	Port Input	1	44332228	53952	4
210119_RL#220_15g	3217	Response	1	44332228	53952	4
210119_RL#220_15g	3218	Picture	666	44359163	0	3	20138	6	0	next	false_alarm	17383
210119_RL#220_15g	3218	Port Input	1	44365545	6382	4
210119_RL#220_15g	3218	Response	1	44365545	6382	4
210119_RL#220_15g	3218	Port Input	1	44365551	6388	5
210119_RL#220_15g	3218	Response	1	44365551	6388	5
210119_RL#220_15g	3218	Port Input	1	44366829	7666	4
210119_RL#220_15g	3218	Response	1	44366829	7666	4
210119_RL#220_15g	3218	Port Input	1	44366833	7669	4
210119_RL#220_15g	3218	Response	1	44366833	7669	4
210119_RL#220_15g	3218	Port Input	1	44369806	10643	4
210119_RL#220_15g	3218	Response	1	44369806	10643	4
210119_RL#220_15g	3218	Port Input	1	44375076	15913	4
210119_RL#220_15g	3218	Response	1	44375076	15913	4
210119_RL#220_15g	3218	Port Input	1	44375081	15918	4
210119_RL#220_15g	3218	Response	1	44375081	15918	4
210119_RL#220_15g	3219	Picture	777	44379301	0	3	20138	7	0	next	false_alarm	17398
210119_RL#220_15g	3219	Port Input	1	44383170	3868	4
210119_RL#220_15g	3219	Response	1	44383170	3868	4
210119_RL#220_15g	3219	Manual	2	44399320	20018	NA
210119_RL#220_15g	3220	Sound	2122	44401061	1621	1			0		other	0
210119_RL#220_15g	3220	Port Input	1	44403654	4215	4
210119_RL#220_15g	3220	Response	1	44403654	4215	4
210119_RL#220_15g	3221	Picture	55	44404767	0	1	5326	2	0	next	other	0
210119_RL#220_15g	3222	Picture	10	44410093	0	1	20305	2	0	next	miss	0
210119_RL#220_15g	3223	Picture	452	44430398	0	1	999	1	0	next	other	0
210119_RL#220_15g	3224	Picture	666	44431396	0	1	20303	3	0	next	false_alarm	17408
210119_RL#220_15g	3224	Port Input	1	44440923	9526	4
210119_RL#220_15g	3224	Response	1	44440923	9526	4
210119_RL#220_15g	3224	Port Input	1	44443226	11829	4
210119_RL#220_15g	3224	Response	1	44443226	11829	4
210119_RL#220_15g	3224	Port Input	1	44443229	11833	4
210119_RL#220_15g	3224	Response	1	44443229	11833	4
210119_RL#220_15g	3224	Port Input	1	44445631	14235	4
210119_RL#220_15g	3224	Response	1	44445631	14235	4
210119_RL#220_15g	3224	Port Input	1	44445635	14238	4
210119_RL#220_15g	3224	Response	1	44445635	14238	4
210119_RL#220_15g	3225	Picture	777	44451700	0	3	20305	5	0	next	other	0
210119_RL#220_15g	3225	Manual	2	44471712	20012	NA
210119_RL#220_15g	3226	Sound	2112	44473061	1056	1			0		other	0
210119_RL#220_15g	3226	Port Input	1	44474678	2673	4
210119_RL#220_15g	3226	Response	1	44474678	2673	4
210119_RL#220_15g	3226	Port Input	1	44474682	2677	4
210119_RL#220_15g	3226	Response	1	44474682	2677	4
210119_RL#220_15g	3226	Port Input	1	44476305	4300	5
210119_RL#220_15g	3226	Response	1	44476305	4300	5
210119_RL#220_15g	3227	Picture	55	44477164	0	3	5160	6	0	next	other	0
210119_RL#220_15g	3228	Picture	10	44482324	0	3	3994	6	0	next	hit	17429
210119_RL#220_15g	3228	Port Input	1	44486170	3846	4
210119_RL#220_15g	3228	Response	1	44486170	3846	4
210119_RL#220_15g	3228	Port Input	1	44486174	3850	4
210119_RL#220_15g	3228	Response	1	44486174	3850	4
210119_RL#220_15g	3229	Picture	312	44486318	0	3	495	10	0	next	other	0
210119_RL#220_15g	3230	Picture	4442	44486813	0	7	80724	10	0	next	false_alarm	17435
210119_RL#220_15g	3230	Port Input	1	44488436	1623	4
210119_RL#220_15g	3230	Response	1	44488436	1623	4
210119_RL#220_15g	3230	Port Input	1	44488440	1626	4
210119_RL#220_15g	3230	Response	1	44488440	1626	4
210119_RL#220_15g	3230	Port Input	1	44516182	29368	4
210119_RL#220_15g	3230	Response	1	44516182	29368	4
210119_RL#220_15g	3230	Port Input	1	44516187	29374	4
210119_RL#220_15g	3230	Response	1	44516187	29374	4
210119_RL#220_15g	3230	Port Input	1	44527174	40360	4
210119_RL#220_15g	3230	Response	1	44527174	40360	4
210119_RL#220_15g	3230	Port Input	1	44528931	42117	4
210119_RL#220_15g	3230	Response	1	44528931	42117	4
210119_RL#220_15g	3230	Port Input	1	44528936	42123	4
210119_RL#220_15g	3230	Response	1	44528936	42123	4
210119_RL#220_15g	3230	Port Input	1	44537813	51000	4
210119_RL#220_15g	3230	Response	1	44537813	51000	4
210119_RL#220_15g	3230	Port Input	1	44539929	53115	4
210119_RL#220_15g	3230	Response	1	44539929	53115	4
210119_RL#220_15g	3231	Picture	666	44567538	0	3	20305	5	0	next	other	0
210119_RL#220_15g	3232	Picture	777	44587843	0	3	20305	6	0	next	false_alarm	17455
210119_RL#220_15g	3232	Port Input	1	44591487	3644	4
210119_RL#220_15g	3232	Response	1	44591487	3644	4
210119_RL#220_15g	3232	Port Input	1	44595389	7547	4
210119_RL#220_15g	3232	Response	1	44595389	7547	4
210119_RL#220_15g	3232	Manual	1	44607864	20021	NA
210119_RL#220_15g	3233	Sound	2122	44610061	1913	1			0		other	0
210119_RL#220_15g	3233	Port Input	1	44612327	4179	4
210119_RL#220_15g	3233	Response	1	44612327	4179	4
210119_RL#220_15g	3233	Port Input	1	44612334	4186	4
210119_RL#220_15g	3233	Response	1	44612334	4186	4
210119_RL#220_15g	3234	Picture	55	44613307	0	4	5160	7	0	next	other	0
210119_RL#220_15g	3235	Picture	10	44618466	0	4	11983	7	0	next	hit	17467
210119_RL#220_15g	3235	Port Input	1	44630344	11878	4
210119_RL#220_15g	3235	Response	1	44630344	11878	4
210119_RL#220_15g	3235	Port Input	1	44630348	11881	4
210119_RL#220_15g	3235	Response	1	44630348	11881	4
210119_RL#220_15g	3236	Picture	352	44630450	0	4	499	7	0	next	other	0
210119_RL#220_15g	3237	Picture	12	44630949	0	4	20306	4	0	next	false_alarm	17473
210119_RL#220_15g	3237	Port Input	1	44633121	2171	4
210119_RL#220_15g	3237	Response	1	44633121	2171	4
210119_RL#220_15g	3237	Port Input	1	44633124	2175	4
210119_RL#220_15g	3237	Response	1	44633124	2175	4
210119_RL#220_15g	3237	Port Input	1	44634089	3140	3
210119_RL#220_15g	3237	Response	1	44634089	3140	3
210119_RL#220_15g	3237	Port Input	1	44635131	4182	4
210119_RL#220_15g	3237	Response	1	44635131	4182	4
210119_RL#220_15g	3237	Port Input	1	44635134	4185	4
210119_RL#220_15g	3237	Response	1	44635134	4185	4
210119_RL#220_15g	3237	Port Input	1	44636162	5212	4
210119_RL#220_15g	3237	Response	1	44636162	5212	4
210119_RL#220_15g	3237	Port Input	1	44636165	5216	4
210119_RL#220_15g	3237	Response	1	44636165	5216	4
210119_RL#220_15g	3237	Port Input	1	44637269	6319	4
210119_RL#220_15g	3237	Response	1	44637269	6319	4
210119_RL#220_15g	3237	Port Input	1	44637273	6323	4
210119_RL#220_15g	3237	Response	1	44637273	6323	4
210119_RL#220_15g	3237	Port Input	1	44638509	7560	4
210119_RL#220_15g	3237	Response	1	44638509	7560	4
210119_RL#220_15g	3237	Port Input	1	44638514	7565	4
210119_RL#220_15g	3237	Response	1	44638514	7565	4
210119_RL#220_15g	3237	Port Input	1	44639887	8937	5
210119_RL#220_15g	3237	Response	1	44639887	8937	5
210119_RL#220_15g	3237	Port Input	1	44641403	10454	4
210119_RL#220_15g	3237	Response	1	44641403	10454	4
210119_RL#220_15g	3237	Port Input	1	44641407	10458	4
210119_RL#220_15g	3237	Response	1	44641407	10458	4
210119_RL#220_15g	3237	Port Input	1	44642725	11776	4
210119_RL#220_15g	3237	Response	1	44642725	11776	4
210119_RL#220_15g	3237	Port Input	1	44644350	13400	4
210119_RL#220_15g	3237	Response	1	44644350	13400	4
210119_RL#220_15g	3237	Port Input	1	44644353	13404	4
210119_RL#220_15g	3237	Response	1	44644353	13404	4
210119_RL#220_15g	3237	Port Input	1	44647391	16442	4
210119_RL#220_15g	3237	Response	1	44647391	16442	4
210119_RL#220_15g	3237	Port Input	1	44647395	16446	4
210119_RL#220_15g	3237	Response	1	44647395	16446	4
210119_RL#220_15g	3237	Port Input	1	44648977	18028	4
210119_RL#220_15g	3237	Response	1	44648977	18028	4
210119_RL#220_15g	3237	Port Input	1	44648980	18031	4
210119_RL#220_15g	3237	Response	1	44648980	18031	4
210119_RL#220_15g	3237	Port Input	1	44650708	19758	4
210119_RL#220_15g	3237	Response	1	44650708	19758	4
210119_RL#220_15g	3238	Picture	3521	44651256	0	1	666	1	0	next	other	0
210119_RL#220_15g	3239	Picture	666	44651921	0	1	20305	2	0	next	false_alarm	17519
210119_RL#220_15g	3239	Port Input	1	44663182	11261	4
210119_RL#220_15g	3239	Response	1	44663182	11261	4
210119_RL#220_15g	3239	Port Input	1	44664802	12880	4
210119_RL#220_15g	3239	Response	1	44664802	12880	4
210119_RL#220_15g	3239	Port Input	1	44664805	12884	4
210119_RL#220_15g	3239	Response	1	44664805	12884	4
210119_RL#220_15g	3240	Picture	777	44672226	0	1	20304	3	0	next	other	0
210119_RL#220_15g	3240	Manual	1	44692239	20014	NA
210119_RL#220_15g	3241	Sound	2122	44694061	1532	1			0		other	0
210119_RL#220_15g	3241	Port Input	1	44694465	1936	4
210119_RL#220_15g	3241	Response	1	44694465	1936	4
210119_RL#220_15g	3242	Picture	55	44697856	0	3	5159	5	0	next	false_alarm	17531
210119_RL#220_15g	3242	Port Input	1	44698590	734	4
210119_RL#220_15g	3242	Response	1	44698590	734	4
210119_RL#220_15g	3243	Picture	10	44703015	0	3	1830	6	0	next	hit	17534
210119_RL#220_15g	3243	Port Input	1	44704608	1593	4
210119_RL#220_15g	3243	Response	1	44704608	1593	4
210119_RL#220_15g	3244	Picture	352	44704845	0	3	499	6	0	next	other	0
210119_RL#220_15g	3245	Picture	12	44705345	0	3	20139	7	0	next	false_alarm	17538
210119_RL#220_15g	3245	Port Input	1	44706231	887	3
210119_RL#220_15g	3245	Response	1	44706231	887	3
210119_RL#220_15g	3245	Port Input	1	44707282	1938	4
210119_RL#220_15g	3245	Response	1	44707282	1938	4
210119_RL#220_15g	3245	Port Input	1	44707286	1941	4
210119_RL#220_15g	3245	Response	1	44707286	1941	4
210119_RL#220_15g	3245	Port Input	1	44708403	3059	4
210119_RL#220_15g	3245	Response	1	44708403	3059	4
210119_RL#220_15g	3245	Port Input	1	44709564	4219	4
210119_RL#220_15g	3245	Response	1	44709564	4219	4
210119_RL#220_15g	3245	Port Input	1	44710836	5492	4
210119_RL#220_15g	3245	Response	1	44710836	5492	4
210119_RL#220_15g	3245	Port Input	1	44712193	6849	4
210119_RL#220_15g	3245	Response	1	44712193	6849	4
210119_RL#220_15g	3245	Port Input	1	44715696	10352	4
210119_RL#220_15g	3245	Response	1	44715696	10352	4
210119_RL#220_15g	3245	Port Input	1	44715702	10357	4
210119_RL#220_15g	3245	Response	1	44715702	10357	4
210119_RL#220_15g	3245	Port Input	1	44720124	14779	4
210119_RL#220_15g	3245	Response	1	44720124	14779	4
210119_RL#220_15g	3245	Port Input	1	44720128	14783	4
210119_RL#220_15g	3245	Response	1	44720128	14783	4
210119_RL#220_15g	3246	Picture	3521	44725483	0	4	499	7	0	next	other	0
210119_RL#220_15g	3247	Picture	666	44725982	0	4	20138	7	0	next	other	0
210119_RL#220_15g	3248	Picture	777	44746121	0	4	20307	5	0	next	false_alarm	17563
210119_RL#220_15g	3248	Port Input	1	44757133	11012	5
210119_RL#220_15g	3248	Response	1	44757133	11012	5
210119_RL#220_15g	3248	Port Input	1	44760338	14217	4
210119_RL#220_15g	3248	Response	1	44760338	14217	4
210119_RL#220_15g	3248	Port Input	1	44763431	17311	4
210119_RL#220_15g	3248	Response	1	44763431	17311	4
210119_RL#220_15g	3248	Port Input	1	44763435	17314	4
210119_RL#220_15g	3248	Response	1	44763435	17314	4
210119_RL#220_15g	3248	Port Input	1	44765801	19680	4
210119_RL#220_15g	3248	Response	1	44765801	19680	4
210119_RL#220_15g	3248	Manual	1	44766135	20014	NA
210119_RL#220_15g	3249	Port Input	1	44767507	1079	4
210119_RL#220_15g	3249	Response	1	44767507	1079	4
210119_RL#220_15g	3249	Sound	2112	44768061	1634	1			0		other	0
210119_RL#220_15g	3249	Port Input	1	44770361	3934	4
210119_RL#220_15g	3249	Response	1	44770361	3934	4
210119_RL#220_15g	3250	Picture	55	44771753	0	1	5326	2	0	next	other	0
210119_RL#220_15g	3251	Picture	10	44777079	0	1	20305	2	0	next	miss	0
210119_RL#220_15g	3252	Picture	412	44797384	0	1	832	2	0	next	other	0
210119_RL#220_15g	3253	Picture	666	44798216	0	1	20304	3	0	next	false_alarm	17583
210119_RL#220_15g	3253	Port Input	1	44803028	4811	4
210119_RL#220_15g	3253	Response	1	44803028	4811	4
210119_RL#220_15g	3253	Port Input	1	44803031	4815	4
210119_RL#220_15g	3253	Response	1	44803031	4815	4
210119_RL#220_15g	3253	Port Input	1	44805708	7492	4
210119_RL#220_15g	3253	Response	1	44805708	7492	4
210119_RL#220_15g	3253	Port Input	1	44805712	7495	4
210119_RL#220_15g	3253	Response	1	44805712	7495	4
210119_RL#220_15g	3253	Port Input	1	44807150	8933	4
210119_RL#220_15g	3253	Response	1	44807150	8933	4
210119_RL#220_15g	3253	Port Input	1	44809398	11182	4
210119_RL#220_15g	3253	Response	1	44809398	11182	4
210119_RL#220_15g	3253	Port Input	1	44812454	14238	4
210119_RL#220_15g	3253	Response	1	44812454	14238	4
210119_RL#220_15g	3253	Port Input	1	44812458	14241	4
210119_RL#220_15g	3253	Response	1	44812458	14241	4
210119_RL#220_15g	3253	Port Input	1	44816824	18608	4
210119_RL#220_15g	3253	Response	1	44816824	18608	4
210119_RL#220_15g	3254	Picture	777	44818520	0	3	20305	6	0	next	other	0
210119_RL#220_15g	3254	Manual	2	44838534	20014	NA
210119_RL#220_15g	3255	Sound	2112	44840061	1237	1			0		other	0
210119_RL#220_15g	3255	Port Input	1	44842548	3724	4
210119_RL#220_15g	3255	Response	1	44842548	3724	4
210119_RL#220_15g	3255	Port Input	1	44842552	3727	4
210119_RL#220_15g	3255	Response	1	44842552	3727	4
210119_RL#220_15g	3256	Picture	55	44843984	0	4	5160	7	0	next	false_alarm	17609
210119_RL#220_15g	3256	Port Input	1	44846286	2302	4
210119_RL#220_15g	3256	Response	1	44846286	2302	4
210119_RL#220_15g	3256	Port Input	1	44848151	4167	4
210119_RL#220_15g	3256	Response	1	44848151	4167	4
210119_RL#220_15g	3257	Picture	10	44849144	0	3	20138	7	0	next	miss	0
210119_RL#220_15g	3258	Picture	412	44869282	0	4	665	7	0	next	other	0
210119_RL#220_15g	3259	Picture	666	44869947	0	4	20307	5	0	next	other	0
210119_RL#220_15g	3260	Picture	777	44890254	0	1	20305	2	0	next	other	0
210119_RL#220_15g	3260	Manual	1	44910272	20018	NA
210119_RL#220_15g	3261	Sound	2122	44912062	1502	1			0		other	0
210119_RL#220_15g	3261	Port Input	1	44913807	3248	4
210119_RL#220_15g	3261	Response	1	44913807	3248	4
210119_RL#220_15g	3261	Port Input	1	44913810	3251	4
210119_RL#220_15g	3261	Response	1	44913810	3251	4
210119_RL#220_15g	3261	Port Input	1	44913813	3254	4
210119_RL#220_15g	3261	Response	1	44913813	3254	4
210119_RL#220_15g	3262	Picture	55	44915885	0	1	5324	4	0	next	other	0
210119_RL#220_15g	3263	Picture	10	44921209	0	3	2996	5	0	next	hit	17627
210119_RL#220_15g	3263	Port Input	1	44923870	2661	4
210119_RL#220_15g	3263	Response	1	44923870	2661	4
210119_RL#220_15g	3264	Picture	352	44924205	0	3	499	5	0	next	other	0
210119_RL#220_15g	3265	Picture	12	44924704	0	3	20305	5	0	next	false_alarm	17631
210119_RL#220_15g	3265	Port Input	1	44925627	923	4
210119_RL#220_15g	3265	Response	1	44925627	923	4
210119_RL#220_15g	3265	Port Input	1	44926647	1943	4
210119_RL#220_15g	3265	Response	1	44926647	1943	4
210119_RL#220_15g	3265	Port Input	1	44927701	2997	4
210119_RL#220_15g	3265	Response	1	44927701	2997	4
210119_RL#220_15g	3265	Port Input	1	44928851	4147	4
210119_RL#220_15g	3265	Response	1	44928851	4147	4
210119_RL#220_15g	3265	Port Input	1	44930140	5436	4
210119_RL#220_15g	3265	Response	1	44930140	5436	4
210119_RL#220_15g	3265	Port Input	1	44931531	6827	4
210119_RL#220_15g	3265	Response	1	44931531	6827	4
210119_RL#220_15g	3265	Port Input	1	44933235	8530	4
210119_RL#220_15g	3265	Response	1	44933235	8530	4
210119_RL#220_15g	3265	Port Input	1	44933238	8534	4
210119_RL#220_15g	3265	Response	1	44933238	8534	4
210119_RL#220_15g	3265	Port Input	1	44934728	10024	4
210119_RL#220_15g	3265	Response	1	44934728	10024	4
210119_RL#220_15g	3265	Port Input	1	44937962	13258	4
210119_RL#220_15g	3265	Response	1	44937962	13258	4
210119_RL#220_15g	3265	Port Input	1	44939499	14794	4
210119_RL#220_15g	3265	Response	1	44939499	14794	4
210119_RL#220_15g	3265	Port Input	1	44944631	19927	4
210119_RL#220_15g	3265	Response	1	44944631	19927	4
210119_RL#220_15g	3266	Picture	3521	44945010	0	3	834	4	0	next	other	0
210119_RL#220_15g	3267	Picture	666	44945843	0	1	20137	4	0	next	false_alarm	17657
210119_RL#220_15g	3267	Port Input	1	44963436	17593	4
210119_RL#220_15g	3267	Response	1	44963436	17593	4
210119_RL#220_15g	3267	Port Input	1	44964865	19021	4
210119_RL#220_15g	3267	Response	1	44964865	19021	4
210119_RL#220_15g	3268	Picture	777	44965980	0	3	20138	6	0	next	false_alarm	17662
210119_RL#220_15g	3268	Port Input	1	44974387	8407	5
210119_RL#220_15g	3268	Response	1	44974387	8407	5
210119_RL#220_15g	3268	Port Input	1	44976063	10083	4
210119_RL#220_15g	3268	Response	1	44976063	10083	4
210119_RL#220_15g	3268	Port Input	1	44978864	12883	4
210119_RL#220_15g	3268	Response	1	44978864	12883	4
210119_RL#220_15g	3268	Manual	2	44985993	20013	NA
210119_RL#220_15g	3269	Port Input	1	44987494	1375	5
210119_RL#220_15g	3269	Response	1	44987494	1375	5
210119_RL#220_15g	3269	Sound	2122	44988062	1943	1			0		other	0
210119_RL#220_15g	3270	Picture	55	44991278	0	4	5327	4	0	next	false_alarm	17673
210119_RL#220_15g	3270	Port Input	1	44991663	384	4
210119_RL#220_15g	3270	Response	1	44991663	384	4
210119_RL#220_15g	3271	Picture	10	44996605	0	1	6491	2	0	next	hit	17676
210119_RL#220_15g	3271	Port Input	1	45002845	6240	4
210119_RL#220_15g	3271	Response	1	45002845	6240	4
210119_RL#220_15g	3272	Picture	352	45003096	0	1	499	2	0	next	other	0
210119_RL#220_15g	3273	Picture	12	45003596	0	1	20305	2	0	next	false_alarm	17680
210119_RL#220_15g	3273	Port Input	1	45007691	4095	4
210119_RL#220_15g	3273	Response	1	45007691	4095	4
210119_RL#220_15g	3273	Port Input	1	45008548	4953	4
210119_RL#220_15g	3273	Response	1	45008548	4953	4
210119_RL#220_15g	3273	Port Input	1	45009529	5933	4
210119_RL#220_15g	3273	Response	1	45009529	5933	4
210119_RL#220_15g	3273	Port Input	1	45010626	7031	5
210119_RL#220_15g	3273	Response	1	45010626	7031	5
210119_RL#220_15g	3273	Port Input	1	45011737	8141	4
210119_RL#220_15g	3273	Response	1	45011737	8141	4
210119_RL#220_15g	3273	Port Input	1	45011744	8148	4
210119_RL#220_15g	3273	Response	1	45011744	8148	4
210119_RL#220_15g	3273	Port Input	1	45012993	9397	4
210119_RL#220_15g	3273	Response	1	45012993	9397	4
210119_RL#220_15g	3273	Port Input	1	45012997	9401	4
210119_RL#220_15g	3273	Response	1	45012997	9401	4
210119_RL#220_15g	3273	Port Input	1	45014386	10790	4
210119_RL#220_15g	3273	Response	1	45014386	10790	4
210119_RL#220_15g	3273	Port Input	1	45015853	12257	4
210119_RL#220_15g	3273	Response	1	45015853	12257	4
210119_RL#220_15g	3273	Port Input	1	45015857	12261	4
210119_RL#220_15g	3273	Response	1	45015857	12261	4
210119_RL#220_15g	3273	Port Input	1	45019042	15446	4
210119_RL#220_15g	3273	Response	1	45019042	15446	4
210119_RL#220_15g	3273	Port Input	1	45020611	17015	4
210119_RL#220_15g	3273	Response	1	45020611	17015	4
210119_RL#220_15g	3273	Port Input	1	45022219	18623	4
210119_RL#220_15g	3273	Response	1	45022219	18623	4
210119_RL#220_15g	3274	Picture	3521	45023900	0	1	666	2	0	next	other	0
210119_RL#220_15g	3275	Picture	666	45024566	0	1	20303	3	0	next	false_alarm	17710
210119_RL#220_15g	3275	Port Input	1	45029658	5092	4
210119_RL#220_15g	3275	Response	1	45029658	5092	4
210119_RL#220_15g	3275	Port Input	1	45043714	19148	4
210119_RL#220_15g	3275	Response	1	45043714	19148	4
210119_RL#220_15g	3275	Port Input	1	45043718	19152	4
210119_RL#220_15g	3275	Response	1	45043718	19152	4
210119_RL#220_15g	3276	Picture	777	45044869	0	3	20305	6	0	next	false_alarm	17717
210119_RL#220_15g	3276	Port Input	1	45052962	8093	4
210119_RL#220_15g	3276	Response	1	45052962	8093	4
210119_RL#220_15g	3276	Manual	2	45064883	20013	NA
210119_RL#220_15g	3277	Port Input	1	45066418	1244	5
210119_RL#220_15g	3277	Response	1	45066418	1244	5
210119_RL#220_15g	3277	Sound	2112	45067062	1887	1			0		other	0
210119_RL#220_15g	3277	Port Input	1	45068120	2945	4
210119_RL#220_15g	3277	Response	1	45068120	2945	4
210119_RL#220_15g	3277	Port Input	1	45069734	4559	5
210119_RL#220_15g	3277	Response	1	45069734	4559	5
210119_RL#220_15g	3278	Picture	55	45070334	0	3	5159	6	0	next	other	0
210119_RL#220_15g	3279	Picture	10	45075494	0	3	5659	6	0	next	hit	17729
210119_RL#220_15g	3279	Port Input	1	45080902	5408	4
210119_RL#220_15g	3279	Response	1	45080902	5408	4
210119_RL#220_15g	3280	Picture	312	45081152	0	3	499	6	0	next	other	0
210119_RL#220_15g	3281	Picture	4442	45081651	0	3	80721	5	0	next	false_alarm	17733
210119_RL#220_15g	3281	Port Input	1	45137179	55527	4
210119_RL#220_15g	3281	Response	1	45137179	55527	4
210119_RL#220_15g	3281	Port Input	1	45139824	58172	4
210119_RL#220_15g	3281	Response	1	45139824	58172	4
210119_RL#220_15g	3281	Port Input	1	45141475	59824	4
210119_RL#220_15g	3281	Response	1	45141475	59824	4
210119_RL#220_15g	3281	Port Input	1	45145223	63572	4
210119_RL#220_15g	3281	Response	1	45145223	63572	4
210119_RL#220_15g	3281	Port Input	1	45152110	70459	4
210119_RL#220_15g	3281	Response	1	45152110	70459	4
210119_RL#220_15g	3281	Port Input	1	45152114	70463	4
210119_RL#220_15g	3281	Response	1	45152114	70463	4
210119_RL#220_15g	3281	Port Input	1	45155276	73625	4
210119_RL#220_15g	3281	Response	1	45155276	73625	4
210119_RL#220_15g	3282	Picture	666	45162372	0	2	20304	5	0	next	other	0
210119_RL#220_15g	3283	Picture	777	45182676	0	3	20305	6	0	next	other	0
210119_RL#220_15g	3283	Manual	1	45202695	20018	NA
210119_RL#220_15g	3284	Sound	2112	45204062	1080	1			0		other	0
210119_RL#220_15g	3284	Port Input	1	45206542	3560	4
210119_RL#220_15g	3284	Response	1	45206542	3560	4
210119_RL#220_15g	3284	Port Input	1	45206545	3564	4
210119_RL#220_15g	3284	Response	1	45206545	3564	4
210119_RL#220_15g	3285	Picture	55	45208141	0	3	5159	7	0	next	other	0
210119_RL#220_15g	3285	Port Input	1	45208177	36	6
210119_RL#220_15g	3285	Response	1	45208177	36	6
210119_RL#220_15g	3286	Picture	10	45213300	0	4	11151	7	0	next	hit	17759
210119_RL#220_15g	3286	Port Input	1	45224276	10976	4
210119_RL#220_15g	3286	Response	1	45224276	10976	4
210119_RL#220_15g	3287	Picture	312	45224452	0	4	499	7	0	next	other	0
210119_RL#220_15g	3288	Picture	4442	45224951	0	4	80721	6	0	next	false_alarm	17763
210119_RL#220_15g	3288	Port Input	1	45226130	1179	4
210119_RL#220_15g	3288	Response	1	45226130	1179	4
210119_RL#220_15g	3288	Port Input	1	45228112	3162	4
210119_RL#220_15g	3288	Response	1	45228112	3162	4
210119_RL#220_15g	3288	Port Input	1	45234450	9499	4
210119_RL#220_15g	3288	Response	1	45234450	9499	4
210119_RL#220_15g	3288	Port Input	1	45239263	14312	4
210119_RL#220_15g	3288	Response	1	45239263	14312	4
210119_RL#220_15g	3288	Port Input	1	45239266	14316	4
210119_RL#220_15g	3288	Response	1	45239266	14316	4
210119_RL#220_15g	3288	Port Input	1	45285372	60421	4
210119_RL#220_15g	3288	Response	1	45285372	60421	4
210119_RL#220_15g	3288	Port Input	1	45285376	60425	5
210119_RL#220_15g	3288	Response	1	45285376	60425	5
210119_RL#220_15g	3288	Port Input	1	45294167	69216	4
210119_RL#220_15g	3288	Response	1	45294167	69216	4
210119_RL#220_15g	3288	Port Input	1	45295690	70739	4
210119_RL#220_15g	3288	Response	1	45295690	70739	4
210119_RL#220_15g	3289	Picture	666	45305671	0	3	20139	6	0	next	false_alarm	17782
210119_RL#220_15g	3289	Port Input	1	45311331	5659	4
210119_RL#220_15g	3289	Response	1	45311331	5659	4
210119_RL#220_15g	3289	Port Input	1	45312682	7011	4
210119_RL#220_15g	3289	Response	1	45312682	7011	4
210119_RL#220_15g	3289	Port Input	1	45312686	7015	4
210119_RL#220_15g	3289	Response	1	45312686	7015	4
210119_RL#220_15g	3290	Picture	777	45325810	0	3	20138	7	0	next	false_alarm	17789
210119_RL#220_15g	3290	Port Input	1	45344077	18267	4
210119_RL#220_15g	3290	Response	1	45344077	18267	4
210119_RL#220_15g	3290	Port Input	1	45344083	18274	4
210119_RL#220_15g	3290	Response	1	45344083	18274	4
210119_RL#220_15g	3291	Port Input	1	45346508	561	3
210119_RL#220_15g	3291	Response	1	45346508	561	3
210119_RL#220_15g	3291	Port Input	1	45346511	564	3
210119_RL#220_15g	3291	Response	1	45346511	564	3
210119_RL#220_15g	3291	Sound	8880	45347062	1114	1			0		other	0
210119_RL#220_15g	3291	Port Input	1	45347708	1761	4
210119_RL#220_15g	3291	Response	1	45347708	1761	4
210119_RL#220_15g	3291	Port Input	1	45348469	2521	4
210119_RL#220_15g	3291	Response	1	45348469	2521	4
210119_RL#220_15g	3291	Port Input	1	45348472	2525	4
210119_RL#220_15g	3291	Response	1	45348472	2525	4
210119_RL#220_15g	3292	Picture	888	45356269	0	1	9030	1	0	next	other	0


{
   "app": "Presentation Version 21.1 Build 09.05.19",
   "device": "Gigabyte Technology Co., Ltd. H81M-DS2V",
   "experiment": "{4966F466-F22F-445F-BC2F-3C4E2DE351EB}",
   "os": "Windows 10 64 bit",
   "package": "",
   "parameters": {
      "configuration": "Default configuration"
   },
   "scenario": "201222_CuedAudRL_delay500_[R#1Hit]_[R#2Hit].sce",
   "subject": "210119_RL#220_15g",
   "timestamp": "2021/01/19 06:47:12 GMT"
}
