Scenario - EJ_AudRL_NoCS_delay1000
Logfile written - 02/18/2021 12:53:32

Subject	Trial	Event Type	Code	Time	TTime	Uncertainty	Duration	Uncertainty	ReqTime	ReqDur	Stim Type	Pair Index

210218_RL#220_15g	0	Manual	02/18/2021 11:54:21	1106	1106	NA
210218_RL#220_15g	0	Manual	1	5031	5031	NA
210218_RL#220_15g	1	Sound	211	7060	1613	1			0		other	0
210218_RL#220_15g	1	Port Input	1	9790	4343	5
210218_RL#220_15g	1	Response	1	9790	4343	5
210218_RL#220_15g	1	Port Input	1	9795	4347	4
210218_RL#220_15g	1	Response	1	9795	4347	4
210218_RL#220_15g	2	Picture	555	10607	0	2	10153	4	0	next	false_alarm	10
210218_RL#220_15g	2	Port Input	1	11182	575	4
210218_RL#220_15g	2	Response	1	11182	575	4
210218_RL#220_15g	2	Port Input	1	12463	1856	4
210218_RL#220_15g	2	Response	1	12463	1856	4
210218_RL#220_15g	2	Port Input	1	13989	3382	4
210218_RL#220_15g	2	Response	1	13989	3382	4
210218_RL#220_15g	2	Port Input	1	15400	4794	3
210218_RL#220_15g	2	Response	1	15400	4794	3
210218_RL#220_15g	2	Port Input	1	16771	6164	4
210218_RL#220_15g	2	Response	1	16771	6164	4
210218_RL#220_15g	2	Port Input	1	16774	6167	3
210218_RL#220_15g	2	Response	1	16774	6167	3
210218_RL#220_15g	2	Port Input	1	18203	7597	4
210218_RL#220_15g	2	Response	1	18203	7597	4
210218_RL#220_15g	2	Port Input	1	19609	9002	4
210218_RL#220_15g	2	Response	1	19609	9002	4
210218_RL#220_15g	3	Picture	10	20760	0	2	666	4	0	next	hit	27
210218_RL#220_15g	3	Port Input	1	21206	446	3
210218_RL#220_15g	3	Response	1	21206	446	3
210218_RL#220_15g	4	Picture	351	21425	0	2	499	4	0	next	other	0
210218_RL#220_15g	5	Picture	1	21924	0	2	20137	6	0	next	false_alarm	31
210218_RL#220_15g	5	Port Input	1	22669	745	8
210218_RL#220_15g	5	Response	1	22669	745	8
210218_RL#220_15g	5	Port Input	1	23634	1709	4
210218_RL#220_15g	5	Response	1	23634	1709	4
210218_RL#220_15g	5	Port Input	1	24726	2802	4
210218_RL#220_15g	5	Response	1	24726	2802	4
210218_RL#220_15g	5	Port Input	1	25838	3913	4
210218_RL#220_15g	5	Response	1	25838	3913	4
210218_RL#220_15g	5	Port Input	1	27048	5123	4
210218_RL#220_15g	5	Response	1	27048	5123	4
210218_RL#220_15g	5	Port Input	1	28309	6384	4
210218_RL#220_15g	5	Response	1	28309	6384	4
210218_RL#220_15g	5	Port Input	1	29781	7856	4
210218_RL#220_15g	5	Response	1	29781	7856	4
210218_RL#220_15g	6	Picture	3511	42061	0	4	998	8	0	next	other	0
210218_RL#220_15g	7	Picture	666	43060	0	4	20307	5	0	next	other	0
210218_RL#220_15g	8	Picture	777	63366	0	1	20305	2	0	next	other	0
210218_RL#220_15g	8	Manual	1	83381	20015	NA
210218_RL#220_15g	9	Sound	212	85060	1389	1			0		other	0
210218_RL#220_15g	10	Picture	555	88995	0	3	10319	5	0	next	other	0
210218_RL#220_15g	11	Picture	10	99314	0	3	20305	6	0	next	miss	0
210218_RL#220_15g	12	Picture	411	119619	0	4	1165	6	0	next	other	0
210218_RL#220_15g	13	Picture	666	120785	0	3	20138	6	0	next	other	0
210218_RL#220_15g	14	Picture	777	140923	0	4	20139	8	0	next	other	0
210218_RL#220_15g	14	Manual	2	160936	20013	NA
210218_RL#220_15g	15	Sound	212	163060	1999	1			0		other	0
210218_RL#220_15g	16	Picture	555	166388	0	1	10319	2	0	next	other	0
210218_RL#220_15g	17	Picture	10	176707	0	1	20305	2	0	next	miss	0
210218_RL#220_15g	18	Picture	411	197012	0	1	999	2	0	next	other	0
210218_RL#220_15g	19	Picture	666	198011	0	1	20303	4	0	next	other	0
210218_RL#220_15g	20	Picture	777	218314	0	3	20306	4	0	next	other	0
210218_RL#220_15g	20	Manual	2	238327	20013	NA
210218_RL#220_15g	21	Sound	211	240060	1440	1			0		other	0
210218_RL#220_15g	21	Port Input	1	242102	3482	4
210218_RL#220_15g	21	Response	1	242102	3482	4
210218_RL#220_15g	21	Port Input	1	243665	5044	5
210218_RL#220_15g	21	Response	1	243665	5044	5
210218_RL#220_15g	22	Picture	555	243779	0	3	10154	5	0	next	false_alarm	69
210218_RL#220_15g	22	Port Input	1	245655	1876	4
210218_RL#220_15g	22	Response	1	245655	1876	4
210218_RL#220_15g	22	Port Input	1	248526	4747	4
210218_RL#220_15g	22	Response	1	248526	4747	4
210218_RL#220_15g	22	Port Input	1	248530	4751	5
210218_RL#220_15g	22	Response	1	248530	4751	5
210218_RL#220_15g	22	Port Input	1	250101	6322	4
210218_RL#220_15g	22	Response	1	250101	6322	4
210218_RL#220_15g	22	Port Input	1	252320	8541	4
210218_RL#220_15g	22	Response	1	252320	8541	4
210218_RL#220_15g	22	Port Input	1	253830	10051	5
210218_RL#220_15g	22	Response	1	253830	10051	5
210218_RL#220_15g	23	Picture	10	253932	0	2	2329	6	0	next	hit	82
210218_RL#220_15g	23	Port Input	1	256014	2082	5
210218_RL#220_15g	23	Response	1	256014	2082	5
210218_RL#220_15g	24	Picture	351	256261	0	4	501	5	0	next	other	0
210218_RL#220_15g	25	Picture	1	256762	0	2	20137	5	0	next	false_alarm	86
210218_RL#220_15g	25	Port Input	1	258674	1912	3
210218_RL#220_15g	25	Response	1	258674	1912	3
210218_RL#220_15g	25	Port Input	1	259689	2927	4
210218_RL#220_15g	25	Response	1	259689	2927	4
210218_RL#220_15g	25	Port Input	1	260846	4084	4
210218_RL#220_15g	25	Response	1	260846	4084	4
210218_RL#220_15g	25	Port Input	1	262094	5332	4
210218_RL#220_15g	25	Response	1	262094	5332	4
210218_RL#220_15g	25	Port Input	1	263442	6680	4
210218_RL#220_15g	25	Response	1	263442	6680	4
210218_RL#220_15g	25	Port Input	1	264808	8046	4
210218_RL#220_15g	25	Response	1	264808	8046	4
210218_RL#220_15g	26	Picture	3511	276899	0	4	832	7	0	next	other	0
210218_RL#220_15g	27	Picture	666	277731	0	4	20306	4	0	next	other	0
210218_RL#220_15g	28	Picture	777	298037	0	1	20305	2	0	next	other	0
210218_RL#220_15g	28	Manual	1	318052	20015	NA
210218_RL#220_15g	29	Sound	212	320060	1718	1			0		other	0
210218_RL#220_15g	30	Picture	555	323668	0	1	10317	4	0	next	other	0
210218_RL#220_15g	31	Picture	10	333985	0	3	20305	6	0	next	miss	0
210218_RL#220_15g	32	Picture	411	354290	0	4	832	6	0	next	other	0
210218_RL#220_15g	33	Picture	666	355122	0	3	20138	7	0	next	other	0
210218_RL#220_15g	34	Picture	777	375261	0	4	20139	8	0	next	other	0
210218_RL#220_15g	34	Manual	1	395274	20013	NA
210218_RL#220_15g	35	Sound	212	397060	1661	1			0		other	0
210218_RL#220_15g	36	Picture	555	400559	0	4	10320	5	0	next	other	0
210218_RL#220_15g	37	Picture	10	410879	0	1	20305	2	0	next	miss	0
210218_RL#220_15g	38	Picture	411	431184	0	1	1165	1	0	next	other	0
210218_RL#220_15g	39	Picture	666	432349	0	1	20303	3	0	next	other	0
210218_RL#220_15g	40	Picture	777	452652	0	3	20307	4	0	next	other	0
210218_RL#220_15g	40	Manual	2	472664	20012	NA
210218_RL#220_15g	41	Sound	211	474060	1101	1			0		other	0
210218_RL#220_15g	41	Port Input	1	476646	3687	4
210218_RL#220_15g	41	Response	1	476646	3687	4
210218_RL#220_15g	42	Picture	555	478117	0	3	10152	7	0	next	false_alarm	120
210218_RL#220_15g	42	Port Input	1	478470	354	3
210218_RL#220_15g	42	Response	1	478470	354	3
210218_RL#220_15g	42	Port Input	1	480215	2099	4
210218_RL#220_15g	42	Response	1	480215	2099	4
210218_RL#220_15g	42	Port Input	1	480219	2102	4
210218_RL#220_15g	42	Response	1	480219	2102	4
210218_RL#220_15g	42	Port Input	1	481647	3530	4
210218_RL#220_15g	42	Response	1	481647	3530	4
210218_RL#220_15g	42	Port Input	1	483279	5162	4
210218_RL#220_15g	42	Response	1	483279	5162	4
210218_RL#220_15g	42	Port Input	1	485012	6895	4
210218_RL#220_15g	42	Response	1	485012	6895	4
210218_RL#220_15g	42	Port Input	1	485016	6899	4
210218_RL#220_15g	42	Response	1	485016	6899	4
210218_RL#220_15g	42	Port Input	1	486579	8462	4
210218_RL#220_15g	42	Response	1	486579	8462	4
210218_RL#220_15g	42	Port Input	1	486583	8466	4
210218_RL#220_15g	42	Response	1	486583	8466	4
210218_RL#220_15g	42	Port Input	1	488026	9909	4
210218_RL#220_15g	42	Response	1	488026	9909	4
210218_RL#220_15g	42	Port Input	1	488030	9913	4
210218_RL#220_15g	42	Response	1	488030	9913	4
210218_RL#220_15g	43	Picture	10	488269	0	4	1498	7	0	next	hit	143
210218_RL#220_15g	43	Port Input	1	489626	1357	4
210218_RL#220_15g	43	Response	1	489626	1357	4
210218_RL#220_15g	44	Picture	351	489767	0	4	499	7	0	next	other	0
210218_RL#220_15g	45	Picture	1	490266	0	4	20139	7	0	next	false_alarm	147
210218_RL#220_15g	45	Port Input	1	491671	1405	4
210218_RL#220_15g	45	Response	1	491671	1405	4
210218_RL#220_15g	45	Port Input	1	492670	2405	5
210218_RL#220_15g	45	Response	1	492670	2405	5
210218_RL#220_15g	45	Port Input	1	493894	3628	5
210218_RL#220_15g	45	Response	1	493894	3628	5
210218_RL#220_15g	45	Port Input	1	495203	4937	3
210218_RL#220_15g	45	Response	1	495203	4937	3
210218_RL#220_15g	45	Port Input	1	496664	6398	5
210218_RL#220_15g	45	Response	1	496664	6398	5
210218_RL#220_15g	46	Picture	3511	510405	0	4	667	6	0	next	other	0
210218_RL#220_15g	47	Picture	666	511072	0	2	20305	3	0	next	other	0
210218_RL#220_15g	48	Picture	777	531377	0	1	20305	1	0	next	false_alarm	160
210218_RL#220_15g	48	Port Input	1	541831	10454	4
210218_RL#220_15g	48	Response	1	541831	10454	4
210218_RL#220_15g	48	Port Input	1	541835	10458	4
210218_RL#220_15g	48	Response	1	541835	10458	4
210218_RL#220_15g	48	Port Input	1	544604	13227	5
210218_RL#220_15g	48	Response	1	544604	13227	5
210218_RL#220_15g	48	Manual	1	551392	20015	NA
210218_RL#220_15g	49	Sound	211	553060	1378	1			0		other	0
210218_RL#220_15g	49	Port Input	1	554441	2759	5
210218_RL#220_15g	49	Response	1	554441	2759	5
210218_RL#220_15g	49	Port Input	1	555998	4316	4
210218_RL#220_15g	49	Response	1	555998	4316	4
210218_RL#220_15g	50	Picture	555	557007	0	1	10318	4	0	next	false_alarm	173
210218_RL#220_15g	50	Port Input	1	557501	493	4
210218_RL#220_15g	50	Response	1	557501	493	4
210218_RL#220_15g	50	Port Input	1	559328	2320	4
210218_RL#220_15g	50	Response	1	559328	2320	4
210218_RL#220_15g	50	Port Input	1	561021	4014	4
210218_RL#220_15g	50	Response	1	561021	4014	4
210218_RL#220_15g	50	Port Input	1	562667	5660	4
210218_RL#220_15g	50	Response	1	562667	5660	4
210218_RL#220_15g	50	Port Input	1	562671	5664	4
210218_RL#220_15g	50	Response	1	562671	5664	4
210218_RL#220_15g	50	Port Input	1	564299	7292	4
210218_RL#220_15g	50	Response	1	564299	7292	4
210218_RL#220_15g	50	Port Input	1	565825	8818	4
210218_RL#220_15g	50	Response	1	565825	8818	4
210218_RL#220_15g	50	Port Input	1	567208	10201	5
210218_RL#220_15g	50	Response	1	567208	10201	5
210218_RL#220_15g	50	Port Input	1	567214	10207	5
210218_RL#220_15g	50	Response	1	567214	10207	5
210218_RL#220_15g	51	Picture	10	567325	0	3	1832	3	0	next	hit	192
210218_RL#220_15g	51	Port Input	1	568831	1506	4
210218_RL#220_15g	51	Response	1	568831	1506	4
210218_RL#220_15g	52	Picture	351	569157	0	1	498	3	0	next	other	0
210218_RL#220_15g	53	Picture	1	569655	0	3	20304	6	0	next	false_alarm	196
210218_RL#220_15g	53	Port Input	1	570375	720	4
210218_RL#220_15g	53	Response	1	570375	720	4
210218_RL#220_15g	53	Port Input	1	571381	1725	4
210218_RL#220_15g	53	Response	1	571381	1725	4
210218_RL#220_15g	53	Port Input	1	572608	2952	4
210218_RL#220_15g	53	Response	1	572608	2952	4
210218_RL#220_15g	53	Port Input	1	573898	4243	4
210218_RL#220_15g	53	Response	1	573898	4243	4
210218_RL#220_15g	53	Port Input	1	575346	5691	4
210218_RL#220_15g	53	Response	1	575346	5691	4
210218_RL#220_15g	53	Port Input	1	576807	7152	4
210218_RL#220_15g	53	Response	1	576807	7152	4
210218_RL#220_15g	53	Port Input	1	578385	8730	4
210218_RL#220_15g	53	Response	1	578385	8730	4
210218_RL#220_15g	54	Picture	3511	589959	0	4	834	6	0	next	other	0
210218_RL#220_15g	55	Picture	666	590793	0	3	20137	6	0	next	other	0
210218_RL#220_15g	56	Picture	777	610931	0	4	20138	7	0	next	other	0
210218_RL#220_15g	56	Manual	1	630949	20018	NA
210218_RL#220_15g	57	Sound	212	633060	1991	1			0		other	0
210218_RL#220_15g	58	Picture	555	636228	0	4	10320	5	0	next	other	0
210218_RL#220_15g	59	Picture	10	646549	0	1	20305	1	0	next	miss	0
210218_RL#220_15g	60	Picture	411	666853	0	1	999	1	0	next	other	0
210218_RL#220_15g	61	Picture	666	667852	0	1	20303	4	0	next	false_alarm	219
210218_RL#220_15g	61	Port Input	1	687547	19695	4
210218_RL#220_15g	61	Response	1	687547	19695	4
210218_RL#220_15g	62	Picture	777	688155	0	3	20305	6	0	next	other	0
210218_RL#220_15g	62	Manual	1	708169	20014	NA
210218_RL#220_15g	63	Sound	211	710060	1599	1			0		other	0
210218_RL#220_15g	63	Port Input	1	712981	4520	4
210218_RL#220_15g	63	Response	1	712981	4520	4
210218_RL#220_15g	64	Picture	555	713620	0	3	10152	6	0	next	false_alarm	227
210218_RL#220_15g	64	Port Input	1	715065	1445	4
210218_RL#220_15g	64	Response	1	715065	1445	4
210218_RL#220_15g	64	Port Input	1	717316	3696	4
210218_RL#220_15g	64	Response	1	717316	3696	4
210218_RL#220_15g	64	Port Input	1	717320	3700	4
210218_RL#220_15g	64	Response	1	717320	3700	4
210218_RL#220_15g	64	Port Input	1	719123	5503	4
210218_RL#220_15g	64	Response	1	719123	5503	4
210218_RL#220_15g	64	Port Input	1	720700	7080	4
210218_RL#220_15g	64	Response	1	720700	7080	4
210218_RL#220_15g	64	Port Input	1	722071	8451	5
210218_RL#220_15g	64	Response	1	722071	8451	5
210218_RL#220_15g	64	Port Input	1	722075	8455	4
210218_RL#220_15g	64	Response	1	722075	8455	4
210218_RL#220_15g	64	Port Input	1	723597	9977	4
210218_RL#220_15g	64	Response	1	723597	9977	4
210218_RL#220_15g	64	Port Input	1	723601	9981	4
210218_RL#220_15g	64	Response	1	723601	9981	4
210218_RL#220_15g	65	Picture	10	723772	0	4	1664	7	0	next	hit	246
210218_RL#220_15g	65	Port Input	1	725179	1407	4
210218_RL#220_15g	65	Response	1	725179	1407	4
210218_RL#220_15g	66	Picture	351	725436	0	4	499	7	0	next	other	0
210218_RL#220_15g	67	Picture	1	725936	0	4	20138	8	0	next	false_alarm	250
210218_RL#220_15g	67	Port Input	1	727089	1154	4
210218_RL#220_15g	67	Response	1	727089	1154	4
210218_RL#220_15g	67	Port Input	1	728093	2158	4
210218_RL#220_15g	67	Response	1	728093	2158	4
210218_RL#220_15g	67	Port Input	1	728097	2161	4
210218_RL#220_15g	67	Response	1	728097	2161	4
210218_RL#220_15g	67	Port Input	1	729291	3356	4
210218_RL#220_15g	67	Response	1	729291	3356	4
210218_RL#220_15g	67	Port Input	1	730668	4733	8
210218_RL#220_15g	67	Response	1	730668	4733	8
210218_RL#220_15g	67	Port Input	1	732082	6147	4
210218_RL#220_15g	67	Response	1	732082	6147	4
210218_RL#220_15g	67	Port Input	1	733593	7657	4
210218_RL#220_15g	67	Response	1	733593	7657	4
210218_RL#220_15g	67	Port Input	1	733596	7660	4
210218_RL#220_15g	67	Response	1	733596	7660	4
210218_RL#220_15g	67	Port Input	1	734881	8945	4
210218_RL#220_15g	67	Response	1	734881	8945	4
210218_RL#220_15g	68	Picture	3511	746074	0	4	999	8	0	next	other	0
210218_RL#220_15g	69	Picture	666	747073	0	4	20306	5	0	next	other	0
210218_RL#220_15g	70	Picture	777	767379	0	1	20305	2	0	next	other	0
210218_RL#220_15g	70	Manual	2	787393	20014	NA
210218_RL#220_15g	71	Sound	211	789060	1376	1			0		other	0
210218_RL#220_15g	71	Port Input	1	790971	3287	5
210218_RL#220_15g	71	Response	1	790971	3287	5
210218_RL#220_15g	71	Port Input	1	792416	4732	4
210218_RL#220_15g	71	Response	1	792416	4732	4
210218_RL#220_15g	71	Port Input	1	792420	4736	4
210218_RL#220_15g	71	Response	1	792420	4736	4
210218_RL#220_15g	72	Picture	555	793010	0	1	10317	3	0	next	false_alarm	280
210218_RL#220_15g	72	Port Input	1	793919	909	4
210218_RL#220_15g	72	Response	1	793919	909	4
210218_RL#220_15g	72	Port Input	1	795466	2456	4
210218_RL#220_15g	72	Response	1	795466	2456	4
210218_RL#220_15g	72	Port Input	1	796977	3967	4
210218_RL#220_15g	72	Response	1	796977	3967	4
210218_RL#220_15g	72	Port Input	1	796980	3971	4
210218_RL#220_15g	72	Response	1	796980	3971	4
210218_RL#220_15g	72	Port Input	1	798461	5452	4
210218_RL#220_15g	72	Response	1	798461	5452	4
210218_RL#220_15g	72	Port Input	1	798465	5455	4
210218_RL#220_15g	72	Response	1	798465	5455	4
210218_RL#220_15g	72	Port Input	1	799938	6929	4
210218_RL#220_15g	72	Response	1	799938	6929	4
210218_RL#220_15g	72	Port Input	1	799942	6932	4
210218_RL#220_15g	72	Response	1	799942	6932	4
210218_RL#220_15g	72	Port Input	1	801375	8365	4
210218_RL#220_15g	72	Response	1	801375	8365	4
210218_RL#220_15g	72	Port Input	1	802892	9883	4
210218_RL#220_15g	72	Response	1	802892	9883	4
210218_RL#220_15g	73	Picture	10	803327	0	3	1331	6	0	next	hit	301
210218_RL#220_15g	73	Port Input	1	804384	1057	4
210218_RL#220_15g	73	Response	1	804384	1057	4
210218_RL#220_15g	73	Port Input	1	804388	1061	4
210218_RL#220_15g	73	Response	1	804388	1061	4
210218_RL#220_15g	74	Picture	351	804659	0	3	499	6	0	next	other	0
210218_RL#220_15g	75	Picture	1	805158	0	3	20305	6	0	next	false_alarm	307
210218_RL#220_15g	75	Port Input	1	805880	723	4
210218_RL#220_15g	75	Response	1	805880	723	4
210218_RL#220_15g	75	Port Input	1	806859	1701	4
210218_RL#220_15g	75	Response	1	806859	1701	4
210218_RL#220_15g	75	Port Input	1	807984	2826	4
210218_RL#220_15g	75	Response	1	807984	2826	4
210218_RL#220_15g	75	Port Input	1	807988	2830	4
210218_RL#220_15g	75	Response	1	807988	2830	4
210218_RL#220_15g	75	Port Input	1	809255	4097	4
210218_RL#220_15g	75	Response	1	809255	4097	4
210218_RL#220_15g	75	Port Input	1	810593	5436	4
210218_RL#220_15g	75	Response	1	810593	5436	4
210218_RL#220_15g	75	Port Input	1	810597	5439	3
210218_RL#220_15g	75	Response	1	810597	5439	3
210218_RL#220_15g	75	Port Input	1	811970	6813	4
210218_RL#220_15g	75	Response	1	811970	6813	4
210218_RL#220_15g	75	Port Input	1	813383	8225	3
210218_RL#220_15g	75	Response	1	813383	8225	3
210218_RL#220_15g	75	Port Input	1	813386	8228	4
210218_RL#220_15g	75	Response	1	813386	8228	4
210218_RL#220_15g	75	Port Input	1	814959	9801	4
210218_RL#220_15g	75	Response	1	814959	9801	4
210218_RL#220_15g	75	Port Input	1	814962	9804	4
210218_RL#220_15g	75	Response	1	814962	9804	4
210218_RL#220_15g	76	Picture	3511	825463	0	3	667	4	0	next	other	0
210218_RL#220_15g	77	Picture	666	826130	0	1	20137	5	0	next	other	0
210218_RL#220_15g	78	Picture	777	846267	0	4	20139	8	0	next	other	0
210218_RL#220_15g	78	Manual	1	866280	20013	NA
210218_RL#220_15g	79	Sound	212	868059	1654	1			0		other	0
210218_RL#220_15g	79	Port Input	1	868537	2132	4
210218_RL#220_15g	79	Response	1	868537	2132	4
210218_RL#220_15g	80	Picture	555	871565	0	4	10319	6	0	next	other	0
210218_RL#220_15g	81	Picture	10	881885	0	2	20305	3	0	next	miss	0
210218_RL#220_15g	82	Picture	411	902190	0	1	1165	2	0	next	other	0
210218_RL#220_15g	83	Picture	666	903355	0	1	20303	3	0	next	other	0
210218_RL#220_15g	84	Picture	777	923658	0	3	20305	6	0	next	other	0
210218_RL#220_15g	84	Manual	2	943675	20017	NA
210218_RL#220_15g	85	Sound	212	945059	1096	1			0		other	0
210218_RL#220_15g	86	Picture	555	949123	0	3	10152	7	0	next	other	0
210218_RL#220_15g	87	Picture	10	959275	0	4	20139	8	0	next	miss	0
210218_RL#220_15g	88	Picture	411	979414	0	4	834	5	0	next	other	0
210218_RL#220_15g	89	Picture	666	980248	0	2	20305	3	0	next	other	0
210218_RL#220_15g	90	Picture	777	1000552	0	1	20305	2	0	next	other	0
210218_RL#220_15g	90	Manual	2	1020563	20011	NA
210218_RL#220_15g	91	Sound	211	1022059	1202	1			0		other	0
210218_RL#220_15g	91	Port Input	1	1023974	3117	3
210218_RL#220_15g	91	Response	1	1023974	3117	3
210218_RL#220_15g	91	Port Input	1	1025401	4544	4
210218_RL#220_15g	91	Response	1	1025401	4544	4
210218_RL#220_15g	92	Picture	555	1026183	0	1	10319	2	0	next	false_alarm	357
210218_RL#220_15g	92	Port Input	1	1026870	687	3
210218_RL#220_15g	92	Response	1	1026870	687	3
210218_RL#220_15g	92	Port Input	1	1026874	692	3
210218_RL#220_15g	92	Response	1	1026874	692	3
210218_RL#220_15g	92	Port Input	1	1028521	2338	3
210218_RL#220_15g	92	Response	1	1028521	2338	3
210218_RL#220_15g	92	Port Input	1	1028525	2342	3
210218_RL#220_15g	92	Response	1	1028525	2342	3
210218_RL#220_15g	92	Port Input	1	1030067	3884	3
210218_RL#220_15g	92	Response	1	1030067	3884	3
210218_RL#220_15g	92	Port Input	1	1031659	5476	3
210218_RL#220_15g	92	Response	1	1031659	5476	3
210218_RL#220_15g	92	Port Input	1	1033207	7024	4
210218_RL#220_15g	92	Response	1	1033207	7024	4
210218_RL#220_15g	92	Port Input	1	1034703	8520	4
210218_RL#220_15g	92	Response	1	1034703	8520	4
210218_RL#220_15g	92	Port Input	1	1036195	10012	4
210218_RL#220_15g	92	Response	1	1036195	10012	4
210218_RL#220_15g	93	Picture	10	1036502	0	1	1664	2	0	next	hit	376
210218_RL#220_15g	93	Port Input	1	1037870	1368	7
210218_RL#220_15g	93	Response	1	1037870	1368	7
210218_RL#220_15g	94	Picture	351	1038166	0	1	499	2	0	next	other	0
210218_RL#220_15g	95	Picture	1	1038666	0	1	20305	2	0	next	false_alarm	380
210218_RL#220_15g	95	Port Input	1	1039807	1141	4
210218_RL#220_15g	95	Response	1	1039807	1141	4
210218_RL#220_15g	95	Port Input	1	1040832	2167	4
210218_RL#220_15g	95	Response	1	1040832	2167	4
210218_RL#220_15g	95	Port Input	1	1042018	3352	4
210218_RL#220_15g	95	Response	1	1042018	3352	4
210218_RL#220_15g	95	Port Input	1	1043225	4559	4
210218_RL#220_15g	95	Response	1	1043225	4559	4
210218_RL#220_15g	95	Port Input	1	1044392	5727	4
210218_RL#220_15g	95	Response	1	1044392	5727	4
210218_RL#220_15g	95	Port Input	1	1044398	5732	4
210218_RL#220_15g	95	Response	1	1044398	5732	4
210218_RL#220_15g	95	Port Input	1	1045669	7003	4
210218_RL#220_15g	95	Response	1	1045669	7003	4
210218_RL#220_15g	95	Port Input	1	1047034	8368	4
210218_RL#220_15g	95	Response	1	1047034	8368	4
210218_RL#220_15g	95	Port Input	1	1048572	9906	4
210218_RL#220_15g	95	Response	1	1048572	9906	4
210218_RL#220_15g	95	Port Input	1	1051796	13131	6
210218_RL#220_15g	95	Response	1	1051796	13131	6
210218_RL#220_15g	96	Picture	3511	1058971	0	2	664	4	0	next	other	0
210218_RL#220_15g	97	Picture	666	1059634	0	3	20139	7	0	next	other	0
210218_RL#220_15g	98	Picture	777	1079773	0	4	20139	7	0	next	other	0
210218_RL#220_15g	98	Manual	1	1099787	20014	NA
210218_RL#220_15g	99	Sound	211	1101059	1148	1			0		other	0
210218_RL#220_15g	99	Port Input	1	1103055	3143	4
210218_RL#220_15g	99	Response	1	1103055	3143	4
210218_RL#220_15g	99	Port Input	1	1104501	4589	5
210218_RL#220_15g	99	Response	1	1104501	4589	5
210218_RL#220_15g	100	Picture	555	1105072	0	3	10151	7	0	next	false_alarm	410
210218_RL#220_15g	100	Port Input	1	1105956	884	4
210218_RL#220_15g	100	Response	1	1105956	884	4
210218_RL#220_15g	100	Port Input	1	1107725	2652	4
210218_RL#220_15g	100	Response	1	1107725	2652	4
210218_RL#220_15g	100	Port Input	1	1109241	4169	4
210218_RL#220_15g	100	Response	1	1109241	4169	4
210218_RL#220_15g	100	Port Input	1	1110877	5805	4
210218_RL#220_15g	100	Response	1	1110877	5805	4
210218_RL#220_15g	100	Port Input	1	1112745	7673	4
210218_RL#220_15g	100	Response	1	1112745	7673	4
210218_RL#220_15g	100	Port Input	1	1114204	9131	4
210218_RL#220_15g	100	Response	1	1114204	9131	4
210218_RL#220_15g	101	Picture	10	1115223	0	4	666	9	0	next	hit	423
210218_RL#220_15g	101	Port Input	1	1115729	506	4
210218_RL#220_15g	101	Response	1	1115729	506	4
210218_RL#220_15g	102	Picture	351	1115889	0	5	666	8	0	next	other	0
210218_RL#220_15g	103	Picture	1	1116555	0	4	20306	5	0	next	false_alarm	427
210218_RL#220_15g	103	Port Input	1	1117354	799	4
210218_RL#220_15g	103	Response	1	1117354	799	4
210218_RL#220_15g	103	Port Input	1	1118389	1834	4
210218_RL#220_15g	103	Response	1	1118389	1834	4
210218_RL#220_15g	103	Port Input	1	1118393	1838	4
210218_RL#220_15g	103	Response	1	1118393	1838	4
210218_RL#220_15g	103	Port Input	1	1119569	3014	4
210218_RL#220_15g	103	Response	1	1119569	3014	4
210218_RL#220_15g	103	Port Input	1	1120835	4280	4
210218_RL#220_15g	103	Response	1	1120835	4280	4
210218_RL#220_15g	103	Port Input	1	1120839	4284	5
210218_RL#220_15g	103	Response	1	1120839	4284	5
210218_RL#220_15g	103	Port Input	1	1122158	5603	4
210218_RL#220_15g	103	Response	1	1122158	5603	4
210218_RL#220_15g	103	Port Input	1	1122162	5607	3
210218_RL#220_15g	103	Response	1	1122162	5607	3
210218_RL#220_15g	103	Port Input	1	1123572	7017	4
210218_RL#220_15g	103	Response	1	1123572	7017	4
210218_RL#220_15g	103	Port Input	1	1125045	8490	4
210218_RL#220_15g	103	Response	1	1125045	8490	4
210218_RL#220_15g	103	Port Input	1	1126563	10008	4
210218_RL#220_15g	103	Response	1	1126563	10008	4
210218_RL#220_15g	103	Port Input	1	1128182	11627	4
210218_RL#220_15g	103	Response	1	1128182	11627	4
210218_RL#220_15g	104	Picture	3511	1136861	0	1	833	2	0	next	other	0
210218_RL#220_15g	105	Picture	666	1137693	0	1	20305	2	0	next	other	0
210218_RL#220_15g	106	Picture	777	1157998	0	1	20303	4	0	next	other	0
210218_RL#220_15g	106	Manual	2	1178013	20015	NA
210218_RL#220_15g	107	Sound	212	1180059	1758	1			0		other	0
210218_RL#220_15g	108	Picture	555	1183461	0	3	10152	6	0	next	other	0
210218_RL#220_15g	109	Picture	10	1193614	0	3	20139	7	0	next	miss	0
210218_RL#220_15g	110	Picture	411	1213752	0	4	999	7	0	next	other	0
210218_RL#220_15g	111	Picture	666	1214751	0	3	20138	7	0	next	other	0
210218_RL#220_15g	112	Picture	777	1234889	0	4	20306	5	0	next	other	0
210218_RL#220_15g	112	Manual	2	1254905	20016	NA
210218_RL#220_15g	113	Sound	212	1257059	1864	1			0		other	0
210218_RL#220_15g	114	Picture	555	1260521	0	1	10319	1	0	next	other	0
210218_RL#220_15g	115	Picture	10	1270840	0	1	20303	4	0	next	miss	0
210218_RL#220_15g	116	Picture	411	1291143	0	3	832	6	0	next	other	0
210218_RL#220_15g	117	Picture	666	1291975	0	3	20139	6	0	next	other	0
210218_RL#220_15g	118	Picture	777	1312114	0	3	20138	7	0	next	other	0
210218_RL#220_15g	118	Manual	1	1332126	20012	NA
210218_RL#220_15g	119	Sound	211	1334059	1807	1			0		other	0
210218_RL#220_15g	119	Port Input	1	1337281	5028	6
210218_RL#220_15g	119	Response	1	1337281	5028	6
210218_RL#220_15g	120	Picture	555	1337412	0	4	10155	6	0	next	false_alarm	473
210218_RL#220_15g	120	Port Input	1	1338589	1177	5
210218_RL#220_15g	120	Response	1	1338589	1177	5
210218_RL#220_15g	120	Port Input	1	1340151	2739	4
210218_RL#220_15g	120	Response	1	1340151	2739	4
210218_RL#220_15g	120	Port Input	1	1341693	4281	4
210218_RL#220_15g	120	Response	1	1341693	4281	4
210218_RL#220_15g	120	Port Input	1	1343224	5812	5
210218_RL#220_15g	120	Response	1	1343224	5812	5
210218_RL#220_15g	120	Port Input	1	1344688	7277	4
210218_RL#220_15g	120	Response	1	1344688	7277	4
210218_RL#220_15g	120	Port Input	1	1346050	8638	4
210218_RL#220_15g	120	Response	1	1346050	8638	4
210218_RL#220_15g	121	Picture	10	1347566	0	2	1496	6	0	next	hit	488
210218_RL#220_15g	121	Port Input	1	1347586	19	6
210218_RL#220_15g	121	Response	1	1347586	19	6
210218_RL#220_15g	121	Port Input	1	1348939	1373	4
210218_RL#220_15g	121	Response	1	1348939	1373	4
210218_RL#220_15g	122	Picture	351	1349062	0	4	665	8	0	next	other	0
210218_RL#220_15g	123	Picture	1	1349728	0	4	20306	5	0	next	false_alarm	492
210218_RL#220_15g	123	Port Input	1	1350406	678	3
210218_RL#220_15g	123	Response	1	1350406	678	3
210218_RL#220_15g	123	Port Input	1	1351410	1683	3
210218_RL#220_15g	123	Response	1	1351410	1683	3
210218_RL#220_15g	123	Port Input	1	1352591	2863	4
210218_RL#220_15g	123	Response	1	1352591	2863	4
210218_RL#220_15g	123	Port Input	1	1352594	2867	4
210218_RL#220_15g	123	Response	1	1352594	2867	4
210218_RL#220_15g	123	Port Input	1	1353890	4163	5
210218_RL#220_15g	123	Response	1	1353890	4163	5
210218_RL#220_15g	123	Port Input	1	1355286	5559	4
210218_RL#220_15g	123	Response	1	1355286	5559	4
210218_RL#220_15g	123	Port Input	1	1356887	7159	4
210218_RL#220_15g	123	Response	1	1356887	7159	4
210218_RL#220_15g	123	Port Input	1	1358349	8621	4
210218_RL#220_15g	123	Response	1	1358349	8621	4
210218_RL#220_15g	124	Picture	3511	1370034	0	1	832	2	0	next	other	0
210218_RL#220_15g	125	Picture	666	1370867	0	1	20305	1	0	next	other	0
210218_RL#220_15g	126	Picture	777	1391171	0	1	20303	4	0	next	other	0
210218_RL#220_15g	126	Manual	2	1411184	20012	NA
210218_RL#220_15g	127	Sound	212	1413059	1584	1			0		other	0
210218_RL#220_15g	128	Picture	555	1416800	0	4	10153	7	0	next	other	0
210218_RL#220_15g	129	Picture	10	1426953	0	4	20139	7	0	next	miss	0
210218_RL#220_15g	130	Picture	411	1447092	0	4	1000	5	0	next	other	0
210218_RL#220_15g	131	Picture	666	1448092	0	2	20137	6	0	next	other	0
210218_RL#220_15g	132	Picture	777	1468229	0	4	20306	5	0	next	other	0
210218_RL#220_15g	132	Manual	1	1488241	20013	NA
210218_RL#220_15g	133	Sound	211	1490059	1524	1			0		other	0
210218_RL#220_15g	133	Port Input	1	1492989	4454	4
210218_RL#220_15g	133	Response	1	1492989	4454	4
210218_RL#220_15g	134	Picture	555	1493860	0	1	10319	2	0	next	false_alarm	523
210218_RL#220_15g	134	Port Input	1	1494347	486	4
210218_RL#220_15g	134	Response	1	1494347	486	4
210218_RL#220_15g	134	Port Input	1	1495975	2115	4
210218_RL#220_15g	134	Response	1	1495975	2115	4
210218_RL#220_15g	134	Port Input	1	1495979	2118	4
210218_RL#220_15g	134	Response	1	1495979	2118	4
210218_RL#220_15g	134	Port Input	1	1497693	3832	4
210218_RL#220_15g	134	Response	1	1497693	3832	4
210218_RL#220_15g	134	Port Input	1	1499323	5462	4
210218_RL#220_15g	134	Response	1	1499323	5462	4
210218_RL#220_15g	134	Port Input	1	1500856	6996	3
210218_RL#220_15g	134	Response	1	1500856	6996	3
210218_RL#220_15g	134	Port Input	1	1502376	8516	4
210218_RL#220_15g	134	Response	1	1502376	8516	4
210218_RL#220_15g	134	Port Input	1	1503804	9943	4
210218_RL#220_15g	134	Response	1	1503804	9943	4
210218_RL#220_15g	135	Picture	10	1504180	0	1	1498	1	0	next	hit	540
210218_RL#220_15g	135	Port Input	1	1505416	1237	4
210218_RL#220_15g	135	Response	1	1505416	1237	4
210218_RL#220_15g	135	Port Input	1	1505420	1240	4
210218_RL#220_15g	135	Response	1	1505420	1240	4
210218_RL#220_15g	136	Picture	351	1505677	0	1	666	3	0	next	other	0
210218_RL#220_15g	137	Picture	1	1506343	0	2	20304	5	0	next	false_alarm	546
210218_RL#220_15g	137	Port Input	1	1507044	701	3
210218_RL#220_15g	137	Response	1	1507044	701	3
210218_RL#220_15g	137	Port Input	1	1508042	1699	4
210218_RL#220_15g	137	Response	1	1508042	1699	4
210218_RL#220_15g	137	Port Input	1	1509295	2952	4
210218_RL#220_15g	137	Response	1	1509295	2952	4
210218_RL#220_15g	137	Port Input	1	1509298	2955	4
210218_RL#220_15g	137	Response	1	1509298	2955	4
210218_RL#220_15g	137	Port Input	1	1510723	4380	4
210218_RL#220_15g	137	Response	1	1510723	4380	4
210218_RL#220_15g	137	Port Input	1	1512323	5980	4
210218_RL#220_15g	137	Response	1	1512323	5980	4
210218_RL#220_15g	137	Port Input	1	1513806	7463	4
210218_RL#220_15g	137	Response	1	1513806	7463	4
210218_RL#220_15g	137	Port Input	1	1513810	7466	4
210218_RL#220_15g	137	Response	1	1513810	7466	4
210218_RL#220_15g	138	Picture	3511	1526647	0	3	665	6	0	next	other	0
210218_RL#220_15g	139	Picture	666	1527312	0	3	20305	6	0	next	other	0
210218_RL#220_15g	140	Picture	777	1547617	0	4	20139	7	0	next	other	0
210218_RL#220_15g	140	Manual	1	1567632	20015	NA
210218_RL#220_15g	141	Sound	212	1569059	1303	1			0		other	0
210218_RL#220_15g	142	Picture	555	1572917	0	2	10151	6	0	next	other	0
210218_RL#220_15g	143	Picture	10	1583067	0	4	20306	5	0	next	miss	0
210218_RL#220_15g	143	Port Input	1	1603307	20239	8
210218_RL#220_15g	143	Response	1	1603307	20239	8
210218_RL#220_15g	144	Picture	411	1603374	0	1	1165	2	0	next	other	0
210218_RL#220_15g	145	Picture	666	1604539	0	1	20305	1	0	next	other	0
210218_RL#220_15g	146	Picture	777	1624844	0	1	20303	4	0	next	other	0
210218_RL#220_15g	146	Manual	2	1644858	20014	NA
210218_RL#220_15g	147	Sound	211	1647059	1912	1			0		other	0
210218_RL#220_15g	147	Port Input	1	1649310	4164	4
210218_RL#220_15g	147	Response	1	1649310	4164	4
210218_RL#220_15g	148	Picture	555	1650473	0	3	10152	6	0	next	false_alarm	579
210218_RL#220_15g	148	Port Input	1	1650532	59	4
210218_RL#220_15g	148	Response	1	1650532	59	4
210218_RL#220_15g	148	Port Input	1	1652067	1594	4
210218_RL#220_15g	148	Response	1	1652067	1594	4
210218_RL#220_15g	148	Port Input	1	1653673	3200	4
210218_RL#220_15g	148	Response	1	1653673	3200	4
210218_RL#220_15g	148	Port Input	1	1655295	4822	4
210218_RL#220_15g	148	Response	1	1655295	4822	4
210218_RL#220_15g	148	Port Input	1	1656864	6391	4
210218_RL#220_15g	148	Response	1	1656864	6391	4
210218_RL#220_15g	148	Port Input	1	1658419	7946	4
210218_RL#220_15g	148	Response	1	1658419	7946	4
210218_RL#220_15g	148	Port Input	1	1659909	9436	4
210218_RL#220_15g	148	Response	1	1659909	9436	4
210218_RL#220_15g	149	Picture	10	1660625	0	4	1000	5	0	next	hit	594
210218_RL#220_15g	149	Port Input	1	1661445	819	4
210218_RL#220_15g	149	Response	1	1661445	819	4
210218_RL#220_15g	150	Picture	351	1661625	0	2	498	5	0	next	other	0
210218_RL#220_15g	151	Picture	1	1662123	0	4	20139	7	0	next	false_alarm	598
210218_RL#220_15g	151	Port Input	1	1663080	957	4
210218_RL#220_15g	151	Response	1	1663080	957	4
210218_RL#220_15g	151	Port Input	1	1664097	1975	4
210218_RL#220_15g	151	Response	1	1664097	1975	4
210218_RL#220_15g	151	Port Input	1	1665315	3192	4
210218_RL#220_15g	151	Response	1	1665315	3192	4
210218_RL#220_15g	151	Port Input	1	1666714	4591	4
210218_RL#220_15g	151	Response	1	1666714	4591	4
210218_RL#220_15g	151	Port Input	1	1666718	4595	4
210218_RL#220_15g	151	Response	1	1666718	4595	4
210218_RL#220_15g	151	Port Input	1	1668181	6058	4
210218_RL#220_15g	151	Response	1	1668181	6058	4
210218_RL#220_15g	151	Port Input	1	1669560	7437	4
210218_RL#220_15g	151	Response	1	1669560	7437	4
210218_RL#220_15g	151	Port Input	1	1670970	8847	4
210218_RL#220_15g	151	Response	1	1670970	8847	4
210218_RL#220_15g	151	Port Input	1	1670975	8852	4
210218_RL#220_15g	151	Response	1	1670975	8852	4
210218_RL#220_15g	151	Port Input	1	1672598	10475	4
210218_RL#220_15g	151	Response	1	1672598	10475	4
210218_RL#220_15g	152	Picture	3511	1682262	0	4	665	7	0	next	other	0
210218_RL#220_15g	153	Picture	666	1682927	0	4	20139	8	0	next	other	0
210218_RL#220_15g	154	Picture	777	1703066	0	4	20307	5	0	next	other	0
210218_RL#220_15g	154	Manual	1	1723080	20014	NA
210218_RL#220_15g	155	Sound	212	1725059	1686	1			0		other	0
210218_RL#220_15g	156	Picture	555	1728698	0	1	10319	2	0	next	other	0
210218_RL#220_15g	157	Picture	10	1739017	0	1	20304	3	0	next	miss	0
210218_RL#220_15g	158	Picture	411	1759321	0	3	998	5	0	next	other	0
210218_RL#220_15g	159	Picture	666	1760319	0	3	20305	6	0	next	other	0
210218_RL#220_15g	160	Picture	777	1780624	0	3	20139	7	0	next	other	0
210218_RL#220_15g	160	Manual	2	1800638	20014	NA
210218_RL#220_15g	161	Sound	211	1802059	1296	1			0		other	0
210218_RL#220_15g	161	Port Input	1	1803935	3172	4
210218_RL#220_15g	161	Response	1	1803935	3172	4
210218_RL#220_15g	161	Port Input	1	1803938	3176	5
210218_RL#220_15g	161	Response	1	1803938	3176	5
210218_RL#220_15g	161	Port Input	1	1805502	4739	4
210218_RL#220_15g	161	Response	1	1805502	4739	4
210218_RL#220_15g	162	Picture	555	1805922	0	4	10152	7	0	next	false_alarm	637
210218_RL#220_15g	162	Port Input	1	1807183	1261	4
210218_RL#220_15g	162	Response	1	1807183	1261	4
210218_RL#220_15g	162	Port Input	1	1808873	2951	4
210218_RL#220_15g	162	Response	1	1808873	2951	4
210218_RL#220_15g	162	Port Input	1	1810735	4813	4
210218_RL#220_15g	162	Response	1	1810735	4813	4
210218_RL#220_15g	162	Port Input	1	1810739	4817	4
210218_RL#220_15g	162	Response	1	1810739	4817	4
210218_RL#220_15g	162	Port Input	1	1812515	6593	5
210218_RL#220_15g	162	Response	1	1812515	6593	5
210218_RL#220_15g	162	Port Input	1	1813858	7936	4
210218_RL#220_15g	162	Response	1	1813858	7936	4
210218_RL#220_15g	162	Port Input	1	1815524	9602	4
210218_RL#220_15g	162	Response	1	1815524	9602	4
210218_RL#220_15g	162	Port Input	1	1815529	9607	4
210218_RL#220_15g	162	Response	1	1815529	9607	4
210218_RL#220_15g	163	Picture	10	1816074	0	4	1165	7	0	next	hit	654
210218_RL#220_15g	163	Port Input	1	1817100	1026	4
210218_RL#220_15g	163	Response	1	1817100	1026	4
210218_RL#220_15g	164	Picture	351	1817239	0	4	499	7	0	next	other	0
210218_RL#220_15g	165	Picture	1	1817739	0	4	20306	5	0	next	false_alarm	658
210218_RL#220_15g	165	Port Input	1	1818475	736	4
210218_RL#220_15g	165	Response	1	1818475	736	4
210218_RL#220_15g	165	Port Input	1	1819445	1706	4
210218_RL#220_15g	165	Response	1	1819445	1706	4
210218_RL#220_15g	165	Port Input	1	1820633	2895	4
210218_RL#220_15g	165	Response	1	1820633	2895	4
210218_RL#220_15g	165	Port Input	1	1821919	4180	4
210218_RL#220_15g	165	Response	1	1821919	4180	4
210218_RL#220_15g	165	Port Input	1	1823382	5644	4
210218_RL#220_15g	165	Response	1	1823382	5644	4
210218_RL#220_15g	165	Port Input	1	1824907	7168	4
210218_RL#220_15g	165	Response	1	1824907	7168	4
210218_RL#220_15g	165	Port Input	1	1826617	8878	4
210218_RL#220_15g	165	Response	1	1826617	8878	4
210218_RL#220_15g	165	Port Input	1	1828327	10588	4
210218_RL#220_15g	165	Response	1	1828327	10588	4
210218_RL#220_15g	166	Picture	3511	1838045	0	1	832	2	0	next	other	0
210218_RL#220_15g	167	Picture	666	1838877	0	1	20304	1	0	next	other	0
210218_RL#220_15g	168	Picture	777	1859182	0	1	20303	4	0	next	other	0
210218_RL#220_15g	168	Manual	1	1879200	20019	NA
210218_RL#220_15g	169	Sound	212	1881059	1573	1			0		other	0
210218_RL#220_15g	170	Picture	555	1884811	0	3	10318	6	0	next	other	0
210218_RL#220_15g	171	Picture	10	1895130	0	3	20139	6	0	next	miss	0
210218_RL#220_15g	172	Picture	411	1915269	0	3	998	7	0	next	other	0
210218_RL#220_15g	173	Picture	666	1916267	0	4	20138	9	0	next	other	0
210218_RL#220_15g	174	Picture	777	1936405	0	5	20307	6	0	next	other	0
210218_RL#220_15g	174	Manual	1	1956421	20016	NA
210218_RL#220_15g	175	Sound	212	1958059	1347	1			0		other	0
210218_RL#220_15g	176	Picture	555	1962038	0	1	10319	2	0	next	other	0
210218_RL#220_15g	177	Picture	10	1972356	0	1	20303	4	0	next	miss	0
210218_RL#220_15g	178	Picture	411	1992659	0	4	1001	4	0	next	other	0
210218_RL#220_15g	179	Picture	666	1993660	0	1	20303	4	0	next	other	0
210218_RL#220_15g	180	Picture	777	2013963	0	3	20305	6	0	next	other	0
210218_RL#220_15g	180	Manual	2	2033979	20015	NA
210218_RL#220_15g	181	Sound	211	2036058	1790	1			0		other	0
210218_RL#220_15g	181	Port Input	1	2038637	4368	4
210218_RL#220_15g	181	Response	1	2038637	4368	4
210218_RL#220_15g	182	Picture	555	2039427	0	4	10153	7	0	next	false_alarm	696
210218_RL#220_15g	182	Port Input	1	2039939	512	4
210218_RL#220_15g	182	Response	1	2039939	512	4
210218_RL#220_15g	182	Port Input	1	2039943	515	4
210218_RL#220_15g	182	Response	1	2039943	515	4
210218_RL#220_15g	182	Port Input	1	2041440	2012	4
210218_RL#220_15g	182	Response	1	2041440	2012	4
210218_RL#220_15g	182	Port Input	1	2042971	3544	4
210218_RL#220_15g	182	Response	1	2042971	3544	4
210218_RL#220_15g	182	Port Input	1	2044559	5132	4
210218_RL#220_15g	182	Response	1	2044559	5132	4
210218_RL#220_15g	182	Port Input	1	2046171	6743	4
210218_RL#220_15g	182	Response	1	2046171	6743	4
210218_RL#220_15g	182	Port Input	1	2046175	6747	4
210218_RL#220_15g	182	Response	1	2046175	6747	4
210218_RL#220_15g	182	Port Input	1	2047723	8295	4
210218_RL#220_15g	182	Response	1	2047723	8295	4
210218_RL#220_15g	182	Port Input	1	2047726	8299	4
210218_RL#220_15g	182	Response	1	2047726	8299	4
210218_RL#220_15g	182	Port Input	1	2049214	9787	5
210218_RL#220_15g	182	Response	1	2049214	9787	5
210218_RL#220_15g	183	Picture	10	2049580	0	4	1331	7	0	next	hit	717
210218_RL#220_15g	183	Port Input	1	2050796	1215	3
210218_RL#220_15g	183	Response	1	2050796	1215	3
210218_RL#220_15g	183	Port Input	1	2050799	1219	4
210218_RL#220_15g	183	Response	1	2050799	1219	4
210218_RL#220_15g	184	Picture	351	2050912	0	4	501	6	0	next	other	0
210218_RL#220_15g	185	Picture	1	2051413	0	2	20305	3	0	next	false_alarm	723
210218_RL#220_15g	185	Port Input	1	2052259	847	4
210218_RL#220_15g	185	Response	1	2052259	847	4
210218_RL#220_15g	185	Port Input	1	2053320	1907	5
210218_RL#220_15g	185	Response	1	2053320	1907	5
210218_RL#220_15g	185	Port Input	1	2054553	3140	4
210218_RL#220_15g	185	Response	1	2054553	3140	4
210218_RL#220_15g	185	Port Input	1	2055941	4529	3
210218_RL#220_15g	185	Response	1	2055941	4529	3
210218_RL#220_15g	185	Port Input	1	2057451	6038	4
210218_RL#220_15g	185	Response	1	2057451	6038	4
210218_RL#220_15g	185	Port Input	1	2058841	7428	4
210218_RL#220_15g	185	Response	1	2058841	7428	4
210218_RL#220_15g	185	Port Input	1	2060234	8821	4
210218_RL#220_15g	185	Response	1	2060234	8821	4
210218_RL#220_15g	185	Port Input	1	2061788	10375	4
210218_RL#220_15g	185	Response	1	2061788	10375	4
210218_RL#220_15g	185	Port Input	1	2061792	10379	4
210218_RL#220_15g	185	Response	1	2061792	10379	4
210218_RL#220_15g	185	Port Input	1	2065528	14116	5
210218_RL#220_15g	185	Response	1	2065528	14116	5
210218_RL#220_15g	186	Picture	3511	2071717	0	1	832	2	0	next	other	0
210218_RL#220_15g	187	Picture	666	2072550	0	1	20305	1	0	next	other	0
210218_RL#220_15g	188	Picture	777	2092854	0	1	20304	3	0	next	other	0
210218_RL#220_15g	188	Manual	1	2112868	20014	NA
210218_RL#220_15g	189	Sound	211	2115058	1901	1			0		other	0
210218_RL#220_15g	189	Port Input	1	2118021	4863	4
210218_RL#220_15g	189	Response	1	2118021	4863	4
210218_RL#220_15g	190	Picture	555	2118484	0	3	10319	6	0	next	false_alarm	751
210218_RL#220_15g	190	Port Input	1	2119218	735	4
210218_RL#220_15g	190	Response	1	2119218	735	4
210218_RL#220_15g	190	Port Input	1	2120547	2064	4
210218_RL#220_15g	190	Response	1	2120547	2064	4
210218_RL#220_15g	190	Port Input	1	2120551	2067	4
210218_RL#220_15g	190	Response	1	2120551	2067	4
210218_RL#220_15g	190	Port Input	1	2122058	3575	4
210218_RL#220_15g	190	Response	1	2122058	3575	4
210218_RL#220_15g	190	Port Input	1	2123555	5071	4
210218_RL#220_15g	190	Response	1	2123555	5071	4
210218_RL#220_15g	190	Port Input	1	2123559	5075	4
210218_RL#220_15g	190	Response	1	2123559	5075	4
210218_RL#220_15g	190	Port Input	1	2125078	6595	5
210218_RL#220_15g	190	Response	1	2125078	6595	5
210218_RL#220_15g	190	Port Input	1	2125082	6599	4
210218_RL#220_15g	190	Response	1	2125082	6599	4
210218_RL#220_15g	190	Port Input	1	2126374	7890	4
210218_RL#220_15g	190	Response	1	2126374	7890	4
210218_RL#220_15g	190	Port Input	1	2127766	9282	4
210218_RL#220_15g	190	Response	1	2127766	9282	4
210218_RL#220_15g	190	Port Input	1	2127770	9286	4
210218_RL#220_15g	190	Response	1	2127770	9286	4
210218_RL#220_15g	191	Picture	10	2128802	0	4	499	6	0	next	hit	774
210218_RL#220_15g	191	Port Input	1	2129136	334	3
210218_RL#220_15g	191	Response	1	2129136	334	3
210218_RL#220_15g	191	Port Input	1	2129140	338	11
210218_RL#220_15g	191	Response	1	2129140	338	11
210218_RL#220_15g	192	Picture	351	2129302	0	3	500	5	0	next	other	0
210218_RL#220_15g	193	Picture	1	2129801	0	3	20138	6	0	next	false_alarm	780
210218_RL#220_15g	193	Port Input	1	2130576	775	5
210218_RL#220_15g	193	Response	1	2130576	775	5
210218_RL#220_15g	193	Port Input	1	2131600	1799	4
210218_RL#220_15g	193	Response	1	2131600	1799	4
210218_RL#220_15g	193	Port Input	1	2132714	2913	4
210218_RL#220_15g	193	Response	1	2132714	2913	4
210218_RL#220_15g	193	Port Input	1	2132718	2916	4
210218_RL#220_15g	193	Response	1	2132718	2916	4
210218_RL#220_15g	193	Port Input	1	2133909	4108	4
210218_RL#220_15g	193	Response	1	2133909	4108	4
210218_RL#220_15g	193	Port Input	1	2135292	5491	5
210218_RL#220_15g	193	Response	1	2135292	5491	5
210218_RL#220_15g	193	Port Input	1	2136690	6889	4
210218_RL#220_15g	193	Response	1	2136690	6889	4
210218_RL#220_15g	193	Port Input	1	2138252	8451	4
210218_RL#220_15g	193	Response	1	2138252	8451	4
210218_RL#220_15g	193	Port Input	1	2138255	8454	4
210218_RL#220_15g	193	Response	1	2138255	8454	4
210218_RL#220_15g	193	Port Input	1	2139987	10185	4
210218_RL#220_15g	193	Response	1	2139987	10185	4
210218_RL#220_15g	194	Picture	3511	2149940	0	4	667	5	0	next	other	0
210218_RL#220_15g	195	Picture	666	2150607	0	2	20131	12	0	next	other	0
210218_RL#220_15g	196	Picture	777	2170738	0	10	20312	11	0	next	other	0
210218_RL#220_15g	196	Manual	2	2190754	20017	NA
210218_RL#220_15g	197	Sound	211	2192058	1008	1			0		other	0
210218_RL#220_15g	197	Port Input	1	2194362	3312	4
210218_RL#220_15g	197	Response	1	2194362	3312	4
210218_RL#220_15g	197	Port Input	1	2195777	4728	4
210218_RL#220_15g	197	Response	1	2195777	4728	4
210218_RL#220_15g	198	Picture	555	2196376	0	1	10319	2	0	next	false_alarm	810
210218_RL#220_15g	198	Port Input	1	2197169	793	4
210218_RL#220_15g	198	Response	1	2197169	793	4
210218_RL#220_15g	198	Port Input	1	2198734	2358	5
210218_RL#220_15g	198	Response	1	2198734	2358	5
210218_RL#220_15g	198	Port Input	1	2200303	3927	4
210218_RL#220_15g	198	Response	1	2200303	3927	4
210218_RL#220_15g	198	Port Input	1	2203489	7113	4
210218_RL#220_15g	198	Response	1	2203489	7113	4
210218_RL#220_15g	198	Port Input	1	2203493	7117	4
210218_RL#220_15g	198	Response	1	2203493	7117	4
210218_RL#220_15g	198	Port Input	1	2205560	9184	4
210218_RL#220_15g	198	Response	1	2205560	9184	4
210218_RL#220_15g	199	Picture	10	2206695	0	1	666	1	0	next	hit	823
210218_RL#220_15g	199	Port Input	1	2206991	296	3
210218_RL#220_15g	199	Response	1	2206991	296	3
210218_RL#220_15g	200	Picture	351	2207360	0	1	666	1	0	next	other	0
210218_RL#220_15g	201	Picture	1	2208026	0	1	20305	2	0	next	false_alarm	827
210218_RL#220_15g	201	Port Input	1	2208564	538	3
210218_RL#220_15g	201	Response	1	2208564	538	3
210218_RL#220_15g	201	Port Input	1	2209626	1600	4
210218_RL#220_15g	201	Response	1	2209626	1600	4
210218_RL#220_15g	201	Port Input	1	2210734	2708	4
210218_RL#220_15g	201	Response	1	2210734	2708	4
210218_RL#220_15g	201	Port Input	1	2211917	3891	4
210218_RL#220_15g	201	Response	1	2211917	3891	4
210218_RL#220_15g	201	Port Input	1	2213203	5177	4
210218_RL#220_15g	201	Response	1	2213203	5177	4
210218_RL#220_15g	201	Port Input	1	2213206	5180	4
210218_RL#220_15g	201	Response	1	2213206	5180	4
210218_RL#220_15g	201	Port Input	1	2214548	6522	4
210218_RL#220_15g	201	Response	1	2214548	6522	4
210218_RL#220_15g	201	Port Input	1	2215955	7929	4
210218_RL#220_15g	201	Response	1	2215955	7929	4
210218_RL#220_15g	201	Port Input	1	2217386	9360	4
210218_RL#220_15g	201	Response	1	2217386	9360	4
210218_RL#220_15g	201	Port Input	1	2217390	9364	4
210218_RL#220_15g	201	Response	1	2217390	9364	4
210218_RL#220_15g	201	Port Input	1	2218777	10751	4
210218_RL#220_15g	201	Response	1	2218777	10751	4
210218_RL#220_15g	201	Port Input	1	2220301	12275	4
210218_RL#220_15g	201	Response	1	2220301	12275	4
210218_RL#220_15g	201	Port Input	1	2220305	12278	4
210218_RL#220_15g	201	Response	1	2220305	12278	4
210218_RL#220_15g	201	Port Input	1	2221839	13813	4
210218_RL#220_15g	201	Response	1	2221839	13813	4
210218_RL#220_15g	201	Port Input	1	2223449	15423	4
210218_RL#220_15g	201	Response	1	2223449	15423	4
210218_RL#220_15g	201	Port Input	1	2223453	15426	4
210218_RL#220_15g	201	Response	1	2223453	15426	4
210218_RL#220_15g	202	Picture	3511	2228331	0	1	666	2	0	next	other	0
210218_RL#220_15g	203	Picture	666	2228997	0	1	20303	4	0	next	other	0
210218_RL#220_15g	204	Picture	777	2249300	0	4	20305	7	0	next	other	0
210218_RL#220_15g	204	Manual	1	2269313	20013	NA
210218_RL#220_15g	205	Sound	211	2271058	1453	1			0		other	0
210218_RL#220_15g	205	Port Input	1	2273292	3687	4
210218_RL#220_15g	205	Response	1	2273292	3687	4
210218_RL#220_15g	205	Port Input	1	2274698	5093	4
210218_RL#220_15g	205	Response	1	2274698	5093	4
210218_RL#220_15g	206	Picture	555	2274760	0	8	10157	11	0	next	false_alarm	869
210218_RL#220_15g	206	Port Input	1	2276214	1454	4
210218_RL#220_15g	206	Response	1	2276214	1454	4
210218_RL#220_15g	206	Port Input	1	2277858	3098	4
210218_RL#220_15g	206	Response	1	2277858	3098	4
210218_RL#220_15g	206	Port Input	1	2279386	4626	4
210218_RL#220_15g	206	Response	1	2279386	4626	4
210218_RL#220_15g	206	Port Input	1	2280844	6084	4
210218_RL#220_15g	206	Response	1	2280844	6084	4
210218_RL#220_15g	206	Port Input	1	2282443	7683	4
210218_RL#220_15g	206	Response	1	2282443	7683	4
210218_RL#220_15g	206	Port Input	1	2284207	9447	4
210218_RL#220_15g	206	Response	1	2284207	9447	4
210218_RL#220_15g	207	Picture	10	2284917	0	4	832	7	0	next	hit	882
210218_RL#220_15g	207	Port Input	1	2285552	635	3
210218_RL#220_15g	207	Response	1	2285552	635	3
210218_RL#220_15g	208	Picture	351	2285749	0	4	499	7	0	next	other	0
210218_RL#220_15g	209	Picture	1	2286248	0	4	20139	7	0	next	false_alarm	886
210218_RL#220_15g	209	Port Input	1	2287038	790	4
210218_RL#220_15g	209	Response	1	2287038	790	4
210218_RL#220_15g	209	Port Input	1	2288052	1804	4
210218_RL#220_15g	209	Response	1	2288052	1804	4
210218_RL#220_15g	209	Port Input	1	2289290	3042	4
210218_RL#220_15g	209	Response	1	2289290	3042	4
210218_RL#220_15g	209	Port Input	1	2290590	4341	5
210218_RL#220_15g	209	Response	1	2290590	4341	5
210218_RL#220_15g	209	Port Input	1	2291976	5728	3
210218_RL#220_15g	209	Response	1	2291976	5728	3
210218_RL#220_15g	209	Port Input	1	2293422	7174	4
210218_RL#220_15g	209	Response	1	2293422	7174	4
210218_RL#220_15g	209	Port Input	1	2294905	8657	4
210218_RL#220_15g	209	Response	1	2294905	8657	4
210218_RL#220_15g	209	Port Input	1	2296308	10060	4
210218_RL#220_15g	209	Response	1	2296308	10060	4
210218_RL#220_15g	209	Port Input	1	2297921	11672	4
210218_RL#220_15g	209	Response	1	2297921	11672	4
210218_RL#220_15g	209	Port Input	1	2297924	11676	4
210218_RL#220_15g	209	Response	1	2297924	11676	4
210218_RL#220_15g	209	Port Input	1	2299630	13381	4
210218_RL#220_15g	209	Response	1	2299630	13381	4
210218_RL#220_15g	209	Port Input	1	2299635	13387	4
210218_RL#220_15g	209	Response	1	2299635	13387	4
210218_RL#220_15g	209	Port Input	1	2303576	17328	4
210218_RL#220_15g	209	Response	1	2303576	17328	4
210218_RL#220_15g	209	Port Input	1	2305457	19209	4
210218_RL#220_15g	209	Response	1	2305457	19209	4
210218_RL#220_15g	209	Port Input	1	2305461	19213	4
210218_RL#220_15g	209	Response	1	2305461	19213	4
210218_RL#220_15g	210	Picture	3511	2306387	0	4	1000	5	0	next	other	0
210218_RL#220_15g	211	Picture	666	2307387	0	1	20305	1	0	next	other	0
210218_RL#220_15g	212	Picture	777	2327692	0	1	20305	2	0	next	other	0
210218_RL#220_15g	212	Manual	2	2347705	20013	NA
210218_RL#220_15g	213	Sound	212	2349058	1062	1			0		other	0
210218_RL#220_15g	214	Picture	555	2353322	0	1	10317	5	0	next	other	0
210218_RL#220_15g	215	Picture	10	2363639	0	4	20139	6	0	next	miss	0
210218_RL#220_15g	216	Picture	411	2383778	0	3	1333	5	0	next	other	0
210218_RL#220_15g	217	Picture	666	2385111	0	2	20137	6	0	next	other	0
210218_RL#220_15g	218	Picture	777	2405248	0	4	20307	5	0	next	other	0
210218_RL#220_15g	218	Manual	1	2425261	20013	NA
210218_RL#220_15g	219	Port Input	1	2426245	690	4
210218_RL#220_15g	219	Response	1	2426245	690	4
210218_RL#220_15g	219	Sound	212	2427058	1503	1			0		other	0
210218_RL#220_15g	219	Port Input	1	2427774	2219	3
210218_RL#220_15g	219	Response	1	2427774	2219	3
210218_RL#220_15g	219	Port Input	1	2429566	4011	3
210218_RL#220_15g	219	Response	1	2429566	4011	3
210218_RL#220_15g	219	Port Input	1	2429569	4014	4
210218_RL#220_15g	219	Response	1	2429569	4014	4
210218_RL#220_15g	220	Picture	555	2430881	0	1	10319	1	0	next	false_alarm	937
210218_RL#220_15g	220	Port Input	1	2431369	488	6
210218_RL#220_15g	220	Response	1	2431369	488	6
210218_RL#220_15g	220	Port Input	1	2433113	2233	4
210218_RL#220_15g	220	Response	1	2433113	2233	4
210218_RL#220_15g	220	Port Input	1	2435578	4698	4
210218_RL#220_15g	220	Response	1	2435578	4698	4
210218_RL#220_15g	220	Port Input	1	2437236	6356	4
210218_RL#220_15g	220	Response	1	2437236	6356	4
210218_RL#220_15g	220	Port Input	1	2437240	6359	4
210218_RL#220_15g	220	Response	1	2437240	6359	4
210218_RL#220_15g	220	Port Input	1	2438960	8080	4
210218_RL#220_15g	220	Response	1	2438960	8080	4
210218_RL#220_15g	220	Port Input	1	2440814	9934	4
210218_RL#220_15g	220	Response	1	2440814	9934	4
210218_RL#220_15g	221	Picture	10	2441199	0	1	1664	2	0	next	hit	952
210218_RL#220_15g	221	Port Input	1	2442522	1323	5
210218_RL#220_15g	221	Response	1	2442522	1323	5
210218_RL#220_15g	221	Port Input	1	2442526	1327	5
210218_RL#220_15g	221	Response	1	2442526	1327	5
210218_RL#220_15g	222	Picture	311	2442863	0	1	666	2	0	next	other	0
210218_RL#220_15g	223	Picture	444	2443529	0	1	80719	4	0	next	other	0
210218_RL#220_15g	224	Picture	666	2524248	0	4	20306	5	0	next	other	0
210218_RL#220_15g	225	Picture	777	2544554	0	1	20305	2	0	next	other	0
210218_RL#220_15g	225	Manual	1	2564572	20018	NA
210218_RL#220_15g	226	Sound	211	2566058	1199	1			0		other	0
210218_RL#220_15g	226	Port Input	1	2568375	3516	5
210218_RL#220_15g	226	Response	1	2568375	3516	5
210218_RL#220_15g	226	Port Input	1	2568379	3520	4
210218_RL#220_15g	226	Response	1	2568379	3520	4
210218_RL#220_15g	226	Port Input	1	2569650	4791	4
210218_RL#220_15g	226	Response	1	2569650	4791	4
210218_RL#220_15g	227	Picture	555	2570185	0	1	10319	2	0	next	false_alarm	969
210218_RL#220_15g	227	Port Input	1	2571180	995	4
210218_RL#220_15g	227	Response	1	2571180	995	4
210218_RL#220_15g	227	Port Input	1	2571183	998	3
210218_RL#220_15g	227	Response	1	2571183	998	3
210218_RL#220_15g	227	Port Input	1	2572737	2552	3
210218_RL#220_15g	227	Response	1	2572737	2552	3
210218_RL#220_15g	227	Port Input	1	2574657	4472	3
210218_RL#220_15g	227	Response	1	2574657	4472	3
210218_RL#220_15g	227	Port Input	1	2576542	6357	4
210218_RL#220_15g	227	Response	1	2576542	6357	4
210218_RL#220_15g	227	Port Input	1	2578145	7960	4
210218_RL#220_15g	227	Response	1	2578145	7960	4
210218_RL#220_15g	227	Port Input	1	2579666	9481	4
210218_RL#220_15g	227	Response	1	2579666	9481	4
210218_RL#220_15g	228	Picture	10	2580504	0	1	999	2	0	next	hit	984
210218_RL#220_15g	228	Port Input	1	2581245	741	4
210218_RL#220_15g	228	Response	1	2581245	741	4
210218_RL#220_15g	229	Picture	351	2581502	0	1	500	2	0	next	other	0
210218_RL#220_15g	230	Picture	1	2582002	0	1	20303	4	0	next	false_alarm	988
210218_RL#220_15g	230	Port Input	1	2582749	747	4
210218_RL#220_15g	230	Response	1	2582749	747	4
210218_RL#220_15g	230	Port Input	1	2583746	1744	4
210218_RL#220_15g	230	Response	1	2583746	1744	4
210218_RL#220_15g	230	Port Input	1	2584841	2839	4
210218_RL#220_15g	230	Response	1	2584841	2839	4
210218_RL#220_15g	230	Port Input	1	2586068	4066	4
210218_RL#220_15g	230	Response	1	2586068	4066	4
210218_RL#220_15g	230	Port Input	1	2587335	5334	4
210218_RL#220_15g	230	Response	1	2587335	5334	4
210218_RL#220_15g	230	Port Input	1	2588611	6609	4
210218_RL#220_15g	230	Response	1	2588611	6609	4
210218_RL#220_15g	230	Port Input	1	2589977	7975	4
210218_RL#220_15g	230	Response	1	2589977	7975	4
210218_RL#220_15g	230	Port Input	1	2589983	7981	4
210218_RL#220_15g	230	Response	1	2589983	7981	4
210218_RL#220_15g	230	Port Input	1	2591376	9374	4
210218_RL#220_15g	230	Response	1	2591376	9374	4
210218_RL#220_15g	230	Port Input	1	2593042	11040	4
210218_RL#220_15g	230	Response	1	2593042	11040	4
210218_RL#220_15g	230	Port Input	1	2594860	12858	4
210218_RL#220_15g	230	Response	1	2594860	12858	4
210218_RL#220_15g	231	Picture	3511	2602305	0	3	666	6	0	next	other	0
210218_RL#220_15g	232	Picture	666	2602971	0	3	20139	6	0	next	other	0
210218_RL#220_15g	233	Picture	777	2623109	0	4	20138	8	0	next	other	0
210218_RL#220_15g	233	Manual	1	2643123	20014	NA
210218_RL#220_15g	234	Sound	212	2645058	1810	1			0		other	0
210218_RL#220_15g	235	Picture	555	2648407	0	4	10152	8	0	next	other	0
210218_RL#220_15g	236	Picture	10	2658560	0	4	20306	5	0	next	miss	0
210218_RL#220_15g	237	Picture	411	2678866	0	1	999	2	0	next	other	0
210218_RL#220_15g	238	Picture	666	2679865	0	1	20305	2	0	next	other	0
210218_RL#220_15g	239	Picture	777	2700170	0	1	20305	2	0	next	other	0
210218_RL#220_15g	239	Manual	1	2720183	20014	NA
210218_RL#220_15g	240	Sound	212	2722058	1583	1			0		other	0
210218_RL#220_15g	241	Picture	555	2725632	0	3	10153	6	0	next	other	0
210218_RL#220_15g	242	Picture	10	2735785	0	3	20138	7	0	next	miss	0
210218_RL#220_15g	243	Picture	411	2755923	0	4	1165	7	0	next	other	0
210218_RL#220_15g	244	Picture	666	2757088	0	4	20138	8	0	next	other	0
210218_RL#220_15g	245	Picture	777	2777226	0	5	20307	5	0	next	other	0
210218_RL#220_15g	245	Manual	1	2797242	20016	NA
210218_RL#220_15g	246	Sound	211	2799058	1525	1			0		other	0
210218_RL#220_15g	246	Port Input	1	2801792	4259	4
210218_RL#220_15g	246	Response	1	2801792	4259	4
210218_RL#220_15g	247	Picture	555	2802859	0	1	10319	1	0	next	false_alarm	1032
210218_RL#220_15g	247	Port Input	1	2803098	239	3
210218_RL#220_15g	247	Response	1	2803098	239	3
210218_RL#220_15g	247	Port Input	1	2804660	1801	4
210218_RL#220_15g	247	Response	1	2804660	1801	4
210218_RL#220_15g	247	Port Input	1	2806263	3405	4
210218_RL#220_15g	247	Response	1	2806263	3405	4
210218_RL#220_15g	247	Port Input	1	2807863	5004	4
210218_RL#220_15g	247	Response	1	2807863	5004	4
210218_RL#220_15g	247	Port Input	1	2807867	5008	5
210218_RL#220_15g	247	Response	1	2807867	5008	5
210218_RL#220_15g	247	Port Input	1	2809397	6538	4
210218_RL#220_15g	247	Response	1	2809397	6538	4
210218_RL#220_15g	247	Port Input	1	2810954	8095	4
210218_RL#220_15g	247	Response	1	2810954	8095	4
210218_RL#220_15g	247	Port Input	1	2812377	9518	4
210218_RL#220_15g	247	Response	1	2812377	9518	4
210218_RL#220_15g	247	Port Input	1	2812380	9521	4
210218_RL#220_15g	247	Response	1	2812380	9521	4
210218_RL#220_15g	248	Picture	10	2813178	0	1	1163	3	0	next	hit	1051
210218_RL#220_15g	248	Port Input	1	2813988	811	4
210218_RL#220_15g	248	Response	1	2813988	811	4
210218_RL#220_15g	248	Port Input	1	2813992	814	3
210218_RL#220_15g	248	Response	1	2813992	814	3
210218_RL#220_15g	249	Picture	351	2814341	0	3	668	3	0	next	other	0
210218_RL#220_15g	250	Picture	1	2815008	0	1	20303	4	0	next	false_alarm	1057
210218_RL#220_15g	250	Port Input	1	2815524	516	3
210218_RL#220_15g	250	Response	1	2815524	516	3
210218_RL#220_15g	250	Port Input	1	2815527	518	3
210218_RL#220_15g	250	Response	1	2815527	518	3
210218_RL#220_15g	250	Port Input	1	2816637	1629	5
210218_RL#220_15g	250	Response	1	2816637	1629	5
210218_RL#220_15g	250	Port Input	1	2817802	2794	4
210218_RL#220_15g	250	Response	1	2817802	2794	4
210218_RL#220_15g	250	Port Input	1	2819115	4107	4
210218_RL#220_15g	250	Response	1	2819115	4107	4
210218_RL#220_15g	250	Port Input	1	2820555	5547	5
210218_RL#220_15g	250	Response	1	2820555	5547	5
210218_RL#220_15g	250	Port Input	1	2822042	7034	4
210218_RL#220_15g	250	Response	1	2822042	7034	4
210218_RL#220_15g	250	Port Input	1	2823626	8618	4
210218_RL#220_15g	250	Response	1	2823626	8618	4
210218_RL#220_15g	250	Port Input	1	2825396	10388	4
210218_RL#220_15g	250	Response	1	2825396	10388	4
210218_RL#220_15g	250	Port Input	1	2827019	12011	4
210218_RL#220_15g	250	Response	1	2827019	12011	4
210218_RL#220_15g	251	Picture	3511	2835312	0	3	666	6	0	next	other	0
210218_RL#220_15g	252	Picture	666	2835977	0	3	20305	6	0	next	other	0
210218_RL#220_15g	253	Picture	777	2856283	0	3	20139	7	0	next	other	0
210218_RL#220_15g	253	Manual	1	2876300	20018	NA
210218_RL#220_15g	254	Sound	212	2878058	1637	1			0		other	0
210218_RL#220_15g	255	Picture	555	2881580	0	4	10153	8	0	next	other	0
210218_RL#220_15g	256	Picture	10	2891733	0	4	20306	5	0	next	miss	0
210218_RL#220_15g	257	Picture	411	2912039	0	1	999	2	0	next	other	0
210218_RL#220_15g	258	Picture	666	2913038	0	1	20304	1	0	next	other	0
210218_RL#220_15g	259	Picture	777	2933343	0	1	20303	4	0	next	other	0
210218_RL#220_15g	259	Manual	2	2953356	20014	NA
210218_RL#220_15g	260	Sound	212	2955058	1412	1			0		other	0
210218_RL#220_15g	261	Picture	555	2958971	0	3	10153	6	0	next	other	0
210218_RL#220_15g	262	Picture	10	2969125	0	3	20138	6	0	next	miss	0
210218_RL#220_15g	263	Picture	411	2989263	0	4	999	7	0	next	other	0
210218_RL#220_15g	264	Picture	666	2990262	0	3	20138	7	0	next	other	0
210218_RL#220_15g	265	Picture	777	3010400	0	4	20306	5	0	next	other	0
210218_RL#220_15g	265	Manual	1	3030414	20014	NA
210218_RL#220_15g	266	Sound	211	3032058	1352	1			0		other	0
210218_RL#220_15g	266	Port Input	1	3035174	4468	5
210218_RL#220_15g	266	Response	1	3035174	4468	5
210218_RL#220_15g	267	Picture	555	3036032	0	1	10319	2	0	next	false_alarm	1099
210218_RL#220_15g	267	Port Input	1	3036466	434	4
210218_RL#220_15g	267	Response	1	3036466	434	4
210218_RL#220_15g	267	Port Input	1	3038041	2009	4
210218_RL#220_15g	267	Response	1	3038041	2009	4
210218_RL#220_15g	267	Port Input	1	3039664	3631	4
210218_RL#220_15g	267	Response	1	3039664	3631	4
210218_RL#220_15g	267	Port Input	1	3041187	5155	5
210218_RL#220_15g	267	Response	1	3041187	5155	5
210218_RL#220_15g	267	Port Input	1	3042688	6656	4
210218_RL#220_15g	267	Response	1	3042688	6656	4
210218_RL#220_15g	267	Port Input	1	3044139	8107	4
210218_RL#220_15g	267	Response	1	3044139	8107	4
210218_RL#220_15g	267	Port Input	1	3045534	9502	4
210218_RL#220_15g	267	Response	1	3045534	9502	4
210218_RL#220_15g	268	Picture	10	3046351	0	1	832	2	0	next	hit	1114
210218_RL#220_15g	268	Port Input	1	3046883	532	4
210218_RL#220_15g	268	Response	1	3046883	532	4
210218_RL#220_15g	268	Port Input	1	3046887	536	5
210218_RL#220_15g	268	Response	1	3046887	536	5
210218_RL#220_15g	269	Picture	351	3047183	0	1	666	2	0	next	other	0
210218_RL#220_15g	270	Picture	1	3047849	0	1	20303	4	0	next	false_alarm	1120
210218_RL#220_15g	270	Port Input	1	3048331	483	3
210218_RL#220_15g	270	Response	1	3048331	483	3
210218_RL#220_15g	270	Port Input	1	3049474	1625	4
210218_RL#220_15g	270	Response	1	3049474	1625	4
210218_RL#220_15g	270	Port Input	1	3050731	2883	4
210218_RL#220_15g	270	Response	1	3050731	2883	4
210218_RL#220_15g	270	Port Input	1	3052169	4320	4
210218_RL#220_15g	270	Response	1	3052169	4320	4
210218_RL#220_15g	271	Picture	3511	3068152	0	3	666	5	0	next	other	0
210218_RL#220_15g	272	Picture	666	3068818	0	3	20306	4	0	next	other	0
210218_RL#220_15g	273	Picture	777	3089124	0	2	20303	5	0	next	other	0
210218_RL#220_15g	273	Manual	1	3109142	20017	NA
210218_RL#220_15g	274	Sound	211	3111058	1630	1			0		other	0
210218_RL#220_15g	274	Port Input	1	3113417	3989	4
210218_RL#220_15g	274	Response	1	3113417	3989	4
210218_RL#220_15g	274	Port Input	1	3113420	3993	4
210218_RL#220_15g	274	Response	1	3113420	3993	4
210218_RL#220_15g	275	Picture	555	3114587	0	4	10153	8	0	next	false_alarm	1138
210218_RL#220_15g	275	Port Input	1	3114688	101	4
210218_RL#220_15g	275	Response	1	3114688	101	4
210218_RL#220_15g	275	Port Input	1	3116160	1573	4
210218_RL#220_15g	275	Response	1	3116160	1573	4
210218_RL#220_15g	275	Port Input	1	3117646	3059	4
210218_RL#220_15g	275	Response	1	3117646	3059	4
210218_RL#220_15g	275	Port Input	1	3117649	3063	5
210218_RL#220_15g	275	Response	1	3117649	3063	5
210218_RL#220_15g	275	Port Input	1	3119213	4627	4
210218_RL#220_15g	275	Response	1	3119213	4627	4
210218_RL#220_15g	275	Port Input	1	3119217	4630	4
210218_RL#220_15g	275	Response	1	3119217	4630	4
210218_RL#220_15g	275	Port Input	1	3120704	6117	4
210218_RL#220_15g	275	Response	1	3120704	6117	4
210218_RL#220_15g	275	Port Input	1	3122237	7650	5
210218_RL#220_15g	275	Response	1	3122237	7650	5
210218_RL#220_15g	275	Port Input	1	3123681	9094	4
210218_RL#220_15g	275	Response	1	3123681	9094	4
210218_RL#220_15g	275	Port Input	1	3123685	9098	4
210218_RL#220_15g	275	Response	1	3123685	9098	4
210218_RL#220_15g	276	Picture	10	3124740	0	4	665	7	0	next	hit	1159
210218_RL#220_15g	276	Port Input	1	3125238	499	3
210218_RL#220_15g	276	Response	1	3125238	499	3
210218_RL#220_15g	277	Picture	351	3125405	0	4	499	8	0	next	other	0
210218_RL#220_15g	278	Picture	1	3125904	0	4	20307	4	0	next	false_alarm	1163
210218_RL#220_15g	278	Port Input	1	3126730	826	3
210218_RL#220_15g	278	Response	1	3126730	826	3
210218_RL#220_15g	278	Port Input	1	3127786	1882	3
210218_RL#220_15g	278	Response	1	3127786	1882	3
210218_RL#220_15g	278	Port Input	1	3128986	3082	4
210218_RL#220_15g	278	Response	1	3128986	3082	4
210218_RL#220_15g	278	Port Input	1	3130287	4383	4
210218_RL#220_15g	278	Response	1	3130287	4383	4
210218_RL#220_15g	278	Port Input	1	3131589	5684	4
210218_RL#220_15g	278	Response	1	3131589	5684	4
210218_RL#220_15g	278	Port Input	1	3133045	7141	4
210218_RL#220_15g	278	Response	1	3133045	7141	4
210218_RL#220_15g	278	Port Input	1	3134638	8734	4
210218_RL#220_15g	278	Response	1	3134638	8734	4
210218_RL#220_15g	278	Port Input	1	3134642	8737	4
210218_RL#220_15g	278	Response	1	3134642	8737	4
210218_RL#220_15g	279	Picture	3511	3146211	0	1	666	1	0	next	other	0
210218_RL#220_15g	280	Picture	666	3146877	0	1	20305	2	0	next	other	0
210218_RL#220_15g	281	Picture	777	3167181	0	1	20303	4	0	next	other	0
210218_RL#220_15g	281	Manual	2	3187203	20022	NA
210218_RL#220_15g	282	Sound	212	3189057	1573	1			0		other	0
210218_RL#220_15g	283	Picture	555	3192810	0	3	10319	6	0	next	other	0
210218_RL#220_15g	284	Picture	10	3203129	0	3	20139	6	0	next	miss	0
210218_RL#220_15g	285	Picture	411	3223268	0	3	999	6	0	next	other	0
210218_RL#220_15g	286	Picture	666	3224267	0	3	20138	6	0	next	other	0
210218_RL#220_15g	287	Picture	777	3244405	0	4	20306	5	0	next	other	0
210218_RL#220_15g	287	Manual	2	3264420	20015	NA
210218_RL#220_15g	288	Port Input	1	3266004	1292	4
210218_RL#220_15g	288	Response	1	3266004	1292	4
210218_RL#220_15g	288	Sound	211	3266057	1346	1			0		other	0
210218_RL#220_15g	288	Port Input	1	3267550	2839	4
210218_RL#220_15g	288	Response	1	3267550	2839	4
210218_RL#220_15g	288	Port Input	1	3269134	4422	3
210218_RL#220_15g	288	Response	1	3269134	4422	3
210218_RL#220_15g	288	Port Input	1	3269137	4425	3
210218_RL#220_15g	288	Response	1	3269137	4425	3
210218_RL#220_15g	289	Picture	555	3270037	0	1	10319	2	0	next	false_alarm	1200
210218_RL#220_15g	289	Port Input	1	3270779	742	4
210218_RL#220_15g	289	Response	1	3270779	742	4
210218_RL#220_15g	289	Port Input	1	3271907	1870	4
210218_RL#220_15g	289	Response	1	3271907	1870	4
210218_RL#220_15g	289	Port Input	1	3272541	2504	4
210218_RL#220_15g	289	Response	1	3272541	2504	4
210218_RL#220_15g	289	Port Input	1	3274230	4193	4
210218_RL#220_15g	289	Response	1	3274230	4193	4
210218_RL#220_15g	289	Port Input	1	3275799	5762	5
210218_RL#220_15g	289	Response	1	3275799	5762	5
210218_RL#220_15g	289	Port Input	1	3277320	7283	4
210218_RL#220_15g	289	Response	1	3277320	7283	4
210218_RL#220_15g	289	Port Input	1	3278982	8945	4
210218_RL#220_15g	289	Response	1	3278982	8945	4
210218_RL#220_15g	289	Port Input	1	3278985	8948	4
210218_RL#220_15g	289	Response	1	3278985	8948	4
210218_RL#220_15g	290	Picture	10	3280356	0	1	2164	2	0	next	hit	1219
210218_RL#220_15g	290	Port Input	1	3280497	142	5
210218_RL#220_15g	290	Response	1	3280497	142	5
210218_RL#220_15g	290	Port Input	1	3282189	1833	4
210218_RL#220_15g	290	Response	1	3282189	1833	4
210218_RL#220_15g	291	Picture	351	3282520	0	1	666	2	0	next	other	0
210218_RL#220_15g	292	Picture	1	3283186	0	1	20303	3	0	next	false_alarm	1223
210218_RL#220_15g	292	Port Input	1	3283984	799	4
210218_RL#220_15g	292	Response	1	3283984	799	4
210218_RL#220_15g	292	Port Input	1	3285004	1819	4
210218_RL#220_15g	292	Response	1	3285004	1819	4
210218_RL#220_15g	292	Port Input	1	3286275	3089	4
210218_RL#220_15g	292	Response	1	3286275	3089	4
210218_RL#220_15g	292	Port Input	1	3287698	4513	4
210218_RL#220_15g	292	Response	1	3287698	4513	4
210218_RL#220_15g	292	Port Input	1	3289408	6223	4
210218_RL#220_15g	292	Response	1	3289408	6223	4
210218_RL#220_15g	292	Port Input	1	3289412	6227	3
210218_RL#220_15g	292	Response	1	3289412	6227	3
210218_RL#220_15g	292	Port Input	1	3290873	7688	4
210218_RL#220_15g	292	Response	1	3290873	7688	4
210218_RL#220_15g	292	Port Input	1	3292468	9283	4
210218_RL#220_15g	292	Response	1	3292468	9283	4
210218_RL#220_15g	292	Port Input	1	3292472	9287	4
210218_RL#220_15g	292	Response	1	3292472	9287	4
210218_RL#220_15g	292	Port Input	1	3295709	12523	4
210218_RL#220_15g	292	Response	1	3295709	12523	4
210218_RL#220_15g	293	Picture	3511	3303489	0	3	667	3	0	next	other	0
210218_RL#220_15g	294	Picture	666	3304156	0	1	20303	4	0	next	other	0
210218_RL#220_15g	295	Picture	777	3324460	0	3	20306	5	0	next	other	0
210218_RL#220_15g	295	Manual	1	3344474	20014	NA
210218_RL#220_15g	296	Sound	212	3346057	1291	1			0		other	0
210218_RL#220_15g	297	Picture	555	3349924	0	4	10152	8	0	next	other	0
210218_RL#220_15g	298	Picture	10	3360076	0	4	20306	5	0	next	miss	0
210218_RL#220_15g	299	Picture	411	3380383	0	1	999	2	0	next	other	0
210218_RL#220_15g	300	Picture	666	3381381	0	1	20305	1	0	next	other	0
210218_RL#220_15g	301	Picture	777	3401686	0	1	20303	3	0	next	other	0
210218_RL#220_15g	301	Manual	1	3421698	20012	NA
210218_RL#220_15g	302	Sound	211	3423057	1068	1			0		other	0
210218_RL#220_15g	302	Port Input	1	3425065	3076	4
210218_RL#220_15g	302	Response	1	3425065	3076	4
210218_RL#220_15g	302	Port Input	1	3426307	4318	4
210218_RL#220_15g	302	Response	1	3426307	4318	4
210218_RL#220_15g	303	Picture	555	3427315	0	3	10319	5	0	next	false_alarm	1260
210218_RL#220_15g	303	Port Input	1	3427771	456	3
210218_RL#220_15g	303	Response	1	3427771	456	3
210218_RL#220_15g	303	Port Input	1	3429410	2094	4
210218_RL#220_15g	303	Response	1	3429410	2094	4
210218_RL#220_15g	303	Port Input	1	3431023	3708	4
210218_RL#220_15g	303	Response	1	3431023	3708	4
210218_RL#220_15g	303	Port Input	1	3432610	5294	4
210218_RL#220_15g	303	Response	1	3432610	5294	4
210218_RL#220_15g	303	Port Input	1	3432614	5298	4
210218_RL#220_15g	303	Response	1	3432614	5298	4
210218_RL#220_15g	303	Port Input	1	3434198	6882	4
210218_RL#220_15g	303	Response	1	3434198	6882	4
210218_RL#220_15g	303	Port Input	1	3435727	8412	4
210218_RL#220_15g	303	Response	1	3435727	8412	4
210218_RL#220_15g	303	Port Input	1	3437234	9919	4
210218_RL#220_15g	303	Response	1	3437234	9919	4
210218_RL#220_15g	304	Picture	10	3437634	0	3	1333	4	0	next	hit	1277
210218_RL#220_15g	304	Port Input	1	3438685	1051	3
210218_RL#220_15g	304	Response	1	3438685	1051	3
210218_RL#220_15g	304	Port Input	1	3438689	1054	4
210218_RL#220_15g	304	Response	1	3438689	1054	4
210218_RL#220_15g	305	Picture	351	3438967	0	2	498	4	0	next	other	0
210218_RL#220_15g	306	Picture	1	3439465	0	3	20139	6	0	next	false_alarm	1283
210218_RL#220_15g	306	Port Input	1	3440233	768	3
210218_RL#220_15g	306	Response	1	3440233	768	3
210218_RL#220_15g	306	Port Input	1	3441266	1801	3
210218_RL#220_15g	306	Response	1	3441266	1801	3
210218_RL#220_15g	306	Port Input	1	3442433	2968	4
210218_RL#220_15g	306	Response	1	3442433	2968	4
210218_RL#220_15g	306	Port Input	1	3442436	2972	4
210218_RL#220_15g	306	Response	1	3442436	2972	4
210218_RL#220_15g	306	Port Input	1	3443810	4345	5
210218_RL#220_15g	306	Response	1	3443810	4345	5
210218_RL#220_15g	306	Port Input	1	3445222	5757	5
210218_RL#220_15g	306	Response	1	3445222	5757	5
210218_RL#220_15g	306	Port Input	1	3446613	7148	4
210218_RL#220_15g	306	Response	1	3446613	7148	4
210218_RL#220_15g	306	Port Input	1	3448097	8633	4
210218_RL#220_15g	306	Response	1	3448097	8633	4
210218_RL#220_15g	306	Port Input	1	3449901	10436	4
210218_RL#220_15g	306	Response	1	3449901	10436	4
210218_RL#220_15g	306	Port Input	1	3451628	12163	4
210218_RL#220_15g	306	Response	1	3451628	12163	4
210218_RL#220_15g	307	Picture	3511	3459603	0	4	1000	5	0	next	other	0
210218_RL#220_15g	308	Picture	666	3460604	0	2	20137	6	0	next	other	0
210218_RL#220_15g	309	Picture	777	3480740	0	4	20307	5	0	next	other	0
210218_RL#220_15g	309	Manual	1	3500757	20017	NA
210218_RL#220_15g	310	Sound	212	3502057	1010	1			0		other	0
210218_RL#220_15g	311	Picture	555	3506373	0	1	10319	2	0	next	other	0
210218_RL#220_15g	312	Picture	10	3516691	0	1	20305	2	0	next	miss	0
210218_RL#220_15g	313	Picture	411	3536996	0	1	999	2	0	next	other	0
210218_RL#220_15g	314	Picture	666	3537995	0	1	20303	4	0	next	other	0
210218_RL#220_15g	315	Picture	777	3558299	0	3	20304	7	0	next	other	0
210218_RL#220_15g	315	Manual	2	3578315	20016	NA
210218_RL#220_15g	316	Sound	212	3580057	1454	1			0		other	0
210218_RL#220_15g	317	Picture	555	3583762	0	4	10152	8	0	next	other	0
210218_RL#220_15g	318	Picture	10	3593915	0	4	20139	8	0	next	miss	0
210218_RL#220_15g	319	Picture	411	3614053	0	4	832	8	0	next	other	0
210218_RL#220_15g	320	Picture	666	3614886	0	4	20306	4	0	next	other	0
210218_RL#220_15g	321	Picture	777	3635192	0	1	20305	2	0	next	other	0
210218_RL#220_15g	321	Manual	1	3655206	20014	NA
210218_RL#220_15g	322	Sound	211	3657057	1560	1			0		other	0
210218_RL#220_15g	322	Port Input	1	3658994	3497	5
210218_RL#220_15g	322	Response	1	3658994	3497	5
210218_RL#220_15g	322	Port Input	1	3659001	3505	4
210218_RL#220_15g	322	Response	1	3659001	3505	4
210218_RL#220_15g	322	Port Input	1	3660396	4899	4
210218_RL#220_15g	322	Response	1	3660396	4899	4
210218_RL#220_15g	323	Picture	555	3660821	0	3	10319	5	0	next	false_alarm	1329
210218_RL#220_15g	323	Port Input	1	3661747	925	5
210218_RL#220_15g	323	Response	1	3661747	925	5
210218_RL#220_15g	323	Port Input	1	3663250	2428	4
210218_RL#220_15g	323	Response	1	3663250	2428	4
210218_RL#220_15g	323	Port Input	1	3663253	2432	4
210218_RL#220_15g	323	Response	1	3663253	2432	4
210218_RL#220_15g	323	Port Input	1	3664749	3928	6
210218_RL#220_15g	323	Response	1	3664749	3928	6
210218_RL#220_15g	323	Port Input	1	3666257	5436	4
210218_RL#220_15g	323	Response	1	3666257	5436	4
210218_RL#220_15g	323	Port Input	1	3667678	6857	3
210218_RL#220_15g	323	Response	1	3667678	6857	3
210218_RL#220_15g	323	Port Input	1	3669131	8309	4
210218_RL#220_15g	323	Response	1	3669131	8309	4
210218_RL#220_15g	323	Port Input	1	3670535	9714	4
210218_RL#220_15g	323	Response	1	3670535	9714	4
210218_RL#220_15g	324	Picture	10	3671140	0	3	998	6	0	next	hit	1346
210218_RL#220_15g	324	Port Input	1	3671908	768	3
210218_RL#220_15g	324	Response	1	3671908	768	3
210218_RL#220_15g	325	Picture	351	3672139	0	3	501	4	0	next	other	0
210218_RL#220_15g	326	Picture	1	3672639	0	2	20137	5	0	next	false_alarm	1350
210218_RL#220_15g	326	Port Input	1	3673520	880	4
210218_RL#220_15g	326	Response	1	3673520	880	4
210218_RL#220_15g	326	Port Input	1	3674538	1898	4
210218_RL#220_15g	326	Response	1	3674538	1898	4
210218_RL#220_15g	326	Port Input	1	3675730	3090	4
210218_RL#220_15g	326	Response	1	3675730	3090	4
210218_RL#220_15g	326	Port Input	1	3677235	4596	4
210218_RL#220_15g	326	Response	1	3677235	4596	4
210218_RL#220_15g	326	Port Input	1	3677239	4599	4
210218_RL#220_15g	326	Response	1	3677239	4599	4
210218_RL#220_15g	327	Picture	3511	3692777	0	3	832	6	0	next	other	0
210218_RL#220_15g	328	Picture	666	3693608	0	4	20138	7	0	next	other	0
210218_RL#220_15g	329	Picture	777	3713747	0	4	20138	8	0	next	other	0
210218_RL#220_15g	329	Manual	1	3733759	20012	NA
210218_RL#220_15g	330	Sound	211	3735057	1172	1			0		other	0
210218_RL#220_15g	330	Port Input	1	3737337	3451	4
210218_RL#220_15g	330	Response	1	3737337	3451	4
210218_RL#220_15g	330	Port Input	1	3738491	4605	3
210218_RL#220_15g	330	Response	1	3738491	4605	3
210218_RL#220_15g	331	Picture	555	3739213	0	1	10319	1	0	next	false_alarm	1370
210218_RL#220_15g	331	Port Input	1	3739891	677	3
210218_RL#220_15g	331	Response	1	3739891	677	3
210218_RL#220_15g	331	Port Input	1	3741415	2201	3
210218_RL#220_15g	331	Response	1	3741415	2201	3
210218_RL#220_15g	331	Port Input	1	3743006	3792	3
210218_RL#220_15g	331	Response	1	3743006	3792	3
210218_RL#220_15g	331	Port Input	1	3744572	5359	3
210218_RL#220_15g	331	Response	1	3744572	5359	3
210218_RL#220_15g	331	Port Input	1	3746052	6839	3
210218_RL#220_15g	331	Response	1	3746052	6839	3
210218_RL#220_15g	331	Port Input	1	3747487	8273	5
210218_RL#220_15g	331	Response	1	3747487	8273	5
210218_RL#220_15g	331	Port Input	1	3749134	9920	4
210218_RL#220_15g	331	Response	1	3749134	9920	4
210218_RL#220_15g	332	Picture	10	3749532	0	1	1331	2	0	next	hit	1385
210218_RL#220_15g	332	Port Input	1	3750621	1090	4
210218_RL#220_15g	332	Response	1	3750621	1090	4
210218_RL#220_15g	333	Picture	351	3750863	0	1	666	1	0	next	other	0
210218_RL#220_15g	334	Picture	1	3751529	0	1	20305	2	0	next	false_alarm	1389
210218_RL#220_15g	334	Port Input	1	3752129	600	3
210218_RL#220_15g	334	Response	1	3752129	600	3
210218_RL#220_15g	334	Port Input	1	3752132	603	4
210218_RL#220_15g	334	Response	1	3752132	603	4
210218_RL#220_15g	334	Port Input	1	3753111	1582	4
210218_RL#220_15g	334	Response	1	3753111	1582	4
210218_RL#220_15g	334	Port Input	1	3754245	2716	4
210218_RL#220_15g	334	Response	1	3754245	2716	4
210218_RL#220_15g	334	Port Input	1	3755560	4031	4
210218_RL#220_15g	334	Response	1	3755560	4031	4
210218_RL#220_15g	334	Port Input	1	3755563	4034	4
210218_RL#220_15g	334	Response	1	3755563	4034	4
210218_RL#220_15g	334	Port Input	1	3756965	5436	4
210218_RL#220_15g	334	Response	1	3756965	5436	4
210218_RL#220_15g	334	Port Input	1	3758321	6793	4
210218_RL#220_15g	334	Response	1	3758321	6793	4
210218_RL#220_15g	334	Port Input	1	3759778	8249	5
210218_RL#220_15g	334	Response	1	3759778	8249	5
210218_RL#220_15g	334	Port Input	1	3761339	9810	4
210218_RL#220_15g	334	Response	1	3761339	9810	4
210218_RL#220_15g	334	Port Input	1	3763101	11572	4
210218_RL#220_15g	334	Response	1	3763101	11572	4
210218_RL#220_15g	335	Picture	3511	3771834	0	1	999	2	0	next	other	0
210218_RL#220_15g	336	Picture	666	3772833	0	1	20303	4	0	next	other	0
210218_RL#220_15g	337	Picture	777	3793136	0	3	20305	6	0	next	other	0
210218_RL#220_15g	337	Manual	2	3813154	20019	NA
210218_RL#220_15g	338	Sound	211	3815057	1616	1			0		other	0
210218_RL#220_15g	338	Port Input	1	3817641	4200	4
210218_RL#220_15g	338	Response	1	3817641	4200	4
210218_RL#220_15g	338	Port Input	1	3817644	4204	4
210218_RL#220_15g	338	Response	1	3817644	4204	4
210218_RL#220_15g	339	Picture	555	3818600	0	4	10152	7	0	next	false_alarm	1421
210218_RL#220_15g	339	Port Input	1	3819246	646	4
210218_RL#220_15g	339	Response	1	3819246	646	4
210218_RL#220_15g	339	Port Input	1	3820816	2216	4
210218_RL#220_15g	339	Response	1	3820816	2216	4
210218_RL#220_15g	339	Port Input	1	3822666	4066	5
210218_RL#220_15g	339	Response	1	3822666	4066	5
210218_RL#220_15g	339	Port Input	1	3824463	5863	4
210218_RL#220_15g	339	Response	1	3824463	5863	4
210218_RL#220_15g	339	Port Input	1	3826138	7538	4
210218_RL#220_15g	339	Response	1	3826138	7538	4
210218_RL#220_15g	339	Port Input	1	3827601	9001	4
210218_RL#220_15g	339	Response	1	3827601	9001	4
210218_RL#220_15g	339	Port Input	1	3827604	9004	4
210218_RL#220_15g	339	Response	1	3827604	9004	4
210218_RL#220_15g	340	Picture	10	3828752	0	4	500	7	0	next	hit	1436
210218_RL#220_15g	340	Port Input	1	3829031	279	4
210218_RL#220_15g	340	Response	1	3829031	279	4
210218_RL#220_15g	341	Picture	351	3829252	0	4	501	5	0	next	other	0
210218_RL#220_15g	342	Picture	1	3829753	0	2	20137	6	0	next	false_alarm	1440
210218_RL#220_15g	342	Port Input	1	3830674	921	4
210218_RL#220_15g	342	Response	1	3830674	921	4
210218_RL#220_15g	342	Port Input	1	3831683	1930	4
210218_RL#220_15g	342	Response	1	3831683	1930	4
210218_RL#220_15g	342	Port Input	1	3832851	3098	4
210218_RL#220_15g	342	Response	1	3832851	3098	4
210218_RL#220_15g	342	Port Input	1	3834176	4423	5
210218_RL#220_15g	342	Response	1	3834176	4423	5
210218_RL#220_15g	342	Port Input	1	3835641	5888	4
210218_RL#220_15g	342	Response	1	3835641	5888	4
210218_RL#220_15g	342	Port Input	1	3837148	7395	4
210218_RL#220_15g	342	Response	1	3837148	7395	4
210218_RL#220_15g	342	Port Input	1	3838750	8997	4
210218_RL#220_15g	342	Response	1	3838750	8997	4
210218_RL#220_15g	342	Port Input	1	3840647	10894	4
210218_RL#220_15g	342	Response	1	3840647	10894	4
210218_RL#220_15g	343	Picture	3511	3849890	0	4	833	8	0	next	other	0
210218_RL#220_15g	344	Picture	666	3850722	0	4	20306	5	0	next	other	0
210218_RL#220_15g	345	Picture	777	3871028	0	1	20305	2	0	next	other	0
210218_RL#220_15g	345	Manual	1	3891042	20014	NA
210218_RL#220_15g	346	Sound	211	3893057	1724	1			0		other	0
210218_RL#220_15g	346	Port Input	1	3895403	4070	4
210218_RL#220_15g	346	Response	1	3895403	4070	4
210218_RL#220_15g	347	Picture	555	3896657	0	3	10319	5	0	next	false_alarm	1464
210218_RL#220_15g	347	Port Input	1	3896663	5	6
210218_RL#220_15g	347	Response	1	3896663	5	6
210218_RL#220_15g	347	Port Input	1	3898223	1565	3
210218_RL#220_15g	347	Response	1	3898223	1565	3
210218_RL#220_15g	347	Port Input	1	3899869	3212	4
210218_RL#220_15g	347	Response	1	3899869	3212	4
210218_RL#220_15g	347	Port Input	1	3901656	4999	5
210218_RL#220_15g	347	Response	1	3901656	4999	5
210218_RL#220_15g	347	Port Input	1	3903298	6641	5
210218_RL#220_15g	347	Response	1	3903298	6641	5
210218_RL#220_15g	347	Port Input	1	3904716	8059	4
210218_RL#220_15g	347	Response	1	3904716	8059	4
210218_RL#220_15g	347	Port Input	1	3906452	9795	4
210218_RL#220_15g	347	Response	1	3906452	9795	4
210218_RL#220_15g	348	Picture	10	3906976	0	3	998	5	0	next	hit	1479
210218_RL#220_15g	348	Port Input	1	3907797	821	4
210218_RL#220_15g	348	Response	1	3907797	821	4
210218_RL#220_15g	349	Picture	351	3907975	0	3	499	6	0	next	other	0
210218_RL#220_15g	350	Picture	1	3908474	0	3	20305	6	0	next	false_alarm	1483
210218_RL#220_15g	350	Port Input	1	3909247	773	4
210218_RL#220_15g	350	Response	1	3909247	773	4
210218_RL#220_15g	350	Port Input	1	3910251	1778	3
210218_RL#220_15g	350	Response	1	3910251	1778	3
210218_RL#220_15g	350	Port Input	1	3910256	1782	4
210218_RL#220_15g	350	Response	1	3910256	1782	4
210218_RL#220_15g	350	Port Input	1	3911449	2975	4
210218_RL#220_15g	350	Response	1	3911449	2975	4
210218_RL#220_15g	350	Port Input	1	3912741	4268	4
210218_RL#220_15g	350	Response	1	3912741	4268	4
210218_RL#220_15g	350	Port Input	1	3914025	5551	3
210218_RL#220_15g	350	Response	1	3914025	5551	3
210218_RL#220_15g	350	Port Input	1	3914028	5554	4
210218_RL#220_15g	350	Response	1	3914028	5554	4
210218_RL#220_15g	350	Port Input	1	3915458	6985	4
210218_RL#220_15g	350	Response	1	3915458	6985	4
210218_RL#220_15g	350	Port Input	1	3917011	8537	4
210218_RL#220_15g	350	Response	1	3917011	8537	4
210218_RL#220_15g	350	Port Input	1	3918604	10130	4
210218_RL#220_15g	350	Response	1	3918604	10130	4
210218_RL#220_15g	350	Port Input	1	3918608	10134	5
210218_RL#220_15g	350	Response	1	3918608	10134	5
210218_RL#220_15g	350	Port Input	1	3920401	11927	4
210218_RL#220_15g	350	Response	1	3920401	11927	4
210218_RL#220_15g	350	Port Input	1	3920405	11931	4
210218_RL#220_15g	350	Response	1	3920405	11931	4
210218_RL#220_15g	351	Picture	3511	3928779	0	3	665	7	0	next	other	0
210218_RL#220_15g	352	Picture	666	3929444	0	4	20139	7	0	next	other	0
210218_RL#220_15g	353	Picture	777	3949583	0	4	20138	7	0	next	other	0
210218_RL#220_15g	353	Manual	1	3969595	20012	NA
210218_RL#220_15g	354	Sound	212	3971057	1335	1			0		other	0
210218_RL#220_15g	355	Picture	555	3975049	0	1	10319	2	0	next	other	0
210218_RL#220_15g	356	Picture	10	3985367	0	1	20305	2	0	next	miss	0
210218_RL#220_15g	357	Picture	411	4005673	0	1	1165	2	0	next	other	0
210218_RL#220_15g	358	Picture	666	4006838	0	1	20303	4	0	next	other	0
210218_RL#220_15g	359	Picture	777	4027141	0	3	20305	6	0	next	other	0
210218_RL#220_15g	359	Manual	1	4047155	20014	NA
210218_RL#220_15g	360	Sound	212	4049057	1611	1			0		other	0
210218_RL#220_15g	361	Picture	555	4052605	0	4	10149	11	0	next	other	0
210218_RL#220_15g	362	Picture	10	4062754	0	8	20143	12	0	next	miss	0
210218_RL#220_15g	363	Picture	411	4082896	0	4	998	8	0	next	other	0
210218_RL#220_15g	364	Picture	666	4083895	0	4	20307	5	0	next	other	0
210218_RL#220_15g	365	Picture	777	4104201	0	1	20305	2	0	next	other	0
210218_RL#220_15g	365	Manual	2	4124221	20019	NA
210218_RL#220_15g	366	Sound	212	4126057	1551	1			0		other	0
210218_RL#220_15g	367	Picture	555	4129832	0	1	10317	4	0	next	other	0
210218_RL#220_15g	368	Picture	10	4140149	0	3	20305	6	0	next	miss	0
210218_RL#220_15g	369	Picture	411	4160454	0	3	832	6	0	next	other	0
210218_RL#220_15g	370	Picture	666	4161286	0	4	20139	7	0	next	other	0
210218_RL#220_15g	371	Picture	777	4181425	0	4	20139	8	0	next	other	0
210218_RL#220_15g	371	Manual	1	4201438	20013	NA
210218_RL#220_15g	372	Sound	212	4203057	1493	1			0		other	0
210218_RL#220_15g	373	Picture	555	4206719	0	8	10324	9	0	next	other	0
210218_RL#220_15g	374	Picture	10	4217043	0	1	16144	2	0	next	hit	1537
210218_RL#220_15g	374	Port Input	1	4232838	15795	4
210218_RL#220_15g	374	Response	1	4232838	15795	4
210218_RL#220_15g	375	Picture	311	4233187	0	1	666	1	0	next	other	0
210218_RL#220_15g	376	Picture	444	4233853	0	1	80720	3	0	next	false_alarm	1541
210218_RL#220_15g	376	Port Input	1	4234253	400	3
210218_RL#220_15g	376	Response	1	4234253	400	3
210218_RL#220_15g	376	Port Input	1	4238189	4336	4
210218_RL#220_15g	376	Response	1	4238189	4336	4
210218_RL#220_15g	376	Port Input	1	4238192	4340	4
210218_RL#220_15g	376	Response	1	4238192	4340	4
210218_RL#220_15g	376	Port Input	1	4239077	5224	4
210218_RL#220_15g	376	Response	1	4239077	5224	4
210218_RL#220_15g	376	Port Input	1	4244274	10422	5
210218_RL#220_15g	376	Response	1	4244274	10422	5
210218_RL#220_15g	376	Port Input	1	4245599	11747	4
210218_RL#220_15g	376	Response	1	4245599	11747	4
210218_RL#220_15g	376	Port Input	1	4249350	15498	4
210218_RL#220_15g	376	Response	1	4249350	15498	4
210218_RL#220_15g	376	Port Input	1	4249354	15501	4
210218_RL#220_15g	376	Response	1	4249354	15501	4
210218_RL#220_15g	376	Port Input	1	4249745	15893	4
210218_RL#220_15g	376	Response	1	4249745	15893	4
210218_RL#220_15g	376	Port Input	1	4249751	15899	4
210218_RL#220_15g	376	Response	1	4249751	15899	4
210218_RL#220_15g	376	Port Input	1	4250054	16201	4
210218_RL#220_15g	376	Response	1	4250054	16201	4
210218_RL#220_15g	376	Port Input	1	4250059	16206	4
210218_RL#220_15g	376	Response	1	4250059	16206	4
210218_RL#220_15g	376	Port Input	1	4253576	19723	4
210218_RL#220_15g	376	Response	1	4253576	19723	4
210218_RL#220_15g	376	Port Input	1	4258325	24473	4
210218_RL#220_15g	376	Response	1	4258325	24473	4
210218_RL#220_15g	376	Port Input	1	4262720	28868	4
210218_RL#220_15g	376	Response	1	4262720	28868	4
210218_RL#220_15g	376	Port Input	1	4274461	40608	4
210218_RL#220_15g	376	Response	1	4274461	40608	4
210218_RL#220_15g	376	Port Input	1	4284316	50463	4
210218_RL#220_15g	376	Response	1	4284316	50463	4
210218_RL#220_15g	376	Port Input	1	4285929	52076	4
210218_RL#220_15g	376	Response	1	4285929	52076	4
210218_RL#220_15g	376	Port Input	1	4292239	58386	4
210218_RL#220_15g	376	Response	1	4292239	58386	4
210218_RL#220_15g	376	Port Input	1	4301676	67823	5
210218_RL#220_15g	376	Response	1	4301676	67823	5
210218_RL#220_15g	376	Port Input	1	4301681	67828	5
210218_RL#220_15g	376	Response	1	4301681	67828	5
210218_RL#220_15g	377	Picture	666	4314573	0	2	20305	3	0	next	other	0
210218_RL#220_15g	378	Picture	777	4334878	0	1	20305	2	0	next	other	0
210218_RL#220_15g	378	Manual	1	4354893	20015	NA
210218_RL#220_15g	379	Sound	211	4357056	1874	1			0		other	0
210218_RL#220_15g	379	Port Input	1	4359089	3907	4
210218_RL#220_15g	379	Response	1	4359089	3907	4
210218_RL#220_15g	380	Picture	555	4360509	0	1	10319	3	0	next	false_alarm	1590
210218_RL#220_15g	380	Port Input	1	4360688	180	4
210218_RL#220_15g	380	Response	1	4360688	180	4
210218_RL#220_15g	380	Port Input	1	4362485	1976	4
210218_RL#220_15g	380	Response	1	4362485	1976	4
210218_RL#220_15g	380	Port Input	1	4364216	3708	4
210218_RL#220_15g	380	Response	1	4364216	3708	4
210218_RL#220_15g	380	Port Input	1	4366112	5604	4
210218_RL#220_15g	380	Response	1	4366112	5604	4
210218_RL#220_15g	380	Port Input	1	4367787	7279	4
210218_RL#220_15g	380	Response	1	4367787	7279	4
210218_RL#220_15g	380	Port Input	1	4369329	8820	4
210218_RL#220_15g	380	Response	1	4369329	8820	4
210218_RL#220_15g	380	Port Input	1	4369332	8824	4
210218_RL#220_15g	380	Response	1	4369332	8824	4
210218_RL#220_15g	380	Port Input	1	4370741	10232	5
210218_RL#220_15g	380	Response	1	4370741	10232	5
210218_RL#220_15g	381	Picture	10	4370828	0	2	2162	5	0	next	hit	1607
210218_RL#220_15g	381	Port Input	1	4372784	1957	4
210218_RL#220_15g	381	Response	1	4372784	1957	4
210218_RL#220_15g	382	Picture	351	4372989	0	3	501	4	0	next	other	0
210218_RL#220_15g	383	Picture	1	4373490	0	1	20304	4	0	next	false_alarm	1611
210218_RL#220_15g	383	Port Input	1	4374327	836	4
210218_RL#220_15g	383	Response	1	4374327	836	4
210218_RL#220_15g	383	Port Input	1	4375363	1872	4
210218_RL#220_15g	383	Response	1	4375363	1872	4
210218_RL#220_15g	383	Port Input	1	4376562	3072	4
210218_RL#220_15g	383	Response	1	4376562	3072	4
210218_RL#220_15g	383	Port Input	1	4377862	4372	4
210218_RL#220_15g	383	Response	1	4377862	4372	4
210218_RL#220_15g	383	Port Input	1	4379389	5899	4
210218_RL#220_15g	383	Response	1	4379389	5899	4
210218_RL#220_15g	383	Port Input	1	4380870	7380	4
210218_RL#220_15g	383	Response	1	4380870	7380	4
210218_RL#220_15g	383	Port Input	1	4382365	8875	5
210218_RL#220_15g	383	Response	1	4382365	8875	5
210218_RL#220_15g	383	Port Input	1	4382370	8880	4
210218_RL#220_15g	383	Response	1	4382370	8880	4
210218_RL#220_15g	383	Port Input	1	4384249	10758	4
210218_RL#220_15g	383	Response	1	4384249	10758	4
210218_RL#220_15g	383	Port Input	1	4385989	12498	4
210218_RL#220_15g	383	Response	1	4385989	12498	4
210218_RL#220_15g	383	Port Input	1	4385992	12502	4
210218_RL#220_15g	383	Response	1	4385992	12502	4
210218_RL#220_15g	383	Port Input	1	4391871	18380	4
210218_RL#220_15g	383	Response	1	4391871	18380	4
210218_RL#220_15g	383	Port Input	1	4393592	20102	6
210218_RL#220_15g	383	Response	1	4393592	20102	6
210218_RL#220_15g	384	Picture	3511	4393794	0	3	665	6	0	next	other	0
210218_RL#220_15g	385	Picture	666	4394459	0	3	20138	7	0	next	false_alarm	1639
210218_RL#220_15g	385	Port Input	1	4395098	639	4
210218_RL#220_15g	385	Response	1	4395098	639	4
210218_RL#220_15g	385	Port Input	1	4396610	2151	4
210218_RL#220_15g	385	Response	1	4396610	2151	4
210218_RL#220_15g	385	Port Input	1	4398174	3715	4
210218_RL#220_15g	385	Response	1	4398174	3715	4
210218_RL#220_15g	385	Port Input	1	4398177	3718	4
210218_RL#220_15g	385	Response	1	4398177	3718	4
210218_RL#220_15g	385	Port Input	1	4399838	5379	5
210218_RL#220_15g	385	Response	1	4399838	5379	5
210218_RL#220_15g	385	Port Input	1	4401394	6934	4
210218_RL#220_15g	385	Response	1	4401394	6934	4
210218_RL#220_15g	385	Port Input	1	4406343	11883	4
210218_RL#220_15g	385	Response	1	4406343	11883	4
210218_RL#220_15g	386	Picture	777	4414598	0	4	20138	10	0	next	other	0
210218_RL#220_15g	386	Manual	1	4434613	20015	NA
210218_RL#220_15g	387	Sound	211	4436056	1320	1			0		other	0
210218_RL#220_15g	387	Port Input	1	4438432	3696	4
210218_RL#220_15g	387	Response	1	4438432	3696	4
210218_RL#220_15g	387	Port Input	1	4438436	3700	4
210218_RL#220_15g	387	Response	1	4438436	3700	4
210218_RL#220_15g	388	Picture	555	4439896	0	4	10320	5	0	next	false_alarm	1663
210218_RL#220_15g	388	Port Input	1	4439986	90	6
210218_RL#220_15g	388	Response	1	4439986	90	6
210218_RL#220_15g	388	Port Input	1	4442040	2144	4
210218_RL#220_15g	388	Response	1	4442040	2144	4
210218_RL#220_15g	388	Port Input	1	4443938	4043	4
210218_RL#220_15g	388	Response	1	4443938	4043	4
210218_RL#220_15g	388	Port Input	1	4445555	5659	4
210218_RL#220_15g	388	Response	1	4445555	5659	4
210218_RL#220_15g	388	Port Input	1	4445559	5663	4
210218_RL#220_15g	388	Response	1	4445559	5663	4
210218_RL#220_15g	388	Port Input	1	4447134	7238	4
210218_RL#220_15g	388	Response	1	4447134	7238	4
210218_RL#220_15g	388	Port Input	1	4447138	7243	5
210218_RL#220_15g	388	Response	1	4447138	7243	5
210218_RL#220_15g	388	Port Input	1	4448768	8872	4
210218_RL#220_15g	388	Response	1	4448768	8872	4
210218_RL#220_15g	388	Port Input	1	4448771	8875	4
210218_RL#220_15g	388	Response	1	4448771	8875	4
210218_RL#220_15g	388	Port Input	1	4449370	9475	4
210218_RL#220_15g	388	Response	1	4449370	9475	4
210218_RL#220_15g	389	Picture	10	4450216	0	1	832	2	0	next	hit	1682
210218_RL#220_15g	389	Port Input	1	4450674	458	5
210218_RL#220_15g	389	Response	1	4450674	458	5
210218_RL#220_15g	390	Picture	351	4451048	0	1	666	2	0	next	other	0
210218_RL#220_15g	391	Picture	1	4451714	0	1	20305	1	0	next	false_alarm	1686
210218_RL#220_15g	391	Port Input	1	4452275	560	8
210218_RL#220_15g	391	Response	1	4452275	560	8
210218_RL#220_15g	391	Port Input	1	4453414	1700	4
210218_RL#220_15g	391	Response	1	4453414	1700	4
210218_RL#220_15g	391	Port Input	1	4454592	2878	4
210218_RL#220_15g	391	Response	1	4454592	2878	4
210218_RL#220_15g	391	Port Input	1	4455889	4174	4
210218_RL#220_15g	391	Response	1	4455889	4174	4
210218_RL#220_15g	391	Port Input	1	4457173	5459	3
210218_RL#220_15g	391	Response	1	4457173	5459	3
210218_RL#220_15g	391	Port Input	1	4457176	5462	4
210218_RL#220_15g	391	Response	1	4457176	5462	4
210218_RL#220_15g	391	Port Input	1	4458533	6819	5
210218_RL#220_15g	391	Response	1	4458533	6819	5
210218_RL#220_15g	391	Port Input	1	4460065	8351	4
210218_RL#220_15g	391	Response	1	4460065	8351	4
210218_RL#220_15g	391	Port Input	1	4461588	9874	4
210218_RL#220_15g	391	Response	1	4461588	9874	4
210218_RL#220_15g	391	Port Input	1	4463136	11421	4
210218_RL#220_15g	391	Response	1	4463136	11421	4
210218_RL#220_15g	391	Port Input	1	4464660	12946	4
210218_RL#220_15g	391	Response	1	4464660	12946	4
210218_RL#220_15g	391	Port Input	1	4464664	12950	4
210218_RL#220_15g	391	Response	1	4464664	12950	4
210218_RL#220_15g	392	Picture	3511	4472019	0	1	832	1	0	next	other	0
210218_RL#220_15g	393	Picture	666	4472851	0	1	20303	3	0	next	other	0
210218_RL#220_15g	394	Picture	777	4493154	0	3	20305	6	0	next	other	0
210218_RL#220_15g	394	Manual	1	4513172	20018	NA
210218_RL#220_15g	395	Sound	212	4515056	1597	1			0		other	0
210218_RL#220_15g	396	Picture	555	4518619	0	3	10152	6	0	next	other	0
210218_RL#220_15g	397	Picture	10	4528771	0	4	20138	7	0	next	miss	0
210218_RL#220_15g	398	Picture	411	4548910	0	4	998	7	0	next	other	0
210218_RL#220_15g	399	Picture	666	4549908	0	4	20306	5	0	next	other	0
210218_RL#220_15g	400	Picture	777	4570214	0	1	20305	2	0	next	other	0
210218_RL#220_15g	400	Manual	1	4590228	20014	NA
210218_RL#220_15g	401	Sound	211	4592056	1537	1			0		other	0
210218_RL#220_15g	401	Port Input	1	4594485	3966	4
210218_RL#220_15g	401	Response	1	4594485	3966	4
210218_RL#220_15g	402	Picture	555	4595845	0	1	10319	2	0	next	false_alarm	1725
210218_RL#220_15g	402	Port Input	1	4596071	226	3
210218_RL#220_15g	402	Response	1	4596071	226	3
210218_RL#220_15g	402	Port Input	1	4596075	230	3
210218_RL#220_15g	402	Response	1	4596075	230	3
210218_RL#220_15g	402	Port Input	1	4597650	1805	4
210218_RL#220_15g	402	Response	1	4597650	1805	4
210218_RL#220_15g	402	Port Input	1	4599439	3594	4
210218_RL#220_15g	402	Response	1	4599439	3594	4
210218_RL#220_15g	402	Port Input	1	4601116	5272	4
210218_RL#220_15g	402	Response	1	4601116	5272	4
210218_RL#220_15g	402	Port Input	1	4602720	6875	4
210218_RL#220_15g	402	Response	1	4602720	6875	4
210218_RL#220_15g	402	Port Input	1	4604356	8511	4
210218_RL#220_15g	402	Response	1	4604356	8511	4
210218_RL#220_15g	402	Port Input	1	4605811	9966	5
210218_RL#220_15g	402	Response	1	4605811	9966	5
210218_RL#220_15g	403	Picture	10	4606164	0	1	1331	2	0	next	hit	1742
210218_RL#220_15g	403	Port Input	1	4607292	1128	4
210218_RL#220_15g	403	Response	1	4607292	1128	4
210218_RL#220_15g	403	Port Input	1	4607298	1133	18
210218_RL#220_15g	403	Response	1	4607298	1133	18
210218_RL#220_15g	404	Picture	351	4607495	0	1	666	2	0	next	other	0
210218_RL#220_15g	405	Picture	1	4608161	0	1	20303	4	0	next	false_alarm	1748
210218_RL#220_15g	405	Port Input	1	4608659	498	4
210218_RL#220_15g	405	Response	1	4608659	498	4
210218_RL#220_15g	405	Port Input	1	4609730	1569	5
210218_RL#220_15g	405	Response	1	4609730	1569	5
210218_RL#220_15g	405	Port Input	1	4610982	2821	4
210218_RL#220_15g	405	Response	1	4610982	2821	4
210218_RL#220_15g	405	Port Input	1	4612372	4211	5
210218_RL#220_15g	405	Response	1	4612372	4211	5
210218_RL#220_15g	405	Port Input	1	4613834	5673	4
210218_RL#220_15g	405	Response	1	4613834	5673	4
210218_RL#220_15g	405	Port Input	1	4615337	7175	4
210218_RL#220_15g	405	Response	1	4615337	7175	4
210218_RL#220_15g	405	Port Input	1	4616944	8783	4
210218_RL#220_15g	405	Response	1	4616944	8783	4
210218_RL#220_15g	405	Port Input	1	4618676	10515	4
210218_RL#220_15g	405	Response	1	4618676	10515	4
210218_RL#220_15g	405	Port Input	1	4620482	12321	4
210218_RL#220_15g	405	Response	1	4620482	12321	4
210218_RL#220_15g	406	Picture	3511	4628464	0	4	833	6	0	next	other	0
210218_RL#220_15g	407	Picture	666	4629297	0	3	20138	6	0	next	other	0
210218_RL#220_15g	408	Picture	777	4649435	0	4	20139	7	0	next	other	0
210218_RL#220_15g	408	Manual	1	4669448	20012	NA
210218_RL#220_15g	409	Sound	211	4671056	1482	1			0		other	0
210218_RL#220_15g	409	Port Input	1	4673534	3961	4
210218_RL#220_15g	409	Response	1	4673534	3961	4
210218_RL#220_15g	409	Port Input	1	4673538	3964	4
210218_RL#220_15g	409	Response	1	4673538	3964	4
210218_RL#220_15g	410	Picture	555	4674734	0	4	10320	5	0	next	false_alarm	1778
210218_RL#220_15g	410	Port Input	1	4674770	37	6
210218_RL#220_15g	410	Response	1	4674770	37	6
210218_RL#220_15g	410	Port Input	1	4676358	1624	4
210218_RL#220_15g	410	Response	1	4676358	1624	4
210218_RL#220_15g	410	Port Input	1	4678068	3334	4
210218_RL#220_15g	410	Response	1	4678068	3334	4
210218_RL#220_15g	410	Port Input	1	4678072	3338	4
210218_RL#220_15g	410	Response	1	4678072	3338	4
210218_RL#220_15g	410	Port Input	1	4679738	5005	4
210218_RL#220_15g	410	Response	1	4679738	5005	4
210218_RL#220_15g	410	Port Input	1	4679742	5008	4
210218_RL#220_15g	410	Response	1	4679742	5008	4
210218_RL#220_15g	410	Port Input	1	4681398	6664	4
210218_RL#220_15g	410	Response	1	4681398	6664	4
210218_RL#220_15g	410	Port Input	1	4682963	8230	4
210218_RL#220_15g	410	Response	1	4682963	8230	4
210218_RL#220_15g	410	Port Input	1	4684422	9688	4
210218_RL#220_15g	410	Response	1	4684422	9688	4
210218_RL#220_15g	410	Port Input	1	4684426	9692	7
210218_RL#220_15g	410	Response	1	4684426	9692	7
210218_RL#220_15g	411	Picture	10	4685053	0	1	1165	2	0	next	hit	1797
210218_RL#220_15g	411	Port Input	1	4685874	820	5
210218_RL#220_15g	411	Response	1	4685874	820	5
210218_RL#220_15g	412	Picture	351	4686219	0	1	333	3	0	next	other	0
210218_RL#220_15g	413	Picture	1	4686552	0	3	20304	3	0	next	false_alarm	1801
210218_RL#220_15g	413	Port Input	1	4687287	735	4
210218_RL#220_15g	413	Response	1	4687287	735	4
210218_RL#220_15g	413	Port Input	1	4688360	1808	5
210218_RL#220_15g	413	Response	1	4688360	1808	5
210218_RL#220_15g	413	Port Input	1	4689578	3027	4
210218_RL#220_15g	413	Response	1	4689578	3027	4
210218_RL#220_15g	413	Port Input	1	4690912	4360	4
210218_RL#220_15g	413	Response	1	4690912	4360	4
210218_RL#220_15g	413	Port Input	1	4692315	5764	4
210218_RL#220_15g	413	Response	1	4692315	5764	4
210218_RL#220_15g	413	Port Input	1	4692319	5768	4
210218_RL#220_15g	413	Response	1	4692319	5768	4
210218_RL#220_15g	413	Port Input	1	4693730	7179	4
210218_RL#220_15g	413	Response	1	4693730	7179	4
210218_RL#220_15g	413	Port Input	1	4695250	8699	4
210218_RL#220_15g	413	Response	1	4695250	8699	4
210218_RL#220_15g	413	Port Input	1	4696765	10214	4
210218_RL#220_15g	413	Response	1	4696765	10214	4
210218_RL#220_15g	413	Port Input	1	4698335	11784	4
210218_RL#220_15g	413	Response	1	4698335	11784	4
210218_RL#220_15g	413	Port Input	1	4698339	11788	4
210218_RL#220_15g	413	Response	1	4698339	11788	4
210218_RL#220_15g	413	Port Input	1	4700207	13655	4
210218_RL#220_15g	413	Response	1	4700207	13655	4
210218_RL#220_15g	413	Port Input	1	4700211	13659	4
210218_RL#220_15g	413	Response	1	4700211	13659	4
210218_RL#220_15g	414	Picture	3511	4706856	0	1	832	2	0	next	other	0
210218_RL#220_15g	415	Picture	666	4707689	0	1	20303	4	0	next	other	0
210218_RL#220_15g	416	Picture	777	4727992	0	3	20305	6	0	next	other	0
210218_RL#220_15g	416	Manual	2	4748006	20014	NA
210218_RL#220_15g	417	Sound	212	4750056	1759	1			0		other	0
210218_RL#220_15g	418	Picture	555	4753456	0	3	10152	7	0	next	other	0
210218_RL#220_15g	419	Picture	10	4763608	0	4	20139	7	0	next	miss	0
210218_RL#220_15g	420	Picture	411	4783747	0	4	998	7	0	next	other	0
210218_RL#220_15g	421	Picture	666	4784746	0	4	20139	8	0	next	other	0
210218_RL#220_15g	422	Picture	777	4804884	0	4	20306	5	0	next	other	0
210218_RL#220_15g	422	Manual	1	4824903	20019	NA
210218_RL#220_15g	423	Sound	211	4827056	1866	1			0		other	0
210218_RL#220_15g	423	Port Input	1	4829934	4743	4
210218_RL#220_15g	423	Response	1	4829934	4743	4
210218_RL#220_15g	423	Port Input	1	4829937	4747	4
210218_RL#220_15g	423	Response	1	4829937	4747	4
210218_RL#220_15g	424	Picture	555	4830516	0	1	10319	2	0	next	false_alarm	1844
210218_RL#220_15g	424	Port Input	1	4831451	935	3
210218_RL#220_15g	424	Response	1	4831451	935	3
210218_RL#220_15g	424	Port Input	1	4833308	2791	4
210218_RL#220_15g	424	Response	1	4833308	2791	4
210218_RL#220_15g	424	Port Input	1	4835111	4595	4
210218_RL#220_15g	424	Response	1	4835111	4595	4
210218_RL#220_15g	424	Port Input	1	4836897	6381	4
210218_RL#220_15g	424	Response	1	4836897	6381	4
210218_RL#220_15g	424	Port Input	1	4838517	8001	4
210218_RL#220_15g	424	Response	1	4838517	8001	4
210218_RL#220_15g	424	Port Input	1	4840404	9887	4
210218_RL#220_15g	424	Response	1	4840404	9887	4
210218_RL#220_15g	425	Picture	10	4840835	0	1	1498	2	0	next	hit	1857
210218_RL#220_15g	425	Port Input	1	4842024	1189	4
210218_RL#220_15g	425	Response	1	4842024	1189	4
210218_RL#220_15g	426	Picture	351	4842333	0	1	499	2	0	next	other	0
210218_RL#220_15g	427	Picture	1	4842832	0	1	20303	4	0	next	false_alarm	1861
210218_RL#220_15g	427	Port Input	1	4843678	845	4
210218_RL#220_15g	427	Response	1	4843678	845	4
210218_RL#220_15g	427	Port Input	1	4844765	1933	4
210218_RL#220_15g	427	Response	1	4844765	1933	4
210218_RL#220_15g	427	Port Input	1	4846050	3217	3
210218_RL#220_15g	427	Response	1	4846050	3217	3
210218_RL#220_15g	427	Port Input	1	4847403	4570	4
210218_RL#220_15g	427	Response	1	4847403	4570	4
210218_RL#220_15g	427	Port Input	1	4848850	6017	4
210218_RL#220_15g	427	Response	1	4848850	6017	4
210218_RL#220_15g	427	Port Input	1	4850511	7679	4
210218_RL#220_15g	427	Response	1	4850511	7679	4
210218_RL#220_15g	427	Port Input	1	4852289	9457	4
210218_RL#220_15g	427	Response	1	4852289	9457	4
210218_RL#220_15g	427	Port Input	1	4852293	9460	5
210218_RL#220_15g	427	Response	1	4852293	9460	5
210218_RL#220_15g	427	Port Input	1	4853888	11055	4
210218_RL#220_15g	427	Response	1	4853888	11055	4
210218_RL#220_15g	427	Port Input	1	4855704	12871	4
210218_RL#220_15g	427	Response	1	4855704	12871	4
210218_RL#220_15g	427	Port Input	1	4859264	16431	4
210218_RL#220_15g	427	Response	1	4859264	16431	4
210218_RL#220_15g	428	Picture	3511	4863135	0	3	832	6	0	next	other	0
210218_RL#220_15g	429	Picture	666	4863968	0	3	20139	7	0	next	other	0
210218_RL#220_15g	430	Picture	777	4884106	0	4	20138	8	0	next	other	0
210218_RL#220_15g	430	Manual	1	4904120	20013	NA
210218_RL#220_15g	431	Sound	212	4906056	1811	1			0		other	0
210218_RL#220_15g	432	Picture	555	4909404	0	4	10152	8	0	next	other	0
210218_RL#220_15g	433	Picture	10	4919556	0	5	20307	6	0	next	miss	0
210218_RL#220_15g	434	Picture	411	4939863	0	1	1165	2	0	next	other	0
210218_RL#220_15g	435	Picture	666	4941028	0	1	20305	1	0	next	other	0
210218_RL#220_15g	436	Picture	777	4961333	0	1	20303	4	0	next	other	0
210218_RL#220_15g	436	Manual	1	4981349	20016	NA
210218_RL#220_15g	437	Sound	211	4983056	1420	1			0		other	0
210218_RL#220_15g	437	Port Input	1	4985422	3786	4
210218_RL#220_15g	437	Response	1	4985422	3786	4
210218_RL#220_15g	437	Port Input	1	4986785	5148	6
210218_RL#220_15g	437	Response	1	4986785	5148	6
210218_RL#220_15g	438	Picture	555	4986792	0	7	10156	10	0	next	false_alarm	1900
210218_RL#220_15g	438	Port Input	1	4988395	1603	5
210218_RL#220_15g	438	Response	1	4988395	1603	5
210218_RL#220_15g	438	Port Input	1	4990180	3388	4
210218_RL#220_15g	438	Response	1	4990180	3388	4
210218_RL#220_15g	438	Port Input	1	4991827	5035	4
210218_RL#220_15g	438	Response	1	4991827	5035	4
210218_RL#220_15g	438	Port Input	1	4993420	6628	4
210218_RL#220_15g	438	Response	1	4993420	6628	4
210218_RL#220_15g	438	Port Input	1	4993424	6632	4
210218_RL#220_15g	438	Response	1	4993424	6632	4
210218_RL#220_15g	438	Port Input	1	4994965	8173	4
210218_RL#220_15g	438	Response	1	4994965	8173	4
210218_RL#220_15g	438	Port Input	1	4996400	9608	5
210218_RL#220_15g	438	Response	1	4996400	9608	5
210218_RL#220_15g	439	Picture	10	4996948	0	4	1165	7	0	next	hit	1915
210218_RL#220_15g	439	Port Input	1	4997956	1009	4
210218_RL#220_15g	439	Response	1	4997956	1009	4
210218_RL#220_15g	440	Picture	351	4998113	0	4	500	6	0	next	other	0
210218_RL#220_15g	441	Picture	1	4998613	0	3	20134	11	0	next	false_alarm	1919
210218_RL#220_15g	441	Port Input	1	4999398	785	4
210218_RL#220_15g	441	Response	1	4999398	785	4
210218_RL#220_15g	441	Port Input	1	5000427	1814	6
210218_RL#220_15g	441	Response	1	5000427	1814	6
210218_RL#220_15g	441	Port Input	1	5001683	3071	4
210218_RL#220_15g	441	Response	1	5001683	3071	4
210218_RL#220_15g	441	Port Input	1	5003023	4411	4
210218_RL#220_15g	441	Response	1	5003023	4411	4
210218_RL#220_15g	441	Port Input	1	5004395	5783	4
210218_RL#220_15g	441	Response	1	5004395	5783	4
210218_RL#220_15g	441	Port Input	1	5004399	5786	4
210218_RL#220_15g	441	Response	1	5004399	5786	4
210218_RL#220_15g	441	Port Input	1	5005732	7119	5
210218_RL#220_15g	441	Response	1	5005732	7119	5
210218_RL#220_15g	441	Port Input	1	5007360	8747	4
210218_RL#220_15g	441	Response	1	5007360	8747	4
210218_RL#220_15g	441	Port Input	1	5008793	10180	4
210218_RL#220_15g	441	Response	1	5008793	10180	4
210218_RL#220_15g	441	Port Input	1	5010136	11523	4
210218_RL#220_15g	441	Response	1	5010136	11523	4
210218_RL#220_15g	441	Port Input	1	5011756	13143	5
210218_RL#220_15g	441	Response	1	5011756	13143	5
210218_RL#220_15g	441	Port Input	1	5011760	13148	4
210218_RL#220_15g	441	Response	1	5011760	13148	4
210218_RL#220_15g	442	Picture	3511	5018747	0	8	836	12	0	next	other	0
210218_RL#220_15g	443	Picture	666	5019583	0	4	20139	8	0	next	other	0
210218_RL#220_15g	444	Picture	777	5039721	0	5	20306	5	0	next	false_alarm	1946
210218_RL#220_15g	444	Port Input	1	5049788	10067	4
210218_RL#220_15g	444	Response	1	5049788	10067	4
210218_RL#220_15g	444	Port Input	1	5051330	11609	4
210218_RL#220_15g	444	Response	1	5051330	11609	4
210218_RL#220_15g	444	Manual	1	5059734	20012	NA
210218_RL#220_15g	445	Sound	212	5062056	2028	1			0		other	0
210218_RL#220_15g	446	Picture	555	5065354	0	1	10319	2	0	next	other	0
210218_RL#220_15g	447	Picture	10	5075672	0	1	20303	4	0	next	miss	0
210218_RL#220_15g	448	Picture	411	5095976	0	3	1001	4	0	next	other	0
210218_RL#220_15g	449	Picture	666	5096976	0	1	20303	5	0	next	other	0
210218_RL#220_15g	450	Picture	777	5117279	0	4	20139	7	0	next	other	0
210218_RL#220_15g	450	Manual	2	5137297	20018	NA
210218_RL#220_15g	451	Sound	211	5139056	1638	1			0		other	0
210218_RL#220_15g	451	Port Input	1	5142121	4703	4
210218_RL#220_15g	451	Response	1	5142121	4703	4
210218_RL#220_15g	452	Picture	555	5142577	0	5	10153	8	0	next	false_alarm	1962
210218_RL#220_15g	452	Port Input	1	5143466	889	6
210218_RL#220_15g	452	Response	1	5143466	889	6
210218_RL#220_15g	452	Port Input	1	5145250	2673	4
210218_RL#220_15g	452	Response	1	5145250	2673	4
210218_RL#220_15g	452	Port Input	1	5145254	2677	4
210218_RL#220_15g	452	Response	1	5145254	2677	4
210218_RL#220_15g	452	Port Input	1	5147166	4589	4
210218_RL#220_15g	452	Response	1	5147166	4589	4
210218_RL#220_15g	452	Port Input	1	5149067	6490	4
210218_RL#220_15g	452	Response	1	5149067	6490	4
210218_RL#220_15g	452	Port Input	1	5149071	6494	4
210218_RL#220_15g	452	Response	1	5149071	6494	4
210218_RL#220_15g	452	Port Input	1	5150803	8226	4
210218_RL#220_15g	452	Response	1	5150803	8226	4
210218_RL#220_15g	452	Port Input	1	5152533	9956	5
210218_RL#220_15g	452	Response	1	5152533	9956	5
210218_RL#220_15g	453	Picture	10	5152730	0	4	1498	8	0	next	hit	1979
210218_RL#220_15g	453	Port Input	1	5154094	1364	4
210218_RL#220_15g	453	Response	1	5154094	1364	4
210218_RL#220_15g	454	Picture	351	5154227	0	5	666	8	0	next	other	0
210218_RL#220_15g	455	Picture	1	5154894	0	4	20306	5	0	next	false_alarm	1983
210218_RL#220_15g	455	Port Input	1	5155643	749	4
210218_RL#220_15g	455	Response	1	5155643	749	4
210218_RL#220_15g	455	Port Input	1	5156679	1786	4
210218_RL#220_15g	455	Response	1	5156679	1786	4
210218_RL#220_15g	455	Port Input	1	5157852	2958	4
210218_RL#220_15g	455	Response	1	5157852	2958	4
210218_RL#220_15g	455	Port Input	1	5159192	4299	4
210218_RL#220_15g	455	Response	1	5159192	4299	4
210218_RL#220_15g	455	Port Input	1	5160564	5670	4
210218_RL#220_15g	455	Response	1	5160564	5670	4
210218_RL#220_15g	455	Port Input	1	5160567	5673	4
210218_RL#220_15g	455	Response	1	5160567	5673	4
210218_RL#220_15g	455	Port Input	1	5162070	7176	4
210218_RL#220_15g	455	Response	1	5162070	7176	4
210218_RL#220_15g	455	Port Input	1	5163745	8851	5
210218_RL#220_15g	455	Response	1	5163745	8851	5
210218_RL#220_15g	455	Port Input	1	5165405	10512	5
210218_RL#220_15g	455	Response	1	5165405	10512	5
210218_RL#220_15g	455	Port Input	1	5167247	12353	4
210218_RL#220_15g	455	Response	1	5167247	12353	4
210218_RL#220_15g	455	Port Input	1	5167250	12357	4
210218_RL#220_15g	455	Response	1	5167250	12357	4
210218_RL#220_15g	455	Port Input	1	5169043	14150	4
210218_RL#220_15g	455	Response	1	5169043	14150	4
210218_RL#220_15g	455	Port Input	1	5170772	15878	4
210218_RL#220_15g	455	Response	1	5170772	15878	4
210218_RL#220_15g	456	Picture	3511	5175200	0	1	832	2	0	next	other	0
210218_RL#220_15g	457	Picture	666	5176032	0	1	20305	1	0	next	other	0
210218_RL#220_15g	458	Picture	777	5196337	0	1	20303	4	0	next	other	0
210218_RL#220_15g	458	Manual	1	5216352	20015	NA
210218_RL#220_15g	459	Sound	211	5218056	1416	1			0		other	0
210218_RL#220_15g	459	Port Input	1	5219690	3049	4
210218_RL#220_15g	459	Response	1	5219690	3049	4
210218_RL#220_15g	459	Port Input	1	5219695	3055	4
210218_RL#220_15g	459	Response	1	5219695	3055	4
210218_RL#220_15g	459	Port Input	1	5220886	4246	4
210218_RL#220_15g	459	Response	1	5220886	4246	4
210218_RL#220_15g	460	Picture	555	5221966	0	3	10152	6	0	next	false_alarm	2021
210218_RL#220_15g	460	Port Input	1	5222506	540	4
210218_RL#220_15g	460	Response	1	5222506	540	4
210218_RL#220_15g	460	Port Input	1	5224629	2664	4
210218_RL#220_15g	460	Response	1	5224629	2664	4
210218_RL#220_15g	460	Port Input	1	5226283	4317	4
210218_RL#220_15g	460	Response	1	5226283	4317	4
210218_RL#220_15g	460	Port Input	1	5228038	6072	4
210218_RL#220_15g	460	Response	1	5228038	6072	4
210218_RL#220_15g	460	Port Input	1	5228042	6076	4
210218_RL#220_15g	460	Response	1	5228042	6076	4
210218_RL#220_15g	460	Port Input	1	5230052	8086	4
210218_RL#220_15g	460	Response	1	5230052	8086	4
210218_RL#220_15g	460	Port Input	1	5231489	9523	4
210218_RL#220_15g	460	Response	1	5231489	9523	4
210218_RL#220_15g	461	Picture	10	5232118	0	4	998	7	0	next	hit	2036
210218_RL#220_15g	461	Port Input	1	5232957	838	4
210218_RL#220_15g	461	Response	1	5232957	838	4
210218_RL#220_15g	462	Picture	351	5233117	0	4	666	7	0	next	other	0
210218_RL#220_15g	463	Picture	1	5233783	0	3	20139	6	0	next	false_alarm	2040
210218_RL#220_15g	463	Port Input	1	5234353	570	4
210218_RL#220_15g	463	Response	1	5234353	570	4
210218_RL#220_15g	463	Port Input	1	5235408	1625	4
210218_RL#220_15g	463	Response	1	5235408	1625	4
210218_RL#220_15g	463	Port Input	1	5236542	2759	4
210218_RL#220_15g	463	Response	1	5236542	2759	4
210218_RL#220_15g	463	Port Input	1	5237754	3971	4
210218_RL#220_15g	463	Response	1	5237754	3971	4
210218_RL#220_15g	463	Port Input	1	5239064	5281	4
210218_RL#220_15g	463	Response	1	5239064	5281	4
210218_RL#220_15g	463	Port Input	1	5240387	6604	5
210218_RL#220_15g	463	Response	1	5240387	6604	5
210218_RL#220_15g	463	Port Input	1	5241863	8081	4
210218_RL#220_15g	463	Response	1	5241863	8081	4
210218_RL#220_15g	463	Port Input	1	5243401	9618	4
210218_RL#220_15g	463	Response	1	5243401	9618	4
210218_RL#220_15g	463	Port Input	1	5243404	9621	4
210218_RL#220_15g	463	Response	1	5243404	9621	4
210218_RL#220_15g	463	Port Input	1	5245132	11349	4
210218_RL#220_15g	463	Response	1	5245132	11349	4
210218_RL#220_15g	464	Picture	3511	5253922	0	4	832	7	0	next	other	0
210218_RL#220_15g	465	Picture	666	5254753	0	4	20139	7	0	next	other	0
210218_RL#220_15g	466	Picture	777	5274892	0	4	20306	5	0	next	other	0
210218_RL#220_15g	466	Manual	1	5294905	20013	NA
210218_RL#220_15g	467	Sound	212	5297056	1858	1			0		other	0
210218_RL#220_15g	468	Picture	555	5300524	0	1	10319	2	0	next	other	0
210218_RL#220_15g	469	Picture	10	5310843	0	1	20303	4	0	next	miss	0
210218_RL#220_15g	470	Picture	411	5331146	0	3	998	6	0	next	other	0
210218_RL#220_15g	471	Picture	666	5332145	0	3	20305	6	0	next	other	0
210218_RL#220_15g	472	Picture	777	5352450	0	4	20139	7	0	next	other	0
210218_RL#220_15g	472	Manual	2	5372466	20016	NA
210218_RL#220_15g	473	Sound	212	5374056	1467	1			0		other	0
210218_RL#220_15g	474	Picture	555	5377748	0	4	10152	8	0	next	other	0
210218_RL#220_15g	475	Picture	10	5387900	0	4	20306	5	0	next	miss	0
210218_RL#220_15g	476	Picture	411	5408207	0	1	999	2	0	next	other	0
210218_RL#220_15g	477	Picture	666	5409205	0	1	20305	2	0	next	other	0
210218_RL#220_15g	478	Picture	777	5429510	0	1	20303	4	0	next	other	0
210218_RL#220_15g	478	Manual	2	5449526	20016	NA
210218_RL#220_15g	479	Sound	212	5451056	1243	1			0		other	0
210218_RL#220_15g	480	Picture	555	5455139	0	3	10321	4	0	next	other	0
210218_RL#220_15g	481	Picture	10	5465460	0	1	20137	5	0	next	miss	0
210218_RL#220_15g	482	Picture	411	5485596	0	4	999	7	0	next	other	0
210218_RL#220_15g	483	Picture	666	5486595	0	4	20139	7	0	next	other	0
210218_RL#220_15g	484	Picture	777	5506734	0	4	20306	5	0	next	other	0
210218_RL#220_15g	484	Manual	1	5526748	20014	NA
210218_RL#220_15g	485	Sound	211	5528055	1016	1			0		other	0
210218_RL#220_15g	485	Port Input	1	5530131	3091	4
210218_RL#220_15g	485	Response	1	5530131	3091	4
210218_RL#220_15g	485	Port Input	1	5531377	4338	4
210218_RL#220_15g	485	Response	1	5531377	4338	4
210218_RL#220_15g	486	Picture	555	5532366	0	1	10319	2	0	next	false_alarm	2091
210218_RL#220_15g	486	Port Input	1	5532958	592	4
210218_RL#220_15g	486	Response	1	5532958	592	4
210218_RL#220_15g	486	Port Input	1	5534696	2331	4
210218_RL#220_15g	486	Response	1	5534696	2331	4
210218_RL#220_15g	486	Port Input	1	5536367	4001	6
210218_RL#220_15g	486	Response	1	5536367	4001	6
210218_RL#220_15g	486	Port Input	1	5538016	5650	4
210218_RL#220_15g	486	Response	1	5538016	5650	4
210218_RL#220_15g	486	Port Input	1	5539597	7231	4
210218_RL#220_15g	486	Response	1	5539597	7231	4
210218_RL#220_15g	486	Port Input	1	5541146	8780	4
210218_RL#220_15g	486	Response	1	5541146	8780	4
210218_RL#220_15g	486	Port Input	1	5542679	10314	5
210218_RL#220_15g	486	Response	1	5542679	10314	5
210218_RL#220_15g	487	Picture	10	5542685	0	1	1831	1	0	next	hit	2106
210218_RL#220_15g	487	Port Input	1	5544167	1483	4
210218_RL#220_15g	487	Response	1	5544167	1483	4
210218_RL#220_15g	488	Picture	351	5544515	0	1	666	1	0	next	other	0
210218_RL#220_15g	489	Picture	1	5545181	0	1	20303	4	0	next	false_alarm	2110
210218_RL#220_15g	489	Port Input	1	5545824	643	4
210218_RL#220_15g	489	Response	1	5545824	643	4
210218_RL#220_15g	489	Port Input	1	5546836	1655	4
210218_RL#220_15g	489	Response	1	5546836	1655	4
210218_RL#220_15g	489	Port Input	1	5547979	2798	4
210218_RL#220_15g	489	Response	1	5547979	2798	4
210218_RL#220_15g	489	Port Input	1	5549281	4100	4
210218_RL#220_15g	489	Response	1	5549281	4100	4
210218_RL#220_15g	489	Port Input	1	5550607	5426	5
210218_RL#220_15g	489	Response	1	5550607	5426	5
210218_RL#220_15g	489	Port Input	1	5552105	6924	4
210218_RL#220_15g	489	Response	1	5552105	6924	4
210218_RL#220_15g	489	Port Input	1	5553675	8493	4
210218_RL#220_15g	489	Response	1	5553675	8493	4
210218_RL#220_15g	489	Port Input	1	5555121	9940	5
210218_RL#220_15g	489	Response	1	5555121	9940	5
210218_RL#220_15g	489	Port Input	1	5556520	11339	4
210218_RL#220_15g	489	Response	1	5556520	11339	4
210218_RL#220_15g	490	Picture	3511	5565484	0	3	834	4	0	next	other	0
210218_RL#220_15g	491	Picture	666	5566318	0	1	20305	2	0	next	other	0
210218_RL#220_15g	492	Picture	777	5586623	0	1	20135	6	0	next	other	0
210218_RL#220_15g	492	Manual	2	5606636	20012	NA
210218_RL#220_15g	493	Sound	212	5608055	1297	1			0		other	0
210218_RL#220_15g	494	Picture	555	5611920	0	4	10152	7	0	next	other	0
210218_RL#220_15g	495	Picture	10	5622072	0	4	20306	5	0	next	miss	0
210218_RL#220_15g	496	Picture	411	5642378	0	1	999	2	0	next	other	0
210218_RL#220_15g	497	Picture	666	5643377	0	1	20304	1	0	next	other	0
210218_RL#220_15g	498	Picture	777	5663681	0	1	20304	3	0	next	other	0
210218_RL#220_15g	498	Manual	1	5683695	20014	NA
210218_RL#220_15g	499	Sound	211	5685055	1070	1			0		other	0
210218_RL#220_15g	499	Port Input	1	5687577	3592	4
210218_RL#220_15g	499	Response	1	5687577	3592	4
210218_RL#220_15g	499	Port Input	1	5688942	4957	4
210218_RL#220_15g	499	Response	1	5688942	4957	4
210218_RL#220_15g	499	Port Input	1	5688946	4961	4
210218_RL#220_15g	499	Response	1	5688946	4961	4
210218_RL#220_15g	500	Picture	555	5689310	0	3	10319	6	0	next	false_alarm	2147
210218_RL#220_15g	500	Port Input	1	5690631	1320	4
210218_RL#220_15g	500	Response	1	5690631	1320	4
210218_RL#220_15g	500	Port Input	1	5692498	3188	4
210218_RL#220_15g	500	Response	1	5692498	3188	4
210218_RL#220_15g	500	Port Input	1	5694118	4807	4
210218_RL#220_15g	500	Response	1	5694118	4807	4
210218_RL#220_15g	500	Port Input	1	5695728	6418	5
210218_RL#220_15g	500	Response	1	5695728	6418	5
210218_RL#220_15g	500	Port Input	1	5697143	7833	4
210218_RL#220_15g	500	Response	1	5697143	7833	4
210218_RL#220_15g	500	Port Input	1	5698773	9462	4
210218_RL#220_15g	500	Response	1	5698773	9462	4
210218_RL#220_15g	501	Picture	10	5699630	0	3	832	7	0	next	hit	2160
210218_RL#220_15g	501	Port Input	1	5700254	624	3
210218_RL#220_15g	501	Response	1	5700254	624	3
210218_RL#220_15g	502	Picture	351	5700461	0	4	500	6	0	next	other	0
210218_RL#220_15g	503	Picture	1	5700961	0	3	20138	7	0	next	false_alarm	2164
210218_RL#220_15g	503	Port Input	1	5701651	690	4
210218_RL#220_15g	503	Response	1	5701651	690	4
210218_RL#220_15g	503	Port Input	1	5702721	1760	4
210218_RL#220_15g	503	Response	1	5702721	1760	4
210218_RL#220_15g	503	Port Input	1	5703933	2972	4
210218_RL#220_15g	503	Response	1	5703933	2972	4
210218_RL#220_15g	503	Port Input	1	5705297	4336	4
210218_RL#220_15g	503	Response	1	5705297	4336	4
210218_RL#220_15g	503	Port Input	1	5706821	5860	4
210218_RL#220_15g	503	Response	1	5706821	5860	4
210218_RL#220_15g	503	Port Input	1	5706826	5865	4
210218_RL#220_15g	503	Response	1	5706826	5865	4
210218_RL#220_15g	503	Port Input	1	5708365	7403	5
210218_RL#220_15g	503	Response	1	5708365	7403	5
210218_RL#220_15g	503	Port Input	1	5708370	7409	5
210218_RL#220_15g	503	Response	1	5708370	7409	5
210218_RL#220_15g	503	Port Input	1	5709873	8912	4
210218_RL#220_15g	503	Response	1	5709873	8912	4
210218_RL#220_15g	503	Port Input	1	5709876	8915	4
210218_RL#220_15g	503	Response	1	5709876	8915	4
210218_RL#220_15g	503	Port Input	1	5711447	10486	4
210218_RL#220_15g	503	Response	1	5711447	10486	4
210218_RL#220_15g	503	Port Input	1	5713187	12226	5
210218_RL#220_15g	503	Response	1	5713187	12226	5
210218_RL#220_15g	503	Port Input	1	5713191	12230	4
210218_RL#220_15g	503	Response	1	5713191	12230	4
210218_RL#220_15g	504	Picture	3511	5721099	0	4	832	7	0	next	other	0
210218_RL#220_15g	505	Picture	666	5721932	0	4	20140	6	0	next	other	0
210218_RL#220_15g	506	Picture	777	5742072	0	3	20305	3	0	next	other	0
210218_RL#220_15g	506	Manual	2	5762089	20017	NA
210218_RL#220_15g	507	Sound	212	5764055	1679	1			0		other	0
210218_RL#220_15g	508	Picture	555	5767702	0	2	10319	2	0	next	other	0
210218_RL#220_15g	509	Picture	10	5778021	0	1	20305	2	0	next	miss	0
210218_RL#220_15g	510	Picture	411	5798326	0	1	999	2	0	next	other	0
210218_RL#220_15g	511	Picture	666	5799325	0	1	20304	4	0	next	other	0
210218_RL#220_15g	512	Picture	777	5819628	0	3	20304	6	0	next	other	0
210218_RL#220_15g	512	Manual	2	5839643	20014	NA
210218_RL#220_15g	513	Sound	211	5841055	1122	1			0		other	0
210218_RL#220_15g	513	Port Input	1	5842911	2979	4
210218_RL#220_15g	513	Response	1	5842911	2979	4
210218_RL#220_15g	513	Port Input	1	5842915	2982	4
210218_RL#220_15g	513	Response	1	5842915	2982	4
210218_RL#220_15g	513	Port Input	1	5844468	4535	4
210218_RL#220_15g	513	Response	1	5844468	4535	4
210218_RL#220_15g	513	Port Input	1	5844471	4539	4
210218_RL#220_15g	513	Response	1	5844471	4539	4
210218_RL#220_15g	514	Picture	555	5845092	0	4	10153	7	0	next	false_alarm	2211
210218_RL#220_15g	514	Port Input	1	5846177	1085	4
210218_RL#220_15g	514	Response	1	5846177	1085	4
210218_RL#220_15g	514	Port Input	1	5848674	3582	5
210218_RL#220_15g	514	Response	1	5848674	3582	5
210218_RL#220_15g	514	Port Input	1	5851006	5914	4
210218_RL#220_15g	514	Response	1	5851006	5914	4
210218_RL#220_15g	514	Port Input	1	5853209	8117	4
210218_RL#220_15g	514	Response	1	5853209	8117	4
210218_RL#220_15g	514	Port Input	1	5854967	9874	4
210218_RL#220_15g	514	Response	1	5854967	9874	4
210218_RL#220_15g	514	Port Input	1	5854971	9879	4
210218_RL#220_15g	514	Response	1	5854971	9879	4
210218_RL#220_15g	515	Picture	10	5855245	0	4	1664	8	0	next	hit	2224
210218_RL#220_15g	515	Port Input	1	5856782	1537	4
210218_RL#220_15g	515	Response	1	5856782	1537	4
210218_RL#220_15g	516	Picture	351	5856909	0	4	666	8	0	next	other	0
210218_RL#220_15g	517	Picture	1	5857575	0	4	20307	5	0	next	false_alarm	2228
210218_RL#220_15g	517	Port Input	1	5858487	913	4
210218_RL#220_15g	517	Response	1	5858487	913	4
210218_RL#220_15g	517	Port Input	1	5859445	1870	4
210218_RL#220_15g	517	Response	1	5859445	1870	4
210218_RL#220_15g	517	Port Input	1	5860570	2995	4
210218_RL#220_15g	517	Response	1	5860570	2995	4
210218_RL#220_15g	517	Port Input	1	5861890	4316	4
210218_RL#220_15g	517	Response	1	5861890	4316	4
210218_RL#220_15g	517	Port Input	1	5861894	4319	4
210218_RL#220_15g	517	Response	1	5861894	4319	4
210218_RL#220_15g	517	Port Input	1	5863283	5708	4
210218_RL#220_15g	517	Response	1	5863283	5708	4
210218_RL#220_15g	517	Port Input	1	5864705	7130	5
210218_RL#220_15g	517	Response	1	5864705	7130	5
210218_RL#220_15g	517	Port Input	1	5866237	8662	4
210218_RL#220_15g	517	Response	1	5866237	8662	4
210218_RL#220_15g	517	Port Input	1	5868085	10510	4
210218_RL#220_15g	517	Response	1	5868085	10510	4
210218_RL#220_15g	517	Port Input	1	5868089	10514	4
210218_RL#220_15g	517	Response	1	5868089	10514	4
210218_RL#220_15g	517	Port Input	1	5869959	12384	4
210218_RL#220_15g	517	Response	1	5869959	12384	4
210218_RL#220_15g	518	Picture	3511	5877881	0	1	832	2	0	next	other	0
210218_RL#220_15g	519	Picture	666	5878714	0	1	20304	2	0	next	other	0
210218_RL#220_15g	520	Picture	777	5899018	0	1	20304	4	0	next	other	0
210218_RL#220_15g	520	Manual	2	5919031	20014	NA
210218_RL#220_15g	521	Sound	212	5921055	1733	1			0		other	0
210218_RL#220_15g	522	Picture	555	5924647	0	3	10319	6	0	next	other	0
210218_RL#220_15g	523	Picture	10	5934966	0	3	20138	6	0	next	miss	0
210218_RL#220_15g	524	Picture	411	5955105	0	4	999	7	0	next	other	0
210218_RL#220_15g	525	Picture	666	5956104	0	3	20138	7	0	next	other	0
210218_RL#220_15g	526	Picture	777	5976242	0	5	20307	5	0	next	other	0
210218_RL#220_15g	526	Manual	1	5996258	20017	NA
210218_RL#220_15g	527	Sound	211	5998055	1507	1			0		other	0
210218_RL#220_15g	527	Port Input	1	6000781	4232	4
210218_RL#220_15g	527	Response	1	6000781	4232	4
210218_RL#220_15g	528	Picture	555	6001874	0	1	10319	2	0	next	false_alarm	2265
210218_RL#220_15g	528	Port Input	1	6002119	245	4
210218_RL#220_15g	528	Response	1	6002119	245	4
210218_RL#220_15g	528	Port Input	1	6002122	248	4
210218_RL#220_15g	528	Response	1	6002122	248	4
210218_RL#220_15g	528	Port Input	1	6003776	1902	4
210218_RL#220_15g	528	Response	1	6003776	1902	4
210218_RL#220_15g	528	Port Input	1	6005623	3749	5
210218_RL#220_15g	528	Response	1	6005623	3749	5
210218_RL#220_15g	528	Port Input	1	6007447	5573	4
210218_RL#220_15g	528	Response	1	6007447	5573	4
210218_RL#220_15g	528	Port Input	1	6007451	5577	4
210218_RL#220_15g	528	Response	1	6007451	5577	4
210218_RL#220_15g	528	Port Input	1	6009021	7147	4
210218_RL#220_15g	528	Response	1	6009021	7147	4
210218_RL#220_15g	528	Port Input	1	6010538	8664	4
210218_RL#220_15g	528	Response	1	6010538	8664	4
210218_RL#220_15g	528	Port Input	1	6012177	10303	6
210218_RL#220_15g	528	Response	1	6012177	10303	6
210218_RL#220_15g	529	Picture	10	6012193	0	1	1664	1	0	next	hit	2284
210218_RL#220_15g	529	Port Input	1	6013595	1402	4
210218_RL#220_15g	529	Response	1	6013595	1402	4
210218_RL#220_15g	530	Picture	351	6013857	0	1	666	2	0	next	other	0
210218_RL#220_15g	531	Picture	1	6014523	0	1	20302	5	0	next	false_alarm	2288
210218_RL#220_15g	531	Port Input	1	6015002	479	3
210218_RL#220_15g	531	Response	1	6015002	479	3
210218_RL#220_15g	531	Port Input	1	6015005	482	4
210218_RL#220_15g	531	Response	1	6015005	482	4
210218_RL#220_15g	531	Port Input	1	6016207	1684	4
210218_RL#220_15g	531	Response	1	6016207	1684	4
210218_RL#220_15g	531	Port Input	1	6017350	2827	4
210218_RL#220_15g	531	Response	1	6017350	2827	4
210218_RL#220_15g	531	Port Input	1	6017354	2831	4
210218_RL#220_15g	531	Response	1	6017354	2831	4
210218_RL#220_15g	531	Port Input	1	6018709	4186	4
210218_RL#220_15g	531	Response	1	6018709	4186	4
210218_RL#220_15g	531	Port Input	1	6020212	5689	4
210218_RL#220_15g	531	Response	1	6020212	5689	4
210218_RL#220_15g	531	Port Input	1	6021936	7413	4
210218_RL#220_15g	531	Response	1	6021936	7413	4
210218_RL#220_15g	531	Port Input	1	6021941	7418	4
210218_RL#220_15g	531	Response	1	6021941	7418	4
210218_RL#220_15g	531	Port Input	1	6023519	8996	4
210218_RL#220_15g	531	Response	1	6023519	8996	4
210218_RL#220_15g	531	Port Input	1	6024969	10446	3
210218_RL#220_15g	531	Response	1	6024969	10446	3
210218_RL#220_15g	531	Port Input	1	6026463	11940	4
210218_RL#220_15g	531	Response	1	6026463	11940	4
210218_RL#220_15g	531	Port Input	1	6029939	15416	4
210218_RL#220_15g	531	Response	1	6029939	15416	4
210218_RL#220_15g	531	Port Input	1	6029942	15419	4
210218_RL#220_15g	531	Response	1	6029942	15419	4
210218_RL#220_15g	532	Picture	3511	6034825	0	4	668	5	0	next	other	0
210218_RL#220_15g	533	Picture	666	6035494	0	1	20303	4	0	next	other	0
210218_RL#220_15g	534	Picture	777	6055797	0	3	20307	5	0	next	other	0
210218_RL#220_15g	534	Manual	1	6075818	20021	NA
210218_RL#220_15g	535	Sound	211	6078055	1951	1			0		other	0
210218_RL#220_15g	535	Port Input	1	6080455	4351	3
210218_RL#220_15g	535	Response	1	6080455	4351	3
210218_RL#220_15g	536	Picture	555	6081261	0	4	10152	8	0	next	false_alarm	2324
210218_RL#220_15g	536	Port Input	1	6081849	588	4
210218_RL#220_15g	536	Response	1	6081849	588	4
210218_RL#220_15g	536	Port Input	1	6083492	2231	4
210218_RL#220_15g	536	Response	1	6083492	2231	4
210218_RL#220_15g	536	Port Input	1	6085335	4073	4
210218_RL#220_15g	536	Response	1	6085335	4073	4
210218_RL#220_15g	536	Port Input	1	6086936	5675	4
210218_RL#220_15g	536	Response	1	6086936	5675	4
210218_RL#220_15g	536	Port Input	1	6088492	7231	4
210218_RL#220_15g	536	Response	1	6088492	7231	4
210218_RL#220_15g	536	Port Input	1	6089799	8537	4
210218_RL#220_15g	536	Response	1	6089799	8537	4
210218_RL#220_15g	536	Port Input	1	6089802	8541	4
210218_RL#220_15g	536	Response	1	6089802	8541	4
210218_RL#220_15g	537	Picture	10	6091413	0	5	1664	8	0	next	hit	2341
210218_RL#220_15g	537	Port Input	1	6091478	64	8
210218_RL#220_15g	537	Response	1	6091478	64	8
210218_RL#220_15g	537	Port Input	1	6092894	1480	4
210218_RL#220_15g	537	Response	1	6092894	1480	4
210218_RL#220_15g	537	Port Input	1	6092897	1484	4
210218_RL#220_15g	537	Response	1	6092897	1484	4
210218_RL#220_15g	538	Picture	351	6093078	0	4	499	8	0	next	other	0
210218_RL#220_15g	539	Picture	1	6093577	0	4	20307	5	0	next	false_alarm	2347
210218_RL#220_15g	539	Port Input	1	6094293	716	4
210218_RL#220_15g	539	Response	1	6094293	716	4
210218_RL#220_15g	539	Port Input	1	6095331	1754	4
210218_RL#220_15g	539	Response	1	6095331	1754	4
210218_RL#220_15g	539	Port Input	1	6096515	2938	4
210218_RL#220_15g	539	Response	1	6096515	2938	4
210218_RL#220_15g	539	Port Input	1	6097853	4276	4
210218_RL#220_15g	539	Response	1	6097853	4276	4
210218_RL#220_15g	539	Port Input	1	6099086	5509	4
210218_RL#220_15g	539	Response	1	6099086	5509	4
210218_RL#220_15g	539	Port Input	1	6100429	6852	4
210218_RL#220_15g	539	Response	1	6100429	6852	4
210218_RL#220_15g	539	Port Input	1	6101966	8389	4
210218_RL#220_15g	539	Response	1	6101966	8389	4
210218_RL#220_15g	539	Port Input	1	6103456	9879	4
210218_RL#220_15g	539	Response	1	6103456	9879	4
210218_RL#220_15g	539	Port Input	1	6105100	11523	4
210218_RL#220_15g	539	Response	1	6105100	11523	4
210218_RL#220_15g	539	Port Input	1	6106809	13232	4
210218_RL#220_15g	539	Response	1	6106809	13232	4
210218_RL#220_15g	539	Port Input	1	6108340	14763	4
210218_RL#220_15g	539	Response	1	6108340	14763	4
210218_RL#220_15g	540	Picture	3511	6113884	0	1	999	2	0	next	other	0
210218_RL#220_15g	541	Picture	666	6114883	0	1	20305	1	0	next	other	0
210218_RL#220_15g	542	Picture	777	6135187	0	1	20305	2	0	next	other	0
210218_RL#220_15g	542	Manual	2	6155202	20014	NA
210218_RL#220_15g	543	Sound	212	6157055	1563	1			0		other	0
210218_RL#220_15g	544	Picture	555	6160817	0	3	10319	6	0	next	other	0
210218_RL#220_15g	545	Picture	10	6171135	0	3	20307	4	0	next	miss	0
210218_RL#220_15g	546	Picture	411	6191442	0	2	831	4	0	next	other	0
210218_RL#220_15g	547	Picture	666	6192273	0	3	20138	7	0	next	other	0
210218_RL#220_15g	548	Picture	777	6212411	0	4	20307	5	0	next	other	0
210218_RL#220_15g	548	Manual	2	6232424	20013	NA
210218_RL#220_15g	549	Sound	211	6234055	1338	1			0		other	0
210218_RL#220_15g	549	Port Input	1	6236897	4179	4
210218_RL#220_15g	549	Response	1	6236897	4179	4
210218_RL#220_15g	550	Picture	555	6238043	0	1	10319	2	0	next	false_alarm	2384
210218_RL#220_15g	550	Port Input	1	6238209	165	4
210218_RL#220_15g	550	Response	1	6238209	165	4
210218_RL#220_15g	550	Port Input	1	6239886	1843	4
210218_RL#220_15g	550	Response	1	6239886	1843	4
210218_RL#220_15g	550	Port Input	1	6241761	3718	4
210218_RL#220_15g	550	Response	1	6241761	3718	4
210218_RL#220_15g	550	Port Input	1	6241765	3722	4
210218_RL#220_15g	550	Response	1	6241765	3722	4
210218_RL#220_15g	550	Port Input	1	6243621	5578	4
210218_RL#220_15g	550	Response	1	6243621	5578	4
210218_RL#220_15g	550	Port Input	1	6245357	7314	4
210218_RL#220_15g	550	Response	1	6245357	7314	4
210218_RL#220_15g	550	Port Input	1	6246966	8923	4
210218_RL#220_15g	550	Response	1	6246966	8923	4
210218_RL#220_15g	551	Picture	10	6248362	0	1	499	2	0	next	hit	2399
210218_RL#220_15g	551	Port Input	1	6248523	161	4
210218_RL#220_15g	551	Response	1	6248523	161	4
210218_RL#220_15g	551	Port Input	1	6248527	165	4
210218_RL#220_15g	551	Response	1	6248527	165	4
210218_RL#220_15g	552	Picture	351	6248861	0	1	666	1	0	next	other	0
210218_RL#220_15g	553	Picture	1	6249527	0	1	20305	2	0	next	false_alarm	2405
210218_RL#220_15g	553	Port Input	1	6250136	609	4
210218_RL#220_15g	553	Response	1	6250136	609	4
210218_RL#220_15g	553	Port Input	1	6251148	1621	3
210218_RL#220_15g	553	Response	1	6251148	1621	3
210218_RL#220_15g	553	Port Input	1	6251151	1624	4
210218_RL#220_15g	553	Response	1	6251151	1624	4
210218_RL#220_15g	553	Port Input	1	6252324	2797	4
210218_RL#220_15g	553	Response	1	6252324	2797	4
210218_RL#220_15g	553	Port Input	1	6253675	4148	4
210218_RL#220_15g	553	Response	1	6253675	4148	4
210218_RL#220_15g	553	Port Input	1	6253679	4152	4
210218_RL#220_15g	553	Response	1	6253679	4152	4
210218_RL#220_15g	553	Port Input	1	6255125	5598	4
210218_RL#220_15g	553	Response	1	6255125	5598	4
210218_RL#220_15g	553	Port Input	1	6256662	7135	4
210218_RL#220_15g	553	Response	1	6256662	7135	4
210218_RL#220_15g	553	Port Input	1	6256665	7138	4
210218_RL#220_15g	553	Response	1	6256665	7138	4
210218_RL#220_15g	553	Port Input	1	6258329	8802	4
210218_RL#220_15g	553	Response	1	6258329	8802	4
210218_RL#220_15g	553	Port Input	1	6258332	8805	4
210218_RL#220_15g	553	Response	1	6258332	8805	4
210218_RL#220_15g	553	Port Input	1	6260061	10534	4
210218_RL#220_15g	553	Response	1	6260061	10534	4
210218_RL#220_15g	553	Port Input	1	6261825	12298	4
210218_RL#220_15g	553	Response	1	6261825	12298	4
210218_RL#220_15g	553	Port Input	1	6263529	14002	5
210218_RL#220_15g	553	Response	1	6263529	14002	5
210218_RL#220_15g	553	Port Input	1	6265346	15819	4
210218_RL#220_15g	553	Response	1	6265346	15819	4
210218_RL#220_15g	553	Port Input	1	6265350	15823	4
210218_RL#220_15g	553	Response	1	6265350	15823	4
210218_RL#220_15g	553	Port Input	1	6267181	17654	4
210218_RL#220_15g	553	Response	1	6267181	17654	4
210218_RL#220_15g	554	Picture	3511	6269832	0	1	833	2	0	next	other	0
210218_RL#220_15g	555	Picture	666	6270664	0	1	20303	4	0	next	other	0
210218_RL#220_15g	556	Picture	777	6290968	0	3	20305	6	0	next	other	0
210218_RL#220_15g	556	Manual	2	6310982	20014	NA
210218_RL#220_15g	557	Sound	212	6313055	1783	1			0		other	0
210218_RL#220_15g	558	Picture	555	6316432	0	4	10152	7	0	next	other	0
210218_RL#220_15g	559	Picture	10	6326584	0	4	20138	8	0	next	miss	0
210218_RL#220_15g	560	Picture	411	6346723	0	4	998	8	0	next	other	0
210218_RL#220_15g	561	Picture	666	6347721	0	4	20306	5	0	next	other	0
210218_RL#220_15g	562	Picture	777	6368028	0	1	20305	2	0	next	other	0
210218_RL#220_15g	562	Manual	1	6388043	20016	NA
210218_RL#220_15g	563	Sound	211	6390055	1722	1			0		other	0
210218_RL#220_15g	563	Port Input	1	6392236	3904	4
210218_RL#220_15g	563	Response	1	6392236	3904	4
210218_RL#220_15g	563	Port Input	1	6393459	5127	6
210218_RL#220_15g	563	Response	1	6393459	5127	6
210218_RL#220_15g	564	Picture	555	6393659	0	1	10317	4	0	next	false_alarm	2456
210218_RL#220_15g	564	Port Input	1	6395047	1389	4
210218_RL#220_15g	564	Response	1	6395047	1389	4
210218_RL#220_15g	564	Port Input	1	6395051	1392	4
210218_RL#220_15g	564	Response	1	6395051	1392	4
210218_RL#220_15g	564	Port Input	1	6396895	3237	4
210218_RL#220_15g	564	Response	1	6396895	3237	4
210218_RL#220_15g	564	Port Input	1	6398634	4975	4
210218_RL#220_15g	564	Response	1	6398634	4975	4
210218_RL#220_15g	564	Port Input	1	6400389	6730	4
210218_RL#220_15g	564	Response	1	6400389	6730	4
210218_RL#220_15g	564	Port Input	1	6402173	8515	4
210218_RL#220_15g	564	Response	1	6402173	8515	4
210218_RL#220_15g	564	Port Input	1	6403743	10084	4
210218_RL#220_15g	564	Response	1	6403743	10084	4
210218_RL#220_15g	565	Picture	10	6403975	0	3	1665	6	0	next	hit	2471
210218_RL#220_15g	565	Port Input	1	6405399	1424	4
210218_RL#220_15g	565	Response	1	6405399	1424	4
210218_RL#220_15g	566	Picture	351	6405640	0	3	499	6	0	next	other	0
210218_RL#220_15g	567	Picture	1	6406139	0	3	20305	7	0	next	false_alarm	2475
210218_RL#220_15g	567	Port Input	1	6407198	1060	3
210218_RL#220_15g	567	Response	1	6407198	1060	3
210218_RL#220_15g	567	Port Input	1	6408258	2119	4
210218_RL#220_15g	567	Response	1	6408258	2119	4
210218_RL#220_15g	567	Port Input	1	6408261	2122	4
210218_RL#220_15g	567	Response	1	6408261	2122	4
210218_RL#220_15g	567	Port Input	1	6409408	3270	4
210218_RL#220_15g	567	Response	1	6409408	3270	4
210218_RL#220_15g	567	Port Input	1	6410836	4698	4
210218_RL#220_15g	567	Response	1	6410836	4698	4
210218_RL#220_15g	567	Port Input	1	6412446	6307	5
210218_RL#220_15g	567	Response	1	6412446	6307	5
210218_RL#220_15g	567	Port Input	1	6414072	7933	4
210218_RL#220_15g	567	Response	1	6414072	7933	4
210218_RL#220_15g	567	Port Input	1	6414076	7937	4
210218_RL#220_15g	567	Response	1	6414076	7937	4
210218_RL#220_15g	567	Port Input	1	6415741	9602	4
210218_RL#220_15g	567	Response	1	6415741	9602	4
210218_RL#220_15g	567	Port Input	1	6417463	11324	4
210218_RL#220_15g	567	Response	1	6417463	11324	4
210218_RL#220_15g	567	Port Input	1	6417468	11330	4
210218_RL#220_15g	567	Response	1	6417468	11330	4
210218_RL#220_15g	568	Picture	3511	6426444	0	4	668	5	0	next	other	0
210218_RL#220_15g	569	Picture	666	6427112	0	2	20137	5	0	next	other	0
210218_RL#220_15g	570	Picture	777	6447248	0	4	20138	8	0	next	other	0
210218_RL#220_15g	570	Manual	1	6467262	20013	NA
210218_RL#220_15g	571	Sound	211	6469055	1668	1			0		other	0
210218_RL#220_15g	571	Port Input	1	6470867	3480	4
210218_RL#220_15g	571	Response	1	6470867	3480	4
210218_RL#220_15g	571	Port Input	1	6472283	4896	4
210218_RL#220_15g	571	Response	1	6472283	4896	4
210218_RL#220_15g	571	Port Input	1	6472286	4900	4
210218_RL#220_15g	571	Response	1	6472286	4900	4
210218_RL#220_15g	572	Picture	555	6472714	0	1	10319	2	0	next	false_alarm	2509
210218_RL#220_15g	572	Port Input	1	6473811	1097	3
210218_RL#220_15g	572	Response	1	6473811	1097	3
210218_RL#220_15g	572	Port Input	1	6473816	1102	3
210218_RL#220_15g	572	Response	1	6473816	1102	3
210218_RL#220_15g	572	Port Input	1	6475724	3010	4
210218_RL#220_15g	572	Response	1	6475724	3010	4
210218_RL#220_15g	572	Port Input	1	6475727	3013	4
210218_RL#220_15g	572	Response	1	6475727	3013	4
210218_RL#220_15g	572	Port Input	1	6477567	4853	4
210218_RL#220_15g	572	Response	1	6477567	4853	4
210218_RL#220_15g	572	Port Input	1	6477571	4857	4
210218_RL#220_15g	572	Response	1	6477571	4857	4
210218_RL#220_15g	572	Port Input	1	6479445	6731	5
210218_RL#220_15g	572	Response	1	6479445	6731	5
210218_RL#220_15g	572	Port Input	1	6481151	8437	4
210218_RL#220_15g	572	Response	1	6481151	8437	4
210218_RL#220_15g	572	Port Input	1	6482803	10089	5
210218_RL#220_15g	572	Response	1	6482803	10089	5
210218_RL#220_15g	573	Picture	10	6483033	0	1	1831	2	0	next	hit	2528
210218_RL#220_15g	573	Port Input	1	6484534	1502	5
210218_RL#220_15g	573	Response	1	6484534	1502	5
210218_RL#220_15g	574	Picture	351	6484864	0	1	499	1	0	next	other	0
210218_RL#220_15g	575	Picture	1	6485363	0	1	20305	2	0	next	false_alarm	2532
210218_RL#220_15g	575	Port Input	1	6485946	583	4
210218_RL#220_15g	575	Response	1	6485946	583	4
210218_RL#220_15g	575	Port Input	1	6486964	1600	4
210218_RL#220_15g	575	Response	1	6486964	1600	4
210218_RL#220_15g	575	Port Input	1	6486969	1606	4
210218_RL#220_15g	575	Response	1	6486969	1606	4
210218_RL#220_15g	575	Port Input	1	6488163	2800	4
210218_RL#220_15g	575	Response	1	6488163	2800	4
210218_RL#220_15g	575	Port Input	1	6488167	2804	4
210218_RL#220_15g	575	Response	1	6488167	2804	4
210218_RL#220_15g	575	Port Input	1	6489473	4109	4
210218_RL#220_15g	575	Response	1	6489473	4109	4
210218_RL#220_15g	575	Port Input	1	6490699	5336	4
210218_RL#220_15g	575	Response	1	6490699	5336	4
210218_RL#220_15g	575	Port Input	1	6490702	5339	4
210218_RL#220_15g	575	Response	1	6490702	5339	4
210218_RL#220_15g	575	Port Input	1	6492010	6647	3
210218_RL#220_15g	575	Response	1	6492010	6647	3
210218_RL#220_15g	575	Port Input	1	6492013	6650	4
210218_RL#220_15g	575	Response	1	6492013	6650	4
210218_RL#220_15g	575	Port Input	1	6493451	8088	4
210218_RL#220_15g	575	Response	1	6493451	8088	4
210218_RL#220_15g	575	Port Input	1	6494956	9592	4
210218_RL#220_15g	575	Response	1	6494956	9592	4
210218_RL#220_15g	575	Port Input	1	6494959	9596	4
210218_RL#220_15g	575	Response	1	6494959	9596	4
210218_RL#220_15g	575	Port Input	1	6496649	11286	4
210218_RL#220_15g	575	Response	1	6496649	11286	4
210218_RL#220_15g	575	Port Input	1	6498165	12802	4
210218_RL#220_15g	575	Response	1	6498165	12802	4
210218_RL#220_15g	575	Port Input	1	6500171	14808	4
210218_RL#220_15g	575	Response	1	6500171	14808	4
210218_RL#220_15g	575	Port Input	1	6501840	16477	4
210218_RL#220_15g	575	Response	1	6501840	16477	4
210218_RL#220_15g	575	Port Input	1	6501843	16480	4
210218_RL#220_15g	575	Response	1	6501843	16480	4
210218_RL#220_15g	576	Picture	3511	6505668	0	2	832	2	0	next	other	0
210218_RL#220_15g	577	Picture	666	6506500	0	1	20299	8	0	next	other	0
210218_RL#220_15g	578	Picture	777	6526799	0	7	20309	11	0	next	other	0
210218_RL#220_15g	578	Manual	1	6546814	20014	NA
210218_RL#220_15g	579	Sound	212	6549055	1946	1			0		other	0
210218_RL#220_15g	580	Picture	555	6552268	0	4	10152	7	0	next	other	0
210218_RL#220_15g	581	Picture	10	6562420	0	4	20139	8	0	next	miss	0
210218_RL#220_15g	582	Picture	411	6582559	0	4	998	8	0	next	other	0
210218_RL#220_15g	583	Picture	666	6583557	0	4	20306	5	0	next	other	0
210218_RL#220_15g	584	Picture	777	6603863	0	1	20305	2	0	next	other	0
210218_RL#220_15g	584	Manual	2	6623876	20013	NA
210218_RL#220_15g	585	Sound	212	6626055	1886	1			0		other	0
210218_RL#220_15g	586	Picture	555	6629494	0	1	10317	4	0	next	other	0
210218_RL#220_15g	587	Picture	10	6639812	0	3	20305	6	0	next	miss	0
210218_RL#220_15g	588	Picture	411	6660116	0	4	999	7	0	next	other	0
210218_RL#220_15g	589	Picture	666	6661115	0	3	20138	7	0	next	other	0
210218_RL#220_15g	590	Picture	777	6681253	0	4	20139	7	0	next	other	0
210218_RL#220_15g	590	Manual	1	6701271	20018	NA
210218_RL#220_15g	591	Sound	212	6703054	1662	1			0		other	0
210218_RL#220_15g	592	Picture	555	6706552	0	4	10320	5	0	next	other	0
210218_RL#220_15g	593	Picture	10	6716872	0	1	20305	2	0	next	miss	0
210218_RL#220_15g	594	Picture	411	6737177	0	1	1165	2	0	next	other	0
210218_RL#220_15g	595	Picture	666	6738342	0	1	20303	4	0	next	other	0
210218_RL#220_15g	596	Picture	777	6758645	0	4	20305	6	0	next	other	0
210218_RL#220_15g	596	Manual	2	6778659	20014	NA
210218_RL#220_15g	597	Sound	211	6780054	1104	1			0		other	0
210218_RL#220_15g	597	Port Input	1	6782442	3492	4
210218_RL#220_15g	597	Response	1	6782442	3492	4
210218_RL#220_15g	597	Port Input	1	6783812	4862	4
210218_RL#220_15g	597	Response	1	6783812	4862	4
210218_RL#220_15g	597	Port Input	1	6783816	4866	4
210218_RL#220_15g	597	Response	1	6783816	4866	4
210218_RL#220_15g	598	Picture	555	6784110	0	3	10152	6	0	next	false_alarm	2601
210218_RL#220_15g	598	Port Input	1	6785513	1404	4
210218_RL#220_15g	598	Response	1	6785513	1404	4
210218_RL#220_15g	598	Port Input	1	6785517	1407	4
210218_RL#220_15g	598	Response	1	6785517	1407	4
210218_RL#220_15g	598	Port Input	1	6787401	3291	4
210218_RL#220_15g	598	Response	1	6787401	3291	4
210218_RL#220_15g	598	Port Input	1	6787404	3294	4
210218_RL#220_15g	598	Response	1	6787404	3294	4
210218_RL#220_15g	598	Port Input	1	6789117	5007	4
210218_RL#220_15g	598	Response	1	6789117	5007	4
210218_RL#220_15g	598	Port Input	1	6790755	6646	4
210218_RL#220_15g	598	Response	1	6790755	6646	4
210218_RL#220_15g	598	Port Input	1	6790759	6649	4
210218_RL#220_15g	598	Response	1	6790759	6649	4
210218_RL#220_15g	598	Port Input	1	6792294	8185	4
210218_RL#220_15g	598	Response	1	6792294	8185	4
210218_RL#220_15g	598	Port Input	1	6793977	9868	4
210218_RL#220_15g	598	Response	1	6793977	9868	4
210218_RL#220_15g	598	Port Input	1	6793981	9871	4
210218_RL#220_15g	598	Response	1	6793981	9871	4
210218_RL#220_15g	599	Picture	10	6794262	0	4	1331	7	0	next	hit	2622
210218_RL#220_15g	599	Port Input	1	6795463	1201	4
210218_RL#220_15g	599	Response	1	6795463	1201	4
210218_RL#220_15g	600	Picture	351	6795594	0	4	665	7	0	next	other	0
210218_RL#220_15g	601	Picture	1	6796259	0	4	20139	7	0	next	false_alarm	2626
210218_RL#220_15g	601	Port Input	1	6796971	712	4
210218_RL#220_15g	601	Response	1	6796971	712	4
210218_RL#220_15g	601	Port Input	1	6798008	1749	4
210218_RL#220_15g	601	Response	1	6798008	1749	4
210218_RL#220_15g	601	Port Input	1	6799204	2945	4
210218_RL#220_15g	601	Response	1	6799204	2945	4
210218_RL#220_15g	601	Port Input	1	6800576	4318	4
210218_RL#220_15g	601	Response	1	6800576	4318	4
210218_RL#220_15g	601	Port Input	1	6802100	5841	4
210218_RL#220_15g	601	Response	1	6802100	5841	4
210218_RL#220_15g	601	Port Input	1	6803496	7237	4
210218_RL#220_15g	601	Response	1	6803496	7237	4
210218_RL#220_15g	601	Port Input	1	6804941	8682	5
210218_RL#220_15g	601	Response	1	6804941	8682	5
210218_RL#220_15g	601	Port Input	1	6806606	10348	4
210218_RL#220_15g	601	Response	1	6806606	10348	4
210218_RL#220_15g	601	Port Input	1	6806610	10351	4
210218_RL#220_15g	601	Response	1	6806610	10351	4
210218_RL#220_15g	601	Port Input	1	6808513	12254	4
210218_RL#220_15g	601	Response	1	6808513	12254	4
210218_RL#220_15g	601	Port Input	1	6808518	12259	4
210218_RL#220_15g	601	Response	1	6808518	12259	4
210218_RL#220_15g	601	Port Input	1	6812584	16325	5
210218_RL#220_15g	601	Response	1	6812584	16325	5
210218_RL#220_15g	601	Port Input	1	6814300	18041	4
210218_RL#220_15g	601	Response	1	6814300	18041	4
210218_RL#220_15g	602	Picture	3511	6816397	0	4	666	8	0	next	other	0
210218_RL#220_15g	603	Picture	666	6817063	0	4	20307	5	0	next	other	0
210218_RL#220_15g	604	Picture	777	6837370	0	1	20305	1	0	next	other	0
210218_RL#220_15g	604	Manual	2	6857383	20013	NA
210218_RL#220_15g	605	Sound	211	6859054	1380	1			0		other	0
210218_RL#220_15g	605	Port Input	1	6860701	3026	4
210218_RL#220_15g	605	Response	1	6860701	3026	4
210218_RL#220_15g	605	Port Input	1	6862090	4415	4
210218_RL#220_15g	605	Response	1	6862090	4415	4
210218_RL#220_15g	606	Picture	555	6863000	0	1	10317	4	0	next	false_alarm	2662
210218_RL#220_15g	606	Port Input	1	6863609	609	4
210218_RL#220_15g	606	Response	1	6863609	609	4
210218_RL#220_15g	606	Port Input	1	6865571	2571	5
210218_RL#220_15g	606	Response	1	6865571	2571	5
210218_RL#220_15g	606	Port Input	1	6867428	4428	4
210218_RL#220_15g	606	Response	1	6867428	4428	4
210218_RL#220_15g	606	Port Input	1	6867433	4433	4
210218_RL#220_15g	606	Response	1	6867433	4433	4
210218_RL#220_15g	606	Port Input	1	6869124	6124	4
210218_RL#220_15g	606	Response	1	6869124	6124	4
210218_RL#220_15g	606	Port Input	1	6870770	7770	4
210218_RL#220_15g	606	Response	1	6870770	7770	4
210218_RL#220_15g	606	Port Input	1	6872213	9213	4
210218_RL#220_15g	606	Response	1	6872213	9213	4
210218_RL#220_15g	606	Port Input	1	6872217	9217	4
210218_RL#220_15g	606	Response	1	6872217	9217	4
210218_RL#220_15g	607	Picture	10	6873318	0	3	832	6	0	next	hit	2679
210218_RL#220_15g	607	Port Input	1	6873881	563	4
210218_RL#220_15g	607	Response	1	6873881	563	4
210218_RL#220_15g	608	Picture	351	6874150	0	3	666	6	0	next	other	0
210218_RL#220_15g	609	Picture	1	6874816	0	3	20305	6	0	next	false_alarm	2683
210218_RL#220_15g	609	Port Input	1	6875304	489	5
210218_RL#220_15g	609	Response	1	6875304	489	5
210218_RL#220_15g	609	Port Input	1	6876396	1580	4
210218_RL#220_15g	609	Response	1	6876396	1580	4
210218_RL#220_15g	609	Port Input	1	6877590	2774	4
210218_RL#220_15g	609	Response	1	6877590	2774	4
210218_RL#220_15g	609	Port Input	1	6877594	2778	4
210218_RL#220_15g	609	Response	1	6877594	2778	4
210218_RL#220_15g	609	Port Input	1	6878894	4079	4
210218_RL#220_15g	609	Response	1	6878894	4079	4
210218_RL#220_15g	609	Port Input	1	6878898	4082	3
210218_RL#220_15g	609	Response	1	6878898	4082	3
210218_RL#220_15g	609	Port Input	1	6880330	5515	4
210218_RL#220_15g	609	Response	1	6880330	5515	4
210218_RL#220_15g	609	Port Input	1	6881790	6974	4
210218_RL#220_15g	609	Response	1	6881790	6974	4
210218_RL#220_15g	609	Port Input	1	6881794	6978	4
210218_RL#220_15g	609	Response	1	6881794	6978	4
210218_RL#220_15g	609	Port Input	1	6883446	8630	4
210218_RL#220_15g	609	Response	1	6883446	8630	4
210218_RL#220_15g	609	Port Input	1	6885028	10213	3
210218_RL#220_15g	609	Response	1	6885028	10213	3
210218_RL#220_15g	609	Port Input	1	6886855	12039	4
210218_RL#220_15g	609	Response	1	6886855	12039	4
210218_RL#220_15g	609	Port Input	1	6888505	13689	4
210218_RL#220_15g	609	Response	1	6888505	13689	4
210218_RL#220_15g	610	Picture	3511	6895120	0	4	834	5	0	next	other	0
210218_RL#220_15g	611	Picture	666	6895954	0	2	20137	5	0	next	other	0
210218_RL#220_15g	612	Picture	777	6916091	0	4	20138	7	0	next	other	0
210218_RL#220_15g	612	Manual	2	6936105	20013	NA
210218_RL#220_15g	613	Sound	212	6938054	1825	1			0		other	0
210218_RL#220_15g	614	Picture	555	6941389	0	4	10320	5	0	next	other	0
210218_RL#220_15g	615	Picture	10	6951709	0	1	20305	2	0	next	miss	0
210218_RL#220_15g	616	Picture	411	6972014	0	1	999	1	0	next	other	0
210218_RL#220_15g	617	Picture	666	6973013	0	1	20304	3	0	next	other	0
210218_RL#220_15g	618	Picture	777	6993316	0	3	20305	6	0	next	other	0
210218_RL#220_15g	618	Manual	2	7013335	20018	NA
210218_RL#220_15g	619	Sound	212	7015054	1433	1			0		other	0
210218_RL#220_15g	620	Picture	555	7018777	0	7	10156	11	0	next	other	0
210218_RL#220_15g	621	Picture	10	7028933	0	4	20138	8	0	next	miss	0
210218_RL#220_15g	622	Picture	411	7049071	0	4	998	8	0	next	other	0
210218_RL#220_15g	623	Picture	666	7050069	0	4	20307	5	0	next	false_alarm	2725
210218_RL#220_15g	623	Port Input	1	7066150	16080	4
210218_RL#220_15g	623	Response	1	7066150	16080	4
210218_RL#220_15g	623	Port Input	1	7066153	16084	5
210218_RL#220_15g	623	Response	1	7066153	16084	5
210218_RL#220_15g	623	Port Input	1	7068403	18334	4
210218_RL#220_15g	623	Response	1	7068403	18334	4
210218_RL#220_15g	624	Picture	777	7070376	0	1	20305	2	0	next	other	0
210218_RL#220_15g	624	Manual	1	7090390	20014	NA
210218_RL#220_15g	625	Sound	212	7092054	1373	1			0		other	0
210218_RL#220_15g	626	Picture	555	7096007	0	1	10319	2	0	next	other	0
210218_RL#220_15g	627	Picture	10	7106326	0	1	20303	4	0	next	miss	0
210218_RL#220_15g	628	Picture	411	7126629	0	3	834	4	0	next	other	0
210218_RL#220_15g	629	Picture	666	7127463	0	1	20138	3	0	next	other	0
210218_RL#220_15g	630	Picture	777	7147601	0	2	20137	6	0	next	other	0
210218_RL#220_15g	630	Manual	1	7167616	20014	NA
210218_RL#220_15g	631	Sound	211	7169054	1316	1			0		other	0
210218_RL#220_15g	631	Port Input	1	7171468	3729	3
210218_RL#220_15g	631	Response	1	7171468	3729	3
210218_RL#220_15g	632	Picture	555	7172898	0	4	10153	8	0	next	false_alarm	2746
210218_RL#220_15g	632	Port Input	1	7172915	17	6
210218_RL#220_15g	632	Response	1	7172915	17	6
210218_RL#220_15g	632	Port Input	1	7174646	1749	4
210218_RL#220_15g	632	Response	1	7174646	1749	4
210218_RL#220_15g	632	Port Input	1	7174650	1753	4
210218_RL#220_15g	632	Response	1	7174650	1753	4
210218_RL#220_15g	632	Port Input	1	7176462	3564	4
210218_RL#220_15g	632	Response	1	7176462	3564	4
210218_RL#220_15g	632	Port Input	1	7178140	5242	4
210218_RL#220_15g	632	Response	1	7178140	5242	4
210218_RL#220_15g	632	Port Input	1	7179871	6974	4
210218_RL#220_15g	632	Response	1	7179871	6974	4
210218_RL#220_15g	632	Port Input	1	7181540	8642	4
210218_RL#220_15g	632	Response	1	7181540	8642	4
210218_RL#220_15g	632	Port Input	1	7181544	8646	4
210218_RL#220_15g	632	Response	1	7181544	8646	4
210218_RL#220_15g	633	Picture	10	7183050	0	4	333	8	0	next	hit	2761
210218_RL#220_15g	633	Port Input	1	7183239	189	4
210218_RL#220_15g	633	Response	1	7183239	189	4
210218_RL#220_15g	634	Picture	351	7183383	0	4	499	8	0	next	other	0
210218_RL#220_15g	635	Picture	1	7183882	0	4	20306	5	0	next	false_alarm	2765
210218_RL#220_15g	635	Port Input	1	7184756	874	4
210218_RL#220_15g	635	Response	1	7184756	874	4
210218_RL#220_15g	635	Port Input	1	7185849	1966	4
210218_RL#220_15g	635	Response	1	7185849	1966	4
210218_RL#220_15g	635	Port Input	1	7187106	3224	4
210218_RL#220_15g	635	Response	1	7187106	3224	4
210218_RL#220_15g	635	Port Input	1	7188515	4632	4
210218_RL#220_15g	635	Response	1	7188515	4632	4
210218_RL#220_15g	635	Port Input	1	7188519	4636	4
210218_RL#220_15g	635	Response	1	7188519	4636	4
210218_RL#220_15g	635	Port Input	1	7190112	6230	4
210218_RL#220_15g	635	Response	1	7190112	6230	4
210218_RL#220_15g	635	Port Input	1	7191696	7814	4
210218_RL#220_15g	635	Response	1	7191696	7814	4
210218_RL#220_15g	635	Port Input	1	7191700	7817	4
210218_RL#220_15g	635	Response	1	7191700	7817	4
210218_RL#220_15g	635	Port Input	1	7193328	9446	5
210218_RL#220_15g	635	Response	1	7193328	9446	5
210218_RL#220_15g	635	Port Input	1	7193332	9450	4
210218_RL#220_15g	635	Response	1	7193332	9450	4
210218_RL#220_15g	635	Port Input	1	7195187	11305	4
210218_RL#220_15g	635	Response	1	7195187	11305	4
210218_RL#220_15g	635	Port Input	1	7198619	14736	4
210218_RL#220_15g	635	Response	1	7198619	14736	4
210218_RL#220_15g	636	Picture	3511	7204188	0	1	832	1	0	next	other	0
210218_RL#220_15g	637	Picture	666	7205021	0	1	20305	2	0	next	other	0
210218_RL#220_15g	638	Picture	777	7225326	0	1	20303	4	0	next	other	0
210218_RL#220_15g	638	Manual	1	7245339	20014	NA
210218_RL#220_15g	639	Sound	211	7247054	1425	1			0		other	0
210218_RL#220_15g	639	Port Input	1	7249069	3440	4
210218_RL#220_15g	639	Response	1	7249069	3440	4
210218_RL#220_15g	639	Port Input	1	7249072	3443	4
210218_RL#220_15g	639	Response	1	7249072	3443	4
210218_RL#220_15g	639	Port Input	1	7250442	4813	4
210218_RL#220_15g	639	Response	1	7250442	4813	4
210218_RL#220_15g	640	Picture	555	7250785	0	7	10156	11	0	next	false_alarm	2801
210218_RL#220_15g	640	Port Input	1	7252178	1394	4
210218_RL#220_15g	640	Response	1	7252178	1394	4
210218_RL#220_15g	640	Port Input	1	7253986	3202	4
210218_RL#220_15g	640	Response	1	7253986	3202	4
210218_RL#220_15g	640	Port Input	1	7255677	4892	4
210218_RL#220_15g	640	Response	1	7255677	4892	4
210218_RL#220_15g	640	Port Input	1	7257281	6497	4
210218_RL#220_15g	640	Response	1	7257281	6497	4
210218_RL#220_15g	640	Port Input	1	7257285	6500	4
210218_RL#220_15g	640	Response	1	7257285	6500	4
210218_RL#220_15g	640	Port Input	1	7258768	7984	4
210218_RL#220_15g	640	Response	1	7258768	7984	4
210218_RL#220_15g	640	Port Input	1	7258772	7987	4
210218_RL#220_15g	640	Response	1	7258772	7987	4
210218_RL#220_15g	640	Port Input	1	7260340	9555	4
210218_RL#220_15g	640	Response	1	7260340	9555	4
210218_RL#220_15g	640	Port Input	1	7260344	9559	4
210218_RL#220_15g	640	Response	1	7260344	9559	4
210218_RL#220_15g	641	Picture	10	7260940	0	4	1165	7	0	next	hit	2820
210218_RL#220_15g	641	Port Input	1	7261817	876	4
210218_RL#220_15g	641	Response	1	7261817	876	4
210218_RL#220_15g	642	Picture	351	7262106	0	4	501	5	0	next	other	0
210218_RL#220_15g	643	Picture	1	7262607	0	2	20136	6	0	next	false_alarm	2824
210218_RL#220_15g	643	Port Input	1	7263213	606	4
210218_RL#220_15g	643	Response	1	7263213	606	4
210218_RL#220_15g	643	Port Input	1	7264322	1715	4
210218_RL#220_15g	643	Response	1	7264322	1715	4
210218_RL#220_15g	643	Port Input	1	7265506	2899	4
210218_RL#220_15g	643	Response	1	7265506	2899	4
210218_RL#220_15g	643	Port Input	1	7266835	4228	4
210218_RL#220_15g	643	Response	1	7266835	4228	4
210218_RL#220_15g	643	Port Input	1	7268283	5676	4
210218_RL#220_15g	643	Response	1	7268283	5676	4
210218_RL#220_15g	643	Port Input	1	7268287	5680	3
210218_RL#220_15g	643	Response	1	7268287	5680	3
210218_RL#220_15g	643	Port Input	1	7269762	7155	4
210218_RL#220_15g	643	Response	1	7269762	7155	4
210218_RL#220_15g	643	Port Input	1	7271332	8725	4
210218_RL#220_15g	643	Response	1	7271332	8725	4
210218_RL#220_15g	643	Port Input	1	7272993	10386	4
210218_RL#220_15g	643	Response	1	7272993	10386	4
210218_RL#220_15g	643	Port Input	1	7272997	10390	4
210218_RL#220_15g	643	Response	1	7272997	10390	4
210218_RL#220_15g	643	Port Input	1	7274648	12041	4
210218_RL#220_15g	643	Response	1	7274648	12041	4
210218_RL#220_15g	643	Port Input	1	7276508	13901	4
210218_RL#220_15g	643	Response	1	7276508	13901	4
210218_RL#220_15g	644	Picture	3511	7282743	0	5	833	9	0	next	other	0
210218_RL#220_15g	645	Picture	666	7283576	0	4	20307	4	0	next	other	0
210218_RL#220_15g	646	Picture	777	7303882	0	1	20304	1	0	next	other	0
210218_RL#220_15g	646	Manual	1	7323901	20019	NA
210218_RL#220_15g	647	Sound	212	7326054	1867	1			0		other	0
210218_RL#220_15g	648	Picture	555	7329513	0	1	10319	2	0	next	other	0
210218_RL#220_15g	649	Picture	10	7339832	0	1	20304	4	0	next	miss	0
210218_RL#220_15g	650	Picture	411	7360135	0	3	832	6	0	next	other	0
210218_RL#220_15g	651	Picture	666	7360967	0	3	20139	6	0	next	other	0
210218_RL#220_15g	652	Picture	777	7381106	0	4	20139	7	0	next	other	0
210218_RL#220_15g	652	Manual	2	7401118	20013	NA
210218_RL#220_15g	653	Sound	212	7403054	1809	1			0		other	0
210218_RL#220_15g	654	Picture	555	7406404	0	4	10152	8	0	next	other	0
210218_RL#220_15g	655	Picture	10	7416556	0	4	20306	5	0	next	miss	0
210218_RL#220_15g	656	Picture	411	7436862	0	1	998	2	0	next	other	0
210218_RL#220_15g	657	Picture	666	7437861	0	1	20305	2	0	next	other	0
210218_RL#220_15g	658	Picture	777	7458166	0	1	20303	5	0	next	other	0
210218_RL#220_15g	658	Manual	2	7478180	20014	NA
210218_RL#220_15g	659	Sound	211	7480054	1585	1			0		other	0
210218_RL#220_15g	659	Port Input	1	7482396	3927	4
210218_RL#220_15g	659	Response	1	7482396	3927	4
210218_RL#220_15g	659	Port Input	1	7482401	3932	4
210218_RL#220_15g	659	Response	1	7482401	3932	4
210218_RL#220_15g	660	Picture	555	7483628	0	3	10153	6	0	next	false_alarm	2872
210218_RL#220_15g	660	Port Input	1	7483993	365	5
210218_RL#220_15g	660	Response	1	7483993	365	5
210218_RL#220_15g	660	Port Input	1	7485613	1984	5
210218_RL#220_15g	660	Response	1	7485613	1984	5
210218_RL#220_15g	660	Port Input	1	7487520	3891	4
210218_RL#220_15g	660	Response	1	7487520	3891	4
210218_RL#220_15g	660	Port Input	1	7489488	5860	4
210218_RL#220_15g	660	Response	1	7489488	5860	4
210218_RL#220_15g	660	Port Input	1	7491343	7714	4
210218_RL#220_15g	660	Response	1	7491343	7714	4
210218_RL#220_15g	660	Port Input	1	7492875	9246	4
210218_RL#220_15g	660	Response	1	7492875	9246	4
210218_RL#220_15g	660	Port Input	1	7492879	9250	4
210218_RL#220_15g	660	Response	1	7492879	9250	4
210218_RL#220_15g	661	Picture	10	7493781	0	3	834	4	0	next	hit	2887
210218_RL#220_15g	661	Port Input	1	7494363	582	4
210218_RL#220_15g	661	Response	1	7494363	582	4
210218_RL#220_15g	662	Picture	351	7494615	0	2	498	4	0	next	other	0
210218_RL#220_15g	663	Picture	1	7495113	0	3	20138	6	0	next	false_alarm	2891
210218_RL#220_15g	663	Port Input	1	7495823	710	5
210218_RL#220_15g	663	Response	1	7495823	710	5
210218_RL#220_15g	663	Port Input	1	7496869	1756	4
210218_RL#220_15g	663	Response	1	7496869	1756	4
210218_RL#220_15g	663	Port Input	1	7498045	2932	4
210218_RL#220_15g	663	Response	1	7498045	2932	4
210218_RL#220_15g	663	Port Input	1	7499452	4339	4
210218_RL#220_15g	663	Response	1	7499452	4339	4
210218_RL#220_15g	663	Port Input	1	7500902	5789	6
210218_RL#220_15g	663	Response	1	7500902	5789	6
210218_RL#220_15g	663	Port Input	1	7502390	7277	4
210218_RL#220_15g	663	Response	1	7502390	7277	4
210218_RL#220_15g	663	Port Input	1	7503759	8646	4
210218_RL#220_15g	663	Response	1	7503759	8646	4
210218_RL#220_15g	663	Port Input	1	7505166	10053	4
210218_RL#220_15g	663	Response	1	7505166	10053	4
210218_RL#220_15g	663	Port Input	1	7506802	11689	4
210218_RL#220_15g	663	Response	1	7506802	11689	4
210218_RL#220_15g	663	Port Input	1	7506808	11695	4
210218_RL#220_15g	663	Response	1	7506808	11695	4
210218_RL#220_15g	663	Port Input	1	7508190	13077	4
210218_RL#220_15g	663	Response	1	7508190	13077	4
210218_RL#220_15g	663	Port Input	1	7510080	14967	4
210218_RL#220_15g	663	Response	1	7510080	14967	4
210218_RL#220_15g	664	Picture	3511	7515251	0	4	665	7	0	next	other	0
210218_RL#220_15g	665	Picture	666	7515917	0	4	20139	8	0	next	other	0
210218_RL#220_15g	666	Picture	777	7536055	0	4	20306	5	0	next	other	0
210218_RL#220_15g	666	Manual	2	7556071	20016	NA
210218_RL#220_15g	667	Sound	211	7558054	1692	1			0		other	0
210218_RL#220_15g	667	Port Input	1	7560757	4396	5
210218_RL#220_15g	667	Response	1	7560757	4396	5
210218_RL#220_15g	668	Picture	555	7561687	0	1	10319	1	0	next	false_alarm	2923
210218_RL#220_15g	668	Port Input	1	7562065	377	3
210218_RL#220_15g	668	Response	1	7562065	377	3
210218_RL#220_15g	668	Port Input	1	7563799	2112	4
210218_RL#220_15g	668	Response	1	7563799	2112	4
210218_RL#220_15g	668	Port Input	1	7565880	4193	4
210218_RL#220_15g	668	Response	1	7565880	4193	4
210218_RL#220_15g	668	Port Input	1	7567508	5820	5
210218_RL#220_15g	668	Response	1	7567508	5820	5
210218_RL#220_15g	668	Port Input	1	7567513	5825	5
210218_RL#220_15g	668	Response	1	7567513	5825	5
210218_RL#220_15g	668	Port Input	1	7569318	7630	4
210218_RL#220_15g	668	Response	1	7569318	7630	4
210218_RL#220_15g	668	Port Input	1	7570910	9223	4
210218_RL#220_15g	668	Response	1	7570910	9223	4
210218_RL#220_15g	669	Picture	10	7572006	0	1	666	1	0	next	hit	2938
210218_RL#220_15g	669	Port Input	1	7572359	352	3
210218_RL#220_15g	669	Response	1	7572359	352	3
210218_RL#220_15g	670	Picture	351	7572672	0	1	666	1	0	next	other	0
210218_RL#220_15g	671	Picture	1	7573338	0	1	20305	2	0	next	false_alarm	2942
210218_RL#220_15g	671	Port Input	1	7573905	568	4
210218_RL#220_15g	671	Response	1	7573905	568	4
210218_RL#220_15g	671	Port Input	1	7574938	1600	4
210218_RL#220_15g	671	Response	1	7574938	1600	4
210218_RL#220_15g	671	Port Input	1	7576103	2765	5
210218_RL#220_15g	671	Response	1	7576103	2765	5
210218_RL#220_15g	671	Port Input	1	7577470	4132	4
210218_RL#220_15g	671	Response	1	7577470	4132	4
210218_RL#220_15g	671	Port Input	1	7577475	4137	4
210218_RL#220_15g	671	Response	1	7577475	4137	4
210218_RL#220_15g	671	Port Input	1	7578981	5643	4
210218_RL#220_15g	671	Response	1	7578981	5643	4
210218_RL#220_15g	671	Port Input	1	7580495	7157	5
210218_RL#220_15g	671	Response	1	7580495	7157	5
210218_RL#220_15g	671	Port Input	1	7582154	8817	4
210218_RL#220_15g	671	Response	1	7582154	8817	4
210218_RL#220_15g	671	Port Input	1	7584009	10671	4
210218_RL#220_15g	671	Response	1	7584009	10671	4
210218_RL#220_15g	672	Picture	3511	7593643	0	1	666	2	0	next	other	0
210218_RL#220_15g	673	Picture	666	7594309	0	1	20305	2	0	next	false_alarm	2962
210218_RL#220_15g	673	Port Input	1	7601209	6901	4
210218_RL#220_15g	673	Response	1	7601209	6901	4
210218_RL#220_15g	673	Port Input	1	7601213	6904	4
210218_RL#220_15g	673	Response	1	7601213	6904	4
210218_RL#220_15g	674	Picture	777	7614613	0	2	20135	7	0	next	other	0
210218_RL#220_15g	674	Manual	2	7634630	20017	NA
210218_RL#220_15g	675	Sound	212	7636054	1305	1			0		other	0
210218_RL#220_15g	676	Picture	555	7639910	0	4	10152	7	0	next	other	0
210218_RL#220_15g	677	Picture	10	7650062	0	4	20306	5	0	next	miss	0
210218_RL#220_15g	678	Picture	411	7670368	0	1	999	2	0	next	other	0
210218_RL#220_15g	679	Picture	666	7671367	0	1	20305	1	0	next	other	0
210218_RL#220_15g	680	Picture	777	7691672	0	1	20303	3	0	next	other	0
210218_RL#220_15g	680	Manual	2	7711686	20014	NA
210218_RL#220_15g	681	Sound	211	7713054	1078	1			0		other	0
210218_RL#220_15g	681	Port Input	1	7714741	2766	4
210218_RL#220_15g	681	Response	1	7714741	2766	4
210218_RL#220_15g	681	Port Input	1	7716171	4196	5
210218_RL#220_15g	681	Response	1	7716171	4196	5
210218_RL#220_15g	682	Picture	555	7717303	0	1	10151	4	0	next	false_alarm	2981
210218_RL#220_15g	682	Port Input	1	7717839	536	3
210218_RL#220_15g	682	Response	1	7717839	536	3
210218_RL#220_15g	682	Port Input	1	7717841	539	3
210218_RL#220_15g	682	Response	1	7717841	539	3
210218_RL#220_15g	682	Port Input	1	7719888	2585	4
210218_RL#220_15g	682	Response	1	7719888	2585	4
210218_RL#220_15g	682	Port Input	1	7722452	5149	4
210218_RL#220_15g	682	Response	1	7722452	5149	4
210218_RL#220_15g	682	Port Input	1	7722455	5152	4
210218_RL#220_15g	682	Response	1	7722455	5152	4
210218_RL#220_15g	682	Port Input	1	7724289	6986	4
210218_RL#220_15g	682	Response	1	7724289	6986	4
210218_RL#220_15g	683	Picture	10	7727454	0	3	1165	6	0	next	hit	2994
210218_RL#220_15g	683	Port Input	1	7728398	944	4
210218_RL#220_15g	683	Response	1	7728398	944	4
210218_RL#220_15g	684	Picture	351	7728619	0	4	668	5	0	next	other	0
210218_RL#220_15g	685	Picture	1	7729286	0	2	20137	5	0	next	false_alarm	2998
210218_RL#220_15g	685	Port Input	1	7730679	1393	3
210218_RL#220_15g	685	Response	1	7730679	1393	3
210218_RL#220_15g	685	Port Input	1	7731725	2439	4
210218_RL#220_15g	685	Response	1	7731725	2439	4
210218_RL#220_15g	685	Port Input	1	7732919	3633	4
210218_RL#220_15g	685	Response	1	7732919	3633	4
210218_RL#220_15g	685	Port Input	1	7732923	3637	3
210218_RL#220_15g	685	Response	1	7732923	3637	3
210218_RL#220_15g	685	Port Input	1	7734202	4916	4
210218_RL#220_15g	685	Response	1	7734202	4916	4
210218_RL#220_15g	685	Port Input	1	7735616	6330	4
210218_RL#220_15g	685	Response	1	7735616	6330	4
210218_RL#220_15g	685	Port Input	1	7737238	7952	4
210218_RL#220_15g	685	Response	1	7737238	7952	4
210218_RL#220_15g	685	Port Input	1	7738927	9641	4
210218_RL#220_15g	685	Response	1	7738927	9641	4
210218_RL#220_15g	685	Port Input	1	7740488	11202	4
210218_RL#220_15g	685	Response	1	7740488	11202	4
210218_RL#220_15g	685	Port Input	1	7740492	11206	4
210218_RL#220_15g	685	Response	1	7740492	11206	4
210218_RL#220_15g	685	Port Input	1	7742160	12874	4
210218_RL#220_15g	685	Response	1	7742160	12874	4
210218_RL#220_15g	686	Picture	3511	7749423	0	4	832	7	0	next	other	0
210218_RL#220_15g	687	Picture	666	7750255	0	4	20139	7	0	next	false_alarm	3022
210218_RL#220_15g	687	Port Input	1	7751648	1393	4
210218_RL#220_15g	687	Response	1	7751648	1393	4
210218_RL#220_15g	688	Picture	777	7770394	0	4	20306	5	0	next	other	0
210218_RL#220_15g	688	Manual	1	7790410	20016	NA
210218_RL#220_15g	689	Sound	212	7792054	1354	1			0		other	0
210218_RL#220_15g	690	Picture	555	7796026	0	1	10319	2	0	next	other	0
210218_RL#220_15g	691	Picture	10	7806344	0	1	20303	4	0	next	miss	0
210218_RL#220_15g	692	Picture	411	7826648	0	3	834	4	0	next	other	0
210218_RL#220_15g	693	Picture	666	7827481	0	1	20305	3	0	next	other	0
210218_RL#220_15g	694	Picture	777	7847786	0	2	20137	5	0	next	other	0
210218_RL#220_15g	694	Manual	2	7867799	20013	NA
210218_RL#220_15g	695	Sound	211	7869053	1130	1			0		other	0
210218_RL#220_15g	695	Port Input	1	7871903	3979	4
210218_RL#220_15g	695	Response	1	7871903	3979	4
210218_RL#220_15g	695	Port Input	1	7871908	3984	4
210218_RL#220_15g	695	Response	1	7871908	3984	4
210218_RL#220_15g	696	Picture	555	7873083	0	4	10153	7	0	next	false_alarm	3039
210218_RL#220_15g	696	Port Input	1	7873430	348	4
210218_RL#220_15g	696	Response	1	7873430	348	4
210218_RL#220_15g	696	Port Input	1	7873433	351	4
210218_RL#220_15g	696	Response	1	7873433	351	4
210218_RL#220_15g	696	Port Input	1	7875420	2337	4
210218_RL#220_15g	696	Response	1	7875420	2337	4
210218_RL#220_15g	696	Port Input	1	7877426	4343	4
210218_RL#220_15g	696	Response	1	7877426	4343	4
210218_RL#220_15g	696	Port Input	1	7877429	4347	4
210218_RL#220_15g	696	Response	1	7877429	4347	4
210218_RL#220_15g	696	Port Input	1	7879372	6289	4
210218_RL#220_15g	696	Response	1	7879372	6289	4
210218_RL#220_15g	696	Port Input	1	7881314	8232	4
210218_RL#220_15g	696	Response	1	7881314	8232	4
210218_RL#220_15g	696	Port Input	1	7883172	10089	5
210218_RL#220_15g	696	Response	1	7883172	10089	5
210218_RL#220_15g	697	Picture	10	7883235	0	4	1497	8	0	next	hit	3056
210218_RL#220_15g	697	Port Input	1	7884624	1388	4
210218_RL#220_15g	697	Response	1	7884624	1388	4
210218_RL#220_15g	697	Port Input	1	7884627	1392	4
210218_RL#220_15g	697	Response	1	7884627	1392	4
210218_RL#220_15g	698	Picture	351	7884733	0	5	668	7	0	next	other	0
210218_RL#220_15g	699	Picture	1	7885400	0	2	20304	3	0	next	false_alarm	3062
210218_RL#220_15g	699	Port Input	1	7886220	820	4
210218_RL#220_15g	699	Response	1	7886220	820	4
210218_RL#220_15g	699	Port Input	1	7887242	1842	4
210218_RL#220_15g	699	Response	1	7887242	1842	4
210218_RL#220_15g	699	Port Input	1	7888437	3037	4
210218_RL#220_15g	699	Response	1	7888437	3037	4
210218_RL#220_15g	699	Port Input	1	7889759	4359	4
210218_RL#220_15g	699	Response	1	7889759	4359	4
210218_RL#220_15g	699	Port Input	1	7891115	5714	4
210218_RL#220_15g	699	Response	1	7891115	5714	4
210218_RL#220_15g	699	Port Input	1	7892648	7247	4
210218_RL#220_15g	699	Response	1	7892648	7247	4
210218_RL#220_15g	699	Port Input	1	7892651	7251	4
210218_RL#220_15g	699	Response	1	7892651	7251	4
210218_RL#220_15g	699	Port Input	1	7894236	8836	4
210218_RL#220_15g	699	Response	1	7894236	8836	4
210218_RL#220_15g	699	Port Input	1	7895912	10512	4
210218_RL#220_15g	699	Response	1	7895912	10512	4
210218_RL#220_15g	699	Port Input	1	7897943	12543	4
210218_RL#220_15g	699	Response	1	7897943	12543	4
210218_RL#220_15g	699	Port Input	1	7899781	14381	4
210218_RL#220_15g	699	Response	1	7899781	14381	4
210218_RL#220_15g	700	Picture	3511	7905705	0	1	833	2	0	next	other	0
210218_RL#220_15g	701	Picture	666	7906538	0	1	20305	1	0	next	other	0
210218_RL#220_15g	702	Picture	777	7926842	0	1	20303	3	0	next	other	0
210218_RL#220_15g	702	Manual	2	7946859	20017	NA
210218_RL#220_15g	703	Sound	211	7949053	1908	1			0		other	0
210218_RL#220_15g	703	Port Input	1	7951637	4492	4
210218_RL#220_15g	703	Response	1	7951637	4492	4
210218_RL#220_15g	704	Picture	555	7952473	0	1	10315	6	0	next	false_alarm	3092
210218_RL#220_15g	704	Port Input	1	7952917	444	3
210218_RL#220_15g	704	Response	1	7952917	444	3
210218_RL#220_15g	704	Port Input	1	7952920	447	3
210218_RL#220_15g	704	Response	1	7952920	447	3
210218_RL#220_15g	704	Port Input	1	7954468	1995	4
210218_RL#220_15g	704	Response	1	7954468	1995	4
210218_RL#220_15g	704	Port Input	1	7956299	3826	4
210218_RL#220_15g	704	Response	1	7956299	3826	4
210218_RL#220_15g	704	Port Input	1	7958183	5710	6
210218_RL#220_15g	704	Response	1	7958183	5710	6
210218_RL#220_15g	704	Port Input	1	7959811	7338	4
210218_RL#220_15g	704	Response	1	7959811	7338	4
210218_RL#220_15g	704	Port Input	1	7961375	8902	5
210218_RL#220_15g	704	Response	1	7961375	8902	5
210218_RL#220_15g	705	Picture	10	7962788	0	5	501	8	0	next	hit	3107
210218_RL#220_15g	705	Port Input	1	7963013	225	4
210218_RL#220_15g	705	Response	1	7963013	225	4
210218_RL#220_15g	706	Picture	351	7963289	0	4	500	6	0	next	other	0
210218_RL#220_15g	707	Picture	1	7963789	0	3	20138	6	0	next	false_alarm	3111
210218_RL#220_15g	707	Port Input	1	7964424	635	4
210218_RL#220_15g	707	Response	1	7964424	635	4
210218_RL#220_15g	707	Port Input	1	7965477	1688	3
210218_RL#220_15g	707	Response	1	7965477	1688	3
210218_RL#220_15g	707	Port Input	1	7965481	1692	4
210218_RL#220_15g	707	Response	1	7965481	1692	4
210218_RL#220_15g	707	Port Input	1	7966713	2924	5
210218_RL#220_15g	707	Response	1	7966713	2924	5
210218_RL#220_15g	707	Port Input	1	7968083	4294	4
210218_RL#220_15g	707	Response	1	7968083	4294	4
210218_RL#220_15g	707	Port Input	1	7969499	5710	4
210218_RL#220_15g	707	Response	1	7969499	5710	4
210218_RL#220_15g	707	Port Input	1	7969502	5713	3
210218_RL#220_15g	707	Response	1	7969502	5713	3
210218_RL#220_15g	707	Port Input	1	7970974	7185	4
210218_RL#220_15g	707	Response	1	7970974	7185	4
210218_RL#220_15g	707	Port Input	1	7972619	8830	4
210218_RL#220_15g	707	Response	1	7972619	8830	4
210218_RL#220_15g	707	Port Input	1	7974184	10394	6
210218_RL#220_15g	707	Response	1	7974184	10394	6
210218_RL#220_15g	707	Port Input	1	7975799	12010	4
210218_RL#220_15g	707	Response	1	7975799	12010	4
210218_RL#220_15g	707	Port Input	1	7979265	15475	5
210218_RL#220_15g	707	Response	1	7979265	15475	5
210218_RL#220_15g	708	Picture	3511	7983927	0	4	999	7	0	next	other	0
210218_RL#220_15g	709	Picture	666	7984926	0	4	20138	7	0	next	other	0
210218_RL#220_15g	710	Picture	777	8005065	0	4	20306	5	0	next	other	0
210218_RL#220_15g	710	Manual	1	8025079	20015	NA
210218_RL#220_15g	711	Sound	212	8027053	1683	1			0		other	0
210218_RL#220_15g	712	Picture	555	8030696	0	1	10319	2	0	next	other	0
210218_RL#220_15g	713	Picture	10	8041015	0	1	20304	4	0	next	miss	0
210218_RL#220_15g	714	Picture	411	8061319	0	3	832	5	0	next	other	0
210218_RL#220_15g	715	Picture	666	8062151	0	3	20305	6	0	next	other	0
210218_RL#220_15g	716	Picture	777	8082456	0	3	20305	7	0	next	other	0
210218_RL#220_15g	716	Manual	2	8102469	20014	NA
210218_RL#220_15g	717	Sound	211	8104053	1292	1			0		other	0
210218_RL#220_15g	717	Port Input	1	8107617	4856	4
210218_RL#220_15g	717	Response	1	8107617	4856	4
210218_RL#220_15g	718	Picture	555	8107920	0	4	10152	7	0	next	false_alarm	3150
210218_RL#220_15g	718	Port Input	1	8109121	1200	4
210218_RL#220_15g	718	Response	1	8109121	1200	4
210218_RL#220_15g	718	Port Input	1	8111022	3101	5
210218_RL#220_15g	718	Response	1	8111022	3101	5
210218_RL#220_15g	718	Port Input	1	8112865	4944	5
210218_RL#220_15g	718	Response	1	8112865	4944	5
210218_RL#220_15g	718	Port Input	1	8114624	6703	4
210218_RL#220_15g	718	Response	1	8114624	6703	4
210218_RL#220_15g	718	Port Input	1	8114628	6707	4
210218_RL#220_15g	718	Response	1	8114628	6707	4
210218_RL#220_15g	718	Port Input	1	8117197	9277	4
210218_RL#220_15g	718	Response	1	8117197	9277	4
210218_RL#220_15g	719	Picture	10	8118072	0	4	1165	8	0	next	hit	3163
210218_RL#220_15g	719	Port Input	1	8119081	1008	4
210218_RL#220_15g	719	Response	1	8119081	1008	4
210218_RL#220_15g	719	Port Input	1	8119087	1014	11
210218_RL#220_15g	719	Response	1	8119087	1014	11
210218_RL#220_15g	720	Picture	351	8119237	0	4	499	8	0	next	other	0
210218_RL#220_15g	721	Picture	1	8119737	0	4	20307	5	0	next	false_alarm	3169
210218_RL#220_15g	721	Port Input	1	8120660	923	3
210218_RL#220_15g	721	Response	1	8120660	923	3
210218_RL#220_15g	721	Port Input	1	8121729	1992	4
210218_RL#220_15g	721	Response	1	8121729	1992	4
210218_RL#220_15g	721	Port Input	1	8121733	1996	4
210218_RL#220_15g	721	Response	1	8121733	1996	4
210218_RL#220_15g	721	Port Input	1	8123000	3264	4
210218_RL#220_15g	721	Response	1	8123000	3264	4
210218_RL#220_15g	721	Port Input	1	8124393	4656	4
210218_RL#220_15g	721	Response	1	8124393	4656	4
210218_RL#220_15g	721	Port Input	1	8124396	4660	4
210218_RL#220_15g	721	Response	1	8124396	4660	4
210218_RL#220_15g	721	Port Input	1	8125922	6186	4
210218_RL#220_15g	721	Response	1	8125922	6186	4
210218_RL#220_15g	721	Port Input	1	8129467	9731	4
210218_RL#220_15g	721	Response	1	8129467	9731	4
210218_RL#220_15g	721	Port Input	1	8131290	11553	4
210218_RL#220_15g	721	Response	1	8131290	11553	4
210218_RL#220_15g	721	Port Input	1	8132972	13236	4
210218_RL#220_15g	721	Response	1	8132972	13236	4
210218_RL#220_15g	721	Port Input	1	8134869	15132	4
210218_RL#220_15g	721	Response	1	8134869	15132	4
210218_RL#220_15g	721	Port Input	1	8134873	15136	4
210218_RL#220_15g	721	Response	1	8134873	15136	4
210218_RL#220_15g	721	Port Input	1	8136474	16738	4
210218_RL#220_15g	721	Response	1	8136474	16738	4
210218_RL#220_15g	721	Port Input	1	8138413	18677	4
210218_RL#220_15g	721	Response	1	8138413	18677	4
210218_RL#220_15g	722	Picture	3511	8140043	0	1	832	2	0	next	other	0
210218_RL#220_15g	723	Picture	666	8140876	0	1	20305	1	0	next	other	0
210218_RL#220_15g	724	Picture	777	8161180	0	1	20303	3	0	next	other	0
210218_RL#220_15g	724	Manual	2	8181194	20013	NA
210218_RL#220_15g	725	Sound	212	8183053	1570	1			0		other	0
210218_RL#220_15g	726	Picture	555	8186808	0	5	10320	8	0	next	other	0
210218_RL#220_15g	727	Picture	10	8197128	0	4	20139	7	0	next	miss	0
210218_RL#220_15g	728	Picture	411	8217267	0	4	999	7	0	next	other	0
210218_RL#220_15g	729	Picture	666	8218265	0	4	20139	7	0	next	other	0
210218_RL#220_15g	730	Picture	777	8238404	0	4	20306	5	0	next	other	0
210218_RL#220_15g	730	Manual	1	8258421	20017	NA
210218_RL#220_15g	731	Sound	212	8260053	1343	1			0		other	0
210218_RL#220_15g	732	Picture	555	8264036	0	1	10319	2	0	next	other	0
210218_RL#220_15g	733	Picture	10	8274355	0	1	20305	2	0	next	miss	0
210218_RL#220_15g	734	Picture	411	8294660	0	1	832	2	0	next	other	0
210218_RL#220_15g	735	Picture	666	8295492	0	1	20303	4	0	next	other	0
210218_RL#220_15g	736	Picture	777	8315795	0	4	20307	5	0	next	other	0
210218_RL#220_15g	736	Manual	1	8335809	20014	NA
210218_RL#220_15g	737	Sound	211	8338053	1951	1			0		other	0
210218_RL#220_15g	737	Port Input	1	8339887	3785	4
210218_RL#220_15g	737	Response	1	8339887	3785	4
210218_RL#220_15g	737	Port Input	1	8341214	5112	5
210218_RL#220_15g	737	Response	1	8341214	5112	5
210218_RL#220_15g	738	Picture	555	8341260	0	4	10152	7	0	next	false_alarm	3221
210218_RL#220_15g	738	Port Input	1	8342798	1539	4
210218_RL#220_15g	738	Response	1	8342798	1539	4
210218_RL#220_15g	738	Port Input	1	8344542	3283	4
210218_RL#220_15g	738	Response	1	8344542	3283	4
210218_RL#220_15g	738	Port Input	1	8346341	5081	4
210218_RL#220_15g	738	Response	1	8346341	5081	4
210218_RL#220_15g	738	Port Input	1	8348191	6931	5
210218_RL#220_15g	738	Response	1	8348191	6931	5
210218_RL#220_15g	738	Port Input	1	8349943	8683	4
210218_RL#220_15g	738	Response	1	8349943	8683	4
210218_RL#220_15g	739	Picture	10	8351412	0	4	333	7	0	next	hit	3232
210218_RL#220_15g	739	Port Input	1	8351564	152	5
210218_RL#220_15g	739	Response	1	8351564	152	5
210218_RL#220_15g	739	Port Input	1	8351569	157	4
210218_RL#220_15g	739	Response	1	8351569	157	4
210218_RL#220_15g	740	Picture	351	8351745	0	4	501	6	0	next	other	0
210218_RL#220_15g	741	Picture	1	8352246	0	2	20305	3	0	next	false_alarm	3238
210218_RL#220_15g	741	Port Input	1	8352982	736	4
210218_RL#220_15g	741	Response	1	8352982	736	4
210218_RL#220_15g	741	Port Input	1	8354067	1821	4
210218_RL#220_15g	741	Response	1	8354067	1821	4
210218_RL#220_15g	741	Port Input	1	8355352	3106	4
210218_RL#220_15g	741	Response	1	8355352	3106	4
210218_RL#220_15g	741	Port Input	1	8356809	4563	4
210218_RL#220_15g	741	Response	1	8356809	4563	4
210218_RL#220_15g	741	Port Input	1	8358561	6315	4
210218_RL#220_15g	741	Response	1	8358561	6315	4
210218_RL#220_15g	741	Port Input	1	8358564	6319	4
210218_RL#220_15g	741	Response	1	8358564	6319	4
210218_RL#220_15g	741	Port Input	1	8360033	7787	4
210218_RL#220_15g	741	Response	1	8360033	7787	4
210218_RL#220_15g	741	Port Input	1	8360037	7791	4
210218_RL#220_15g	741	Response	1	8360037	7791	4
210218_RL#220_15g	741	Port Input	1	8361725	9479	4
210218_RL#220_15g	741	Response	1	8361725	9479	4
210218_RL#220_15g	741	Port Input	1	8361729	9483	4
210218_RL#220_15g	741	Response	1	8361729	9483	4
210218_RL#220_15g	741	Port Input	1	8367062	14816	4
210218_RL#220_15g	741	Response	1	8367062	14816	4
210218_RL#220_15g	741	Port Input	1	8367065	14820	4
210218_RL#220_15g	741	Response	1	8367065	14820	4
210218_RL#220_15g	741	Port Input	1	8369199	16953	4
210218_RL#220_15g	741	Response	1	8369199	16953	4
210218_RL#220_15g	742	Picture	3511	8372551	0	1	831	5	0	next	other	0
210218_RL#220_15g	743	Picture	666	8373381	0	4	20306	5	0	next	other	0
210218_RL#220_15g	744	Picture	777	8393688	0	1	20305	2	0	next	other	0
210218_RL#220_15g	744	Manual	2	8413700	20012	NA
210218_RL#220_15g	745	Sound	212	8415053	1060	1			0		other	0
210218_RL#220_15g	746	Picture	555	8419317	0	3	10319	6	0	next	other	0
210218_RL#220_15g	747	Picture	10	8429636	0	3	20305	6	0	next	miss	0
210218_RL#220_15g	748	Picture	411	8449941	0	3	998	7	0	next	other	0
210218_RL#220_15g	749	Picture	666	8450939	0	4	20139	7	0	next	other	0
210218_RL#220_15g	750	Picture	777	8471078	0	4	20138	7	0	next	other	0
210218_RL#220_15g	750	Manual	1	8491091	20013	NA
210218_RL#220_15g	751	Sound	211	8493053	1837	1			0		other	0
210218_RL#220_15g	751	Port Input	1	8495713	4496	4
210218_RL#220_15g	751	Response	1	8495713	4496	4
210218_RL#220_15g	752	Picture	555	8496544	0	1	10319	1	0	next	false_alarm	3279
210218_RL#220_15g	752	Port Input	1	8497088	544	3
210218_RL#220_15g	752	Response	1	8497088	544	3
210218_RL#220_15g	752	Port Input	1	8498913	2370	4
210218_RL#220_15g	752	Response	1	8498913	2370	4
210218_RL#220_15g	752	Port Input	1	8500757	4213	4
210218_RL#220_15g	752	Response	1	8500757	4213	4
210218_RL#220_15g	752	Port Input	1	8502560	6017	4
210218_RL#220_15g	752	Response	1	8502560	6017	4
210218_RL#220_15g	752	Port Input	1	8502564	6020	4
210218_RL#220_15g	752	Response	1	8502564	6020	4
210218_RL#220_15g	752	Port Input	1	8504371	7828	4
210218_RL#220_15g	752	Response	1	8504371	7828	4
210218_RL#220_15g	752	Port Input	1	8506123	9579	3
210218_RL#220_15g	752	Response	1	8506123	9579	3
210218_RL#220_15g	753	Picture	10	8506863	0	1	1165	2	0	next	hit	3294
210218_RL#220_15g	753	Port Input	1	8507753	891	4
210218_RL#220_15g	753	Response	1	8507753	891	4
210218_RL#220_15g	753	Port Input	1	8507757	894	4
210218_RL#220_15g	753	Response	1	8507757	894	4
210218_RL#220_15g	754	Picture	351	8508028	0	1	666	2	0	next	other	0
210218_RL#220_15g	755	Picture	1	8508693	0	1	20305	2	0	next	false_alarm	3300
210218_RL#220_15g	755	Port Input	1	8509203	510	4
210218_RL#220_15g	755	Response	1	8509203	510	4
210218_RL#220_15g	755	Port Input	1	8510275	1582	4
210218_RL#220_15g	755	Response	1	8510275	1582	4
210218_RL#220_15g	755	Port Input	1	8511476	2782	5
210218_RL#220_15g	755	Response	1	8511476	2782	5
210218_RL#220_15g	755	Port Input	1	8512877	4184	4
210218_RL#220_15g	755	Response	1	8512877	4184	4
210218_RL#220_15g	755	Port Input	1	8514427	5734	4
210218_RL#220_15g	755	Response	1	8514427	5734	4
210218_RL#220_15g	755	Port Input	1	8515907	7214	4
210218_RL#220_15g	755	Response	1	8515907	7214	4
210218_RL#220_15g	755	Port Input	1	8517500	8807	4
210218_RL#220_15g	755	Response	1	8517500	8807	4
210218_RL#220_15g	755	Port Input	1	8519096	10402	4
210218_RL#220_15g	755	Response	1	8519096	10402	4
210218_RL#220_15g	755	Port Input	1	8520770	12077	4
210218_RL#220_15g	755	Response	1	8520770	12077	4
210218_RL#220_15g	755	Port Input	1	8522354	13661	4
210218_RL#220_15g	755	Response	1	8522354	13661	4
210218_RL#220_15g	756	Picture	3511	8528998	0	1	666	2	0	next	other	0
210218_RL#220_15g	757	Picture	666	8529664	0	1	20303	4	0	next	false_alarm	3322
210218_RL#220_15g	757	Port Input	1	8531668	2004	4
210218_RL#220_15g	757	Response	1	8531668	2004	4
210218_RL#220_15g	757	Port Input	1	8531672	2008	3
210218_RL#220_15g	757	Response	1	8531672	2008	3
210218_RL#220_15g	757	Port Input	1	8533025	3361	4
210218_RL#220_15g	757	Response	1	8533025	3361	4
210218_RL#220_15g	758	Picture	777	8549967	0	3	20305	7	0	next	other	0
210218_RL#220_15g	758	Manual	1	8569984	20017	NA
210218_RL#220_15g	759	Sound	212	8572053	1781	1			0		other	0
210218_RL#220_15g	760	Picture	555	8575431	0	4	10153	7	0	next	other	0
210218_RL#220_15g	761	Picture	10	8585584	0	4	20138	7	0	next	miss	0
210218_RL#220_15g	762	Picture	411	8605722	0	4	834	6	0	next	other	0
210218_RL#220_15g	763	Picture	666	8606556	0	2	20305	3	0	next	other	0
210218_RL#220_15g	764	Picture	777	8626861	0	1	20305	2	0	next	other	0
210218_RL#220_15g	764	Manual	1	8646878	20017	NA
210218_RL#220_15g	765	Sound	211	8649053	1887	1			0		other	0
210218_RL#220_15g	765	Port Input	1	8651784	4618	5
210218_RL#220_15g	765	Response	1	8651784	4618	5
210218_RL#220_15g	766	Picture	555	8652492	0	1	10315	6	0	next	false_alarm	3341
210218_RL#220_15g	766	Port Input	1	8652950	459	4
210218_RL#220_15g	766	Response	1	8652950	459	4
210218_RL#220_15g	766	Port Input	1	8654637	2145	4
210218_RL#220_15g	766	Response	1	8654637	2145	4
210218_RL#220_15g	766	Port Input	1	8655837	3345	4
210218_RL#220_15g	766	Response	1	8655837	3345	4
210218_RL#220_15g	766	Port Input	1	8655840	3349	4
210218_RL#220_15g	766	Response	1	8655840	3349	4
210218_RL#220_15g	766	Port Input	1	8656427	3935	4
210218_RL#220_15g	766	Response	1	8656427	3935	4
210218_RL#220_15g	766	Port Input	1	8658303	5812	4
210218_RL#220_15g	766	Response	1	8658303	5812	4
210218_RL#220_15g	766	Port Input	1	8660102	7610	4
210218_RL#220_15g	766	Response	1	8660102	7610	4
210218_RL#220_15g	766	Port Input	1	8660105	7613	4
210218_RL#220_15g	766	Response	1	8660105	7613	4
210218_RL#220_15g	766	Port Input	1	8662053	9562	4
210218_RL#220_15g	766	Response	1	8662053	9562	4
210218_RL#220_15g	767	Picture	10	8662807	0	5	1001	7	0	next	hit	3360
210218_RL#220_15g	767	Port Input	1	8663547	740	4
210218_RL#220_15g	767	Response	1	8663547	740	4
210218_RL#220_15g	768	Picture	351	8663808	0	3	501	4	0	next	other	0
210218_RL#220_15g	769	Picture	1	8664308	0	1	20303	4	0	next	false_alarm	3364
210218_RL#220_15g	769	Port Input	1	8664967	658	4
210218_RL#220_15g	769	Response	1	8664967	658	4
210218_RL#220_15g	769	Port Input	1	8666057	1749	4
210218_RL#220_15g	769	Response	1	8666057	1749	4
210218_RL#220_15g	769	Port Input	1	8667416	3107	4
210218_RL#220_15g	769	Response	1	8667416	3107	4
210218_RL#220_15g	769	Port Input	1	8667420	3111	3
210218_RL#220_15g	769	Response	1	8667420	3111	3
210218_RL#220_15g	769	Port Input	1	8668791	4482	4
210218_RL#220_15g	769	Response	1	8668791	4482	4
210218_RL#220_15g	769	Port Input	1	8670281	5973	4
210218_RL#220_15g	769	Response	1	8670281	5973	4
210218_RL#220_15g	769	Port Input	1	8671805	7497	4
210218_RL#220_15g	769	Response	1	8671805	7497	4
210218_RL#220_15g	769	Port Input	1	8673463	9154	4
210218_RL#220_15g	769	Response	1	8673463	9154	4
210218_RL#220_15g	769	Port Input	1	8675137	10828	4
210218_RL#220_15g	769	Response	1	8675137	10828	4
210218_RL#220_15g	769	Port Input	1	8676891	12583	4
210218_RL#220_15g	769	Response	1	8676891	12583	4
210218_RL#220_15g	769	Port Input	1	8676895	12587	5
210218_RL#220_15g	769	Response	1	8676895	12587	5
210218_RL#220_15g	769	Port Input	1	8680264	15955	5
210218_RL#220_15g	769	Response	1	8680264	15955	5
210218_RL#220_15g	770	Picture	3511	8684612	0	3	832	7	0	next	other	0
210218_RL#220_15g	771	Picture	666	8685444	0	4	20139	7	0	next	false_alarm	3390
210218_RL#220_15g	771	Port Input	1	8686406	963	4
210218_RL#220_15g	771	Response	1	8686406	963	4
210218_RL#220_15g	772	Picture	777	8705582	0	4	20139	8	0	next	other	0
210218_RL#220_15g	772	Manual	1	8725595	20013	NA
210218_RL#220_15g	773	Sound	211	8727053	1332	1			0		other	0
210218_RL#220_15g	773	Port Input	1	8728678	2957	4
210218_RL#220_15g	773	Response	1	8728678	2957	4
210218_RL#220_15g	773	Port Input	1	8728682	2961	4
210218_RL#220_15g	773	Response	1	8728682	2961	4
210218_RL#220_15g	773	Port Input	1	8730161	4440	4
210218_RL#220_15g	773	Response	1	8730161	4440	4
210218_RL#220_15g	774	Picture	555	8730880	0	5	10321	5	0	next	false_alarm	3402
210218_RL#220_15g	774	Port Input	1	8731746	866	4
210218_RL#220_15g	774	Response	1	8731746	866	4
210218_RL#220_15g	774	Port Input	1	8731750	870	4
210218_RL#220_15g	774	Response	1	8731750	870	4
210218_RL#220_15g	774	Port Input	1	8733681	2801	4
210218_RL#220_15g	774	Response	1	8733681	2801	4
210218_RL#220_15g	774	Port Input	1	8735523	4643	4
210218_RL#220_15g	774	Response	1	8735523	4643	4
210218_RL#220_15g	774	Port Input	1	8735527	4646	4
210218_RL#220_15g	774	Response	1	8735527	4646	4
210218_RL#220_15g	774	Port Input	1	8737266	6386	4
210218_RL#220_15g	774	Response	1	8737266	6386	4
210218_RL#220_15g	774	Port Input	1	8738830	7950	4
210218_RL#220_15g	774	Response	1	8738830	7950	4
210218_RL#220_15g	774	Port Input	1	8740484	9604	4
210218_RL#220_15g	774	Response	1	8740484	9604	4
210218_RL#220_15g	775	Picture	10	8741201	0	1	1165	2	0	next	hit	3419
210218_RL#220_15g	775	Port Input	1	8742084	883	4
210218_RL#220_15g	775	Response	1	8742084	883	4
210218_RL#220_15g	775	Port Input	1	8742088	887	4
210218_RL#220_15g	775	Response	1	8742088	887	4
210218_RL#220_15g	776	Picture	351	8742366	0	1	499	1	0	next	other	0
210218_RL#220_15g	777	Picture	1	8742865	0	1	20304	2	0	next	false_alarm	3425
210218_RL#220_15g	777	Port Input	1	8743577	712	4
210218_RL#220_15g	777	Response	1	8743577	712	4
210218_RL#220_15g	777	Port Input	1	8744596	1731	4
210218_RL#220_15g	777	Response	1	8744596	1731	4
210218_RL#220_15g	777	Port Input	1	8745828	2963	4
210218_RL#220_15g	777	Response	1	8745828	2963	4
210218_RL#220_15g	777	Port Input	1	8745833	2968	4
210218_RL#220_15g	777	Response	1	8745833	2968	4
210218_RL#220_15g	777	Port Input	1	8747110	4245	4
210218_RL#220_15g	777	Response	1	8747110	4245	4
210218_RL#220_15g	777	Port Input	1	8748554	5689	4
210218_RL#220_15g	777	Response	1	8748554	5689	4
210218_RL#220_15g	777	Port Input	1	8750157	7292	4
210218_RL#220_15g	777	Response	1	8750157	7292	4
210218_RL#220_15g	777	Port Input	1	8751651	8786	4
210218_RL#220_15g	777	Response	1	8751651	8786	4
210218_RL#220_15g	777	Port Input	1	8753272	10407	4
210218_RL#220_15g	777	Response	1	8753272	10407	4
210218_RL#220_15g	777	Port Input	1	8755041	12176	4
210218_RL#220_15g	777	Response	1	8755041	12176	4
210218_RL#220_15g	777	Port Input	1	8755044	12179	4
210218_RL#220_15g	777	Response	1	8755044	12179	4
210218_RL#220_15g	777	Port Input	1	8756841	13976	4
210218_RL#220_15g	777	Response	1	8756841	13976	4
210218_RL#220_15g	777	Port Input	1	8756845	13979	4
210218_RL#220_15g	777	Response	1	8756845	13979	4
210218_RL#220_15g	777	Port Input	1	8761437	18572	4
210218_RL#220_15g	777	Response	1	8761437	18572	4
210218_RL#220_15g	777	Port Input	1	8761441	18575	4
210218_RL#220_15g	777	Response	1	8761441	18575	4
210218_RL#220_15g	777	Port Input	1	8763052	20187	6
210218_RL#220_15g	777	Response	1	8763052	20187	6
210218_RL#220_15g	778	Picture	3511	8763169	0	1	832	2	0	next	other	0
210218_RL#220_15g	779	Picture	666	8764002	0	1	20303	4	0	next	other	0
210218_RL#220_15g	780	Picture	777	8784305	0	4	20306	6	0	next	other	0
210218_RL#220_15g	780	Manual	1	8804318	20013	NA
210218_RL#220_15g	781	Sound	212	8806053	1442	1			0		other	0
210218_RL#220_15g	782	Picture	555	8809769	0	4	10153	7	0	next	other	0
210218_RL#220_15g	783	Picture	10	8819922	0	4	20139	8	0	next	miss	0
210218_RL#220_15g	784	Picture	411	8840061	0	5	1000	6	0	next	other	0
210218_RL#220_15g	785	Picture	666	8841061	0	2	20305	3	0	next	other	0
210218_RL#220_15g	786	Picture	777	8861365	0	1	20305	2	0	next	other	0
210218_RL#220_15g	786	Manual	2	8881382	20017	NA
210218_RL#220_15g	787	Sound	211	8883053	1383	1			0		other	0
210218_RL#220_15g	787	Port Input	1	8884710	3040	4
210218_RL#220_15g	787	Response	1	8884710	3040	4
210218_RL#220_15g	787	Port Input	1	8884714	3044	5
210218_RL#220_15g	787	Response	1	8884714	3044	5
210218_RL#220_15g	787	Port Input	1	8886001	4330	4
210218_RL#220_15g	787	Response	1	8886001	4330	4
210218_RL#220_15g	788	Picture	555	8886996	0	1	10317	4	0	next	false_alarm	3476
210218_RL#220_15g	788	Port Input	1	8887538	542	4
210218_RL#220_15g	788	Response	1	8887538	542	4
210218_RL#220_15g	788	Port Input	1	8889587	2591	4
210218_RL#220_15g	788	Response	1	8889587	2591	4
210218_RL#220_15g	788	Port Input	1	8891404	4408	4
210218_RL#220_15g	788	Response	1	8891404	4408	4
210218_RL#220_15g	788	Port Input	1	8893152	6156	4
210218_RL#220_15g	788	Response	1	8893152	6156	4
210218_RL#220_15g	788	Port Input	1	8893156	6160	4
210218_RL#220_15g	788	Response	1	8893156	6160	4
210218_RL#220_15g	788	Port Input	1	8894743	7747	4
210218_RL#220_15g	788	Response	1	8894743	7747	4
210218_RL#220_15g	788	Port Input	1	8894747	7751	4
210218_RL#220_15g	788	Response	1	8894747	7751	4
210218_RL#220_15g	788	Port Input	1	8896452	9456	4
210218_RL#220_15g	788	Response	1	8896452	9456	4
210218_RL#220_15g	788	Port Input	1	8896455	9459	4
210218_RL#220_15g	788	Response	1	8896455	9459	4
210218_RL#220_15g	789	Picture	10	8897313	0	3	999	6	0	next	hit	3495
210218_RL#220_15g	789	Port Input	1	8898004	691	4
210218_RL#220_15g	789	Response	1	8898004	691	4
210218_RL#220_15g	790	Picture	351	8898312	0	3	501	5	0	next	other	0
210218_RL#220_15g	791	Picture	1	8898813	0	3	20305	4	0	next	false_alarm	3499
210218_RL#220_15g	791	Port Input	1	8899475	662	3
210218_RL#220_15g	791	Response	1	8899475	662	3
210218_RL#220_15g	791	Port Input	1	8899478	665	3
210218_RL#220_15g	791	Response	1	8899478	665	3
210218_RL#220_15g	791	Port Input	1	8900606	1793	4
210218_RL#220_15g	791	Response	1	8900606	1793	4
210218_RL#220_15g	791	Port Input	1	8901878	3065	4
210218_RL#220_15g	791	Response	1	8901878	3065	4
210218_RL#220_15g	791	Port Input	1	8903263	4451	4
210218_RL#220_15g	791	Response	1	8903263	4451	4
210218_RL#220_15g	791	Port Input	1	8904816	6003	4
210218_RL#220_15g	791	Response	1	8904816	6003	4
210218_RL#220_15g	791	Port Input	1	8906590	7777	4
210218_RL#220_15g	791	Response	1	8906590	7777	4
210218_RL#220_15g	791	Port Input	1	8906593	7780	4
210218_RL#220_15g	791	Response	1	8906593	7780	4
210218_RL#220_15g	791	Port Input	1	8908109	9296	7
210218_RL#220_15g	791	Response	1	8908109	9296	7
210218_RL#220_15g	791	Port Input	1	8909804	10991	4
210218_RL#220_15g	791	Response	1	8909804	10991	4
210218_RL#220_15g	791	Port Input	1	8915297	16484	4
210218_RL#220_15g	791	Response	1	8915297	16484	4
210218_RL#220_15g	792	Picture	3511	8919118	0	2	830	4	0	next	other	0
210218_RL#220_15g	793	Picture	666	8919948	0	3	20138	7	0	next	other	0
210218_RL#220_15g	794	Picture	777	8940086	0	4	20139	8	0	next	other	0
210218_RL#220_15g	794	Manual	2	8960100	20013	NA
210218_RL#220_15g	795	Sound	211	8962053	1827	1			0		other	0
210218_RL#220_15g	795	Port Input	1	8965330	5105	5
210218_RL#220_15g	795	Response	1	8965330	5105	5
210218_RL#220_15g	796	Picture	555	8965385	0	4	10320	5	0	next	false_alarm	3529
210218_RL#220_15g	796	Port Input	1	8967097	1712	4
210218_RL#220_15g	796	Response	1	8967097	1712	4
210218_RL#220_15g	796	Port Input	1	8967101	1716	4
210218_RL#220_15g	796	Response	1	8967101	1716	4
210218_RL#220_15g	796	Port Input	1	8968981	3596	4
210218_RL#220_15g	796	Response	1	8968981	3596	4
210218_RL#220_15g	796	Port Input	1	8970772	5387	5
210218_RL#220_15g	796	Response	1	8970772	5387	5
210218_RL#220_15g	796	Port Input	1	8972488	7103	4
210218_RL#220_15g	796	Response	1	8972488	7103	4
210218_RL#220_15g	796	Port Input	1	8974095	8710	4
210218_RL#220_15g	796	Response	1	8974095	8710	4
210218_RL#220_15g	797	Picture	10	8975705	0	1	333	2	0	next	hit	3542
210218_RL#220_15g	797	Port Input	1	8975708	3	4
210218_RL#220_15g	797	Response	1	8975708	3	4
210218_RL#220_15g	797	Port Input	1	8975711	6	4
210218_RL#220_15g	797	Response	1	8975711	6	4
210218_RL#220_15g	798	Picture	351	8976038	0	1	499	1	0	next	other	0
210218_RL#220_15g	799	Picture	1	8976538	0	1	20304	2	0	next	false_alarm	3548
210218_RL#220_15g	799	Port Input	1	8977104	566	5
210218_RL#220_15g	799	Response	1	8977104	566	5
210218_RL#220_15g	799	Port Input	1	8978107	1569	4
210218_RL#220_15g	799	Response	1	8978107	1569	4
210218_RL#220_15g	799	Port Input	1	8978111	1574	3
210218_RL#220_15g	799	Response	1	8978111	1574	3
210218_RL#220_15g	799	Port Input	1	8979270	2732	4
210218_RL#220_15g	799	Response	1	8979270	2732	4
210218_RL#220_15g	799	Port Input	1	8980567	4029	4
210218_RL#220_15g	799	Response	1	8980567	4029	4
210218_RL#220_15g	799	Port Input	1	8981982	5445	4
210218_RL#220_15g	799	Response	1	8981982	5445	4
210218_RL#220_15g	799	Port Input	1	8983456	6919	3
210218_RL#220_15g	799	Response	1	8983456	6919	3
210218_RL#220_15g	799	Port Input	1	8983459	6922	3
210218_RL#220_15g	799	Response	1	8983459	6922	3
210218_RL#220_15g	799	Port Input	1	8984977	8439	3
210218_RL#220_15g	799	Response	1	8984977	8439	3
210218_RL#220_15g	799	Port Input	1	8986520	9983	4
210218_RL#220_15g	799	Response	1	8986520	9983	4
210218_RL#220_15g	799	Port Input	1	8986524	9986	4
210218_RL#220_15g	799	Response	1	8986524	9986	4
210218_RL#220_15g	799	Port Input	1	8988426	11888	4
210218_RL#220_15g	799	Response	1	8988426	11888	4
210218_RL#220_15g	799	Port Input	1	8988429	11892	4
210218_RL#220_15g	799	Response	1	8988429	11892	4
210218_RL#220_15g	799	Port Input	1	8996596	20058	5
210218_RL#220_15g	799	Response	1	8996596	20058	5
210218_RL#220_15g	800	Picture	3511	8996842	0	1	833	2	0	next	other	0
210218_RL#220_15g	801	Picture	666	8997674	0	1	20303	4	0	next	other	0
210218_RL#220_15g	802	Picture	777	9017978	0	3	20305	6	0	next	other	0
210218_RL#220_15g	802	Manual	1	9037992	20015	NA
210218_RL#220_15g	803	Sound	212	9040052	1770	1			0		other	0
210218_RL#220_15g	804	Picture	555	9043442	0	4	10153	7	0	next	other	0
210218_RL#220_15g	805	Picture	10	9053595	0	4	20139	7	0	next	miss	0
210218_RL#220_15g	806	Picture	411	9073733	0	4	834	6	0	next	other	0
210218_RL#220_15g	807	Picture	666	9074567	0	2	20305	3	0	next	other	0
210218_RL#220_15g	808	Picture	777	9094872	0	1	20304	1	0	next	other	0
210218_RL#220_15g	808	Manual	1	9114882	20011	NA
210218_RL#220_15g	809	Sound	212	9117052	1876	1			0		other	0
210218_RL#220_15g	810	Picture	555	9120502	0	1	10315	6	0	next	other	0
210218_RL#220_15g	811	Picture	10	9130817	0	6	20307	8	0	next	miss	0
210218_RL#220_15g	812	Picture	411	9151124	0	3	832	6	0	next	other	0
210218_RL#220_15g	813	Picture	666	9151956	0	3	20139	7	0	next	other	0
210218_RL#220_15g	814	Picture	777	9172095	0	4	20139	8	0	next	other	0
210218_RL#220_15g	814	Manual	1	9192115	20021	NA
210218_RL#220_15g	815	Sound	211	9194052	1819	1			0		other	0
210218_RL#220_15g	815	Port Input	1	9196544	4310	4
210218_RL#220_15g	815	Response	1	9196544	4310	4
210218_RL#220_15g	816	Picture	555	9197393	0	4	10320	5	0	next	false_alarm	3598
210218_RL#220_15g	816	Port Input	1	9198092	699	4
210218_RL#220_15g	816	Response	1	9198092	699	4
210218_RL#220_15g	816	Port Input	1	9199893	2500	4
210218_RL#220_15g	816	Response	1	9199893	2500	4
210218_RL#220_15g	816	Port Input	1	9199897	2504	4
210218_RL#220_15g	816	Response	1	9199897	2504	4
210218_RL#220_15g	816	Port Input	1	9201762	4369	4
210218_RL#220_15g	816	Response	1	9201762	4369	4
210218_RL#220_15g	816	Port Input	1	9201765	4372	4
210218_RL#220_15g	816	Response	1	9201765	4372	4
210218_RL#220_15g	816	Port Input	1	9203540	6147	4
210218_RL#220_15g	816	Response	1	9203540	6147	4
210218_RL#220_15g	816	Port Input	1	9205149	7756	4
210218_RL#220_15g	816	Response	1	9205149	7756	4
210218_RL#220_15g	816	Port Input	1	9206623	9230	4
210218_RL#220_15g	816	Response	1	9206623	9230	4
210218_RL#220_15g	817	Picture	10	9207714	0	1	665	2	0	next	hit	3615
210218_RL#220_15g	817	Port Input	1	9208095	381	4
210218_RL#220_15g	817	Response	1	9208095	381	4
210218_RL#220_15g	818	Picture	351	9208379	0	1	666	2	0	next	other	0
210218_RL#220_15g	819	Picture	1	9209045	0	1	20305	2	0	next	false_alarm	3619
210218_RL#220_15g	819	Port Input	1	9209500	455	4
210218_RL#220_15g	819	Response	1	9209500	455	4
210218_RL#220_15g	819	Port Input	1	9210591	1546	4
210218_RL#220_15g	819	Response	1	9210591	1546	4
210218_RL#220_15g	819	Port Input	1	9211850	2805	4
210218_RL#220_15g	819	Response	1	9211850	2805	4
210218_RL#220_15g	819	Port Input	1	9213247	4202	4
210218_RL#220_15g	819	Response	1	9213247	4202	4
210218_RL#220_15g	819	Port Input	1	9214673	5628	4
210218_RL#220_15g	819	Response	1	9214673	5628	4
210218_RL#220_15g	819	Port Input	1	9216235	7190	4
210218_RL#220_15g	819	Response	1	9216235	7190	4
210218_RL#220_15g	819	Port Input	1	9216239	7194	4
210218_RL#220_15g	819	Response	1	9216239	7194	4
210218_RL#220_15g	819	Port Input	1	9219976	10931	4
210218_RL#220_15g	819	Response	1	9219976	10931	4
210218_RL#220_15g	819	Port Input	1	9221562	12517	4
210218_RL#220_15g	819	Response	1	9221562	12517	4
210218_RL#220_15g	819	Port Input	1	9223317	14272	4
210218_RL#220_15g	819	Response	1	9223317	14272	4
210218_RL#220_15g	820	Picture	3511	9229349	0	1	832	2	0	next	other	0
210218_RL#220_15g	821	Picture	666	9230182	0	1	20304	3	0	next	false_alarm	3643
210218_RL#220_15g	821	Port Input	1	9230203	21	4
210218_RL#220_15g	821	Response	1	9230203	21	4
210218_RL#220_15g	821	Port Input	1	9231686	1505	3
210218_RL#220_15g	821	Response	1	9231686	1505	3
210218_RL#220_15g	821	Port Input	1	9231689	1508	3
210218_RL#220_15g	821	Response	1	9231689	1508	3
210218_RL#220_15g	822	Picture	777	9250485	0	3	20303	8	0	next	other	0
210218_RL#220_15g	822	Manual	2	9270500	20015	NA
210218_RL#220_15g	823	Sound	212	9272052	1264	1			0		other	0
210218_RL#220_15g	824	Picture	555	9275949	0	3	10152	7	0	next	other	0
210218_RL#220_15g	825	Picture	10	9286102	0	4	20138	8	0	next	miss	0
210218_RL#220_15g	826	Picture	411	9306240	0	5	1001	6	0	next	other	0
210218_RL#220_15g	827	Picture	666	9307241	0	2	20304	3	0	next	other	0
210218_RL#220_15g	828	Picture	777	9327545	0	1	20305	2	0	next	other	0
210218_RL#220_15g	828	Manual	2	9347559	20014	NA
210218_RL#220_15g	829	Sound	212	9349052	1202	1			0		other	0
210218_RL#220_15g	830	Picture	555	9353176	0	1	10319	2	0	next	other	0
210218_RL#220_15g	831	Picture	10	9363495	0	1	20303	4	0	next	miss	0
210218_RL#220_15g	832	Picture	411	9383798	0	3	834	4	0	next	other	0
210218_RL#220_15g	833	Picture	666	9384632	0	2	20137	5	0	next	other	0
210218_RL#220_15g	834	Picture	777	9404769	0	4	20138	7	0	next	other	0
210218_RL#220_15g	834	Manual	1	9424782	20013	NA
210218_RL#220_15g	835	Sound	211	9426052	1145	1			0		other	0
210218_RL#220_15g	835	Port Input	1	9428739	3832	4
210218_RL#220_15g	835	Response	1	9428739	3832	4
210218_RL#220_15g	835	Port Input	1	9430029	5122	5
210218_RL#220_15g	835	Response	1	9430029	5122	5
210218_RL#220_15g	836	Picture	555	9430067	0	4	10152	8	0	next	false_alarm	3669
210218_RL#220_15g	836	Port Input	1	9431819	1752	4
210218_RL#220_15g	836	Response	1	9431819	1752	4
210218_RL#220_15g	836	Port Input	1	9433666	3599	4
210218_RL#220_15g	836	Response	1	9433666	3599	4
210218_RL#220_15g	836	Port Input	1	9435651	5584	4
210218_RL#220_15g	836	Response	1	9435651	5584	4
210218_RL#220_15g	836	Port Input	1	9437640	7573	4
210218_RL#220_15g	836	Response	1	9437640	7573	4
210218_RL#220_15g	836	Port Input	1	9439502	9435	5
210218_RL#220_15g	836	Response	1	9439502	9435	5
210218_RL#220_15g	837	Picture	10	9440219	0	4	1165	8	0	next	hit	3680
210218_RL#220_15g	837	Port Input	1	9441171	951	5
210218_RL#220_15g	837	Response	1	9441171	951	5
210218_RL#220_15g	837	Port Input	1	9441175	956	4
210218_RL#220_15g	837	Response	1	9441175	956	4
210218_RL#220_15g	838	Picture	351	9441384	0	4	499	8	0	next	other	0
210218_RL#220_15g	839	Picture	1	9441883	0	4	20307	5	0	next	false_alarm	3686
210218_RL#220_15g	839	Port Input	1	9442729	846	4
210218_RL#220_15g	839	Response	1	9442729	846	4
210218_RL#220_15g	839	Port Input	1	9443756	1873	4
210218_RL#220_15g	839	Response	1	9443756	1873	4
210218_RL#220_15g	839	Port Input	1	9443759	1876	4
210218_RL#220_15g	839	Response	1	9443759	1876	4
210218_RL#220_15g	839	Port Input	1	9444949	3066	4
210218_RL#220_15g	839	Response	1	9444949	3066	4
210218_RL#220_15g	839	Port Input	1	9446269	4386	4
210218_RL#220_15g	839	Response	1	9446269	4386	4
210218_RL#220_15g	839	Port Input	1	9446273	4390	4
210218_RL#220_15g	839	Response	1	9446273	4390	4
210218_RL#220_15g	839	Port Input	1	9447693	5810	3
210218_RL#220_15g	839	Response	1	9447693	5810	3
210218_RL#220_15g	839	Port Input	1	9449283	7400	4
210218_RL#220_15g	839	Response	1	9449283	7400	4
210218_RL#220_15g	839	Port Input	1	9451061	9178	4
210218_RL#220_15g	839	Response	1	9451061	9178	4
210218_RL#220_15g	839	Port Input	1	9452763	10880	4
210218_RL#220_15g	839	Response	1	9452763	10880	4
210218_RL#220_15g	839	Port Input	1	9454381	12498	4
210218_RL#220_15g	839	Response	1	9454381	12498	4
210218_RL#220_15g	840	Picture	3511	9462190	0	1	832	1	0	next	other	0
210218_RL#220_15g	841	Picture	666	9463022	0	1	20305	2	0	next	other	0
210218_RL#220_15g	842	Picture	777	9483327	0	1	20303	4	0	next	other	0
210218_RL#220_15g	842	Manual	2	9503345	20018	NA
210218_RL#220_15g	843	Sound	211	9505052	1422	1			0		other	0
210218_RL#220_15g	843	Port Input	1	9507313	3683	4
210218_RL#220_15g	843	Response	1	9507313	3683	4
210218_RL#220_15g	843	Port Input	1	9508549	4919	4
210218_RL#220_15g	843	Response	1	9508549	4919	4
210218_RL#220_15g	844	Picture	555	9508790	0	3	10154	5	0	next	false_alarm	3718
210218_RL#220_15g	844	Port Input	1	9510284	1494	4
210218_RL#220_15g	844	Response	1	9510284	1494	4
210218_RL#220_15g	844	Port Input	1	9512237	3448	4
210218_RL#220_15g	844	Response	1	9512237	3448	4
210218_RL#220_15g	844	Port Input	1	9512241	3451	4
210218_RL#220_15g	844	Response	1	9512241	3451	4
210218_RL#220_15g	844	Port Input	1	9514338	5548	4
210218_RL#220_15g	844	Response	1	9514338	5548	4
210218_RL#220_15g	844	Port Input	1	9516373	7583	4
210218_RL#220_15g	844	Response	1	9516373	7583	4
210218_RL#220_15g	844	Port Input	1	9517888	9098	4
210218_RL#220_15g	844	Response	1	9517888	9098	4
210218_RL#220_15g	845	Picture	10	9518943	0	2	664	6	0	next	hit	3731
210218_RL#220_15g	845	Port Input	1	9519357	414	4
210218_RL#220_15g	845	Response	1	9519357	414	4
210218_RL#220_15g	846	Picture	351	9519607	0	4	666	7	0	next	other	0
210218_RL#220_15g	847	Picture	1	9520274	0	3	20138	7	0	next	false_alarm	3735
210218_RL#220_15g	847	Port Input	1	9520829	555	3
210218_RL#220_15g	847	Response	1	9520829	555	3
210218_RL#220_15g	847	Port Input	1	9521931	1657	4
210218_RL#220_15g	847	Response	1	9521931	1657	4
210218_RL#220_15g	847	Port Input	1	9523164	2890	4
210218_RL#220_15g	847	Response	1	9523164	2890	4
210218_RL#220_15g	847	Port Input	1	9524500	4226	4
210218_RL#220_15g	847	Response	1	9524500	4226	4
210218_RL#220_15g	847	Port Input	1	9525986	5712	4
210218_RL#220_15g	847	Response	1	9525986	5712	4
210218_RL#220_15g	847	Port Input	1	9527515	7241	3
210218_RL#220_15g	847	Response	1	9527515	7241	3
210218_RL#220_15g	847	Port Input	1	9529150	8876	4
210218_RL#220_15g	847	Response	1	9529150	8876	4
210218_RL#220_15g	847	Port Input	1	9531018	10744	4
210218_RL#220_15g	847	Response	1	9531018	10744	4
210218_RL#220_15g	848	Picture	3511	9540412	0	4	998	8	0	next	other	0
210218_RL#220_15g	849	Picture	666	9541410	0	4	20138	8	0	next	other	0
210218_RL#220_15g	850	Picture	777	9561549	0	5	20303	9	0	next	other	0
210218_RL#220_15g	850	Manual	1	9581562	20013	NA
210218_RL#220_15g	851	Sound	212	9583052	1200	1			0		other	0
210218_RL#220_15g	852	Picture	555	9587181	0	1	10319	2	0	next	other	0
210218_RL#220_15g	853	Picture	10	9597500	0	1	20303	4	0	next	miss	0
210218_RL#220_15g	854	Picture	411	9617803	0	3	999	5	0	next	other	0
210218_RL#220_15g	855	Picture	666	9618802	0	3	20306	4	0	next	other	0
210218_RL#220_15g	856	Picture	777	9639109	0	2	20137	6	0	next	other	0
210218_RL#220_15g	856	Manual	1	9659121	20012	NA
210218_RL#220_15g	857	Sound	212	9661052	1807	1			0		other	0
210218_RL#220_15g	858	Picture	555	9664405	0	4	10153	8	0	next	other	0
210218_RL#220_15g	859	Picture	10	9674558	0	4	20306	4	0	next	miss	0
210218_RL#220_15g	860	Picture	411	9694864	0	1	999	1	0	next	other	0
210218_RL#220_15g	861	Picture	666	9695862	0	1	20305	2	0	next	other	0
210218_RL#220_15g	862	Picture	777	9716167	0	1	20304	4	0	next	other	0
210218_RL#220_15g	862	Manual	1	9736181	20014	NA
210218_RL#220_15g	863	Sound	211	9738052	1581	1			0		other	0
210218_RL#220_15g	863	Port Input	1	9740604	4134	4
210218_RL#220_15g	863	Response	1	9740604	4134	4
210218_RL#220_15g	864	Picture	555	9741796	0	3	10153	6	0	next	false_alarm	3773
210218_RL#220_15g	864	Port Input	1	9742063	267	3
210218_RL#220_15g	864	Response	1	9742063	267	3
210218_RL#220_15g	864	Port Input	1	9743818	2022	4
210218_RL#220_15g	864	Response	1	9743818	2022	4
210218_RL#220_15g	864	Port Input	1	9745786	3990	4
210218_RL#220_15g	864	Response	1	9745786	3990	4
210218_RL#220_15g	864	Port Input	1	9745790	3994	4
210218_RL#220_15g	864	Response	1	9745790	3994	4
210218_RL#220_15g	864	Port Input	1	9747628	5831	4
210218_RL#220_15g	864	Response	1	9747628	5831	4
210218_RL#220_15g	864	Port Input	1	9747631	5835	4
210218_RL#220_15g	864	Response	1	9747631	5835	4
210218_RL#220_15g	864	Port Input	1	9749457	7661	4
210218_RL#220_15g	864	Response	1	9749457	7661	4
210218_RL#220_15g	864	Port Input	1	9751145	9349	4
210218_RL#220_15g	864	Response	1	9751145	9349	4
210218_RL#220_15g	865	Picture	10	9751949	0	3	998	6	0	next	hit	3790
210218_RL#220_15g	865	Port Input	1	9752653	704	4
210218_RL#220_15g	865	Response	1	9752653	704	4
210218_RL#220_15g	866	Picture	351	9752947	0	3	499	6	0	next	other	0
210218_RL#220_15g	867	Picture	1	9753447	0	3	20139	6	0	next	false_alarm	3794
210218_RL#220_15g	867	Port Input	1	9754127	680	3
210218_RL#220_15g	867	Response	1	9754127	680	3
210218_RL#220_15g	867	Port Input	1	9755258	1811	4
210218_RL#220_15g	867	Response	1	9755258	1811	4
210218_RL#220_15g	867	Port Input	1	9756576	3130	4
210218_RL#220_15g	867	Response	1	9756576	3130	4
210218_RL#220_15g	867	Port Input	1	9756580	3133	4
210218_RL#220_15g	867	Response	1	9756580	3133	4
210218_RL#220_15g	867	Port Input	1	9758022	4576	7
210218_RL#220_15g	867	Response	1	9758022	4576	7
210218_RL#220_15g	867	Port Input	1	9759650	6203	4
210218_RL#220_15g	867	Response	1	9759650	6203	4
210218_RL#220_15g	867	Port Input	1	9761334	7888	4
210218_RL#220_15g	867	Response	1	9761334	7888	4
210218_RL#220_15g	867	Port Input	1	9763014	9568	4
210218_RL#220_15g	867	Response	1	9763014	9568	4
210218_RL#220_15g	867	Port Input	1	9766548	13101	4
210218_RL#220_15g	867	Response	1	9766548	13101	4
210218_RL#220_15g	868	Picture	3511	9773585	0	4	666	6	0	next	other	0
210218_RL#220_15g	869	Picture	666	9774251	0	3	20138	7	0	next	other	0
210218_RL#220_15g	870	Picture	777	9794389	0	4	20306	5	0	next	other	0
210218_RL#220_15g	870	Manual	2	9814407	20018	NA
210218_RL#220_15g	871	Sound	212	9816052	1356	1			0		other	0
210218_RL#220_15g	872	Picture	555	9820021	0	1	10319	1	0	next	other	0
210218_RL#220_15g	873	Picture	10	9830340	0	1	20305	2	0	next	miss	0
210218_RL#220_15g	874	Picture	411	9850645	0	1	997	4	0	next	other	0
210218_RL#220_15g	875	Picture	666	9851642	0	3	20305	6	0	next	other	0
210218_RL#220_15g	876	Picture	777	9871947	0	3	20138	7	0	next	other	0
210218_RL#220_15g	876	Manual	2	9891962	20014	NA
210218_RL#220_15g	877	Sound	211	9894052	1966	1			0		other	0
210218_RL#220_15g	877	Port Input	1	9897144	5058	5
210218_RL#220_15g	877	Response	1	9897144	5058	5
210218_RL#220_15g	878	Picture	555	9897245	0	4	10153	8	0	next	false_alarm	3827
210218_RL#220_15g	878	Port Input	1	9898706	1462	4
210218_RL#220_15g	878	Response	1	9898706	1462	4
210218_RL#220_15g	878	Port Input	1	9900612	3367	4
210218_RL#220_15g	878	Response	1	9900612	3367	4
210218_RL#220_15g	878	Port Input	1	9902643	5398	4
210218_RL#220_15g	878	Response	1	9902643	5398	4
210218_RL#220_15g	878	Port Input	1	9904979	7734	4
210218_RL#220_15g	878	Response	1	9904979	7734	4
210218_RL#220_15g	878	Port Input	1	9906769	9524	4
210218_RL#220_15g	878	Response	1	9906769	9524	4
210218_RL#220_15g	879	Picture	10	9907398	0	4	1331	8	0	next	hit	3838
210218_RL#220_15g	879	Port Input	1	9908558	1161	4
210218_RL#220_15g	879	Response	1	9908558	1161	4
210218_RL#220_15g	880	Picture	351	9908729	0	4	666	8	0	next	other	0
210218_RL#220_15g	881	Picture	1	9909394	0	4	20303	9	0	next	false_alarm	3842
210218_RL#220_15g	881	Port Input	1	9910108	714	4
210218_RL#220_15g	881	Response	1	9910108	714	4
210218_RL#220_15g	881	Port Input	1	9911151	1756	4
210218_RL#220_15g	881	Response	1	9911151	1756	4
210218_RL#220_15g	881	Port Input	1	9912363	2969	4
210218_RL#220_15g	881	Response	1	9912363	2969	4
210218_RL#220_15g	881	Port Input	1	9913788	4393	4
210218_RL#220_15g	881	Response	1	9913788	4393	4
210218_RL#220_15g	881	Port Input	1	9915329	5934	4
210218_RL#220_15g	881	Response	1	9915329	5934	4
210218_RL#220_15g	881	Port Input	1	9916989	7595	4
210218_RL#220_15g	881	Response	1	9916989	7595	4
210218_RL#220_15g	881	Port Input	1	9918759	9365	4
210218_RL#220_15g	881	Response	1	9918759	9365	4
210218_RL#220_15g	881	Port Input	1	9924197	14802	3
210218_RL#220_15g	881	Response	1	9924197	14802	3
210218_RL#220_15g	881	Port Input	1	9925912	16517	4
210218_RL#220_15g	881	Response	1	9925912	16517	4
210218_RL#220_15g	882	Picture	3511	9929697	0	5	836	6	0	next	other	0
210218_RL#220_15g	883	Picture	666	9930533	0	1	20304	2	0	next	other	0
210218_RL#220_15g	884	Picture	777	9950838	0	1	20305	2	0	next	other	0
210218_RL#220_15g	884	Manual	1	9970851	20013	NA
210218_RL#220_15g	885	Sound	212	9973052	1909	1			0		other	0
210218_RL#220_15g	886	Picture	555	9976467	0	3	10319	8	0	next	other	0
210218_RL#220_15g	887	Picture	10	9986786	0	5	20140	7	0	next	miss	0
210218_RL#220_15g	888	Picture	411	10006926	0	2	999	3	0	next	other	0
210218_RL#220_15g	889	Picture	666	10007925	0	2	20136	6	0	next	other	0
210218_RL#220_15g	890	Picture	777	10028061	0	5	20307	6	0	next	other	0
210218_RL#220_15g	890	Manual	1	10048077	20016	NA
210218_RL#220_15g	891	Sound	211	10050052	1684	1			0		other	0
210218_RL#220_15g	891	Port Input	1	10051853	3486	4
210218_RL#220_15g	891	Response	1	10051853	3486	4
210218_RL#220_15g	891	Port Input	1	10053139	4771	4
210218_RL#220_15g	891	Response	1	10053139	4771	4
210218_RL#220_15g	891	Port Input	1	10053142	4774	4
210218_RL#220_15g	891	Response	1	10053142	4774	4
210218_RL#220_15g	892	Picture	555	10053694	0	1	10319	2	0	next	false_alarm	3879
210218_RL#220_15g	892	Port Input	1	10054717	1024	4
210218_RL#220_15g	892	Response	1	10054717	1024	4
210218_RL#220_15g	892	Port Input	1	10056515	2822	4
210218_RL#220_15g	892	Response	1	10056515	2822	4
210218_RL#220_15g	892	Port Input	1	10058280	4586	4
210218_RL#220_15g	892	Response	1	10058280	4586	4
210218_RL#220_15g	892	Port Input	1	10058283	4590	4
210218_RL#220_15g	892	Response	1	10058283	4590	4
210218_RL#220_15g	892	Port Input	1	10060120	6427	4
210218_RL#220_15g	892	Response	1	10060120	6427	4
210218_RL#220_15g	892	Port Input	1	10061809	8115	4
210218_RL#220_15g	892	Response	1	10061809	8115	4
210218_RL#220_15g	892	Port Input	1	10061812	8119	4
210218_RL#220_15g	892	Response	1	10061812	8119	4
210218_RL#220_15g	892	Port Input	1	10063344	9650	4
210218_RL#220_15g	892	Response	1	10063344	9650	4
210218_RL#220_15g	893	Picture	10	10064013	0	1	1165	1	0	next	hit	3896
210218_RL#220_15g	893	Port Input	1	10064868	855	4
210218_RL#220_15g	893	Response	1	10064868	855	4
210218_RL#220_15g	893	Port Input	1	10064871	858	4
210218_RL#220_15g	893	Response	1	10064871	858	4
210218_RL#220_15g	894	Picture	351	10065178	0	1	666	1	0	next	other	0
210218_RL#220_15g	895	Picture	1	10065844	0	1	20305	2	0	next	false_alarm	3902
210218_RL#220_15g	895	Port Input	1	10066366	523	3
210218_RL#220_15g	895	Response	1	10066366	523	3
210218_RL#220_15g	895	Port Input	1	10067516	1672	3
210218_RL#220_15g	895	Response	1	10067516	1672	3
210218_RL#220_15g	895	Port Input	1	10067519	1675	4
210218_RL#220_15g	895	Response	1	10067519	1675	4
210218_RL#220_15g	895	Port Input	1	10068799	2955	4
210218_RL#220_15g	895	Response	1	10068799	2955	4
210218_RL#220_15g	895	Port Input	1	10070182	4338	4
210218_RL#220_15g	895	Response	1	10070182	4338	4
210218_RL#220_15g	895	Port Input	1	10071779	5935	4
210218_RL#220_15g	895	Response	1	10071779	5935	4
210218_RL#220_15g	895	Port Input	1	10073429	7586	4
210218_RL#220_15g	895	Response	1	10073429	7586	4
210218_RL#220_15g	895	Port Input	1	10076284	10441	4
210218_RL#220_15g	895	Response	1	10076284	10441	4
210218_RL#220_15g	895	Port Input	1	10077779	11936	4
210218_RL#220_15g	895	Response	1	10077779	11936	4
210218_RL#220_15g	895	Port Input	1	10077783	11939	4
210218_RL#220_15g	895	Response	1	10077783	11939	4
210218_RL#220_15g	896	Picture	3511	10086148	0	1	666	4	0	next	other	0
210218_RL#220_15g	897	Picture	666	10086814	0	3	20303	6	0	next	other	0
210218_RL#220_15g	898	Picture	777	10107117	0	3	20305	7	0	next	other	0
210218_RL#220_15g	898	Manual	2	10127136	20018	NA
210218_RL#220_15g	899	Sound	212	10129051	1629	1			0		other	0
210218_RL#220_15g	900	Picture	555	10132582	0	4	10148	11	0	next	other	0
210218_RL#220_15g	901	Picture	10	10142730	0	8	20310	9	0	next	miss	0
210218_RL#220_15g	902	Picture	411	10163040	0	1	1165	2	0	next	other	0
210218_RL#220_15g	903	Picture	666	10164206	0	1	20305	2	0	next	other	0
210218_RL#220_15g	904	Picture	777	10184510	0	1	20304	3	0	next	other	0
210218_RL#220_15g	904	Manual	2	10204523	20012	NA
210218_RL#220_15g	905	Sound	212	10206051	1237	1			0		other	0
210218_RL#220_15g	906	Picture	555	10210140	0	3	10319	6	0	next	other	0
210218_RL#220_15g	907	Picture	10	10220458	0	3	20139	7	0	next	miss	0
210218_RL#220_15g	908	Picture	411	10240597	0	4	999	7	0	next	other	0
210218_RL#220_15g	909	Picture	666	10241595	0	4	20139	7	0	next	other	0
210218_RL#220_15g	910	Picture	777	10261734	0	4	20306	5	0	next	other	0
210218_RL#220_15g	910	Manual	1	10281749	20015	NA
210218_RL#220_15g	911	Sound	211	10283051	1011	1			0		other	0
210218_RL#220_15g	911	Port Input	1	10285263	3223	4
210218_RL#220_15g	911	Response	1	10285263	3223	4
210218_RL#220_15g	911	Port Input	1	10286579	4538	4
210218_RL#220_15g	911	Response	1	10286579	4538	4
210218_RL#220_15g	912	Picture	555	10287367	0	1	10319	1	0	next	false_alarm	3946
210218_RL#220_15g	912	Port Input	1	10288255	889	4
210218_RL#220_15g	912	Response	1	10288255	889	4
210218_RL#220_15g	912	Port Input	1	10290201	2835	5
210218_RL#220_15g	912	Response	1	10290201	2835	5
210218_RL#220_15g	912	Port Input	1	10291950	4584	4
210218_RL#220_15g	912	Response	1	10291950	4584	4
210218_RL#220_15g	912	Port Input	1	10293643	6277	4
210218_RL#220_15g	912	Response	1	10293643	6277	4
210218_RL#220_15g	912	Port Input	1	10295413	8046	5
210218_RL#220_15g	912	Response	1	10295413	8046	5
210218_RL#220_15g	912	Port Input	1	10297029	9662	4
210218_RL#220_15g	912	Response	1	10297029	9662	4
210218_RL#220_15g	913	Picture	10	10297685	0	1	1165	2	0	next	hit	3959
210218_RL#220_15g	913	Port Input	1	10298584	899	4
210218_RL#220_15g	913	Response	1	10298584	899	4
210218_RL#220_15g	914	Picture	351	10298850	0	1	666	2	0	next	other	0
210218_RL#220_15g	915	Picture	1	10299516	0	1	20305	2	0	next	false_alarm	3963
210218_RL#220_15g	915	Port Input	1	10300119	603	4
210218_RL#220_15g	915	Response	1	10300119	603	4
210218_RL#220_15g	915	Port Input	1	10300122	606	4
210218_RL#220_15g	915	Response	1	10300122	606	4
210218_RL#220_15g	915	Port Input	1	10301143	1628	5
210218_RL#220_15g	915	Response	1	10301143	1628	5
210218_RL#220_15g	915	Port Input	1	10302368	2852	4
210218_RL#220_15g	915	Response	1	10302368	2852	4
210218_RL#220_15g	915	Port Input	1	10303767	4251	4
210218_RL#220_15g	915	Response	1	10303767	4251	4
210218_RL#220_15g	915	Port Input	1	10305258	5742	4
210218_RL#220_15g	915	Response	1	10305258	5742	4
210218_RL#220_15g	915	Port Input	1	10306886	7370	4
210218_RL#220_15g	915	Response	1	10306886	7370	4
210218_RL#220_15g	915	Port Input	1	10308574	9058	4
210218_RL#220_15g	915	Response	1	10308574	9058	4
210218_RL#220_15g	915	Port Input	1	10308578	9062	4
210218_RL#220_15g	915	Response	1	10308578	9062	4
210218_RL#220_15g	915	Port Input	1	10312063	12547	5
210218_RL#220_15g	915	Response	1	10312063	12547	5
210218_RL#220_15g	915	Port Input	1	10314012	14497	4
210218_RL#220_15g	915	Response	1	10314012	14497	4
210218_RL#220_15g	915	Port Input	1	10314016	14500	4
210218_RL#220_15g	915	Response	1	10314016	14500	4
210218_RL#220_15g	915	Port Input	1	10316793	17277	5
210218_RL#220_15g	915	Response	1	10316793	17277	5
210218_RL#220_15g	916	Picture	3511	10319821	0	1	665	3	0	next	other	0
210218_RL#220_15g	917	Picture	666	10320485	0	2	20304	5	0	next	other	0
210218_RL#220_15g	918	Picture	777	10340789	0	4	20307	5	0	next	other	0
210218_RL#220_15g	918	Manual	2	10360804	20015	NA
210218_RL#220_15g	919	Sound	211	10363051	1955	1			0		other	0
210218_RL#220_15g	919	Port Input	1	10365998	4901	4
210218_RL#220_15g	919	Response	1	10365998	4901	4
210218_RL#220_15g	920	Picture	555	10366254	0	4	10152	7	0	next	false_alarm	3997
210218_RL#220_15g	920	Port Input	1	10367396	1141	4
210218_RL#220_15g	920	Response	1	10367396	1141	4
210218_RL#220_15g	920	Port Input	1	10369076	2822	4
210218_RL#220_15g	920	Response	1	10369076	2822	4
210218_RL#220_15g	920	Port Input	1	10371124	4870	4
210218_RL#220_15g	920	Response	1	10371124	4870	4
210218_RL#220_15g	920	Port Input	1	10373245	6990	4
210218_RL#220_15g	920	Response	1	10373245	6990	4
210218_RL#220_15g	920	Port Input	1	10375146	8891	4
210218_RL#220_15g	920	Response	1	10375146	8891	4
210218_RL#220_15g	921	Picture	10	10376407	0	4	499	7	0	next	hit	4008
210218_RL#220_15g	921	Port Input	1	10376789	382	4
210218_RL#220_15g	921	Response	1	10376789	382	4
210218_RL#220_15g	922	Picture	351	10376906	0	4	501	5	0	next	other	0
210218_RL#220_15g	923	Picture	1	10377407	0	2	20304	3	0	next	false_alarm	4012
210218_RL#220_15g	923	Port Input	1	10378698	1291	4
210218_RL#220_15g	923	Response	1	10378698	1291	4
210218_RL#220_15g	923	Port Input	1	10379804	2397	4
210218_RL#220_15g	923	Response	1	10379804	2397	4
210218_RL#220_15g	923	Port Input	1	10381102	3695	4
210218_RL#220_15g	923	Response	1	10381102	3695	4
210218_RL#220_15g	923	Port Input	1	10382587	5180	4
210218_RL#220_15g	923	Response	1	10382587	5180	4
210218_RL#220_15g	923	Port Input	1	10384245	6838	4
210218_RL#220_15g	923	Response	1	10384245	6838	4
210218_RL#220_15g	923	Port Input	1	10385984	8577	4
210218_RL#220_15g	923	Response	1	10385984	8577	4
210218_RL#220_15g	923	Port Input	1	10387636	10229	4
210218_RL#220_15g	923	Response	1	10387636	10229	4
210218_RL#220_15g	923	Port Input	1	10396987	19580	4
210218_RL#220_15g	923	Response	1	10396987	19580	4
210218_RL#220_15g	923	Port Input	1	10396991	19584	5
210218_RL#220_15g	923	Response	1	10396991	19584	5
210218_RL#220_15g	924	Picture	3511	10397711	0	1	833	2	0	next	other	0
210218_RL#220_15g	924	Port Input	1	10398424	713	4
210218_RL#220_15g	924	Response	1	10398424	713	4
210218_RL#220_15g	925	Picture	666	10398544	0	1	20304	2	0	next	other	0
210218_RL#220_15g	926	Picture	777	10418848	0	1	20304	3	0	next	other	0
210218_RL#220_15g	926	Manual	1	10438865	20017	NA
210218_RL#220_15g	927	Sound	212	10441051	1899	1			0		other	0
210218_RL#220_15g	928	Picture	555	10444478	0	3	10319	5	0	next	other	0
210218_RL#220_15g	929	Picture	10	10454797	0	3	20138	6	0	next	miss	0
210218_RL#220_15g	930	Picture	411	10474935	0	4	1165	7	0	next	other	0
210218_RL#220_15g	931	Picture	666	10476100	0	4	20139	7	0	next	other	0
210218_RL#220_15g	932	Picture	777	10496239	0	4	20307	5	0	next	other	0
210218_RL#220_15g	932	Manual	1	10516252	20013	NA
210218_RL#220_15g	933	Sound	211	10518051	1506	1			0		other	0
210218_RL#220_15g	933	Port Input	1	10520744	4199	4
210218_RL#220_15g	933	Response	1	10520744	4199	4
210218_RL#220_15g	934	Picture	555	10521871	0	1	10319	2	0	next	false_alarm	4047
210218_RL#220_15g	934	Port Input	1	10522078	207	4
210218_RL#220_15g	934	Response	1	10522078	207	4
210218_RL#220_15g	934	Port Input	1	10523873	2002	4
210218_RL#220_15g	934	Response	1	10523873	2002	4
210218_RL#220_15g	934	Port Input	1	10525841	3970	5
210218_RL#220_15g	934	Response	1	10525841	3970	5
210218_RL#220_15g	934	Port Input	1	10528037	6167	5
210218_RL#220_15g	934	Response	1	10528037	6167	5
210218_RL#220_15g	934	Port Input	1	10530125	8255	4
210218_RL#220_15g	934	Response	1	10530125	8255	4
210218_RL#220_15g	934	Port Input	1	10532083	10212	5
210218_RL#220_15g	934	Response	1	10532083	10212	5
210218_RL#220_15g	935	Picture	10	10532190	0	1	1831	2	0	next	hit	4060
210218_RL#220_15g	935	Port Input	1	10533753	1563	4
210218_RL#220_15g	935	Response	1	10533753	1563	4
210218_RL#220_15g	936	Picture	351	10534020	0	1	666	2	0	next	other	0
210218_RL#220_15g	937	Picture	1	10534686	0	1	20305	2	0	next	false_alarm	4064
210218_RL#220_15g	937	Port Input	1	10535353	667	4
210218_RL#220_15g	937	Response	1	10535353	667	4
210218_RL#220_15g	937	Port Input	1	10536359	1673	4
210218_RL#220_15g	937	Response	1	10536359	1673	4
210218_RL#220_15g	937	Port Input	1	10537571	2885	4
210218_RL#220_15g	937	Response	1	10537571	2885	4
210218_RL#220_15g	937	Port Input	1	10537574	2888	4
210218_RL#220_15g	937	Response	1	10537574	2888	4
210218_RL#220_15g	937	Port Input	1	10538996	4310	4
210218_RL#220_15g	937	Response	1	10538996	4310	4
210218_RL#220_15g	937	Port Input	1	10540440	5754	4
210218_RL#220_15g	937	Response	1	10540440	5754	4
210218_RL#220_15g	937	Port Input	1	10540444	5758	4
210218_RL#220_15g	937	Response	1	10540444	5758	4
210218_RL#220_15g	937	Port Input	1	10541917	7231	4
210218_RL#220_15g	937	Response	1	10541917	7231	4
210218_RL#220_15g	937	Port Input	1	10543635	8949	4
210218_RL#220_15g	937	Response	1	10543635	8949	4
210218_RL#220_15g	937	Port Input	1	10545541	10855	5
210218_RL#220_15g	937	Response	1	10545541	10855	5
210218_RL#220_15g	938	Picture	3511	10554991	0	1	832	2	0	next	other	0
210218_RL#220_15g	939	Picture	666	10555823	0	1	20303	4	0	next	other	0
210218_RL#220_15g	940	Picture	777	10576127	0	3	20307	5	0	next	other	0
210218_RL#220_15g	940	Manual	2	10596139	20013	NA
210218_RL#220_15g	941	Sound	211	10598051	1618	1			0		other	0
210218_RL#220_15g	941	Port Input	1	10601387	4954	4
210218_RL#220_15g	941	Response	1	10601387	4954	4
210218_RL#220_15g	942	Picture	555	10601591	0	4	10153	7	0	next	false_alarm	4092
210218_RL#220_15g	942	Port Input	1	10603023	1432	5
210218_RL#220_15g	942	Response	1	10603023	1432	5
210218_RL#220_15g	942	Port Input	1	10605065	3474	4
210218_RL#220_15g	942	Response	1	10605065	3474	4
210218_RL#220_15g	942	Port Input	1	10607040	5450	4
210218_RL#220_15g	942	Response	1	10607040	5450	4
210218_RL#220_15g	942	Port Input	1	10608704	7113	4
210218_RL#220_15g	942	Response	1	10608704	7113	4
210218_RL#220_15g	942	Port Input	1	10610350	8759	4
210218_RL#220_15g	942	Response	1	10610350	8759	4
210218_RL#220_15g	942	Port Input	1	10610353	8763	4
210218_RL#220_15g	942	Response	1	10610353	8763	4
210218_RL#220_15g	943	Picture	10	10611743	0	4	333	7	0	next	hit	4105
210218_RL#220_15g	943	Port Input	1	10611869	125	4
210218_RL#220_15g	943	Response	1	10611869	125	4
210218_RL#220_15g	944	Picture	351	10612076	0	4	499	8	0	next	other	0
210218_RL#220_15g	945	Picture	1	10612575	0	4	20139	8	0	next	false_alarm	4109
210218_RL#220_15g	945	Port Input	1	10613241	666	4
210218_RL#220_15g	945	Response	1	10613241	666	4
210218_RL#220_15g	945	Port Input	1	10614294	1719	4
210218_RL#220_15g	945	Response	1	10614294	1719	4
210218_RL#220_15g	945	Port Input	1	10615582	3007	4
210218_RL#220_15g	945	Response	1	10615582	3007	4
210218_RL#220_15g	945	Port Input	1	10616930	4355	4
210218_RL#220_15g	945	Response	1	10616930	4355	4
210218_RL#220_15g	945	Port Input	1	10618387	5812	4
210218_RL#220_15g	945	Response	1	10618387	5812	4
210218_RL#220_15g	945	Port Input	1	10618391	5815	4
210218_RL#220_15g	945	Response	1	10618391	5815	4
210218_RL#220_15g	945	Port Input	1	10619847	7272	4
210218_RL#220_15g	945	Response	1	10619847	7272	4
210218_RL#220_15g	945	Port Input	1	10621510	8935	4
210218_RL#220_15g	945	Response	1	10621510	8935	4
210218_RL#220_15g	945	Port Input	1	10623304	10729	4
210218_RL#220_15g	945	Response	1	10623304	10729	4
210218_RL#220_15g	945	Port Input	1	10624949	12374	4
210218_RL#220_15g	945	Response	1	10624949	12374	4
210218_RL#220_15g	945	Port Input	1	10628567	15992	4
210218_RL#220_15g	945	Response	1	10628567	15992	4
210218_RL#220_15g	945	Port Input	1	10628570	15995	4
210218_RL#220_15g	945	Response	1	10628570	15995	4
210218_RL#220_15g	946	Picture	3511	10632714	0	5	834	7	0	next	other	0
210218_RL#220_15g	947	Picture	666	10633548	0	2	20305	3	0	next	other	0
210218_RL#220_15g	948	Picture	777	10653853	0	1	20305	2	0	next	other	0
210218_RL#220_15g	948	Manual	1	10673869	20016	NA
210218_RL#220_15g	949	Sound	212	10676051	1894	1			0		other	0
210218_RL#220_15g	950	Picture	555	10679481	0	3	10319	6	0	next	other	0
210218_RL#220_15g	951	Picture	10	10689800	0	3	20305	6	0	next	miss	0
210218_RL#220_15g	952	Picture	411	10710105	0	4	1000	5	0	next	other	0
210218_RL#220_15g	953	Picture	666	10711106	0	2	20137	5	0	next	other	0
210218_RL#220_15g	954	Picture	777	10731243	0	4	20138	8	0	next	other	0
210218_RL#220_15g	954	Manual	1	10751261	20018	NA
210218_RL#220_15g	955	Sound	211	10753051	1670	1			0		other	0
210218_RL#220_15g	955	Port Input	1	10755969	4589	5
210218_RL#220_15g	955	Response	1	10755969	4589	5
210218_RL#220_15g	956	Picture	555	10756708	0	1	10319	2	0	next	false_alarm	4148
210218_RL#220_15g	956	Port Input	1	10757514	806	4
210218_RL#220_15g	956	Response	1	10757514	806	4
210218_RL#220_15g	956	Port Input	1	10759512	2804	5
210218_RL#220_15g	956	Response	1	10759512	2804	5
210218_RL#220_15g	956	Port Input	1	10761667	4959	4
210218_RL#220_15g	956	Response	1	10761667	4959	4
210218_RL#220_15g	956	Port Input	1	10763490	6782	4
210218_RL#220_15g	956	Response	1	10763490	6782	4
210218_RL#220_15g	956	Port Input	1	10763494	6786	4
210218_RL#220_15g	956	Response	1	10763494	6786	4
210218_RL#220_15g	957	Picture	10	10767027	0	1	666	2	0	next	hit	4159
210218_RL#220_15g	957	Port Input	1	10767344	317	3
210218_RL#220_15g	957	Response	1	10767344	317	3
210218_RL#220_15g	958	Picture	351	10767693	0	1	666	2	0	next	other	0
210218_RL#220_15g	959	Picture	1	10768359	0	1	20305	2	0	next	false_alarm	4163
210218_RL#220_15g	959	Port Input	1	10769697	1338	4
210218_RL#220_15g	959	Response	1	10769697	1338	4
210218_RL#220_15g	959	Port Input	1	10770759	2400	4
210218_RL#220_15g	959	Response	1	10770759	2400	4
210218_RL#220_15g	959	Port Input	1	10771977	3619	5
210218_RL#220_15g	959	Response	1	10771977	3619	5
210218_RL#220_15g	959	Port Input	1	10773265	4906	5
210218_RL#220_15g	959	Response	1	10773265	4906	5
210218_RL#220_15g	959	Port Input	1	10774667	6309	5
210218_RL#220_15g	959	Response	1	10774667	6309	5
210218_RL#220_15g	959	Port Input	1	10776248	7890	4
210218_RL#220_15g	959	Response	1	10776248	7890	4
210218_RL#220_15g	959	Port Input	1	10776252	7893	4
210218_RL#220_15g	959	Response	1	10776252	7893	4
210218_RL#220_15g	959	Port Input	1	10778150	9792	5
210218_RL#220_15g	959	Response	1	10778150	9792	5
210218_RL#220_15g	959	Port Input	1	10778155	9796	4
210218_RL#220_15g	959	Response	1	10778155	9796	4
210218_RL#220_15g	959	Port Input	1	10779880	11522	4
210218_RL#220_15g	959	Response	1	10779880	11522	4
210218_RL#220_15g	960	Picture	3511	10788664	0	1	665	2	0	next	other	0
210218_RL#220_15g	961	Picture	666	10789329	0	1	20304	4	0	next	other	0
210218_RL#220_15g	962	Picture	777	10809633	0	3	20305	6	0	next	other	0
210218_RL#220_15g	962	Manual	2	10829645	20012	NA
210218_RL#220_15g	963	Sound	212	10831051	1113	1			0		other	0
210218_RL#220_15g	964	Picture	555	10835097	0	4	10154	5	0	next	other	0
210218_RL#220_15g	965	Picture	10	10845251	0	2	20137	6	0	next	miss	0
210218_RL#220_15g	966	Picture	411	10865388	0	5	999	8	0	next	other	0
210218_RL#220_15g	967	Picture	666	10866386	0	4	20307	5	0	next	other	0
210218_RL#220_15g	968	Picture	777	10886693	0	1	20305	2	0	next	other	0
210218_RL#220_15g	968	Manual	2	10906712	20020	NA
210218_RL#220_15g	969	Sound	211	10908051	1053	1			0		other	0
210218_RL#220_15g	969	Port Input	1	10909957	2960	3
210218_RL#220_15g	969	Response	1	10909957	2960	3
210218_RL#220_15g	969	Port Input	1	10909961	2963	3
210218_RL#220_15g	969	Response	1	10909961	2963	3
210218_RL#220_15g	969	Port Input	1	10911406	4408	3
210218_RL#220_15g	969	Response	1	10911406	4408	3
210218_RL#220_15g	969	Port Input	1	10911409	4412	4
210218_RL#220_15g	969	Response	1	10911409	4412	4
210218_RL#220_15g	970	Picture	555	10912324	0	1	10318	3	0	next	false_alarm	4204
210218_RL#220_15g	970	Port Input	1	10913160	837	4
210218_RL#220_15g	970	Response	1	10913160	837	4
210218_RL#220_15g	970	Port Input	1	10913164	840	4
210218_RL#220_15g	970	Response	1	10913164	840	4
210218_RL#220_15g	970	Port Input	1	10915035	2711	4
210218_RL#220_15g	970	Response	1	10915035	2711	4
210218_RL#220_15g	970	Port Input	1	10915038	2715	4
210218_RL#220_15g	970	Response	1	10915038	2715	4
210218_RL#220_15g	970	Port Input	1	10916872	4548	4
210218_RL#220_15g	970	Response	1	10916872	4548	4
210218_RL#220_15g	970	Port Input	1	10918653	6330	4
210218_RL#220_15g	970	Response	1	10918653	6330	4
210218_RL#220_15g	970	Port Input	1	10920319	7996	4
210218_RL#220_15g	970	Response	1	10920319	7996	4
210218_RL#220_15g	970	Port Input	1	10921792	9469	4
210218_RL#220_15g	970	Response	1	10921792	9469	4
210218_RL#220_15g	970	Port Input	1	10921798	9474	3
210218_RL#220_15g	970	Response	1	10921798	9474	3
210218_RL#220_15g	971	Picture	10	10922641	0	3	998	6	0	next	hit	4223
210218_RL#220_15g	971	Port Input	1	10923456	815	3
210218_RL#220_15g	971	Response	1	10923456	815	3
210218_RL#220_15g	972	Picture	351	10923639	0	3	499	6	0	next	other	0
210218_RL#220_15g	973	Picture	1	10924138	0	3	20305	6	0	next	false_alarm	4227
210218_RL#220_15g	973	Port Input	1	10924927	788	4
210218_RL#220_15g	973	Response	1	10924927	788	4
210218_RL#220_15g	973	Port Input	1	10925979	1840	4
210218_RL#220_15g	973	Response	1	10925979	1840	4
210218_RL#220_15g	973	Port Input	1	10927203	3065	4
210218_RL#220_15g	973	Response	1	10927203	3065	4
210218_RL#220_15g	973	Port Input	1	10928785	4647	4
210218_RL#220_15g	973	Response	1	10928785	4647	4
210218_RL#220_15g	973	Port Input	1	10930419	6280	4
210218_RL#220_15g	973	Response	1	10930419	6280	4
210218_RL#220_15g	973	Port Input	1	10932028	7890	3
210218_RL#220_15g	973	Response	1	10932028	7890	3
210218_RL#220_15g	973	Port Input	1	10933949	9811	4
210218_RL#220_15g	973	Response	1	10933949	9811	4
210218_RL#220_15g	973	Port Input	1	10936233	12095	4
210218_RL#220_15g	973	Response	1	10936233	12095	4
210218_RL#220_15g	973	Port Input	1	10937832	13693	4
210218_RL#220_15g	973	Response	1	10937832	13693	4
210218_RL#220_15g	974	Picture	3511	10944444	0	3	998	7	0	next	other	0
210218_RL#220_15g	975	Picture	666	10945442	0	4	20139	7	0	next	other	0
210218_RL#220_15g	976	Picture	777	10965581	0	4	20139	7	0	next	other	0
210218_RL#220_15g	976	Manual	1	10985596	20015	NA
210218_RL#220_15g	977	Sound	212	10987051	1332	1			0		other	0
210218_RL#220_15g	978	Picture	555	10991046	0	1	10319	2	0	next	other	0
210218_RL#220_15g	979	Picture	10	11001365	0	1	20305	2	0	next	miss	0
210218_RL#220_15g	980	Picture	411	11021670	0	1	999	2	0	next	other	0
210218_RL#220_15g	981	Picture	666	11022669	0	1	20303	4	0	next	other	0
210218_RL#220_15g	982	Picture	777	11042972	0	3	20305	6	0	next	other	0
210218_RL#220_15g	982	Manual	2	11062989	20017	NA
210218_RL#220_15g	983	Sound	212	11065051	1774	1			0		other	0
210218_RL#220_15g	984	Picture	555	11068437	0	3	10152	7	0	next	other	0
210218_RL#220_15g	985	Picture	10	11078589	0	4	20134	12	0	next	miss	0
210218_RL#220_15g	986	Picture	411	11098723	0	8	838	10	0	next	other	0
210218_RL#220_15g	987	Picture	666	11099561	0	2	20305	3	0	next	other	0
210218_RL#220_15g	988	Picture	777	11119866	0	1	20305	1	0	next	other	0
210218_RL#220_15g	988	Manual	1	11139879	20013	NA
210218_RL#220_15g	989	Sound	211	11142051	1880	1			0		other	0
210218_RL#220_15g	989	Port Input	1	11144711	4541	4
210218_RL#220_15g	989	Response	1	11144711	4541	4
210218_RL#220_15g	990	Picture	555	11145496	0	1	10317	4	0	next	false_alarm	4267
210218_RL#220_15g	990	Port Input	1	11146085	589	3
210218_RL#220_15g	990	Response	1	11146085	589	3
210218_RL#220_15g	990	Port Input	1	11146088	592	3
210218_RL#220_15g	990	Response	1	11146088	592	3
210218_RL#220_15g	990	Port Input	1	11147883	2387	4
210218_RL#220_15g	990	Response	1	11147883	2387	4
210218_RL#220_15g	990	Port Input	1	11149697	4200	4
210218_RL#220_15g	990	Response	1	11149697	4200	4
210218_RL#220_15g	990	Port Input	1	11151472	5976	4
210218_RL#220_15g	990	Response	1	11151472	5976	4
210218_RL#220_15g	990	Port Input	1	11153193	7697	4
210218_RL#220_15g	990	Response	1	11153193	7697	4
210218_RL#220_15g	990	Port Input	1	11154857	9360	4
210218_RL#220_15g	990	Response	1	11154857	9360	4
210218_RL#220_15g	991	Picture	10	11155814	0	3	832	6	0	next	hit	4282
210218_RL#220_15g	991	Port Input	1	11156463	650	4
210218_RL#220_15g	991	Response	1	11156463	650	4
210218_RL#220_15g	992	Picture	351	11156646	0	3	499	6	0	next	other	0
210218_RL#220_15g	993	Picture	1	11157145	0	3	20307	4	0	next	false_alarm	4286
210218_RL#220_15g	993	Port Input	1	11157938	794	5
210218_RL#220_15g	993	Response	1	11157938	794	5
210218_RL#220_15g	993	Port Input	1	11159034	1889	4
210218_RL#220_15g	993	Response	1	11159034	1889	4
210218_RL#220_15g	993	Port Input	1	11160324	3179	4
210218_RL#220_15g	993	Response	1	11160324	3179	4
210218_RL#220_15g	993	Port Input	1	11161772	4627	4
210218_RL#220_15g	993	Response	1	11161772	4627	4
210218_RL#220_15g	993	Port Input	1	11163226	6081	4
210218_RL#220_15g	993	Response	1	11163226	6081	4
210218_RL#220_15g	993	Port Input	1	11164816	7671	4
210218_RL#220_15g	993	Response	1	11164816	7671	4
210218_RL#220_15g	993	Port Input	1	11164820	7675	5
210218_RL#220_15g	993	Response	1	11164820	7675	5
210218_RL#220_15g	993	Port Input	1	11166605	9460	4
210218_RL#220_15g	993	Response	1	11166605	9460	4
210218_RL#220_15g	993	Port Input	1	11168584	11439	6
210218_RL#220_15g	993	Response	1	11168584	11439	6
210218_RL#220_15g	993	Port Input	1	11170350	13205	4
210218_RL#220_15g	993	Response	1	11170350	13205	4
210218_RL#220_15g	993	Port Input	1	11172217	15072	4
210218_RL#220_15g	993	Response	1	11172217	15072	4
210218_RL#220_15g	993	Port Input	1	11172222	15077	4
210218_RL#220_15g	993	Response	1	11172222	15077	4
210218_RL#220_15g	994	Picture	3511	11177452	0	2	664	5	0	next	other	0
210218_RL#220_15g	995	Picture	666	11178116	0	4	20139	7	0	next	other	0
210218_RL#220_15g	996	Picture	777	11198255	0	4	20138	8	0	next	other	0
210218_RL#220_15g	996	Manual	2	11218268	20013	NA
210218_RL#220_15g	997	Sound	211	11220051	1658	1			0		other	0
210218_RL#220_15g	998	Picture	555	11223553	0	4	10320	5	0	next	false_alarm	4316
210218_RL#220_15g	998	Port Input	1	11223886	333	4
210218_RL#220_15g	998	Response	1	11223886	333	4
210218_RL#220_15g	998	Port Input	1	11225387	1834	4
210218_RL#220_15g	998	Response	1	11225387	1834	4
210218_RL#220_15g	998	Port Input	1	11227522	3969	5
210218_RL#220_15g	998	Response	1	11227522	3969	5
210218_RL#220_15g	998	Port Input	1	11229735	6182	4
210218_RL#220_15g	998	Response	1	11229735	6182	4
210218_RL#220_15g	998	Port Input	1	11231491	7939	4
210218_RL#220_15g	998	Response	1	11231491	7939	4
210218_RL#220_15g	998	Port Input	1	11231495	7942	4
210218_RL#220_15g	998	Response	1	11231495	7942	4
210218_RL#220_15g	998	Port Input	1	11233109	9557	4
210218_RL#220_15g	998	Response	1	11233109	9557	4
210218_RL#220_15g	999	Picture	10	11233873	0	1	999	2	0	next	hit	4331
210218_RL#220_15g	999	Port Input	1	11234601	728	4
210218_RL#220_15g	999	Response	1	11234601	728	4
210218_RL#220_15g	1000	Picture	351	11234871	0	2	832	2	0	next	other	0
210218_RL#220_15g	1001	Picture	1	11235704	0	1	20305	1	0	next	false_alarm	4335
210218_RL#220_15g	1001	Port Input	1	11236275	572	4
210218_RL#220_15g	1001	Response	1	11236275	572	4
210218_RL#220_15g	1001	Port Input	1	11237316	1612	4
210218_RL#220_15g	1001	Response	1	11237316	1612	4
210218_RL#220_15g	1001	Port Input	1	11238508	2804	6
210218_RL#220_15g	1001	Response	1	11238508	2804	6
210218_RL#220_15g	1001	Port Input	1	11239966	4262	3
210218_RL#220_15g	1001	Response	1	11239966	4262	3
210218_RL#220_15g	1001	Port Input	1	11241497	5793	4
210218_RL#220_15g	1001	Response	1	11241497	5793	4
210218_RL#220_15g	1001	Port Input	1	11242901	7197	4
210218_RL#220_15g	1001	Response	1	11242901	7197	4
210218_RL#220_15g	1001	Port Input	1	11244505	8802	4
210218_RL#220_15g	1001	Response	1	11244505	8802	4
210218_RL#220_15g	1001	Port Input	1	11247723	12019	4
210218_RL#220_15g	1001	Response	1	11247723	12019	4
210218_RL#220_15g	1002	Picture	3511	11256008	0	1	832	1	0	next	other	0
210218_RL#220_15g	1003	Picture	666	11256840	0	1	20304	3	0	next	other	0
210218_RL#220_15g	1004	Picture	777	11277144	0	3	20305	6	0	next	other	0
210218_RL#220_15g	1004	Manual	2	11297157	20013	NA
210218_RL#220_15g	1005	Sound	212	11299051	1602	1			0		other	0
210218_RL#220_15g	1006	Picture	555	11302608	0	4	10152	7	0	next	other	0
210218_RL#220_15g	1007	Picture	10	11312760	0	4	20138	8	0	next	miss	0
210218_RL#220_15g	1008	Picture	411	11332899	0	4	999	7	0	next	other	0
210218_RL#220_15g	1009	Picture	666	11333898	0	4	20306	4	0	next	other	0
210218_RL#220_15g	1010	Picture	777	11354204	0	1	20305	2	0	next	other	0
210218_RL#220_15g	1010	Manual	2	11374222	20018	NA
210218_RL#220_15g	1011	Sound	212	11376050	1542	1			0		other	0
210218_RL#220_15g	1012	Picture	555	11379835	0	1	10317	4	0	next	other	0
210218_RL#220_15g	1013	Picture	10	11390152	0	3	20305	6	0	next	miss	0
210218_RL#220_15g	1014	Picture	411	11410457	0	3	1000	4	0	next	other	0
210218_RL#220_15g	1015	Picture	666	11411457	0	1	20137	4	0	next	other	0
210218_RL#220_15g	1016	Picture	777	11431594	0	4	20139	7	0	next	other	0
210218_RL#220_15g	1016	Manual	2	11451608	20014	NA
210218_RL#220_15g	1017	Sound	212	11453050	1318	1			0		other	0
210218_RL#220_15g	1018	Picture	555	11456892	0	4	10320	5	0	next	other	0
210218_RL#220_15g	1019	Picture	10	11467212	0	1	20305	2	0	next	miss	0
210218_RL#220_15g	1020	Picture	411	11487517	0	1	998	2	0	next	other	0
210218_RL#220_15g	1021	Picture	666	11488515	0	1	20305	2	0	next	other	0
210218_RL#220_15g	1022	Picture	777	11508820	0	2	20303	4	0	next	other	0
210218_RL#220_15g	1022	Manual	1	11528834	20014	NA
210218_RL#220_15g	1023	Sound	211	11531050	1927	1			0		other	0
210218_RL#220_15g	1024	Picture	555	11534283	0	4	10153	7	0	next	false_alarm	4378
210218_RL#220_15g	1024	Port Input	1	11534477	194	4
210218_RL#220_15g	1024	Response	1	11534477	194	4
210218_RL#220_15g	1024	Port Input	1	11535893	1610	4
210218_RL#220_15g	1024	Response	1	11535893	1610	4
210218_RL#220_15g	1024	Port Input	1	11537651	3368	4
210218_RL#220_15g	1024	Response	1	11537651	3368	4
210218_RL#220_15g	1024	Port Input	1	11537655	3372	4
210218_RL#220_15g	1024	Response	1	11537655	3372	4
210218_RL#220_15g	1024	Port Input	1	11539227	4943	4
210218_RL#220_15g	1024	Response	1	11539227	4943	4
210218_RL#220_15g	1024	Port Input	1	11539230	4947	4
210218_RL#220_15g	1024	Response	1	11539230	4947	4
210218_RL#220_15g	1024	Port Input	1	11540957	6673	4
210218_RL#220_15g	1024	Response	1	11540957	6673	4
210218_RL#220_15g	1024	Port Input	1	11542683	8400	4
210218_RL#220_15g	1024	Response	1	11542683	8400	4
210218_RL#220_15g	1024	Port Input	1	11544215	9932	4
210218_RL#220_15g	1024	Response	1	11544215	9932	4
210218_RL#220_15g	1025	Picture	10	11544436	0	3	1498	7	0	next	hit	4397
210218_RL#220_15g	1025	Port Input	1	11545633	1197	4
210218_RL#220_15g	1025	Response	1	11545633	1197	4
210218_RL#220_15g	1026	Picture	351	11545934	0	4	499	7	0	next	other	0
210218_RL#220_15g	1027	Picture	1	11546433	0	4	20139	7	0	next	false_alarm	4401
210218_RL#220_15g	1027	Port Input	1	11547097	664	4
210218_RL#220_15g	1027	Response	1	11547097	664	4
210218_RL#220_15g	1027	Port Input	1	11547101	668	4
210218_RL#220_15g	1027	Response	1	11547101	668	4
210218_RL#220_15g	1027	Port Input	1	11548217	1784	3
210218_RL#220_15g	1027	Response	1	11548217	1784	3
210218_RL#220_15g	1027	Port Input	1	11549490	3057	4
210218_RL#220_15g	1027	Response	1	11549490	3057	4
210218_RL#220_15g	1027	Port Input	1	11550842	4409	4
210218_RL#220_15g	1027	Response	1	11550842	4409	4
210218_RL#220_15g	1027	Port Input	1	11552715	6282	5
210218_RL#220_15g	1027	Response	1	11552715	6282	5
210218_RL#220_15g	1027	Port Input	1	11554351	7918	4
210218_RL#220_15g	1027	Response	1	11554351	7918	4
210218_RL#220_15g	1028	Picture	3511	11566571	0	4	833	7	0	next	other	0
210218_RL#220_15g	1029	Picture	666	11567404	0	3	20306	4	0	next	other	0
210218_RL#220_15g	1030	Picture	777	11587710	0	1	20305	2	0	next	other	0
210218_RL#220_15g	1030	Manual	1	11607724	20014	NA
210218_RL#220_15g	1031	Sound	211	11610050	2036	1			0		other	0
210218_RL#220_15g	1031	Port Input	1	11611796	3781	4
210218_RL#220_15g	1031	Response	1	11611796	3781	4
210218_RL#220_15g	1031	Port Input	1	11611799	3785	4
210218_RL#220_15g	1031	Response	1	11611799	3785	4
210218_RL#220_15g	1032	Picture	555	11613341	0	1	10319	1	0	next	false_alarm	4427
210218_RL#220_15g	1032	Port Input	1	11613432	91	6
210218_RL#220_15g	1032	Response	1	11613432	91	6
210218_RL#220_15g	1032	Port Input	1	11615233	1892	4
210218_RL#220_15g	1032	Response	1	11615233	1892	4
210218_RL#220_15g	1032	Port Input	1	11617081	3741	4
210218_RL#220_15g	1032	Response	1	11617081	3741	4
210218_RL#220_15g	1032	Port Input	1	11619078	5737	4
210218_RL#220_15g	1032	Response	1	11619078	5737	4
210218_RL#220_15g	1032	Port Input	1	11619081	5740	4
210218_RL#220_15g	1032	Response	1	11619081	5740	4
210218_RL#220_15g	1032	Port Input	1	11620895	7554	4
210218_RL#220_15g	1032	Response	1	11620895	7554	4
210218_RL#220_15g	1032	Port Input	1	11620899	7558	4
210218_RL#220_15g	1032	Response	1	11620899	7558	4
210218_RL#220_15g	1032	Port Input	1	11622357	9017	4
210218_RL#220_15g	1032	Response	1	11622357	9017	4
210218_RL#220_15g	1033	Picture	10	11623660	0	1	499	2	0	next	hit	4442
210218_RL#220_15g	1033	Port Input	1	11623942	282	3
210218_RL#220_15g	1033	Response	1	11623942	282	3
210218_RL#220_15g	1033	Port Input	1	11623945	286	4
210218_RL#220_15g	1033	Response	1	11623945	286	4
210218_RL#220_15g	1034	Picture	351	11624159	0	1	499	2	0	next	other	0
210218_RL#220_15g	1035	Picture	1	11624658	0	1	20303	4	0	next	false_alarm	4448
210218_RL#220_15g	1035	Port Input	1	11625860	1202	5
210218_RL#220_15g	1035	Response	1	11625860	1202	5
210218_RL#220_15g	1035	Port Input	1	11626961	2303	4
210218_RL#220_15g	1035	Response	1	11626961	2303	4
210218_RL#220_15g	1035	Port Input	1	11628255	3597	4
210218_RL#220_15g	1035	Response	1	11628255	3597	4
210218_RL#220_15g	1035	Port Input	1	11629855	5196	4
210218_RL#220_15g	1035	Response	1	11629855	5196	4
210218_RL#220_15g	1035	Port Input	1	11631611	6953	4
210218_RL#220_15g	1035	Response	1	11631611	6953	4
210218_RL#220_15g	1035	Port Input	1	11633641	8983	4
210218_RL#220_15g	1035	Response	1	11633641	8983	4
210218_RL#220_15g	1035	Port Input	1	11638351	13693	4
210218_RL#220_15g	1035	Response	1	11638351	13693	4
210218_RL#220_15g	1035	Port Input	1	11638355	13696	4
210218_RL#220_15g	1035	Response	1	11638355	13696	4
210218_RL#220_15g	1036	Picture	3511	11644961	0	4	832	6	0	next	other	0
210218_RL#220_15g	1037	Picture	666	11645793	0	3	20139	6	0	next	other	0
210218_RL#220_15g	1038	Picture	777	11665932	0	3	20138	7	0	next	other	0
210218_RL#220_15g	1038	Manual	1	11685949	20017	NA
210218_RL#220_15g	1039	Sound	211	11688050	1979	1			0		other	0
210218_RL#220_15g	1039	Port Input	1	11689648	3577	4
210218_RL#220_15g	1039	Response	1	11689648	3577	4
210218_RL#220_15g	1039	Port Input	1	11691101	5030	5
210218_RL#220_15g	1039	Response	1	11691101	5030	5
210218_RL#220_15g	1040	Picture	555	11691230	0	4	10152	8	0	next	false_alarm	4474
210218_RL#220_15g	1040	Port Input	1	11692628	1398	4
210218_RL#220_15g	1040	Response	1	11692628	1398	4
210218_RL#220_15g	1040	Port Input	1	11694276	3046	4
210218_RL#220_15g	1040	Response	1	11694276	3046	4
210218_RL#220_15g	1040	Port Input	1	11694280	3050	4
210218_RL#220_15g	1040	Response	1	11694280	3050	4
210218_RL#220_15g	1040	Port Input	1	11695941	4711	6
210218_RL#220_15g	1040	Response	1	11695941	4711	6
210218_RL#220_15g	1040	Port Input	1	11697576	6346	4
210218_RL#220_15g	1040	Response	1	11697576	6346	4
210218_RL#220_15g	1040	Port Input	1	11697580	6350	5
210218_RL#220_15g	1040	Response	1	11697580	6350	5
210218_RL#220_15g	1040	Port Input	1	11698968	7738	4
210218_RL#220_15g	1040	Response	1	11698968	7738	4
210218_RL#220_15g	1040	Port Input	1	11700444	9214	4
210218_RL#220_15g	1040	Response	1	11700444	9214	4
210218_RL#220_15g	1041	Picture	10	11701382	0	4	667	7	0	next	hit	4491
210218_RL#220_15g	1041	Port Input	1	11701857	475	4
210218_RL#220_15g	1041	Response	1	11701857	475	4
210218_RL#220_15g	1042	Picture	351	11702050	0	3	665	6	0	next	other	0
210218_RL#220_15g	1043	Picture	1	11702715	0	4	20306	4	0	next	false_alarm	4495
210218_RL#220_15g	1043	Port Input	1	11703305	591	3
210218_RL#220_15g	1043	Response	1	11703305	591	3
210218_RL#220_15g	1043	Port Input	1	11704576	1862	4
210218_RL#220_15g	1043	Response	1	11704576	1862	4
210218_RL#220_15g	1043	Port Input	1	11705724	3010	4
210218_RL#220_15g	1043	Response	1	11705724	3010	4
210218_RL#220_15g	1043	Port Input	1	11705728	3013	4
210218_RL#220_15g	1043	Response	1	11705728	3013	4
210218_RL#220_15g	1043	Port Input	1	11707053	4338	4
210218_RL#220_15g	1043	Response	1	11707053	4338	4
210218_RL#220_15g	1043	Port Input	1	11708398	5684	4
210218_RL#220_15g	1043	Response	1	11708398	5684	4
210218_RL#220_15g	1043	Port Input	1	11709932	7217	4
210218_RL#220_15g	1043	Response	1	11709932	7217	4
210218_RL#220_15g	1043	Port Input	1	11711442	8727	5
210218_RL#220_15g	1043	Response	1	11711442	8727	5
210218_RL#220_15g	1043	Port Input	1	11713171	10457	4
210218_RL#220_15g	1043	Response	1	11713171	10457	4
210218_RL#220_15g	1044	Picture	3511	11723020	0	1	832	1	0	next	other	0
210218_RL#220_15g	1045	Picture	666	11723852	0	1	20305	2	0	next	other	0
210218_RL#220_15g	1046	Picture	777	11744157	0	1	20303	4	0	next	other	0
210218_RL#220_15g	1046	Manual	2	11764174	20016	NA
210218_RL#220_15g	1047	Sound	211	11766050	1590	1			0		other	0
210218_RL#220_15g	1047	Port Input	1	11768111	3651	3
210218_RL#220_15g	1047	Response	1	11768111	3651	3
210218_RL#220_15g	1047	Port Input	1	11769493	5032	4
210218_RL#220_15g	1047	Response	1	11769493	5032	4
210218_RL#220_15g	1048	Picture	555	11769622	0	2	10151	5	0	next	false_alarm	4523
210218_RL#220_15g	1048	Port Input	1	11771105	1483	4
210218_RL#220_15g	1048	Response	1	11771105	1483	4
210218_RL#220_15g	1048	Port Input	1	11772971	3349	4
210218_RL#220_15g	1048	Response	1	11772971	3349	4
210218_RL#220_15g	1048	Port Input	1	11774588	4966	4
210218_RL#220_15g	1048	Response	1	11774588	4966	4
210218_RL#220_15g	1048	Port Input	1	11776036	6414	4
210218_RL#220_15g	1048	Response	1	11776036	6414	4
210218_RL#220_15g	1048	Port Input	1	11777536	7914	4
210218_RL#220_15g	1048	Response	1	11777536	7914	4
210218_RL#220_15g	1048	Port Input	1	11778984	9362	4
210218_RL#220_15g	1048	Response	1	11778984	9362	4
210218_RL#220_15g	1049	Picture	10	11779772	0	4	998	7	0	next	hit	4536
210218_RL#220_15g	1049	Port Input	1	11780585	813	5
210218_RL#220_15g	1049	Response	1	11780585	813	5
210218_RL#220_15g	1049	Port Input	1	11780590	818	3
210218_RL#220_15g	1049	Response	1	11780590	818	3
210218_RL#220_15g	1050	Picture	351	11780771	0	4	500	7	0	next	other	0
210218_RL#220_15g	1051	Picture	1	11781271	0	3	20138	7	0	next	false_alarm	4542
210218_RL#220_15g	1051	Port Input	1	11782415	1145	4
210218_RL#220_15g	1051	Response	1	11782415	1145	4
210218_RL#220_15g	1051	Port Input	1	11783496	2225	4
210218_RL#220_15g	1051	Response	1	11783496	2225	4
210218_RL#220_15g	1051	Port Input	1	11783500	2229	4
210218_RL#220_15g	1051	Response	1	11783500	2229	4
210218_RL#220_15g	1051	Port Input	1	11784794	3523	4
210218_RL#220_15g	1051	Response	1	11784794	3523	4
210218_RL#220_15g	1051	Port Input	1	11786370	5099	4
210218_RL#220_15g	1051	Response	1	11786370	5099	4
210218_RL#220_15g	1052	Picture	3511	11801409	0	4	999	8	0	next	other	0
210218_RL#220_15g	1053	Picture	666	11802407	0	4	20139	8	0	next	other	0
210218_RL#220_15g	1054	Picture	777	11822546	0	4	20306	5	0	next	other	0
210218_RL#220_15g	1054	Manual	1	11842559	20013	NA
210218_RL#220_15g	1055	Sound	212	11844050	1198	1			0		other	0
210218_RL#220_15g	1056	Picture	555	11848178	0	1	10319	1	0	next	other	0
210218_RL#220_15g	1057	Picture	10	11858497	0	1	20301	6	0	next	miss	0
210218_RL#220_15g	1058	Picture	411	11878798	0	6	834	8	0	next	other	0
210218_RL#220_15g	1059	Picture	666	11879632	0	3	20139	7	0	next	other	0
210218_RL#220_15g	1060	Picture	777	11899771	0	4	20138	8	0	next	other	0
210218_RL#220_15g	1060	Manual	2	11919787	20016	NA
210218_RL#220_15g	1061	Sound	212	11921050	1141	1			0		other	0
210218_RL#220_15g	1062	Picture	555	11925069	0	4	10152	7	0	next	other	0
210218_RL#220_15g	1063	Picture	10	11935222	0	4	20306	5	0	next	miss	0
210218_RL#220_15g	1064	Picture	411	11955528	0	1	999	2	0	next	other	0
210218_RL#220_15g	1065	Picture	666	11956526	0	1	20305	2	0	next	other	0
210218_RL#220_15g	1066	Picture	777	11976831	0	1	20303	4	0	next	other	0
210218_RL#220_15g	1066	Manual	1	11996849	20018	NA
210218_RL#220_15g	1067	Sound	212	11999050	1916	1			0		other	0
210218_RL#220_15g	1068	Picture	555	12002461	0	3	10152	6	0	next	other	0
210218_RL#220_15g	1069	Picture	10	12012612	0	4	20139	7	0	next	miss	0
210218_RL#220_15g	1070	Picture	411	12032751	0	4	1165	7	0	next	other	0
210218_RL#220_15g	1071	Picture	666	12033917	0	3	20138	7	0	next	other	0
210218_RL#220_15g	1072	Picture	777	12054055	0	4	20306	5	0	next	other	0
210218_RL#220_15g	1072	Manual	1	12074071	20016	NA
210218_RL#220_15g	1073	Sound	211	12076050	1689	1			0		other	0
210218_RL#220_15g	1073	Port Input	1	12078400	4039	5
210218_RL#220_15g	1073	Response	1	12078400	4039	5
210218_RL#220_15g	1073	Port Input	1	12079602	5241	6
210218_RL#220_15g	1073	Response	1	12079602	5241	6
210218_RL#220_15g	1074	Picture	555	12079687	0	1	10319	2	0	next	false_alarm	4583
210218_RL#220_15g	1074	Port Input	1	12081126	1439	4
210218_RL#220_15g	1074	Response	1	12081126	1439	4
210218_RL#220_15g	1074	Port Input	1	12082856	3170	4
210218_RL#220_15g	1074	Response	1	12082856	3170	4
210218_RL#220_15g	1074	Port Input	1	12084593	4906	4
210218_RL#220_15g	1074	Response	1	12084593	4906	4
210218_RL#220_15g	1074	Port Input	1	12086372	6685	3
210218_RL#220_15g	1074	Response	1	12086372	6685	3
210218_RL#220_15g	1074	Port Input	1	12088069	8382	4
210218_RL#220_15g	1074	Response	1	12088069	8382	4
210218_RL#220_15g	1074	Port Input	1	12089607	9920	4
210218_RL#220_15g	1074	Response	1	12089607	9920	4
210218_RL#220_15g	1075	Picture	10	12090006	0	1	1498	1	0	next	hit	4596
210218_RL#220_15g	1075	Port Input	1	12091209	1204	4
210218_RL#220_15g	1075	Response	1	12091209	1204	4
210218_RL#220_15g	1076	Picture	351	12091504	0	1	666	1	0	next	other	0
210218_RL#220_15g	1077	Picture	1	12092170	0	1	20303	4	0	next	false_alarm	4600
210218_RL#220_15g	1077	Port Input	1	12092928	758	3
210218_RL#220_15g	1077	Response	1	12092928	758	3
210218_RL#220_15g	1077	Port Input	1	12094053	1883	4
210218_RL#220_15g	1077	Response	1	12094053	1883	4
210218_RL#220_15g	1077	Port Input	1	12095443	3273	4
210218_RL#220_15g	1077	Response	1	12095443	3273	4
210218_RL#220_15g	1077	Port Input	1	12096988	4819	4
210218_RL#220_15g	1077	Response	1	12096988	4819	4
210218_RL#220_15g	1077	Port Input	1	12098524	6354	4
210218_RL#220_15g	1077	Response	1	12098524	6354	4
210218_RL#220_15g	1077	Port Input	1	12099947	7777	4
210218_RL#220_15g	1077	Response	1	12099947	7777	4
210218_RL#220_15g	1077	Port Input	1	12101471	9301	5
210218_RL#220_15g	1077	Response	1	12101471	9301	5
210218_RL#220_15g	1078	Picture	3511	12112473	0	4	668	4	0	next	other	0
210218_RL#220_15g	1079	Picture	666	12113140	0	1	20303	4	0	next	other	0
210218_RL#220_15g	1080	Picture	777	12133443	0	4	20139	7	0	next	other	0
210218_RL#220_15g	1080	Manual	1	12153456	20013	NA
210218_RL#220_15g	1081	Sound	211	12155050	1468	1			0		other	0
210218_RL#220_15g	1081	Port Input	1	12156676	3094	4
210218_RL#220_15g	1081	Response	1	12156676	3094	4
210218_RL#220_15g	1081	Port Input	1	12158127	4545	4
210218_RL#220_15g	1081	Response	1	12158127	4545	4
210218_RL#220_15g	1082	Picture	555	12158737	0	8	10158	10	0	next	false_alarm	4624
210218_RL#220_15g	1082	Port Input	1	12159786	1048	4
210218_RL#220_15g	1082	Response	1	12159786	1048	4
210218_RL#220_15g	1082	Port Input	1	12161762	3025	4
210218_RL#220_15g	1082	Response	1	12161762	3025	4
210218_RL#220_15g	1082	Port Input	1	12163661	4924	5
210218_RL#220_15g	1082	Response	1	12163661	4924	5
210218_RL#220_15g	1082	Port Input	1	12163665	4928	4
210218_RL#220_15g	1082	Response	1	12163665	4928	4
210218_RL#220_15g	1082	Port Input	1	12165576	6839	4
210218_RL#220_15g	1082	Response	1	12165576	6839	4
210218_RL#220_15g	1082	Port Input	1	12167274	8537	5
210218_RL#220_15g	1082	Response	1	12167274	8537	5
210218_RL#220_15g	1082	Port Input	1	12168892	10154	4
210218_RL#220_15g	1082	Response	1	12168892	10154	4
210218_RL#220_15g	1083	Picture	10	12168895	0	2	1663	6	0	next	hit	4641
210218_RL#220_15g	1083	Port Input	1	12168897	1	4
210218_RL#220_15g	1083	Response	1	12168897	1	4
210218_RL#220_15g	1083	Port Input	1	12170370	1475	4
210218_RL#220_15g	1083	Response	1	12170370	1475	4
210218_RL#220_15g	1083	Port Input	1	12170374	1478	4
210218_RL#220_15g	1083	Response	1	12170374	1478	4
210218_RL#220_15g	1084	Picture	351	12170558	0	4	499	7	0	next	other	0
210218_RL#220_15g	1085	Picture	1	12171058	0	4	20306	5	0	next	false_alarm	4647
210218_RL#220_15g	1085	Port Input	1	12172276	1218	4
210218_RL#220_15g	1085	Response	1	12172276	1218	4
210218_RL#220_15g	1085	Port Input	1	12172280	1222	4
210218_RL#220_15g	1085	Response	1	12172280	1222	4
210218_RL#220_15g	1085	Port Input	1	12173390	2333	4
210218_RL#220_15g	1085	Response	1	12173390	2333	4
210218_RL#220_15g	1085	Port Input	1	12174699	3641	4
210218_RL#220_15g	1085	Response	1	12174699	3641	4
210218_RL#220_15g	1085	Port Input	1	12176214	5157	4
210218_RL#220_15g	1085	Response	1	12176214	5157	4
210218_RL#220_15g	1085	Port Input	1	12177971	6913	4
210218_RL#220_15g	1085	Response	1	12177971	6913	4
210218_RL#220_15g	1085	Port Input	1	12179849	8791	4
210218_RL#220_15g	1085	Response	1	12179849	8791	4
210218_RL#220_15g	1085	Port Input	1	12181859	10802	9
210218_RL#220_15g	1085	Response	1	12181859	10802	9
210218_RL#220_15g	1085	Port Input	1	12183611	12553	4
210218_RL#220_15g	1085	Response	1	12183611	12553	4
210218_RL#220_15g	1086	Picture	3511	12191364	0	1	833	2	0	next	other	0
210218_RL#220_15g	1087	Picture	666	12192196	0	1	20304	2	0	next	other	0
210218_RL#220_15g	1088	Picture	777	12212501	0	1	20303	4	0	next	other	0
210218_RL#220_15g	1088	Manual	1	12232515	20015	NA
210218_RL#220_15g	1089	Sound	212	12234050	1246	1			0		other	0
210218_RL#220_15g	1090	Picture	555	12238130	0	3	10153	6	0	next	false_alarm	4671
210218_RL#220_15g	1090	Port Input	1	12241968	3838	4
210218_RL#220_15g	1090	Response	1	12241968	3838	4
210218_RL#220_15g	1090	Port Input	1	12246513	8383	4
210218_RL#220_15g	1090	Response	1	12246513	8383	4
210218_RL#220_15g	1090	Port Input	1	12246517	8387	4
210218_RL#220_15g	1090	Response	1	12246517	8387	4
210218_RL#220_15g	1091	Picture	10	12248283	0	3	20138	6	0	next	miss	0
210218_RL#220_15g	1092	Picture	411	12268421	0	4	999	6	0	next	other	0
210218_RL#220_15g	1093	Picture	666	12269420	0	3	20138	7	0	next	other	0
210218_RL#220_15g	1094	Picture	777	12289558	0	4	20306	5	0	next	other	0
210218_RL#220_15g	1094	Manual	1	12309574	20016	NA
210218_RL#220_15g	1095	Sound	212	12311050	1185	1			0		other	0
210218_RL#220_15g	1096	Picture	555	12315190	0	1	10319	1	0	next	other	0
210218_RL#220_15g	1097	Picture	10	12325509	0	1	20303	3	0	next	miss	0
210218_RL#220_15g	1098	Picture	411	12345812	0	3	997	7	0	next	other	0
210218_RL#220_15g	1099	Picture	666	12346809	0	5	20307	7	0	next	other	0
210218_RL#220_15g	1100	Picture	777	12367116	0	3	20138	7	0	next	other	0
210218_RL#220_15g	1100	Manual	2	12387129	20013	NA
210218_RL#220_15g	1101	Sound	211	12389050	1796	1			0		other	0
210218_RL#220_15g	1101	Port Input	1	12391994	4740	4
210218_RL#220_15g	1101	Response	1	12391994	4740	4
210218_RL#220_15g	1101	Port Input	1	12391998	4744	4
210218_RL#220_15g	1101	Response	1	12391998	4744	4
210218_RL#220_15g	1102	Picture	555	12392414	0	4	10153	7	0	next	false_alarm	4695
210218_RL#220_15g	1102	Port Input	1	12393392	979	4
210218_RL#220_15g	1102	Response	1	12393392	979	4
210218_RL#220_15g	1102	Port Input	1	12395133	2719	4
210218_RL#220_15g	1102	Response	1	12395133	2719	4
210218_RL#220_15g	1102	Port Input	1	12395136	2722	4
210218_RL#220_15g	1102	Response	1	12395136	2722	4
210218_RL#220_15g	1102	Port Input	1	12396957	4543	4
210218_RL#220_15g	1102	Response	1	12396957	4543	4
210218_RL#220_15g	1102	Port Input	1	12398703	6290	4
210218_RL#220_15g	1102	Response	1	12398703	6290	4
210218_RL#220_15g	1102	Port Input	1	12400302	7889	4
210218_RL#220_15g	1102	Response	1	12400302	7889	4
210218_RL#220_15g	1102	Port Input	1	12401981	9567	4
210218_RL#220_15g	1102	Response	1	12401981	9567	4
210218_RL#220_15g	1103	Picture	10	12402566	0	4	1331	8	0	next	hit	4710
210218_RL#220_15g	1103	Port Input	1	12403768	1202	4
210218_RL#220_15g	1103	Response	1	12403768	1202	4
210218_RL#220_15g	1104	Picture	351	12403897	0	4	499	8	0	next	other	0
210218_RL#220_15g	1105	Picture	1	12404397	0	4	20306	5	0	next	false_alarm	4714
210218_RL#220_15g	1105	Port Input	1	12405759	1362	4
210218_RL#220_15g	1105	Response	1	12405759	1362	4
210218_RL#220_15g	1105	Port Input	1	12406851	2454	4
210218_RL#220_15g	1105	Response	1	12406851	2454	4
210218_RL#220_15g	1105	Port Input	1	12408168	3772	4
210218_RL#220_15g	1105	Response	1	12408168	3772	4
210218_RL#220_15g	1105	Port Input	1	12409653	5257	4
210218_RL#220_15g	1105	Response	1	12409653	5257	4
210218_RL#220_15g	1105	Port Input	1	12411199	6803	4
210218_RL#220_15g	1105	Response	1	12411199	6803	4
210218_RL#220_15g	1105	Port Input	1	12412759	8363	4
210218_RL#220_15g	1105	Response	1	12412759	8363	4
210218_RL#220_15g	1105	Port Input	1	12414601	10204	4
210218_RL#220_15g	1105	Response	1	12414601	10204	4
210218_RL#220_15g	1105	Port Input	1	12416546	12149	4
210218_RL#220_15g	1105	Response	1	12416546	12149	4
210218_RL#220_15g	1106	Picture	3511	12424703	0	2	1165	2	0	next	other	0
210218_RL#220_15g	1107	Picture	666	12425868	0	1	20305	2	0	next	other	0
210218_RL#220_15g	1108	Picture	777	12446173	0	1	20304	4	0	next	other	0
210218_RL#220_15g	1108	Manual	1	12466186	20013	NA
210218_RL#220_15g	1109	Sound	212	12468050	1573	1			0		other	0
210218_RL#220_15g	1110	Picture	555	12471802	0	3	10321	4	0	next	other	0
210218_RL#220_15g	1111	Picture	10	12482123	0	1	20136	5	0	next	miss	0
210218_RL#220_15g	1112	Picture	411	12502259	0	4	999	8	0	next	other	0
210218_RL#220_15g	1113	Picture	666	12503258	0	4	20139	8	0	next	other	0
210218_RL#220_15g	1114	Picture	777	12523397	0	4	20307	5	0	next	other	0
210218_RL#220_15g	1114	Manual	2	12543411	20014	NA
210218_RL#220_15g	1115	Sound	211	12545049	1346	1			0		other	0
210218_RL#220_15g	1115	Port Input	1	12547394	3691	4
210218_RL#220_15g	1115	Response	1	12547394	3691	4
210218_RL#220_15g	1115	Port Input	1	12548667	4963	4
210218_RL#220_15g	1115	Response	1	12548667	4963	4
210218_RL#220_15g	1116	Picture	555	12549029	0	1	10319	2	0	next	false_alarm	4747
210218_RL#220_15g	1116	Port Input	1	12550229	1200	4
210218_RL#220_15g	1116	Response	1	12550229	1200	4
210218_RL#220_15g	1116	Port Input	1	12552065	3036	4
210218_RL#220_15g	1116	Response	1	12552065	3036	4
210218_RL#220_15g	1116	Port Input	1	12553913	4884	4
210218_RL#220_15g	1116	Response	1	12553913	4884	4
210218_RL#220_15g	1116	Port Input	1	12555568	6539	4
210218_RL#220_15g	1116	Response	1	12555568	6539	4
210218_RL#220_15g	1116	Port Input	1	12555572	6543	4
210218_RL#220_15g	1116	Response	1	12555572	6543	4
210218_RL#220_15g	1116	Port Input	1	12557305	8276	4
210218_RL#220_15g	1116	Response	1	12557305	8276	4
210218_RL#220_15g	1116	Port Input	1	12558838	9809	4
210218_RL#220_15g	1116	Response	1	12558838	9809	4
210218_RL#220_15g	1117	Picture	10	12559348	0	1	1331	3	0	next	hit	4762
210218_RL#220_15g	1117	Port Input	1	12560442	1094	4
210218_RL#220_15g	1117	Response	1	12560442	1094	4
210218_RL#220_15g	1118	Picture	351	12560678	0	3	833	3	0	next	other	0
210218_RL#220_15g	1119	Picture	1	12561511	0	1	20303	3	0	next	false_alarm	4766
210218_RL#220_15g	1119	Port Input	1	12562065	553	3
210218_RL#220_15g	1119	Response	1	12562065	553	3
210218_RL#220_15g	1119	Port Input	1	12562069	557	3
210218_RL#220_15g	1119	Response	1	12562069	557	3
210218_RL#220_15g	1119	Port Input	1	12563067	1555	4
210218_RL#220_15g	1119	Response	1	12563067	1555	4
210218_RL#220_15g	1119	Port Input	1	12564288	2777	4
210218_RL#220_15g	1119	Response	1	12564288	2777	4
210218_RL#220_15g	1119	Port Input	1	12565655	4144	4
210218_RL#220_15g	1119	Response	1	12565655	4144	4
210218_RL#220_15g	1119	Port Input	1	12567150	5639	4
210218_RL#220_15g	1119	Response	1	12567150	5639	4
210218_RL#220_15g	1119	Port Input	1	12568704	7192	4
210218_RL#220_15g	1119	Response	1	12568704	7192	4
210218_RL#220_15g	1119	Port Input	1	12570365	8854	4
210218_RL#220_15g	1119	Response	1	12570365	8854	4
210218_RL#220_15g	1119	Port Input	1	12573860	12349	4
210218_RL#220_15g	1119	Response	1	12573860	12349	4
210218_RL#220_15g	1120	Picture	3511	12581815	0	3	667	4	0	next	other	0
210218_RL#220_15g	1121	Picture	666	12582482	0	1	20305	4	0	next	other	0
210218_RL#220_15g	1122	Picture	777	12602787	0	3	20303	6	0	next	other	0
210218_RL#220_15g	1122	Manual	1	12622804	20016	NA
210218_RL#220_15g	1123	Sound	211	12625049	1959	1			0		other	0
210218_RL#220_15g	1123	Port Input	1	12626556	3466	4
210218_RL#220_15g	1123	Response	1	12626556	3466	4
210218_RL#220_15g	1123	Port Input	1	12627818	4728	4
210218_RL#220_15g	1123	Response	1	12627818	4728	4
210218_RL#220_15g	1124	Picture	555	12628251	0	2	10151	6	0	next	false_alarm	4794
210218_RL#220_15g	1124	Port Input	1	12629401	1150	4
210218_RL#220_15g	1124	Response	1	12629401	1150	4
210218_RL#220_15g	1124	Port Input	1	12631150	2899	4
210218_RL#220_15g	1124	Response	1	12631150	2899	4
210218_RL#220_15g	1124	Port Input	1	12633019	4767	4
210218_RL#220_15g	1124	Response	1	12633019	4767	4
210218_RL#220_15g	1124	Port Input	1	12633022	4771	4
210218_RL#220_15g	1124	Response	1	12633022	4771	4
210218_RL#220_15g	1124	Port Input	1	12634781	6530	4
210218_RL#220_15g	1124	Response	1	12634781	6530	4
210218_RL#220_15g	1124	Port Input	1	12636415	8164	4
210218_RL#220_15g	1124	Response	1	12636415	8164	4
210218_RL#220_15g	1124	Port Input	1	12637995	9743	4
210218_RL#220_15g	1124	Response	1	12637995	9743	4
210218_RL#220_15g	1124	Port Input	1	12637999	9748	4
210218_RL#220_15g	1124	Response	1	12637999	9748	4
210218_RL#220_15g	1125	Picture	10	12638402	0	4	1331	8	0	next	hit	4811
210218_RL#220_15g	1125	Port Input	1	12639575	1173	4
210218_RL#220_15g	1125	Response	1	12639575	1173	4
210218_RL#220_15g	1126	Picture	351	12639734	0	4	501	6	0	next	other	0
210218_RL#220_15g	1127	Picture	1	12640235	0	2	20305	3	0	next	false_alarm	4815
210218_RL#220_15g	1127	Port Input	1	12640977	742	4
210218_RL#220_15g	1127	Response	1	12640977	742	4
210218_RL#220_15g	1127	Port Input	1	12642114	1879	4
210218_RL#220_15g	1127	Response	1	12642114	1879	4
210218_RL#220_15g	1127	Port Input	1	12643302	3067	4
210218_RL#220_15g	1127	Response	1	12643302	3067	4
210218_RL#220_15g	1127	Port Input	1	12643305	3071	4
210218_RL#220_15g	1127	Response	1	12643305	3071	4
210218_RL#220_15g	1127	Port Input	1	12644700	4466	4
210218_RL#220_15g	1127	Response	1	12644700	4466	4
210218_RL#220_15g	1127	Port Input	1	12646171	5936	5
210218_RL#220_15g	1127	Response	1	12646171	5936	5
210218_RL#220_15g	1127	Port Input	1	12647739	7504	4
210218_RL#220_15g	1127	Response	1	12647739	7504	4
210218_RL#220_15g	1127	Port Input	1	12649433	9199	4
210218_RL#220_15g	1127	Response	1	12649433	9199	4
210218_RL#220_15g	1127	Port Input	1	12651215	10980	4
210218_RL#220_15g	1127	Response	1	12651215	10980	4
210218_RL#220_15g	1128	Picture	3511	12660539	0	1	999	2	0	next	other	0
210218_RL#220_15g	1129	Picture	666	12661538	0	1	20305	1	0	next	other	0
210218_RL#220_15g	1130	Picture	777	12681843	0	1	20303	4	0	next	other	0
210218_RL#220_15g	1130	Manual	1	12701856	20013	NA
210218_RL#220_15g	1131	Sound	212	12704049	1904	1			0		other	0
210218_RL#220_15g	1132	Picture	555	12707472	0	3	10319	6	0	next	other	0
210218_RL#220_15g	1133	Picture	10	12717791	0	3	20139	6	0	next	miss	0
210218_RL#220_15g	1134	Picture	411	12737930	0	3	998	7	0	next	other	0
210218_RL#220_15g	1135	Picture	666	12738928	0	4	20139	7	0	next	other	0
210218_RL#220_15g	1136	Picture	777	12759066	0	4	20306	5	0	next	other	0
210218_RL#220_15g	1136	Manual	1	12779080	20014	NA
210218_RL#220_15g	1137	Sound	211	12781049	1677	1			0		other	0
210218_RL#220_15g	1137	Port Input	1	12783727	4354	4
210218_RL#220_15g	1137	Response	1	12783727	4354	4
210218_RL#220_15g	1137	Port Input	1	12783731	4358	4
210218_RL#220_15g	1137	Response	1	12783731	4358	4
210218_RL#220_15g	1138	Picture	555	12784699	0	1	10319	2	0	next	false_alarm	4850
210218_RL#220_15g	1138	Port Input	1	12785014	315	4
210218_RL#220_15g	1138	Response	1	12785014	315	4
210218_RL#220_15g	1138	Port Input	1	12786668	1969	4
210218_RL#220_15g	1138	Response	1	12786668	1969	4
210218_RL#220_15g	1138	Port Input	1	12788504	3806	3
210218_RL#220_15g	1138	Response	1	12788504	3806	3
210218_RL#220_15g	1138	Port Input	1	12790317	5619	4
210218_RL#220_15g	1138	Response	1	12790317	5619	4
210218_RL#220_15g	1138	Port Input	1	12790321	5622	4
210218_RL#220_15g	1138	Response	1	12790321	5622	4
210218_RL#220_15g	1138	Port Input	1	12791936	7238	4
210218_RL#220_15g	1138	Response	1	12791936	7238	4
210218_RL#220_15g	1138	Port Input	1	12791939	7241	4
210218_RL#220_15g	1138	Response	1	12791939	7241	4
210218_RL#220_15g	1138	Port Input	1	12793425	8726	4
210218_RL#220_15g	1138	Response	1	12793425	8726	4
210218_RL#220_15g	1138	Port Input	1	12793428	8730	4
210218_RL#220_15g	1138	Response	1	12793428	8730	4
210218_RL#220_15g	1138	Port Input	1	12794878	10180	6
210218_RL#220_15g	1138	Response	1	12794878	10180	6
210218_RL#220_15g	1139	Picture	10	12795017	0	1	1831	1	0	next	hit	4871
210218_RL#220_15g	1139	Port Input	1	12796515	1498	4
210218_RL#220_15g	1139	Response	1	12796515	1498	4
210218_RL#220_15g	1140	Picture	351	12796848	0	1	666	2	0	next	other	0
210218_RL#220_15g	1141	Picture	1	12797514	0	1	20305	2	0	next	false_alarm	4875
210218_RL#220_15g	1141	Port Input	1	12798094	580	3
210218_RL#220_15g	1141	Response	1	12798094	580	3
210218_RL#220_15g	1141	Port Input	1	12799166	1653	4
210218_RL#220_15g	1141	Response	1	12799166	1653	4
210218_RL#220_15g	1141	Port Input	1	12800315	2801	4
210218_RL#220_15g	1141	Response	1	12800315	2801	4
210218_RL#220_15g	1141	Port Input	1	12800319	2805	4
210218_RL#220_15g	1141	Response	1	12800319	2805	4
210218_RL#220_15g	1141	Port Input	1	12801620	4107	4
210218_RL#220_15g	1141	Response	1	12801620	4107	4
210218_RL#220_15g	1141	Port Input	1	12801624	4110	4
210218_RL#220_15g	1141	Response	1	12801624	4110	4
210218_RL#220_15g	1141	Port Input	1	12803007	5493	4
210218_RL#220_15g	1141	Response	1	12803007	5493	4
210218_RL#220_15g	1141	Port Input	1	12804883	7369	4
210218_RL#220_15g	1141	Response	1	12804883	7369	4
210218_RL#220_15g	1141	Port Input	1	12806483	8970	4
210218_RL#220_15g	1141	Response	1	12806483	8970	4
210218_RL#220_15g	1141	Port Input	1	12808174	10660	3
210218_RL#220_15g	1141	Response	1	12808174	10660	3
210218_RL#220_15g	1141	Port Input	1	12810060	12547	4
210218_RL#220_15g	1141	Response	1	12810060	12547	4
210218_RL#220_15g	1141	Port Input	1	12810064	12550	4
210218_RL#220_15g	1141	Response	1	12810064	12550	4
210218_RL#220_15g	1141	Port Input	1	12812714	15200	4
210218_RL#220_15g	1141	Response	1	12812714	15200	4
210218_RL#220_15g	1141	Port Input	1	12812718	15204	4
210218_RL#220_15g	1141	Response	1	12812718	15204	4
210218_RL#220_15g	1141	Port Input	1	12815240	17726	6
210218_RL#220_15g	1141	Response	1	12815240	17726	6
210218_RL#220_15g	1142	Picture	3511	12817819	0	2	665	3	0	next	other	0
210218_RL#220_15g	1143	Picture	666	12818483	0	2	20302	7	0	next	false_alarm	4907
210218_RL#220_15g	1143	Port Input	1	12820490	2007	4
210218_RL#220_15g	1143	Response	1	12820490	2007	4
210218_RL#220_15g	1143	Port Input	1	12822640	4157	6
210218_RL#220_15g	1143	Response	1	12822640	4157	6
210218_RL#220_15g	1143	Port Input	1	12826998	8515	4
210218_RL#220_15g	1143	Response	1	12826998	8515	4
210218_RL#220_15g	1143	Port Input	1	12829125	10642	4
210218_RL#220_15g	1143	Response	1	12829125	10642	4
210218_RL#220_15g	1144	Picture	777	12838786	0	5	20307	9	0	next	other	0
210218_RL#220_15g	1144	Manual	2	12858800	20014	NA
210218_RL#220_15g	1145	Sound	212	12861049	1956	1			0		other	0
210218_RL#220_15g	1146	Picture	555	12864252	0	4	10153	7	0	next	other	0
210218_RL#220_15g	1147	Picture	10	12874405	0	4	20138	8	0	next	miss	0
210218_RL#220_15g	1148	Picture	411	12894543	0	4	1000	7	0	next	other	0
210218_RL#220_15g	1149	Picture	666	12895543	0	3	20305	3	0	next	other	0
210218_RL#220_15g	1150	Picture	777	12915848	0	1	20304	2	0	next	other	0
210218_RL#220_15g	1150	Manual	1	12935867	20019	NA
210218_RL#220_15g	1151	Sound	212	12938049	1896	1			0		other	0
210218_RL#220_15g	1152	Picture	555	12941478	0	2	10320	4	0	next	other	0
210218_RL#220_15g	1153	Picture	10	12951798	0	2	20303	5	0	next	miss	0
210218_RL#220_15g	1154	Picture	411	12972101	0	4	832	7	0	next	other	0
210218_RL#220_15g	1155	Picture	666	12972933	0	4	20139	7	0	next	other	0
210218_RL#220_15g	1156	Picture	777	12993072	0	4	20138	8	0	next	other	0
210218_RL#220_15g	1156	Manual	1	13013086	20014	NA
210218_RL#220_15g	1157	Sound	211	13015049	1839	1			0		other	0
210218_RL#220_15g	1157	Port Input	1	13017137	3927	4
210218_RL#220_15g	1157	Response	1	13017137	3927	4
210218_RL#220_15g	1157	Port Input	1	13018436	5225	6
210218_RL#220_15g	1157	Response	1	13018436	5225	6
210218_RL#220_15g	1158	Picture	555	13018537	0	1	10319	2	0	next	false_alarm	4937
210218_RL#220_15g	1158	Port Input	1	13019974	1437	4
210218_RL#220_15g	1158	Response	1	13019974	1437	4
210218_RL#220_15g	1158	Port Input	1	13021748	3210	4
210218_RL#220_15g	1158	Response	1	13021748	3210	4
210218_RL#220_15g	1158	Port Input	1	13021751	3214	4
210218_RL#220_15g	1158	Response	1	13021751	3214	4
210218_RL#220_15g	1158	Port Input	1	13023527	4989	4
210218_RL#220_15g	1158	Response	1	13023527	4989	4
210218_RL#220_15g	1158	Port Input	1	13025222	6685	4
210218_RL#220_15g	1158	Response	1	13025222	6685	4
210218_RL#220_15g	1158	Port Input	1	13025226	6688	4
210218_RL#220_15g	1158	Response	1	13025226	6688	4
210218_RL#220_15g	1158	Port Input	1	13026975	8438	4
210218_RL#220_15g	1158	Response	1	13026975	8438	4
210218_RL#220_15g	1158	Port Input	1	13026979	8441	4
210218_RL#220_15g	1158	Response	1	13026979	8441	4
210218_RL#220_15g	1158	Port Input	1	13028559	10021	4
210218_RL#220_15g	1158	Response	1	13028559	10021	4
210218_RL#220_15g	1159	Picture	10	13028856	0	1	1664	3	0	next	hit	4956
210218_RL#220_15g	1159	Port Input	1	13030208	1352	4
210218_RL#220_15g	1159	Response	1	13030208	1352	4
210218_RL#220_15g	1160	Picture	351	13030520	0	2	499	2	0	next	other	0
210218_RL#220_15g	1161	Picture	1	13031020	0	1	20305	2	0	next	false_alarm	4960
210218_RL#220_15g	1161	Port Input	1	13032136	1116	4
210218_RL#220_15g	1161	Response	1	13032136	1116	4
210218_RL#220_15g	1161	Port Input	1	13032140	1120	4
210218_RL#220_15g	1161	Response	1	13032140	1120	4
210218_RL#220_15g	1161	Port Input	1	13033247	2227	4
210218_RL#220_15g	1161	Response	1	13033247	2227	4
210218_RL#220_15g	1161	Port Input	1	13034549	3529	4
210218_RL#220_15g	1161	Response	1	13034549	3529	4
210218_RL#220_15g	1161	Port Input	1	13036035	5015	4
210218_RL#220_15g	1161	Response	1	13036035	5015	4
210218_RL#220_15g	1161	Port Input	1	13037690	6670	5
210218_RL#220_15g	1161	Response	1	13037690	6670	5
210218_RL#220_15g	1161	Port Input	1	13039132	8112	4
210218_RL#220_15g	1161	Response	1	13039132	8112	4
210218_RL#220_15g	1161	Port Input	1	13039135	8116	4
210218_RL#220_15g	1161	Response	1	13039135	8116	4
210218_RL#220_15g	1161	Port Input	1	13040761	9741	4
210218_RL#220_15g	1161	Response	1	13040761	9741	4
210218_RL#220_15g	1162	Picture	3511	13051325	0	1	832	2	0	next	other	0
210218_RL#220_15g	1163	Picture	666	13052157	0	1	20303	4	0	next	other	0
210218_RL#220_15g	1164	Picture	777	13072460	0	3	20305	7	0	next	other	0
210218_RL#220_15g	1164	Manual	2	13092475	20014	NA
210218_RL#220_15g	1165	Sound	211	13094049	1284	1			0		other	0
210218_RL#220_15g	1165	Port Input	1	13095808	3043	4
210218_RL#220_15g	1165	Response	1	13095808	3043	4
210218_RL#220_15g	1165	Port Input	1	13097120	4355	5
210218_RL#220_15g	1165	Response	1	13097120	4355	5
210218_RL#220_15g	1166	Picture	555	13097924	0	4	10153	8	0	next	false_alarm	4988
210218_RL#220_15g	1166	Port Input	1	13098933	1009	4
210218_RL#220_15g	1166	Response	1	13098933	1009	4
210218_RL#220_15g	1166	Port Input	1	13100828	2904	4
210218_RL#220_15g	1166	Response	1	13100828	2904	4
210218_RL#220_15g	1166	Port Input	1	13100832	2907	4
210218_RL#220_15g	1166	Response	1	13100832	2907	4
210218_RL#220_15g	1166	Port Input	1	13102537	4613	4
210218_RL#220_15g	1166	Response	1	13102537	4613	4
210218_RL#220_15g	1166	Port Input	1	13104479	6555	4
210218_RL#220_15g	1166	Response	1	13104479	6555	4
210218_RL#220_15g	1166	Port Input	1	13106003	8078	5
210218_RL#220_15g	1166	Response	1	13106003	8078	5
210218_RL#220_15g	1166	Port Input	1	13107515	9591	4
210218_RL#220_15g	1166	Response	1	13107515	9591	4
210218_RL#220_15g	1167	Picture	10	13108077	0	4	999	7	0	next	hit	5003
210218_RL#220_15g	1167	Port Input	1	13108933	856	4
210218_RL#220_15g	1167	Response	1	13108933	856	4
210218_RL#220_15g	1167	Port Input	1	13108936	859	4
210218_RL#220_15g	1167	Response	1	13108936	859	4
210218_RL#220_15g	1168	Picture	351	13109076	0	4	666	7	0	next	other	0
210218_RL#220_15g	1169	Picture	1	13109742	0	4	20138	8	0	next	false_alarm	5009
210218_RL#220_15g	1169	Port Input	1	13110518	776	4
210218_RL#220_15g	1169	Response	1	13110518	776	4
210218_RL#220_15g	1169	Port Input	1	13111562	1821	4
210218_RL#220_15g	1169	Response	1	13111562	1821	4
210218_RL#220_15g	1169	Port Input	1	13112815	3073	4
210218_RL#220_15g	1169	Response	1	13112815	3073	4
210218_RL#220_15g	1169	Port Input	1	13112818	3077	5
210218_RL#220_15g	1169	Response	1	13112818	3077	5
210218_RL#220_15g	1169	Port Input	1	13114285	4544	4
210218_RL#220_15g	1169	Response	1	13114285	4544	4
210218_RL#220_15g	1169	Port Input	1	13115828	6086	5
210218_RL#220_15g	1169	Response	1	13115828	6086	5
210218_RL#220_15g	1169	Port Input	1	13117501	7759	4
210218_RL#220_15g	1169	Response	1	13117501	7759	4
210218_RL#220_15g	1169	Port Input	1	13119030	9289	4
210218_RL#220_15g	1169	Response	1	13119030	9289	4
210218_RL#220_15g	1169	Port Input	1	13119034	9293	4
210218_RL#220_15g	1169	Response	1	13119034	9293	4
210218_RL#220_15g	1169	Port Input	1	13127027	17285	4
210218_RL#220_15g	1169	Response	1	13127027	17285	4
210218_RL#220_15g	1169	Port Input	1	13127030	17289	5
210218_RL#220_15g	1169	Response	1	13127030	17289	5
210218_RL#220_15g	1169	Port Input	1	13128519	18777	5
210218_RL#220_15g	1169	Response	1	13128519	18777	5
210218_RL#220_15g	1170	Picture	3511	13129880	0	5	833	8	0	next	other	0
210218_RL#220_15g	1171	Picture	666	13130713	0	4	20306	4	0	next	other	0
210218_RL#220_15g	1172	Picture	777	13151018	0	1	20305	2	0	next	other	0
210218_RL#220_15g	1172	Manual	2	13171031	20013	NA
210218_RL#220_15g	1172	Port Input	1	13171069	20051	5
210218_RL#220_15g	1172	Response	1	13171069	20051	5
210218_RL#220_15g	1173	Sound	212	13173049	1726	1			0		other	0
210218_RL#220_15g	1173	Port Input	1	13174456	3133	4
210218_RL#220_15g	1173	Response	1	13174456	3133	4
210218_RL#220_15g	1174	Picture	555	13176647	0	3	10319	6	0	next	false_alarm	5043
210218_RL#220_15g	1174	Port Input	1	13185200	8552	5
210218_RL#220_15g	1174	Response	1	13185200	8552	5
210218_RL#220_15g	1174	Port Input	1	13185204	8557	4
210218_RL#220_15g	1174	Response	1	13185204	8557	4
210218_RL#220_15g	1174	Port Input	1	13185463	8816	4
210218_RL#220_15g	1174	Response	1	13185463	8816	4
210218_RL#220_15g	1174	Port Input	1	13185467	8819	4
210218_RL#220_15g	1174	Response	1	13185467	8819	4
210218_RL#220_15g	1175	Picture	10	13186966	0	3	2164	6	0	next	hit	5052
210218_RL#220_15g	1175	Port Input	1	13188805	1838	4
210218_RL#220_15g	1175	Response	1	13188805	1838	4
210218_RL#220_15g	1176	Picture	311	13189130	0	3	501	4	0	next	other	0
210218_RL#220_15g	1177	Picture	444	13189631	0	1	80886	2	0	next	other	0
210218_RL#220_15g	1178	Picture	666	13270517	0	1	20303	4	0	next	other	0
210218_RL#220_15g	1179	Picture	777	13290820	0	4	20306	6	0	next	other	0
210218_RL#220_15g	1179	Manual	2	13310838	20018	NA
210218_RL#220_15g	1180	Sound	212	13313049	1923	1			0		other	0
210218_RL#220_15g	1181	Picture	555	13316285	0	4	10153	6	0	next	other	0
210218_RL#220_15g	1182	Picture	10	13326438	0	3	20138	7	0	next	miss	0
210218_RL#220_15g	1183	Picture	411	13346576	0	4	832	7	0	next	other	0
210218_RL#220_15g	1184	Picture	666	13347408	0	4	20139	7	0	next	other	0
210218_RL#220_15g	1185	Picture	777	13367547	0	4	20306	5	0	next	other	0
210218_RL#220_15g	1185	Manual	1	13387563	20016	NA
210218_RL#220_15g	1186	Sound	211	13389049	1196	1			0		other	0
210218_RL#220_15g	1186	Port Input	1	13391755	3902	4
210218_RL#220_15g	1186	Response	1	13391755	3902	4
210218_RL#220_15g	1186	Port Input	1	13393159	5306	6
210218_RL#220_15g	1186	Response	1	13393159	5306	6
210218_RL#220_15g	1187	Picture	555	13393179	0	1	10319	1	0	next	false_alarm	5072
210218_RL#220_15g	1187	Port Input	1	13394906	1727	4
210218_RL#220_15g	1187	Response	1	13394906	1727	4
210218_RL#220_15g	1187	Port Input	1	13396838	3659	4
210218_RL#220_15g	1187	Response	1	13396838	3659	4
210218_RL#220_15g	1187	Port Input	1	13398450	5272	4
210218_RL#220_15g	1187	Response	1	13398450	5272	4
210218_RL#220_15g	1187	Port Input	1	13400067	6888	4
210218_RL#220_15g	1187	Response	1	13400067	6888	4
210218_RL#220_15g	1187	Port Input	1	13400070	6891	4
210218_RL#220_15g	1187	Response	1	13400070	6891	4
210218_RL#220_15g	1187	Port Input	1	13401698	8520	8
210218_RL#220_15g	1187	Response	1	13401698	8520	8
210218_RL#220_15g	1187	Port Input	1	13403324	10145	4
210218_RL#220_15g	1187	Response	1	13403324	10145	4
210218_RL#220_15g	1188	Picture	10	13403498	0	1	1831	2	0	next	hit	5087
210218_RL#220_15g	1188	Port Input	1	13405103	1606	4
210218_RL#220_15g	1188	Response	1	13405103	1606	4
210218_RL#220_15g	1189	Picture	351	13405329	0	1	499	2	0	next	other	0
210218_RL#220_15g	1190	Picture	1	13405828	0	1	20303	4	0	next	false_alarm	5091
210218_RL#220_15g	1190	Port Input	1	13407042	1214	4
210218_RL#220_15g	1190	Response	1	13407042	1214	4
210218_RL#220_15g	1190	Port Input	1	13408104	2276	4
210218_RL#220_15g	1190	Response	1	13408104	2276	4
210218_RL#220_15g	1190	Port Input	1	13409283	3455	4
210218_RL#220_15g	1190	Response	1	13409283	3455	4
210218_RL#220_15g	1190	Port Input	1	13409286	3458	4
210218_RL#220_15g	1190	Response	1	13409286	3458	4
210218_RL#220_15g	1190	Port Input	1	13410628	4800	5
210218_RL#220_15g	1190	Response	1	13410628	4800	5
210218_RL#220_15g	1190	Port Input	1	13412125	6297	4
210218_RL#220_15g	1190	Response	1	13412125	6297	4
210218_RL#220_15g	1190	Port Input	1	13413735	7907	4
210218_RL#220_15g	1190	Response	1	13413735	7907	4
210218_RL#220_15g	1190	Port Input	1	13415449	9621	4
210218_RL#220_15g	1190	Response	1	13415449	9621	4
210218_RL#220_15g	1190	Port Input	1	13415453	9625	4
210218_RL#220_15g	1190	Response	1	13415453	9625	4
210218_RL#220_15g	1190	Port Input	1	13417317	11489	4
210218_RL#220_15g	1190	Response	1	13417317	11489	4
210218_RL#220_15g	1190	Port Input	1	13419300	13472	6
210218_RL#220_15g	1190	Response	1	13419300	13472	6
210218_RL#220_15g	1190	Port Input	1	13420956	15128	4
210218_RL#220_15g	1190	Response	1	13420956	15128	4
210218_RL#220_15g	1190	Port Input	1	13422576	16748	4
210218_RL#220_15g	1190	Response	1	13422576	16748	4
210218_RL#220_15g	1190	Port Input	1	13422580	16752	5
210218_RL#220_15g	1190	Response	1	13422580	16752	5
210218_RL#220_15g	1190	Port Input	1	13424143	18315	4
210218_RL#220_15g	1190	Response	1	13424143	18315	4
210218_RL#220_15g	1190	Port Input	1	13424147	18319	4
210218_RL#220_15g	1190	Response	1	13424147	18319	4
210218_RL#220_15g	1190	Port Input	1	13425508	19680	4
210218_RL#220_15g	1190	Response	1	13425508	19680	4
210218_RL#220_15g	1191	Picture	3511	13426131	0	3	666	5	0	next	other	0
210218_RL#220_15g	1192	Picture	666	13426797	0	2	20138	5	0	next	false_alarm	5127
210218_RL#220_15g	1192	Port Input	1	13427064	266	3
210218_RL#220_15g	1192	Response	1	13427064	266	3
210218_RL#220_15g	1192	Port Input	1	13428736	1938	4
210218_RL#220_15g	1192	Response	1	13428736	1938	4
210218_RL#220_15g	1192	Port Input	1	13430481	3684	4
210218_RL#220_15g	1192	Response	1	13430481	3684	4
210218_RL#220_15g	1192	Port Input	1	13430485	3687	4
210218_RL#220_15g	1192	Response	1	13430485	3687	4
210218_RL#220_15g	1192	Port Input	1	13432396	5599	4
210218_RL#220_15g	1192	Response	1	13432396	5599	4
210218_RL#220_15g	1192	Port Input	1	13434083	7285	4
210218_RL#220_15g	1192	Response	1	13434083	7285	4
210218_RL#220_15g	1192	Port Input	1	13435681	8884	4
210218_RL#220_15g	1192	Response	1	13435681	8884	4
210218_RL#220_15g	1192	Port Input	1	13435685	8887	4
210218_RL#220_15g	1192	Response	1	13435685	8887	4
210218_RL#220_15g	1192	Port Input	1	13437352	10555	4
210218_RL#220_15g	1192	Response	1	13437352	10555	4
210218_RL#220_15g	1192	Port Input	1	13437356	10558	3
210218_RL#220_15g	1192	Response	1	13437356	10558	3
210218_RL#220_15g	1192	Port Input	1	13439075	12277	4
210218_RL#220_15g	1192	Response	1	13439075	12277	4
210218_RL#220_15g	1192	Port Input	1	13440783	13986	4
210218_RL#220_15g	1192	Response	1	13440783	13986	4
210218_RL#220_15g	1192	Port Input	1	13440787	13989	4
210218_RL#220_15g	1192	Response	1	13440787	13989	4
210218_RL#220_15g	1192	Port Input	1	13443853	17056	4
210218_RL#220_15g	1192	Response	1	13443853	17056	4
210218_RL#220_15g	1193	Picture	777	13446935	0	3	20139	7	0	next	other	0
210218_RL#220_15g	1193	Manual	1	13466948	20012	NA
210218_RL#220_15g	1194	Sound	212	13469049	1975	1			0		other	0
210218_RL#220_15g	1195	Picture	555	13472233	0	4	10152	7	0	next	other	0
210218_RL#220_15g	1196	Picture	10	13482386	0	4	20306	5	0	next	miss	0
210218_RL#220_15g	1197	Picture	411	13502692	0	1	999	2	0	next	other	0
210218_RL#220_15g	1198	Picture	666	13503691	0	1	20305	2	0	next	other	0
210218_RL#220_15g	1199	Picture	777	13523996	0	1	20303	4	0	next	other	0
210218_RL#220_15g	1199	Manual	2	13544012	20017	NA
210218_RL#220_15g	1200	Sound	211	13546049	1750	1			0		other	0
210218_RL#220_15g	1200	Port Input	1	13548600	4301	4
210218_RL#220_15g	1200	Response	1	13548600	4301	4
210218_RL#220_15g	1201	Picture	555	13549625	0	3	10153	6	0	next	false_alarm	5168
210218_RL#220_15g	1201	Port Input	1	13550048	423	3
210218_RL#220_15g	1201	Response	1	13550048	423	3
210218_RL#220_15g	1201	Port Input	1	13551809	2185	4
210218_RL#220_15g	1201	Response	1	13551809	2185	4
210218_RL#220_15g	1201	Port Input	1	13551813	2189	4
210218_RL#220_15g	1201	Response	1	13551813	2189	4
210218_RL#220_15g	1201	Port Input	1	13553526	3902	4
210218_RL#220_15g	1201	Response	1	13553526	3902	4
210218_RL#220_15g	1201	Port Input	1	13555263	5639	4
210218_RL#220_15g	1201	Response	1	13555263	5639	4
210218_RL#220_15g	1201	Port Input	1	13555267	5642	4
210218_RL#220_15g	1201	Response	1	13555267	5642	4
210218_RL#220_15g	1201	Port Input	1	13556998	7374	5
210218_RL#220_15g	1201	Response	1	13556998	7374	5
210218_RL#220_15g	1201	Port Input	1	13558576	8952	4
210218_RL#220_15g	1201	Response	1	13558576	8952	4
210218_RL#220_15g	1201	Port Input	1	13558580	8955	4
210218_RL#220_15g	1201	Response	1	13558580	8955	4
210218_RL#220_15g	1202	Picture	10	13559778	0	3	998	6	0	next	hit	5187
210218_RL#220_15g	1202	Port Input	1	13560594	816	4
210218_RL#220_15g	1202	Response	1	13560594	816	4
210218_RL#220_15g	1203	Picture	351	13560776	0	3	499	6	0	next	other	0
210218_RL#220_15g	1204	Picture	1	13561275	0	3	20138	7	0	next	false_alarm	5191
210218_RL#220_15g	1204	Port Input	1	13562134	859	3
210218_RL#220_15g	1204	Response	1	13562134	859	3
210218_RL#220_15g	1204	Port Input	1	13563275	2000	5
210218_RL#220_15g	1204	Response	1	13563275	2000	5
210218_RL#220_15g	1204	Port Input	1	13564519	3244	4
210218_RL#220_15g	1204	Response	1	13564519	3244	4
210218_RL#220_15g	1204	Port Input	1	13565829	4554	4
210218_RL#220_15g	1204	Response	1	13565829	4554	4
210218_RL#220_15g	1204	Port Input	1	13567232	5957	4
210218_RL#220_15g	1204	Response	1	13567232	5957	4
210218_RL#220_15g	1204	Port Input	1	13568686	7411	4
210218_RL#220_15g	1204	Response	1	13568686	7411	4
210218_RL#220_15g	1204	Port Input	1	13570121	8845	4
210218_RL#220_15g	1204	Response	1	13570121	8845	4
210218_RL#220_15g	1204	Port Input	1	13571457	10182	4
210218_RL#220_15g	1204	Response	1	13571457	10182	4
210218_RL#220_15g	1204	Port Input	1	13573172	11897	5
210218_RL#220_15g	1204	Response	1	13573172	11897	5
210218_RL#220_15g	1204	Port Input	1	13575199	13924	4
210218_RL#220_15g	1204	Response	1	13575199	13924	4
210218_RL#220_15g	1204	Port Input	1	13575203	13928	4
210218_RL#220_15g	1204	Response	1	13575203	13928	4
210218_RL#220_15g	1205	Picture	3511	13581413	0	4	833	7	0	next	other	0
210218_RL#220_15g	1206	Picture	666	13582246	0	3	20138	7	0	next	other	0
210218_RL#220_15g	1207	Picture	777	13602384	0	4	20306	5	0	next	other	0
210218_RL#220_15g	1207	Manual	2	13622402	20018	NA
210218_RL#220_15g	1208	Sound	212	13624049	1358	1			0		other	0
210218_RL#220_15g	1209	Picture	555	13628016	0	1	10319	1	0	next	other	0
210218_RL#220_15g	1210	Picture	10	13638335	0	1	20303	4	0	next	miss	0
210218_RL#220_15g	1211	Picture	411	13658638	0	3	832	6	0	next	other	0
210218_RL#220_15g	1212	Picture	666	13659470	0	3	20305	6	0	next	other	0
210218_RL#220_15g	1213	Picture	777	13679776	0	3	20139	7	0	next	other	0
210218_RL#220_15g	1213	Manual	2	13699790	20014	NA
210218_RL#220_15g	1214	Sound	211	13701048	1134	1			0		other	0
210218_RL#220_15g	1214	Port Input	1	13703471	3557	4
210218_RL#220_15g	1214	Response	1	13703471	3557	4
210218_RL#220_15g	1214	Port Input	1	13704800	4886	4
210218_RL#220_15g	1214	Response	1	13704800	4886	4
210218_RL#220_15g	1214	Port Input	1	13704806	4891	4
210218_RL#220_15g	1214	Response	1	13704806	4891	4
210218_RL#220_15g	1215	Picture	555	13705073	0	4	10153	8	0	next	false_alarm	5232
210218_RL#220_15g	1215	Port Input	1	13706553	1480	4
210218_RL#220_15g	1215	Response	1	13706553	1480	4
210218_RL#220_15g	1215	Port Input	1	13708634	3561	4
210218_RL#220_15g	1215	Response	1	13708634	3561	4
210218_RL#220_15g	1215	Port Input	1	13710332	5259	4
210218_RL#220_15g	1215	Response	1	13710332	5259	4
210218_RL#220_15g	1215	Port Input	1	13712046	6973	4
210218_RL#220_15g	1215	Response	1	13712046	6973	4
210218_RL#220_15g	1215	Port Input	1	13712049	6976	4
210218_RL#220_15g	1215	Response	1	13712049	6976	4
210218_RL#220_15g	1215	Port Input	1	13713638	8565	4
210218_RL#220_15g	1215	Response	1	13713638	8565	4
210218_RL#220_15g	1216	Picture	10	13715226	0	4	333	8	0	next	hit	5245
210218_RL#220_15g	1216	Port Input	1	13715425	199	4
210218_RL#220_15g	1216	Response	1	13715425	199	4
210218_RL#220_15g	1217	Picture	351	13715559	0	4	501	6	0	next	other	0
210218_RL#220_15g	1218	Picture	1	13716060	0	2	20304	3	0	next	false_alarm	5249
210218_RL#220_15g	1218	Port Input	1	13716994	934	3
210218_RL#220_15g	1218	Response	1	13716994	934	3
210218_RL#220_15g	1218	Port Input	1	13716997	937	3
210218_RL#220_15g	1218	Response	1	13716997	937	3
210218_RL#220_15g	1218	Port Input	1	13718104	2044	4
210218_RL#220_15g	1218	Response	1	13718104	2044	4
210218_RL#220_15g	1218	Port Input	1	13718108	2048	4
210218_RL#220_15g	1218	Response	1	13718108	2048	4
210218_RL#220_15g	1218	Port Input	1	13719332	3272	4
210218_RL#220_15g	1218	Response	1	13719332	3272	4
210218_RL#220_15g	1218	Port Input	1	13720644	4585	4
210218_RL#220_15g	1218	Response	1	13720644	4585	4
210218_RL#220_15g	1218	Port Input	1	13722151	6092	4
210218_RL#220_15g	1218	Response	1	13722151	6092	4
210218_RL#220_15g	1218	Port Input	1	13723734	7674	4
210218_RL#220_15g	1218	Response	1	13723734	7674	4
210218_RL#220_15g	1218	Port Input	1	13725273	9213	4
210218_RL#220_15g	1218	Response	1	13725273	9213	4
210218_RL#220_15g	1218	Port Input	1	13726848	10788	5
210218_RL#220_15g	1218	Response	1	13726848	10788	5
210218_RL#220_15g	1218	Port Input	1	13728726	12666	4
210218_RL#220_15g	1218	Response	1	13728726	12666	4
210218_RL#220_15g	1218	Port Input	1	13728729	12669	4
210218_RL#220_15g	1218	Response	1	13728729	12669	4
210218_RL#220_15g	1218	Port Input	1	13730574	14515	4
210218_RL#220_15g	1218	Response	1	13730574	14515	4
210218_RL#220_15g	1218	Port Input	1	13730578	14518	4
210218_RL#220_15g	1218	Response	1	13730578	14518	4
210218_RL#220_15g	1219	Picture	3511	13736364	0	1	833	2	0	next	other	0
210218_RL#220_15g	1220	Picture	666	13737197	0	1	20305	1	0	next	other	0
210218_RL#220_15g	1221	Picture	777	13757502	0	1	20304	3	0	next	other	0
210218_RL#220_15g	1221	Manual	2	13777515	20013	NA
210218_RL#220_15g	1222	Sound	212	13779048	1243	1			0		other	0
210218_RL#220_15g	1223	Picture	555	13783130	0	3	10153	6	0	next	other	0
210218_RL#220_15g	1224	Picture	10	13793283	0	4	20138	7	0	next	miss	0
210218_RL#220_15g	1225	Picture	411	13813422	0	4	998	7	0	next	other	0
210218_RL#220_15g	1226	Picture	666	13814420	0	4	20139	7	0	next	other	0
210218_RL#220_15g	1227	Picture	777	13834559	0	4	20306	5	0	next	other	0
210218_RL#220_15g	1227	Manual	2	13854573	20015	NA
210218_RL#220_15g	1228	Sound	211	13856048	1183	1			0		other	0
210218_RL#220_15g	1228	Port Input	1	13858430	3565	5
210218_RL#220_15g	1228	Response	1	13858430	3565	5
210218_RL#220_15g	1228	Port Input	1	13859654	4789	4
210218_RL#220_15g	1228	Response	1	13859654	4789	4
210218_RL#220_15g	1229	Picture	555	13860191	0	1	10319	1	0	next	false_alarm	5294
210218_RL#220_15g	1229	Port Input	1	13861344	1153	4
210218_RL#220_15g	1229	Response	1	13861344	1153	4
210218_RL#220_15g	1229	Port Input	1	13863271	3080	5
210218_RL#220_15g	1229	Response	1	13863271	3080	5
210218_RL#220_15g	1229	Port Input	1	13865019	4829	4
210218_RL#220_15g	1229	Response	1	13865019	4829	4
210218_RL#220_15g	1229	Port Input	1	13865023	4832	4
210218_RL#220_15g	1229	Response	1	13865023	4832	4
210218_RL#220_15g	1229	Port Input	1	13866614	6423	4
210218_RL#220_15g	1229	Response	1	13866614	6423	4
210218_RL#220_15g	1229	Port Input	1	13866618	6427	5
210218_RL#220_15g	1229	Response	1	13866618	6427	5
210218_RL#220_15g	1229	Port Input	1	13868204	8013	4
210218_RL#220_15g	1229	Response	1	13868204	8013	4
210218_RL#220_15g	1229	Port Input	1	13868208	8017	5
210218_RL#220_15g	1229	Response	1	13868208	8017	5
210218_RL#220_15g	1229	Port Input	1	13869754	9563	4
210218_RL#220_15g	1229	Response	1	13869754	9563	4
210218_RL#220_15g	1230	Picture	10	13870510	0	1	1165	1	0	next	hit	5313
210218_RL#220_15g	1230	Port Input	1	13871313	803	4
210218_RL#220_15g	1230	Response	1	13871313	803	4
210218_RL#220_15g	1231	Picture	351	13871675	0	1	666	1	0	next	other	0
210218_RL#220_15g	1232	Picture	1	13872340	0	1	20304	3	0	next	false_alarm	5317
210218_RL#220_15g	1232	Port Input	1	13873198	858	4
210218_RL#220_15g	1232	Response	1	13873198	858	4
210218_RL#220_15g	1232	Port Input	1	13874231	1891	4
210218_RL#220_15g	1232	Response	1	13874231	1891	4
210218_RL#220_15g	1232	Port Input	1	13875553	3212	4
210218_RL#220_15g	1232	Response	1	13875553	3212	4
210218_RL#220_15g	1232	Port Input	1	13875556	3216	4
210218_RL#220_15g	1232	Response	1	13875556	3216	4
210218_RL#220_15g	1232	Port Input	1	13876915	4575	4
210218_RL#220_15g	1232	Response	1	13876915	4575	4
210218_RL#220_15g	1232	Port Input	1	13878530	6190	4
210218_RL#220_15g	1232	Response	1	13878530	6190	4
210218_RL#220_15g	1232	Port Input	1	13880184	7844	4
210218_RL#220_15g	1232	Response	1	13880184	7844	4
210218_RL#220_15g	1232	Port Input	1	13880188	7847	5
210218_RL#220_15g	1232	Response	1	13880188	7847	5
210218_RL#220_15g	1232	Port Input	1	13881978	9638	5
210218_RL#220_15g	1232	Response	1	13881978	9638	5
210218_RL#220_15g	1232	Port Input	1	13887805	15465	4
210218_RL#220_15g	1232	Response	1	13887805	15465	4
210218_RL#220_15g	1233	Picture	3511	13892644	0	3	832	5	0	next	other	0
210218_RL#220_15g	1234	Picture	666	13893476	0	3	20307	4	0	next	other	0
210218_RL#220_15g	1235	Picture	777	13913783	0	2	20304	4	0	next	other	0
210218_RL#220_15g	1235	Manual	2	13933798	20016	NA
210218_RL#220_15g	1236	Sound	211	13936048	1962	1			0		other	0
210218_RL#220_15g	1236	Port Input	1	13938150	4063	5
210218_RL#220_15g	1236	Response	1	13938150	4063	5
210218_RL#220_15g	1236	Port Input	1	13938154	4068	4
210218_RL#220_15g	1236	Response	1	13938154	4068	4
210218_RL#220_15g	1237	Picture	555	13939245	0	4	10154	6	0	next	false_alarm	5347
210218_RL#220_15g	1237	Port Input	1	13939408	163	4
210218_RL#220_15g	1237	Response	1	13939408	163	4
210218_RL#220_15g	1237	Port Input	1	13940996	1750	4
210218_RL#220_15g	1237	Response	1	13940996	1750	4
210218_RL#220_15g	1237	Port Input	1	13940999	1754	4
210218_RL#220_15g	1237	Response	1	13940999	1754	4
210218_RL#220_15g	1237	Port Input	1	13942687	3441	4
210218_RL#220_15g	1237	Response	1	13942687	3441	4
210218_RL#220_15g	1237	Port Input	1	13944337	5092	4
210218_RL#220_15g	1237	Response	1	13944337	5092	4
210218_RL#220_15g	1237	Port Input	1	13945862	6617	4
210218_RL#220_15g	1237	Response	1	13945862	6617	4
210218_RL#220_15g	1237	Port Input	1	13947186	7940	4
210218_RL#220_15g	1237	Response	1	13947186	7940	4
210218_RL#220_15g	1237	Port Input	1	13947189	7944	4
210218_RL#220_15g	1237	Response	1	13947189	7944	4
210218_RL#220_15g	1237	Port Input	1	13948947	9702	4
210218_RL#220_15g	1237	Response	1	13948947	9702	4
210218_RL#220_15g	1238	Picture	10	13949399	0	2	1163	6	0	next	hit	5366
210218_RL#220_15g	1238	Port Input	1	13950311	911	3
210218_RL#220_15g	1238	Response	1	13950311	911	3
210218_RL#220_15g	1238	Port Input	1	13950314	915	4
210218_RL#220_15g	1238	Response	1	13950314	915	4
210218_RL#220_15g	1239	Picture	351	13950563	0	4	500	7	0	next	other	0
210218_RL#220_15g	1240	Picture	1	13951062	0	4	20306	4	0	next	false_alarm	5372
210218_RL#220_15g	1240	Port Input	1	13951802	739	3
210218_RL#220_15g	1240	Response	1	13951802	739	3
210218_RL#220_15g	1240	Port Input	1	13952808	1746	4
210218_RL#220_15g	1240	Response	1	13952808	1746	4
210218_RL#220_15g	1240	Port Input	1	13954008	2945	5
210218_RL#220_15g	1240	Response	1	13954008	2945	5
210218_RL#220_15g	1240	Port Input	1	13955287	4224	4
210218_RL#220_15g	1240	Response	1	13955287	4224	4
210218_RL#220_15g	1240	Port Input	1	13955290	4228	4
210218_RL#220_15g	1240	Response	1	13955290	4228	4
210218_RL#220_15g	1240	Port Input	1	13956689	5627	4
210218_RL#220_15g	1240	Response	1	13956689	5627	4
210218_RL#220_15g	1240	Port Input	1	13958025	6963	4
210218_RL#220_15g	1240	Response	1	13958025	6963	4
210218_RL#220_15g	1240	Port Input	1	13959339	8277	4
210218_RL#220_15g	1240	Response	1	13959339	8277	4
210218_RL#220_15g	1240	Port Input	1	13960840	9778	4
210218_RL#220_15g	1240	Response	1	13960840	9778	4
210218_RL#220_15g	1240	Port Input	1	13962578	11515	5
210218_RL#220_15g	1240	Response	1	13962578	11515	5
210218_RL#220_15g	1240	Port Input	1	13964312	13250	4
210218_RL#220_15g	1240	Response	1	13964312	13250	4
210218_RL#220_15g	1241	Picture	3511	13971369	0	1	832	1	0	next	other	0
210218_RL#220_15g	1242	Picture	666	13972201	0	1	20305	1	0	next	other	0
210218_RL#220_15g	1243	Picture	777	13992505	0	1	20303	3	0	next	other	0
210218_RL#220_15g	1243	Manual	2	14012519	20014	NA
210218_RL#220_15g	1244	Sound	212	14014048	1240	1			0		other	0
210218_RL#220_15g	1245	Picture	555	14018134	0	3	10319	6	0	next	other	0
210218_RL#220_15g	1246	Picture	10	14028454	0	3	20138	6	0	next	miss	0
210218_RL#220_15g	1247	Picture	411	14048592	0	4	832	7	0	next	other	0
210218_RL#220_15g	1248	Picture	666	14049424	0	4	20139	7	0	next	other	0
210218_RL#220_15g	1249	Picture	777	14069563	0	4	20306	4	0	next	other	0
210218_RL#220_15g	1249	Manual	2	14089577	20015	NA
210218_RL#220_15g	1250	Sound	211	14091048	1179	1			0		other	0
210218_RL#220_15g	1250	Port Input	1	14093296	3427	4
210218_RL#220_15g	1250	Response	1	14093296	3427	4
210218_RL#220_15g	1250	Port Input	1	14094552	4683	4
210218_RL#220_15g	1250	Response	1	14094552	4683	4
210218_RL#220_15g	1250	Port Input	1	14094556	4687	4
210218_RL#220_15g	1250	Response	1	14094556	4687	4
210218_RL#220_15g	1251	Picture	555	14095195	0	2	10319	2	0	next	false_alarm	5413
210218_RL#220_15g	1251	Port Input	1	14096238	1043	4
210218_RL#220_15g	1251	Response	1	14096238	1043	4
210218_RL#220_15g	1251	Port Input	1	14098020	2825	4
210218_RL#220_15g	1251	Response	1	14098020	2825	4
210218_RL#220_15g	1251	Port Input	1	14100026	4831	4
210218_RL#220_15g	1251	Response	1	14100026	4831	4
210218_RL#220_15g	1251	Port Input	1	14101865	6671	4
210218_RL#220_15g	1251	Response	1	14101865	6671	4
210218_RL#220_15g	1251	Port Input	1	14101869	6674	4
210218_RL#220_15g	1251	Response	1	14101869	6674	4
210218_RL#220_15g	1251	Port Input	1	14103612	8417	4
210218_RL#220_15g	1251	Response	1	14103612	8417	4
210218_RL#220_15g	1251	Port Input	1	14103615	8421	4
210218_RL#220_15g	1251	Response	1	14103615	8421	4
210218_RL#220_15g	1251	Port Input	1	14105282	10087	5
210218_RL#220_15g	1251	Response	1	14105282	10087	5
210218_RL#220_15g	1252	Picture	10	14105514	0	1	1831	2	0	next	hit	5430
210218_RL#220_15g	1252	Port Input	1	14107014	1500	4
210218_RL#220_15g	1252	Response	1	14107014	1500	4
210218_RL#220_15g	1252	Port Input	1	14107017	1504	5
210218_RL#220_15g	1252	Response	1	14107017	1504	5
210218_RL#220_15g	1253	Picture	351	14107344	0	1	666	2	0	next	other	0
210218_RL#220_15g	1254	Picture	1	14108010	0	1	20303	4	0	next	false_alarm	5436
210218_RL#220_15g	1254	Port Input	1	14108659	649	4
210218_RL#220_15g	1254	Response	1	14108659	649	4
210218_RL#220_15g	1254	Port Input	1	14109694	1684	4
210218_RL#220_15g	1254	Response	1	14109694	1684	4
210218_RL#220_15g	1254	Port Input	1	14110898	2887	5
210218_RL#220_15g	1254	Response	1	14110898	2887	5
210218_RL#220_15g	1254	Port Input	1	14112235	4224	4
210218_RL#220_15g	1254	Response	1	14112235	4224	4
210218_RL#220_15g	1254	Port Input	1	14113653	5643	4
210218_RL#220_15g	1254	Response	1	14113653	5643	4
210218_RL#220_15g	1254	Port Input	1	14113657	5647	4
210218_RL#220_15g	1254	Response	1	14113657	5647	4
210218_RL#220_15g	1254	Port Input	1	14115240	7230	4
210218_RL#220_15g	1254	Response	1	14115240	7230	4
210218_RL#220_15g	1254	Port Input	1	14117180	9170	4
210218_RL#220_15g	1254	Response	1	14117180	9170	4
210218_RL#220_15g	1254	Port Input	1	14118776	10766	4
210218_RL#220_15g	1254	Response	1	14118776	10766	4
210218_RL#220_15g	1254	Port Input	1	14118780	10769	5
210218_RL#220_15g	1254	Response	1	14118780	10769	5
210218_RL#220_15g	1254	Port Input	1	14120501	12491	4
210218_RL#220_15g	1254	Response	1	14120501	12491	4
210218_RL#220_15g	1254	Port Input	1	14122070	14059	4
210218_RL#220_15g	1254	Response	1	14122070	14059	4
210218_RL#220_15g	1254	Port Input	1	14123569	15559	4
210218_RL#220_15g	1254	Response	1	14123569	15559	4
210218_RL#220_15g	1255	Picture	3511	14128313	0	3	666	5	0	next	other	0
210218_RL#220_15g	1256	Picture	666	14128979	0	3	20304	6	0	next	other	0
210218_RL#220_15g	1257	Picture	777	14149284	0	4	20307	5	0	next	other	0
210218_RL#220_15g	1257	Manual	1	14169298	20015	NA
210218_RL#220_15g	1258	Sound	212	14171048	1458	1			0		other	0
210218_RL#220_15g	1259	Picture	555	14174749	0	4	10152	7	0	next	other	0
210218_RL#220_15g	1260	Picture	10	14184901	0	4	20306	5	0	next	miss	0
210218_RL#220_15g	1261	Picture	411	14205207	0	1	1165	2	0	next	other	0
210218_RL#220_15g	1262	Picture	666	14206372	0	1	20305	2	0	next	other	0
210218_RL#220_15g	1263	Picture	777	14226677	0	1	20304	3	0	next	other	0
210218_RL#220_15g	1263	Manual	2	14246695	20018	NA
210218_RL#220_15g	1264	Sound	211	14248048	1067	1			0		other	0
210218_RL#220_15g	1264	Port Input	1	14249969	2989	5
210218_RL#220_15g	1264	Response	1	14249969	2989	5
210218_RL#220_15g	1264	Port Input	1	14251312	4331	4
210218_RL#220_15g	1264	Response	1	14251312	4331	4
210218_RL#220_15g	1265	Picture	555	14252306	0	3	10319	6	0	next	false_alarm	5479
210218_RL#220_15g	1265	Port Input	1	14253002	696	4
210218_RL#220_15g	1265	Response	1	14253002	696	4
210218_RL#220_15g	1265	Port Input	1	14254939	2633	4
210218_RL#220_15g	1265	Response	1	14254939	2633	4
210218_RL#220_15g	1265	Port Input	1	14254943	2636	4
210218_RL#220_15g	1265	Response	1	14254943	2636	4
210218_RL#220_15g	1265	Port Input	1	14256808	4502	4
210218_RL#220_15g	1265	Response	1	14256808	4502	4
210218_RL#220_15g	1265	Port Input	1	14258838	6532	4
210218_RL#220_15g	1265	Response	1	14258838	6532	4
210218_RL#220_15g	1265	Port Input	1	14260515	8209	4
210218_RL#220_15g	1265	Response	1	14260515	8209	4
210218_RL#220_15g	1265	Port Input	1	14262109	9803	5
210218_RL#220_15g	1265	Response	1	14262109	9803	5
210218_RL#220_15g	1266	Picture	10	14262625	0	4	1665	6	0	next	hit	5494
210218_RL#220_15g	1266	Port Input	1	14264001	1376	4
210218_RL#220_15g	1266	Response	1	14264001	1376	4
210218_RL#220_15g	1267	Picture	351	14264290	0	3	666	6	0	next	other	0
210218_RL#220_15g	1268	Picture	1	14264955	0	3	20138	7	0	next	false_alarm	5498
210218_RL#220_15g	1268	Port Input	1	14265552	597	4
210218_RL#220_15g	1268	Response	1	14265552	597	4
210218_RL#220_15g	1268	Port Input	1	14266639	1684	4
210218_RL#220_15g	1268	Response	1	14266639	1684	4
210218_RL#220_15g	1268	Port Input	1	14267779	2823	4
210218_RL#220_15g	1268	Response	1	14267779	2823	4
210218_RL#220_15g	1268	Port Input	1	14267782	2827	6
210218_RL#220_15g	1268	Response	1	14267782	2827	6
210218_RL#220_15g	1268	Port Input	1	14269087	4132	4
210218_RL#220_15g	1268	Response	1	14269087	4132	4
210218_RL#220_15g	1268	Port Input	1	14270537	5582	4
210218_RL#220_15g	1268	Response	1	14270537	5582	4
210218_RL#220_15g	1268	Port Input	1	14270540	5585	4
210218_RL#220_15g	1268	Response	1	14270540	5585	4
210218_RL#220_15g	1268	Port Input	1	14272184	7229	4
210218_RL#220_15g	1268	Response	1	14272184	7229	4
210218_RL#220_15g	1268	Port Input	1	14273954	8999	4
210218_RL#220_15g	1268	Response	1	14273954	8999	4
210218_RL#220_15g	1268	Port Input	1	14275651	10696	4
210218_RL#220_15g	1268	Response	1	14275651	10696	4
210218_RL#220_15g	1268	Port Input	1	14275657	10702	4
210218_RL#220_15g	1268	Response	1	14275657	10702	4
210218_RL#220_15g	1268	Port Input	1	14277379	12424	4
210218_RL#220_15g	1268	Response	1	14277379	12424	4
210218_RL#220_15g	1269	Picture	3511	14285094	0	4	834	5	0	next	other	0
210218_RL#220_15g	1270	Picture	666	14285928	0	2	20138	3	0	next	other	0
210218_RL#220_15g	1271	Picture	777	14306066	0	2	20305	3	0	next	other	0
210218_RL#220_15g	1271	Manual	1	14326078	20012	NA
210218_RL#220_15g	1272	Sound	211	14328048	1677	1			0		other	0
210218_RL#220_15g	1272	Port Input	1	14330223	3853	4
210218_RL#220_15g	1272	Response	1	14330223	3853	4
210218_RL#220_15g	1273	Picture	555	14331697	0	1	10319	1	0	next	false_alarm	5530
210218_RL#220_15g	1273	Port Input	1	14332005	308	4
210218_RL#220_15g	1273	Response	1	14332005	308	4
210218_RL#220_15g	1273	Port Input	1	14333893	2197	4
210218_RL#220_15g	1273	Response	1	14333893	2197	4
210218_RL#220_15g	1273	Port Input	1	14335815	4118	4
210218_RL#220_15g	1273	Response	1	14335815	4118	4
210218_RL#220_15g	1273	Port Input	1	14335819	4122	4
210218_RL#220_15g	1273	Response	1	14335819	4122	4
210218_RL#220_15g	1273	Port Input	1	14337594	5897	4
210218_RL#220_15g	1273	Response	1	14337594	5897	4
210218_RL#220_15g	1273	Port Input	1	14339366	7670	4
210218_RL#220_15g	1273	Response	1	14339366	7670	4
210218_RL#220_15g	1273	Port Input	1	14340968	9271	4
210218_RL#220_15g	1273	Response	1	14340968	9271	4
210218_RL#220_15g	1274	Picture	10	14342015	0	1	666	1	0	next	hit	5545
210218_RL#220_15g	1274	Port Input	1	14342430	415	3
210218_RL#220_15g	1274	Response	1	14342430	415	3
210218_RL#220_15g	1275	Picture	351	14342681	0	1	666	1	0	next	other	0
210218_RL#220_15g	1276	Picture	1	14343347	0	1	20305	2	0	next	false_alarm	5549
210218_RL#220_15g	1276	Port Input	1	14344309	963	4
210218_RL#220_15g	1276	Response	1	14344309	963	4
210218_RL#220_15g	1276	Port Input	1	14345380	2033	5
210218_RL#220_15g	1276	Response	1	14345380	2033	5
210218_RL#220_15g	1276	Port Input	1	14346627	3280	5
210218_RL#220_15g	1276	Response	1	14346627	3280	5
210218_RL#220_15g	1276	Port Input	1	14347993	4646	4
210218_RL#220_15g	1276	Response	1	14347993	4646	4
210218_RL#220_15g	1276	Port Input	1	14349450	6104	4
210218_RL#220_15g	1276	Response	1	14349450	6104	4
210218_RL#220_15g	1276	Port Input	1	14350938	7592	4
210218_RL#220_15g	1276	Response	1	14350938	7592	4
210218_RL#220_15g	1276	Port Input	1	14352624	9277	4
210218_RL#220_15g	1276	Response	1	14352624	9277	4
210218_RL#220_15g	1276	Port Input	1	14360605	17258	4
210218_RL#220_15g	1276	Response	1	14360605	17258	4
210218_RL#220_15g	1276	Port Input	1	14360608	17262	4
210218_RL#220_15g	1276	Response	1	14360608	17262	4
210218_RL#220_15g	1276	Port Input	1	14362202	18855	4
210218_RL#220_15g	1276	Response	1	14362202	18855	4
210218_RL#220_15g	1277	Picture	3511	14363652	0	2	831	4	0	next	other	0
210218_RL#220_15g	1278	Picture	666	14364483	0	2	20305	5	0	next	false_alarm	5571
210218_RL#220_15g	1278	Port Input	1	14364602	119	3
210218_RL#220_15g	1278	Response	1	14364602	119	3
210218_RL#220_15g	1278	Port Input	1	14364605	123	3
210218_RL#220_15g	1278	Response	1	14364605	123	3
210218_RL#220_15g	1279	Picture	777	14384788	0	3	20307	4	0	next	other	0
210218_RL#220_15g	1279	Manual	2	14404801	20013	NA
210218_RL#220_15g	1280	Sound	212	14407048	1954	1			0		other	0
210218_RL#220_15g	1281	Picture	555	14410252	0	4	10153	6	0	next	other	0
210218_RL#220_15g	1282	Picture	10	14420405	0	3	20305	3	0	next	miss	0
210218_RL#220_15g	1283	Picture	411	14440710	0	1	833	3	0	next	other	0
210218_RL#220_15g	1284	Picture	666	14441543	0	2	20305	3	0	next	other	0
210218_RL#220_15g	1285	Picture	777	14461847	0	1	20305	2	0	next	other	0
210218_RL#220_15g	1285	Manual	1	14481867	20020	NA
210218_RL#220_15g	1286	Sound	212	14484048	1895	1			0		other	0
210218_RL#220_15g	1287	Picture	555	14487477	0	3	10319	6	0	next	other	0
210218_RL#220_15g	1288	Picture	10	14497796	0	3	20305	7	0	next	miss	0
210218_RL#220_15g	1289	Picture	411	14518100	0	4	1001	5	0	next	other	0
210218_RL#220_15g	1290	Picture	666	14519101	0	2	20137	5	0	next	other	0
210218_RL#220_15g	1291	Picture	777	14539237	0	4	20306	5	0	next	other	0
210218_RL#220_15g	1291	Manual	2	14559255	20018	NA
210218_RL#220_15g	1292	Sound	212	14561048	1504	1			0		other	0
210218_RL#220_15g	1293	Picture	555	14564870	0	1	10319	2	0	next	other	0
210218_RL#220_15g	1294	Picture	10	14575189	0	2	20305	2	0	next	miss	0
210218_RL#220_15g	1295	Picture	411	14595493	0	1	1165	2	0	next	other	0
210218_RL#220_15g	1296	Picture	666	14596659	0	1	20305	2	0	next	other	0
210218_RL#220_15g	1297	Picture	777	14616964	0	1	20303	4	0	next	other	0
210218_RL#220_15g	1297	Manual	1	14636977	20013	NA
210218_RL#220_15g	1298	Sound	211	14639048	1781	1			0		other	0
210218_RL#220_15g	1298	Port Input	1	14641528	4261	4
210218_RL#220_15g	1298	Response	1	14641528	4261	4
210218_RL#220_15g	1299	Picture	555	14642426	0	3	10153	7	0	next	false_alarm	5602
210218_RL#220_15g	1299	Port Input	1	14643195	769	4
210218_RL#220_15g	1299	Response	1	14643195	769	4
210218_RL#220_15g	1299	Port Input	1	14645123	2696	4
210218_RL#220_15g	1299	Response	1	14645123	2696	4
210218_RL#220_15g	1299	Port Input	1	14647439	5013	4
210218_RL#220_15g	1299	Response	1	14647439	5013	4
210218_RL#220_15g	1299	Port Input	1	14649682	7256	4
210218_RL#220_15g	1299	Response	1	14649682	7256	4
210218_RL#220_15g	1299	Port Input	1	14649686	7260	4
210218_RL#220_15g	1299	Response	1	14649686	7260	4
210218_RL#220_15g	1299	Port Input	1	14651600	9174	4
210218_RL#220_15g	1299	Response	1	14651600	9174	4
210218_RL#220_15g	1300	Picture	10	14652579	0	4	832	7	0	next	hit	5615
210218_RL#220_15g	1300	Port Input	1	14653262	684	4
210218_RL#220_15g	1300	Response	1	14653262	684	4
210218_RL#220_15g	1301	Picture	351	14653411	0	4	499	7	0	next	other	0
210218_RL#220_15g	1302	Picture	1	14653910	0	4	20139	8	0	next	false_alarm	5619
210218_RL#220_15g	1302	Port Input	1	14654872	962	3
210218_RL#220_15g	1302	Response	1	14654872	962	3
210218_RL#220_15g	1302	Port Input	1	14655893	1983	4
210218_RL#220_15g	1302	Response	1	14655893	1983	4
210218_RL#220_15g	1302	Port Input	1	14657101	3191	4
210218_RL#220_15g	1302	Response	1	14657101	3191	4
210218_RL#220_15g	1302	Port Input	1	14658568	4658	4
210218_RL#220_15g	1302	Response	1	14658568	4658	4
210218_RL#220_15g	1302	Port Input	1	14660148	6239	4
210218_RL#220_15g	1302	Response	1	14660148	6239	4
210218_RL#220_15g	1302	Port Input	1	14661757	7847	5
210218_RL#220_15g	1302	Response	1	14661757	7847	5
210218_RL#220_15g	1302	Port Input	1	14663335	9425	3
210218_RL#220_15g	1302	Response	1	14663335	9425	3
210218_RL#220_15g	1302	Port Input	1	14665024	11114	4
210218_RL#220_15g	1302	Response	1	14665024	11114	4
210218_RL#220_15g	1302	Port Input	1	14666714	12804	4
210218_RL#220_15g	1302	Response	1	14666714	12804	4
210218_RL#220_15g	1302	Port Input	1	14668431	14522	4
210218_RL#220_15g	1302	Response	1	14668431	14522	4
210218_RL#220_15g	1302	Port Input	1	14668435	14525	4
210218_RL#220_15g	1302	Response	1	14668435	14525	4
210218_RL#220_15g	1302	Port Input	1	14670458	16549	4
210218_RL#220_15g	1302	Response	1	14670458	16549	4
210218_RL#220_15g	1303	Picture	3511	14674049	0	4	666	8	0	next	other	0
210218_RL#220_15g	1304	Picture	666	14674714	0	4	20306	5	0	next	false_alarm	5645
210218_RL#220_15g	1304	Port Input	1	14686165	11451	4
210218_RL#220_15g	1304	Response	1	14686165	11451	4
210218_RL#220_15g	1305	Picture	777	14695020	0	1	20305	2	0	next	other	0
210218_RL#220_15g	1305	Manual	2	14715035	20015	NA
210218_RL#220_15g	1306	Sound	212	14717048	1722	1			0		other	0
210218_RL#220_15g	1307	Picture	555	14720650	0	3	10318	6	0	next	other	0
210218_RL#220_15g	1308	Picture	10	14730968	0	3	20306	6	0	next	miss	0
210218_RL#220_15g	1309	Picture	411	14751274	0	3	832	6	0	next	other	0
210218_RL#220_15g	1310	Picture	666	14752105	0	4	20139	7	0	next	other	0
210218_RL#220_15g	1311	Picture	777	14772244	0	4	20138	7	0	next	other	0
210218_RL#220_15g	1311	Manual	2	14792259	20015	NA
210218_RL#220_15g	1312	Sound	211	14794048	1665	1			0		other	0
210218_RL#220_15g	1312	Port Input	1	14796151	3768	4
210218_RL#220_15g	1312	Response	1	14796151	3768	4
210218_RL#220_15g	1312	Port Input	1	14797472	5089	5
210218_RL#220_15g	1312	Response	1	14797472	5089	5
210218_RL#220_15g	1313	Picture	555	14797542	0	4	10320	5	0	next	false_alarm	5662
210218_RL#220_15g	1313	Port Input	1	14799228	1685	4
210218_RL#220_15g	1313	Response	1	14799228	1685	4
210218_RL#220_15g	1313	Port Input	1	14799233	1691	4
210218_RL#220_15g	1313	Response	1	14799233	1691	4
210218_RL#220_15g	1313	Port Input	1	14801132	3590	3
210218_RL#220_15g	1313	Response	1	14801132	3590	3
210218_RL#220_15g	1313	Port Input	1	14802906	5364	4
210218_RL#220_15g	1313	Response	1	14802906	5364	4
210218_RL#220_15g	1313	Port Input	1	14802909	5367	4
210218_RL#220_15g	1313	Response	1	14802909	5367	4
210218_RL#220_15g	1313	Port Input	1	14804487	6945	5
210218_RL#220_15g	1313	Response	1	14804487	6945	5
210218_RL#220_15g	1313	Port Input	1	14805987	8445	4
210218_RL#220_15g	1313	Response	1	14805987	8445	4
210218_RL#220_15g	1313	Port Input	1	14807483	9941	4
210218_RL#220_15g	1313	Response	1	14807483	9941	4
210218_RL#220_15g	1313	Port Input	1	14807487	9945	4
210218_RL#220_15g	1313	Response	1	14807487	9945	4
210218_RL#220_15g	1314	Picture	10	14807863	0	1	1498	2	0	next	hit	5681
210218_RL#220_15g	1314	Port Input	1	14808976	1113	4
210218_RL#220_15g	1314	Response	1	14808976	1113	4
210218_RL#220_15g	1315	Picture	351	14809360	0	1	499	1	0	next	other	0
210218_RL#220_15g	1316	Picture	1	14809860	0	1	20305	1	0	next	false_alarm	5685
210218_RL#220_15g	1316	Port Input	1	14810441	582	4
210218_RL#220_15g	1316	Response	1	14810441	582	4
210218_RL#220_15g	1316	Port Input	1	14810445	586	4
210218_RL#220_15g	1316	Response	1	14810445	586	4
210218_RL#220_15g	1316	Port Input	1	14811421	1561	4
210218_RL#220_15g	1316	Response	1	14811421	1561	4
210218_RL#220_15g	1316	Port Input	1	14812553	2693	4
210218_RL#220_15g	1316	Response	1	14812553	2693	4
210218_RL#220_15g	1316	Port Input	1	14812557	2697	4
210218_RL#220_15g	1316	Response	1	14812557	2697	4
210218_RL#220_15g	1316	Port Input	1	14813795	3936	4
210218_RL#220_15g	1316	Response	1	14813795	3936	4
210218_RL#220_15g	1316	Port Input	1	14813799	3939	4
210218_RL#220_15g	1316	Response	1	14813799	3939	4
210218_RL#220_15g	1316	Port Input	1	14815128	5268	5
210218_RL#220_15g	1316	Response	1	14815128	5268	5
210218_RL#220_15g	1316	Port Input	1	14816617	6757	4
210218_RL#220_15g	1316	Response	1	14816617	6757	4
210218_RL#220_15g	1316	Port Input	1	14818134	8274	4
210218_RL#220_15g	1316	Response	1	14818134	8274	4
210218_RL#220_15g	1316	Port Input	1	14819647	9787	4
210218_RL#220_15g	1316	Response	1	14819647	9787	4
210218_RL#220_15g	1316	Port Input	1	14821344	11484	4
210218_RL#220_15g	1316	Response	1	14821344	11484	4
210218_RL#220_15g	1316	Port Input	1	14823208	13348	4
210218_RL#220_15g	1316	Response	1	14823208	13348	4
210218_RL#220_15g	1316	Port Input	1	14823211	13352	4
210218_RL#220_15g	1316	Response	1	14823211	13352	4
210218_RL#220_15g	1316	Port Input	1	14825418	15558	4
210218_RL#220_15g	1316	Response	1	14825418	15558	4
210218_RL#220_15g	1316	Port Input	1	14825424	15564	4
210218_RL#220_15g	1316	Response	1	14825424	15564	4
210218_RL#220_15g	1316	Port Input	1	14827115	17255	4
210218_RL#220_15g	1316	Response	1	14827115	17255	4
210218_RL#220_15g	1317	Picture	3511	14830164	0	1	832	1	0	next	other	0
210218_RL#220_15g	1318	Picture	666	14830997	0	1	20303	4	0	next	false_alarm	5721
210218_RL#220_15g	1318	Port Input	1	14834301	3304	4
210218_RL#220_15g	1318	Response	1	14834301	3304	4
210218_RL#220_15g	1319	Picture	777	14851300	0	3	20305	6	0	next	other	0
210218_RL#220_15g	1319	Manual	1	14871317	20017	NA
210218_RL#220_15g	1320	Sound	212	14873047	1442	1			0		other	0
210218_RL#220_15g	1321	Picture	555	14876764	0	4	10152	7	0	next	other	0
210218_RL#220_15g	1322	Picture	10	14886917	0	4	11650	8	0	next	hit	5728
210218_RL#220_15g	1322	Port Input	1	14898356	11439	4
210218_RL#220_15g	1322	Response	1	14898356	11439	4
210218_RL#220_15g	1323	Picture	311	14898567	0	4	499	8	0	next	other	0
210218_RL#220_15g	1324	Picture	444	14899066	0	4	80722	5	0	next	other	0
210218_RL#220_15g	1325	Picture	666	14979788	0	2	20137	5	0	next	other	0
210218_RL#220_15g	1326	Picture	777	14999925	0	4	20139	7	0	next	other	0
210218_RL#220_15g	1326	Manual	1	15019938	20013	NA
210218_RL#220_15g	1327	Sound	211	15022047	1984	1			0		other	0
210218_RL#220_15g	1327	Port Input	1	15024413	4349	4
210218_RL#220_15g	1327	Response	1	15024413	4349	4
210218_RL#220_15g	1328	Picture	555	15025223	0	4	10320	5	0	next	false_alarm	5739
210218_RL#220_15g	1328	Port Input	1	15025971	748	4
210218_RL#220_15g	1328	Response	1	15025971	748	4
210218_RL#220_15g	1328	Port Input	1	15027880	2657	4
210218_RL#220_15g	1328	Response	1	15027880	2657	4
210218_RL#220_15g	1328	Port Input	1	15029756	4533	4
210218_RL#220_15g	1328	Response	1	15029756	4533	4
210218_RL#220_15g	1328	Port Input	1	15031701	6478	4
210218_RL#220_15g	1328	Response	1	15031701	6478	4
210218_RL#220_15g	1328	Port Input	1	15033473	8250	4
210218_RL#220_15g	1328	Response	1	15033473	8250	4
210218_RL#220_15g	1328	Port Input	1	15033476	8253	4
210218_RL#220_15g	1328	Response	1	15033476	8253	4
210218_RL#220_15g	1328	Port Input	1	15035136	9913	4
210218_RL#220_15g	1328	Response	1	15035136	9913	4
210218_RL#220_15g	1329	Picture	10	15035543	0	1	1498	2	0	next	hit	5754
210218_RL#220_15g	1329	Port Input	1	15036780	1236	3
210218_RL#220_15g	1329	Response	1	15036780	1236	3
210218_RL#220_15g	1329	Port Input	1	15036783	1240	4
210218_RL#220_15g	1329	Response	1	15036783	1240	4
210218_RL#220_15g	1330	Picture	351	15037041	0	1	666	2	0	next	other	0
210218_RL#220_15g	1331	Picture	1	15037707	0	1	20305	2	0	next	false_alarm	5760
210218_RL#220_15g	1331	Port Input	1	15038781	1074	4
210218_RL#220_15g	1331	Response	1	15038781	1074	4
210218_RL#220_15g	1331	Port Input	1	15039853	2147	5
210218_RL#220_15g	1331	Response	1	15039853	2147	5
210218_RL#220_15g	1331	Port Input	1	15041073	3366	4
210218_RL#220_15g	1331	Response	1	15041073	3366	4
210218_RL#220_15g	1331	Port Input	1	15042392	4685	4
210218_RL#220_15g	1331	Response	1	15042392	4685	4
210218_RL#220_15g	1331	Port Input	1	15043837	6130	4
210218_RL#220_15g	1331	Response	1	15043837	6130	4
210218_RL#220_15g	1331	Port Input	1	15045371	7664	4
210218_RL#220_15g	1331	Response	1	15045371	7664	4
210218_RL#220_15g	1331	Port Input	1	15045375	7668	4
210218_RL#220_15g	1331	Response	1	15045375	7668	4
210218_RL#220_15g	1331	Port Input	1	15047034	9327	5
210218_RL#220_15g	1331	Response	1	15047034	9327	5
210218_RL#220_15g	1332	Picture	3511	15058012	0	1	832	2	0	next	other	0
210218_RL#220_15g	1333	Picture	666	15058844	0	1	20304	3	0	next	other	0
210218_RL#220_15g	1334	Picture	777	15079147	0	3	20305	6	0	next	other	0
210218_RL#220_15g	1334	Manual	1	15099160	20013	NA
210218_RL#220_15g	1335	Sound	212	15101047	1595	1			0		other	0
210218_RL#220_15g	1336	Picture	555	15104612	0	3	10152	7	0	next	other	0
210218_RL#220_15g	1337	Picture	10	15114764	0	4	20139	7	0	next	miss	0
210218_RL#220_15g	1338	Picture	411	15134903	0	4	833	6	0	next	other	0
210218_RL#220_15g	1339	Picture	666	15135736	0	2	20305	3	0	next	other	0
210218_RL#220_15g	1340	Picture	777	15156041	0	1	20305	2	0	next	other	0
210218_RL#220_15g	1340	Manual	1	15176055	20014	NA
210218_RL#220_15g	1341	Sound	211	15178047	1701	1			0		other	0
210218_RL#220_15g	1341	Port Input	1	15180650	4304	4
210218_RL#220_15g	1341	Response	1	15180650	4304	4
210218_RL#220_15g	1342	Picture	555	15181671	0	1	10319	2	0	next	false_alarm	5791
210218_RL#220_15g	1342	Port Input	1	15182245	574	4
210218_RL#220_15g	1342	Response	1	15182245	574	4
210218_RL#220_15g	1342	Port Input	1	15184088	2417	4
210218_RL#220_15g	1342	Response	1	15184088	2417	4
210218_RL#220_15g	1342	Port Input	1	15184092	2420	4
210218_RL#220_15g	1342	Response	1	15184092	2420	4
210218_RL#220_15g	1342	Port Input	1	15186197	4526	5
210218_RL#220_15g	1342	Response	1	15186197	4526	5
210218_RL#220_15g	1342	Port Input	1	15187870	6199	4
210218_RL#220_15g	1342	Response	1	15187870	6199	4
210218_RL#220_15g	1342	Port Input	1	15187874	6202	4
210218_RL#220_15g	1342	Response	1	15187874	6202	4
210218_RL#220_15g	1342	Port Input	1	15189561	7890	4
210218_RL#220_15g	1342	Response	1	15189561	7890	4
210218_RL#220_15g	1342	Port Input	1	15189564	7893	4
210218_RL#220_15g	1342	Response	1	15189564	7893	4
210218_RL#220_15g	1342	Port Input	1	15191179	9508	4
210218_RL#220_15g	1342	Response	1	15191179	9508	4
210218_RL#220_15g	1343	Picture	10	15191991	0	1	998	2	0	next	hit	5810
210218_RL#220_15g	1343	Port Input	1	15192769	778	4
210218_RL#220_15g	1343	Response	1	15192769	778	4
210218_RL#220_15g	1344	Picture	351	15192989	0	1	666	2	0	next	other	0
210218_RL#220_15g	1345	Picture	1	15193655	0	1	20303	4	0	next	false_alarm	5814
210218_RL#220_15g	1345	Port Input	1	15194397	742	3
210218_RL#220_15g	1345	Response	1	15194397	742	3
210218_RL#220_15g	1345	Port Input	1	15195433	1778	4
210218_RL#220_15g	1345	Response	1	15195433	1778	4
210218_RL#220_15g	1345	Port Input	1	15195437	1782	4
210218_RL#220_15g	1345	Response	1	15195437	1782	4
210218_RL#220_15g	1345	Port Input	1	15196653	2998	4
210218_RL#220_15g	1345	Response	1	15196653	2998	4
210218_RL#220_15g	1345	Port Input	1	15198027	4372	4
210218_RL#220_15g	1345	Response	1	15198027	4372	4
210218_RL#220_15g	1345	Port Input	1	15199325	5670	4
210218_RL#220_15g	1345	Response	1	15199325	5670	4
210218_RL#220_15g	1345	Port Input	1	15200755	7100	4
210218_RL#220_15g	1345	Response	1	15200755	7100	4
210218_RL#220_15g	1345	Port Input	1	15202408	8753	5
210218_RL#220_15g	1345	Response	1	15202408	8753	5
210218_RL#220_15g	1345	Port Input	1	15204189	10534	5
210218_RL#220_15g	1345	Response	1	15204189	10534	5
210218_RL#220_15g	1345	Port Input	1	15207768	14113	4
210218_RL#220_15g	1345	Response	1	15207768	14113	4
210218_RL#220_15g	1345	Port Input	1	15209434	15779	4
210218_RL#220_15g	1345	Response	1	15209434	15779	4
210218_RL#220_15g	1345	Port Input	1	15209438	15783	4
210218_RL#220_15g	1345	Response	1	15209438	15783	4
210218_RL#220_15g	1345	Port Input	1	15210979	17324	7
210218_RL#220_15g	1345	Response	1	15210979	17324	7
210218_RL#220_15g	1346	Picture	3511	15213958	0	4	831	8	0	next	other	0
210218_RL#220_15g	1347	Picture	666	15214789	0	5	20140	8	0	next	other	0
210218_RL#220_15g	1348	Picture	777	15234929	0	4	20138	7	0	next	other	0
210218_RL#220_15g	1348	Manual	1	15254946	20017	NA
210218_RL#220_15g	1349	Sound	212	15257047	1980	1			0		other	0
210218_RL#220_15g	1350	Picture	555	15260227	0	4	10153	8	0	next	other	0
210218_RL#220_15g	1351	Picture	10	15270379	0	4	20306	5	0	next	miss	0
210218_RL#220_15g	1352	Picture	411	15290686	0	1	999	1	0	next	other	0
210218_RL#220_15g	1353	Picture	666	15291684	0	1	20305	2	0	next	other	0
210218_RL#220_15g	1354	Picture	777	15311989	0	1	20304	4	0	next	other	0
210218_RL#220_15g	1354	Manual	1	15332003	20014	NA
210218_RL#220_15g	1355	Sound	211	15334047	1755	1			0		other	0
210218_RL#220_15g	1355	Port Input	1	15336038	3745	4
210218_RL#220_15g	1355	Response	1	15336038	3745	4
210218_RL#220_15g	1356	Picture	555	15337452	0	3	10153	6	0	next	false_alarm	5857
210218_RL#220_15g	1356	Port Input	1	15337453	1	4
210218_RL#220_15g	1356	Response	1	15337453	1	4
210218_RL#220_15g	1356	Port Input	1	15339140	1689	4
210218_RL#220_15g	1356	Response	1	15339140	1689	4
210218_RL#220_15g	1356	Port Input	1	15341066	3615	4
210218_RL#220_15g	1356	Response	1	15341066	3615	4
210218_RL#220_15g	1356	Port Input	1	15342803	5352	4
210218_RL#220_15g	1356	Response	1	15342803	5352	4
210218_RL#220_15g	1356	Port Input	1	15344452	7001	4
210218_RL#220_15g	1356	Response	1	15344452	7001	4
210218_RL#220_15g	1356	Port Input	1	15344456	7004	4
210218_RL#220_15g	1356	Response	1	15344456	7004	4
210218_RL#220_15g	1356	Port Input	1	15346075	8624	4
210218_RL#220_15g	1356	Response	1	15346075	8624	4
210218_RL#220_15g	1357	Picture	10	15347604	0	3	1830	7	0	next	hit	5872
210218_RL#220_15g	1357	Port Input	1	15347644	39	6
210218_RL#220_15g	1357	Response	1	15347644	39	6
210218_RL#220_15g	1357	Port Input	1	15349186	1582	4
210218_RL#220_15g	1357	Response	1	15349186	1582	4
210218_RL#220_15g	1358	Picture	351	15349435	0	4	499	7	0	next	other	0
210218_RL#220_15g	1359	Picture	1	15349934	0	4	20139	7	0	next	false_alarm	5876
210218_RL#220_15g	1359	Port Input	1	15350919	985	4
210218_RL#220_15g	1359	Response	1	15350919	985	4
210218_RL#220_15g	1359	Port Input	1	15351980	2046	4
210218_RL#220_15g	1359	Response	1	15351980	2046	4
210218_RL#220_15g	1359	Port Input	1	15353205	3271	4
210218_RL#220_15g	1359	Response	1	15353205	3271	4
210218_RL#220_15g	1359	Port Input	1	15353208	3274	5
210218_RL#220_15g	1359	Response	1	15353208	3274	5
210218_RL#220_15g	1359	Port Input	1	15354503	4569	4
210218_RL#220_15g	1359	Response	1	15354503	4569	4
210218_RL#220_15g	1359	Port Input	1	15354507	4573	4
210218_RL#220_15g	1359	Response	1	15354507	4573	4
210218_RL#220_15g	1359	Port Input	1	15355947	6013	4
210218_RL#220_15g	1359	Response	1	15355947	6013	4
210218_RL#220_15g	1359	Port Input	1	15357521	7587	4
210218_RL#220_15g	1359	Response	1	15357521	7587	4
210218_RL#220_15g	1359	Port Input	1	15359263	9329	4
210218_RL#220_15g	1359	Response	1	15359263	9329	4
210218_RL#220_15g	1359	Port Input	1	15360756	10822	4
210218_RL#220_15g	1359	Response	1	15360756	10822	4
210218_RL#220_15g	1359	Port Input	1	15360760	10826	4
210218_RL#220_15g	1359	Response	1	15360760	10826	4
210218_RL#220_15g	1359	Port Input	1	15364663	14729	4
210218_RL#220_15g	1359	Response	1	15364663	14729	4
210218_RL#220_15g	1359	Port Input	1	15364667	14732	4
210218_RL#220_15g	1359	Response	1	15364667	14732	4
210218_RL#220_15g	1360	Picture	3511	15370073	0	4	667	7	0	next	other	0
210218_RL#220_15g	1361	Picture	666	15370740	0	3	20137	7	0	next	other	0
210218_RL#220_15g	1362	Picture	777	15390877	0	4	20306	5	0	next	other	0
210218_RL#220_15g	1362	Manual	1	15410889	20012	NA
210218_RL#220_15g	1363	Sound	211	15413047	1864	1			0		other	0
210218_RL#220_15g	1363	Port Input	1	15414594	3411	4
210218_RL#220_15g	1363	Response	1	15414594	3411	4
210218_RL#220_15g	1363	Port Input	1	15414598	3415	4
210218_RL#220_15g	1363	Response	1	15414598	3415	4
210218_RL#220_15g	1363	Port Input	1	15416113	4930	4
210218_RL#220_15g	1363	Response	1	15416113	4930	4
210218_RL#220_15g	1364	Picture	555	15416509	0	1	10319	1	0	next	false_alarm	5914
210218_RL#220_15g	1364	Port Input	1	15417681	1172	4
210218_RL#220_15g	1364	Response	1	15417681	1172	4
210218_RL#220_15g	1364	Port Input	1	15419673	3164	4
210218_RL#220_15g	1364	Response	1	15419673	3164	4
210218_RL#220_15g	1364	Port Input	1	15419676	3167	4
210218_RL#220_15g	1364	Response	1	15419676	3167	4
210218_RL#220_15g	1364	Port Input	1	15421663	5154	4
210218_RL#220_15g	1364	Response	1	15421663	5154	4
210218_RL#220_15g	1364	Port Input	1	15423390	6880	4
210218_RL#220_15g	1364	Response	1	15423390	6880	4
210218_RL#220_15g	1364	Port Input	1	15423393	6884	4
210218_RL#220_15g	1364	Response	1	15423393	6884	4
210218_RL#220_15g	1364	Port Input	1	15425016	8507	4
210218_RL#220_15g	1364	Response	1	15425016	8507	4
210218_RL#220_15g	1364	Port Input	1	15425021	8512	4
210218_RL#220_15g	1364	Response	1	15425021	8512	4
210218_RL#220_15g	1365	Picture	10	15426828	0	1	998	2	0	next	hit	5931
210218_RL#220_15g	1365	Port Input	1	15427559	731	4
210218_RL#220_15g	1365	Response	1	15427559	731	4
210218_RL#220_15g	1366	Picture	351	15427826	0	2	500	2	0	next	other	0
210218_RL#220_15g	1367	Picture	1	15428326	0	1	20303	4	0	next	false_alarm	5935
210218_RL#220_15g	1367	Port Input	1	15429072	746	4
210218_RL#220_15g	1367	Response	1	15429072	746	4
210218_RL#220_15g	1367	Port Input	1	15430100	1774	4
210218_RL#220_15g	1367	Response	1	15430100	1774	4
210218_RL#220_15g	1367	Port Input	1	15431281	2955	4
210218_RL#220_15g	1367	Response	1	15431281	2955	4
210218_RL#220_15g	1367	Port Input	1	15431285	2959	4
210218_RL#220_15g	1367	Response	1	15431285	2959	4
210218_RL#220_15g	1367	Port Input	1	15432509	4183	4
210218_RL#220_15g	1367	Response	1	15432509	4183	4
210218_RL#220_15g	1367	Port Input	1	15433805	5479	4
210218_RL#220_15g	1367	Response	1	15433805	5479	4
210218_RL#220_15g	1367	Port Input	1	15435472	7147	4
210218_RL#220_15g	1367	Response	1	15435472	7147	4
210218_RL#220_15g	1367	Port Input	1	15437071	8746	4
210218_RL#220_15g	1367	Response	1	15437071	8746	4
210218_RL#220_15g	1367	Port Input	1	15439148	10822	5
210218_RL#220_15g	1367	Response	1	15439148	10822	5
210218_RL#220_15g	1367	Port Input	1	15439154	10829	4
210218_RL#220_15g	1367	Response	1	15439154	10829	4
210218_RL#220_15g	1367	Port Input	1	15440591	12265	4
210218_RL#220_15g	1367	Response	1	15440591	12265	4
210218_RL#220_15g	1367	Port Input	1	15440594	12268	4
210218_RL#220_15g	1367	Response	1	15440594	12268	4
210218_RL#220_15g	1367	Port Input	1	15442206	13880	4
210218_RL#220_15g	1367	Response	1	15442206	13880	4
210218_RL#220_15g	1367	Port Input	1	15443596	15270	4
210218_RL#220_15g	1367	Response	1	15443596	15270	4
210218_RL#220_15g	1367	Port Input	1	15447153	18827	4
210218_RL#220_15g	1367	Response	1	15447153	18827	4
210218_RL#220_15g	1367	Port Input	1	15447157	18831	4
210218_RL#220_15g	1367	Response	1	15447157	18831	4
210218_RL#220_15g	1368	Picture	3511	15448629	0	3	832	6	0	next	other	0
210218_RL#220_15g	1369	Picture	666	15449461	0	3	20139	6	0	next	false_alarm	5969
210218_RL#220_15g	1369	Port Input	1	15457987	8525	4
210218_RL#220_15g	1369	Response	1	15457987	8525	4
210218_RL#220_15g	1370	Picture	777	15469600	0	3	20138	7	0	next	other	0
210218_RL#220_15g	1370	Manual	1	15489614	20014	NA
210218_RL#220_15g	1371	Sound	212	15491047	1309	1			0		other	0
210218_RL#220_15g	1372	Picture	555	15494898	0	4	10152	8	0	next	other	0
210218_RL#220_15g	1373	Picture	10	15505050	0	4	20306	5	0	next	miss	0
210218_RL#220_15g	1374	Picture	411	15525356	0	1	999	2	0	next	other	0
210218_RL#220_15g	1375	Picture	666	15526355	0	1	20305	2	0	next	other	0
210218_RL#220_15g	1376	Picture	777	15546660	0	1	20304	4	0	next	other	0
210218_RL#220_15g	1376	Manual	1	15566677	20017	NA
210218_RL#220_15g	1377	Sound	212	15568047	1083	1			0		other	0
210218_RL#220_15g	1378	Picture	555	15572289	0	3	10152	6	0	next	other	0
210218_RL#220_15g	1379	Picture	10	15582442	0	4	20138	7	0	next	miss	0
210218_RL#220_15g	1380	Picture	411	15602580	0	4	1001	6	0	next	other	0
210218_RL#220_15g	1381	Picture	666	15603581	0	2	20137	6	0	next	other	0
210218_RL#220_15g	1382	Picture	777	15623717	0	4	20306	4	0	next	other	0
210218_RL#220_15g	1382	Manual	2	15643734	20017	NA
210218_RL#220_15g	1383	Sound	211	15646047	2023	1			0		other	0
210218_RL#220_15g	1383	Port Input	1	15648331	4307	5
210218_RL#220_15g	1383	Response	1	15648331	4307	5
210218_RL#220_15g	1384	Picture	555	15649349	0	1	10319	2	0	next	false_alarm	5991
210218_RL#220_15g	1384	Port Input	1	15649752	403	3
210218_RL#220_15g	1384	Response	1	15649752	403	3
210218_RL#220_15g	1384	Port Input	1	15651490	2141	4
210218_RL#220_15g	1384	Response	1	15651490	2141	4
210218_RL#220_15g	1384	Port Input	1	15651493	2144	4
210218_RL#220_15g	1384	Response	1	15651493	2144	4
210218_RL#220_15g	1384	Port Input	1	15653464	4115	3
210218_RL#220_15g	1384	Response	1	15653464	4115	3
210218_RL#220_15g	1384	Port Input	1	15655563	6214	4
210218_RL#220_15g	1384	Response	1	15655563	6214	4
210218_RL#220_15g	1384	Port Input	1	15657604	8255	4
210218_RL#220_15g	1384	Response	1	15657604	8255	4
210218_RL#220_15g	1385	Picture	10	15659668	0	1	666	1	0	next	hit	6004
210218_RL#220_15g	1385	Port Input	1	15660033	365	3
210218_RL#220_15g	1385	Response	1	15660033	365	3
210218_RL#220_15g	1386	Picture	351	15660334	0	1	666	1	0	next	other	0
210218_RL#220_15g	1387	Picture	1	15661000	0	1	20303	4	0	next	false_alarm	6008
210218_RL#220_15g	1387	Port Input	1	15662044	1044	4
210218_RL#220_15g	1387	Response	1	15662044	1044	4
210218_RL#220_15g	1387	Port Input	1	15663148	2149	4
210218_RL#220_15g	1387	Response	1	15663148	2149	4
210218_RL#220_15g	1387	Port Input	1	15663152	2153	4
210218_RL#220_15g	1387	Response	1	15663152	2153	4
210218_RL#220_15g	1387	Port Input	1	15664401	3401	4
210218_RL#220_15g	1387	Response	1	15664401	3401	4
210218_RL#220_15g	1387	Port Input	1	15665672	4673	4
210218_RL#220_15g	1387	Response	1	15665672	4673	4
210218_RL#220_15g	1387	Port Input	1	15667057	6057	4
210218_RL#220_15g	1387	Response	1	15667057	6057	4
210218_RL#220_15g	1387	Port Input	1	15668609	7609	4
210218_RL#220_15g	1387	Response	1	15668609	7609	4
210218_RL#220_15g	1387	Port Input	1	15670305	9305	4
210218_RL#220_15g	1387	Response	1	15670305	9305	4
210218_RL#220_15g	1387	Port Input	1	15672069	11070	4
210218_RL#220_15g	1387	Response	1	15672069	11070	4
210218_RL#220_15g	1387	Port Input	1	15677550	16551	4
210218_RL#220_15g	1387	Response	1	15677550	16551	4
210218_RL#220_15g	1387	Port Input	1	15679461	18461	4
210218_RL#220_15g	1387	Response	1	15679461	18461	4
210218_RL#220_15g	1388	Picture	3511	15681303	0	3	666	6	0	next	other	0
210218_RL#220_15g	1389	Picture	666	15681968	0	3	20305	6	0	next	other	0
210218_RL#220_15g	1390	Picture	777	15702274	0	3	20139	6	0	next	other	0
210218_RL#220_15g	1390	Manual	1	15722288	20014	NA
210218_RL#220_15g	1391	Sound	212	15724047	1634	1			0		other	0
210218_RL#220_15g	1392	Picture	555	15727572	0	4	10152	8	0	next	other	0
210218_RL#220_15g	1393	Picture	10	15737724	0	4	20307	5	0	next	miss	0
210218_RL#220_15g	1394	Picture	411	15758030	0	1	999	1	0	next	other	0
210218_RL#220_15g	1395	Picture	666	15759029	0	1	20305	1	0	next	other	0
210218_RL#220_15g	1396	Picture	777	15779334	0	1	20303	3	0	next	other	0
210218_RL#220_15g	1396	Manual	1	15799347	20013	NA
210218_RL#220_15g	1397	Sound	211	15801047	1410	1			0		other	0
210218_RL#220_15g	1397	Port Input	1	15804795	5158	7
210218_RL#220_15g	1397	Response	1	15804795	5158	7
210218_RL#220_15g	1398	Picture	555	15804963	0	3	10319	6	0	next	false_alarm	6045
210218_RL#220_15g	1398	Port Input	1	15806305	1342	4
210218_RL#220_15g	1398	Response	1	15806305	1342	4
210218_RL#220_15g	1398	Port Input	1	15807795	2832	4
210218_RL#220_15g	1398	Response	1	15807795	2832	4
210218_RL#220_15g	1398	Port Input	1	15809473	4511	4
210218_RL#220_15g	1398	Response	1	15809473	4511	4
210218_RL#220_15g	1398	Port Input	1	15811321	6358	4
210218_RL#220_15g	1398	Response	1	15811321	6358	4
210218_RL#220_15g	1398	Port Input	1	15813198	8235	4
210218_RL#220_15g	1398	Response	1	15813198	8235	4
210218_RL#220_15g	1398	Port Input	1	15815062	10099	6
210218_RL#220_15g	1398	Response	1	15815062	10099	6
210218_RL#220_15g	1399	Picture	10	15815282	0	3	1664	7	0	next	hit	6058
210218_RL#220_15g	1399	Port Input	1	15816696	1414	4
210218_RL#220_15g	1399	Response	1	15816696	1414	4
210218_RL#220_15g	1400	Picture	351	15816946	0	4	666	7	0	next	other	0
210218_RL#220_15g	1401	Picture	1	15817612	0	3	20139	6	0	next	false_alarm	6062
210218_RL#220_15g	1401	Port Input	1	15818267	654	4
210218_RL#220_15g	1401	Response	1	15818267	654	4
210218_RL#220_15g	1401	Port Input	1	15819372	1760	4
210218_RL#220_15g	1401	Response	1	15819372	1760	4
210218_RL#220_15g	1401	Port Input	1	15820572	2960	4
210218_RL#220_15g	1401	Response	1	15820572	2960	4
210218_RL#220_15g	1401	Port Input	1	15820575	2963	4
210218_RL#220_15g	1401	Response	1	15820575	2963	4
210218_RL#220_15g	1401	Port Input	1	15821958	4346	4
210218_RL#220_15g	1401	Response	1	15821958	4346	4
210218_RL#220_15g	1401	Port Input	1	15823443	5831	4
210218_RL#220_15g	1401	Response	1	15823443	5831	4
210218_RL#220_15g	1401	Port Input	1	15825049	7437	4
210218_RL#220_15g	1401	Response	1	15825049	7437	4
210218_RL#220_15g	1401	Port Input	1	15825052	7440	4
210218_RL#220_15g	1401	Response	1	15825052	7440	4
210218_RL#220_15g	1401	Port Input	1	15826649	9037	4
210218_RL#220_15g	1401	Response	1	15826649	9037	4
210218_RL#220_15g	1401	Port Input	1	15828406	10794	4
210218_RL#220_15g	1401	Response	1	15828406	10794	4
210218_RL#220_15g	1401	Port Input	1	15830096	12484	4
210218_RL#220_15g	1401	Response	1	15830096	12484	4
210218_RL#220_15g	1401	Port Input	1	15830099	12487	4
210218_RL#220_15g	1401	Response	1	15830099	12487	4
210218_RL#220_15g	1401	Port Input	1	15832001	14388	4
210218_RL#220_15g	1401	Response	1	15832001	14388	4
210218_RL#220_15g	1401	Port Input	1	15832004	14392	4
210218_RL#220_15g	1401	Response	1	15832004	14392	4
210218_RL#220_15g	1401	Port Input	1	15833639	16027	4
210218_RL#220_15g	1401	Response	1	15833639	16027	4
210218_RL#220_15g	1401	Port Input	1	15833644	16032	4
210218_RL#220_15g	1401	Response	1	15833644	16032	4
210218_RL#220_15g	1402	Picture	3511	15837751	0	4	665	7	0	next	other	0
210218_RL#220_15g	1403	Picture	666	15838416	0	4	20138	8	0	next	other	0
210218_RL#220_15g	1404	Picture	777	15858554	0	5	20307	5	0	next	other	0
210218_RL#220_15g	1405	Sound	8880	15880047	1186	1			0		other	0
210218_RL#220_15g	1406	Picture	888	15889180	0	1	666	1	0	next	other	0
210218_RL#220_15g	1407	Picture	777	15889845	0	1	20638	1	0	next	other	0
210218_RL#220_15g	1407	Manual	1	15910256	20410	NA
210218_RL#220_15g	1408	Sound	2112	15912047	1563	1			0		other	0
210218_RL#220_15g	1408	Port Input	1	15914428	3945	5
210218_RL#220_15g	1408	Response	1	15914428	3945	5
210218_RL#220_15g	1408	Port Input	1	15915579	5096	5
210218_RL#220_15g	1408	Response	1	15915579	5096	5
210218_RL#220_15g	1409	Picture	55	15915808	0	3	10320	4	0	next	false_alarm	6107
210218_RL#220_15g	1409	Port Input	1	15917100	1293	4
210218_RL#220_15g	1409	Response	1	15917100	1293	4
210218_RL#220_15g	1409	Port Input	1	15918846	3038	4
210218_RL#220_15g	1409	Response	1	15918846	3038	4
210218_RL#220_15g	1409	Port Input	1	15918849	3041	4
210218_RL#220_15g	1409	Response	1	15918849	3041	4
210218_RL#220_15g	1409	Port Input	1	15920639	4831	4
210218_RL#220_15g	1409	Response	1	15920639	4831	4
210218_RL#220_15g	1409	Port Input	1	15922290	6482	4
210218_RL#220_15g	1409	Response	1	15922290	6482	4
210218_RL#220_15g	1409	Port Input	1	15922294	6486	4
210218_RL#220_15g	1409	Response	1	15922294	6486	4
210218_RL#220_15g	1409	Port Input	1	15924083	8275	4
210218_RL#220_15g	1409	Response	1	15924083	8275	4
210218_RL#220_15g	1409	Port Input	1	15925522	9715	4
210218_RL#220_15g	1409	Response	1	15925522	9715	4
210218_RL#220_15g	1410	Picture	10	15926128	0	2	1330	4	0	next	hit	6124
210218_RL#220_15g	1410	Port Input	1	15927177	1049	4
210218_RL#220_15g	1410	Response	1	15927177	1049	4
210218_RL#220_15g	1410	Port Input	1	15927181	1053	4
210218_RL#220_15g	1410	Response	1	15927181	1053	4
210218_RL#220_15g	1411	Picture	312	15927458	0	3	665	6	0	next	other	0
210218_RL#220_15g	1412	Picture	4442	15928124	0	3	81055	4	0	next	false_alarm	6130
210218_RL#220_15g	1412	Port Input	1	15928731	607	4
210218_RL#220_15g	1412	Response	1	15928731	607	4
210218_RL#220_15g	1412	Port Input	1	15930524	2400	4
210218_RL#220_15g	1412	Response	1	15930524	2400	4
210218_RL#220_15g	1412	Port Input	1	15932298	4174	5
210218_RL#220_15g	1412	Response	1	15932298	4174	5
210218_RL#220_15g	1412	Port Input	1	15933897	5773	4
210218_RL#220_15g	1412	Response	1	15933897	5773	4
210218_RL#220_15g	1413	Picture	666	16009178	0	1	20303	4	0	next	other	0
210218_RL#220_15g	1414	Picture	777	16029481	0	3	20307	4	0	next	other	0
210218_RL#220_15g	1414	Manual	2	16049496	20015	NA
210218_RL#220_15g	1415	Sound	2122	16051047	1258	1			0		other	0
210218_RL#220_15g	1416	Picture	55	16054946	0	3	10152	7	0	next	other	0
210218_RL#220_15g	1417	Picture	10	16065098	0	4	20139	7	0	next	miss	0
210218_RL#220_15g	1418	Picture	452	16085237	0	4	1167	6	0	next	other	0
210218_RL#220_15g	1419	Picture	666	16086404	0	2	20305	3	0	next	false_alarm	6146
210218_RL#220_15g	1419	Port Input	1	16100048	13644	4
210218_RL#220_15g	1419	Response	1	16100048	13644	4
210218_RL#220_15g	1419	Port Input	1	16100051	13648	4
210218_RL#220_15g	1419	Response	1	16100051	13648	4
210218_RL#220_15g	1420	Picture	777	16106708	0	1	20305	2	0	next	false_alarm	6151
210218_RL#220_15g	1420	Port Input	1	16122849	16141	4
210218_RL#220_15g	1420	Response	1	16122849	16141	4
210218_RL#220_15g	1420	Manual	2	16126722	20013	NA
210218_RL#220_15g	1421	Sound	2112	16129046	2033	1			0		other	0
210218_RL#220_15g	1421	Port Input	1	16131672	4659	5
210218_RL#220_15g	1421	Response	1	16131672	4659	5
210218_RL#220_15g	1422	Picture	55	16132339	0	1	10317	4	0	next	false_alarm	6158
210218_RL#220_15g	1422	Port Input	1	16133098	759	5
210218_RL#220_15g	1422	Response	1	16133098	759	5
210218_RL#220_15g	1422	Port Input	1	16134790	2451	4
210218_RL#220_15g	1422	Response	1	16134790	2451	4
210218_RL#220_15g	1422	Port Input	1	16136638	4299	4
210218_RL#220_15g	1422	Response	1	16136638	4299	4
210218_RL#220_15g	1422	Port Input	1	16138638	6300	4
210218_RL#220_15g	1422	Response	1	16138638	6300	4
210218_RL#220_15g	1423	Picture	10	16142656	0	4	3664	5	0	next	hit	6167
210218_RL#220_15g	1423	Port Input	1	16146057	3402	4
210218_RL#220_15g	1423	Response	1	16146057	3402	4
210218_RL#220_15g	1423	Port Input	1	16146061	3405	4
210218_RL#220_15g	1423	Response	1	16146061	3405	4
210218_RL#220_15g	1424	Picture	312	16146319	0	2	500	2	0	next	other	0
210218_RL#220_15g	1425	Picture	4442	16146819	0	1	80887	1	0	next	other	0
210218_RL#220_15g	1426	Picture	666	16227705	0	1	20305	1	0	next	other	0
210218_RL#220_15g	1427	Picture	777	16248010	0	1	20304	3	0	next	other	0
210218_RL#220_15g	1427	Manual	1	16268024	20014	NA
210218_RL#220_15g	1428	Sound	2122	16270046	1733	1			0		other	0
210218_RL#220_15g	1429	Picture	55	16273639	0	3	10319	6	0	next	other	0
210218_RL#220_15g	1430	Picture	10	16283958	0	4	20139	7	0	next	miss	0
210218_RL#220_15g	1431	Picture	452	16304097	0	4	1333	5	0	next	other	0
210218_RL#220_15g	1432	Picture	666	16305430	0	2	20137	5	0	next	other	0
210218_RL#220_15g	1433	Picture	777	16325567	0	4	20306	5	0	next	other	0
210218_RL#220_15g	1433	Manual	1	16345588	20021	NA
210218_RL#220_15g	1434	Sound	2112	16347046	1173	1			0		other	0
210218_RL#220_15g	1434	Port Input	1	16351143	5270	6
210218_RL#220_15g	1434	Response	1	16351143	5270	6
210218_RL#220_15g	1435	Picture	55	16351199	0	1	10319	2	0	next	false_alarm	6187
210218_RL#220_15g	1435	Port Input	1	16352784	1585	4
210218_RL#220_15g	1435	Response	1	16352784	1585	4
210218_RL#220_15g	1435	Port Input	1	16354708	3510	4
210218_RL#220_15g	1435	Response	1	16354708	3510	4
210218_RL#220_15g	1435	Port Input	1	16354712	3513	4
210218_RL#220_15g	1435	Response	1	16354712	3513	4
210218_RL#220_15g	1435	Port Input	1	16356727	5528	4
210218_RL#220_15g	1435	Response	1	16356727	5528	4
210218_RL#220_15g	1435	Port Input	1	16358516	7317	4
210218_RL#220_15g	1435	Response	1	16358516	7317	4
210218_RL#220_15g	1435	Port Input	1	16360412	9213	4
210218_RL#220_15g	1435	Response	1	16360412	9213	4
210218_RL#220_15g	1435	Port Input	1	16360415	9217	4
210218_RL#220_15g	1435	Response	1	16360415	9217	4
210218_RL#220_15g	1436	Picture	10	16361518	0	1	20304	3	0	next	miss	0
210218_RL#220_15g	1437	Picture	412	16381822	0	2	999	3	0	next	other	0
210218_RL#220_15g	1438	Picture	666	16382821	0	1	20303	4	0	next	other	0
210218_RL#220_15g	1439	Picture	777	16403124	0	3	20305	6	0	next	other	0
210218_RL#220_15g	1439	Manual	1	16423138	20014	NA
210218_RL#220_15g	1440	Sound	2122	16425046	1617	1			0		other	0
210218_RL#220_15g	1441	Picture	55	16428590	0	2	10149	8	0	next	other	0
210218_RL#220_15g	1442	Picture	10	16438739	0	6	20142	9	0	next	miss	0
210218_RL#220_15g	1443	Picture	452	16458881	0	3	1165	5	0	next	other	0
210218_RL#220_15g	1444	Picture	666	16460047	0	3	20304	3	0	next	other	0
210218_RL#220_15g	1445	Picture	777	16480351	0	1	20305	2	0	next	other	0
210218_RL#220_15g	1445	Manual	2	16500367	20016	NA
210218_RL#220_15g	1446	Sound	2112	16502046	1390	1			0		other	0
210218_RL#220_15g	1446	Port Input	1	16505812	5156	4
210218_RL#220_15g	1446	Response	1	16505812	5156	4
210218_RL#220_15g	1447	Picture	55	16505980	0	3	10318	6	0	next	false_alarm	6217
210218_RL#220_15g	1447	Port Input	1	16515436	9456	4
210218_RL#220_15g	1447	Response	1	16515436	9456	4
210218_RL#220_15g	1448	Picture	10	16516299	0	3	20307	5	0	next	miss	0
210218_RL#220_15g	1449	Picture	412	16536606	0	2	830	5	0	next	other	0
210218_RL#220_15g	1450	Picture	666	16537436	0	4	20139	7	0	next	other	0
210218_RL#220_15g	1451	Picture	777	16557575	0	4	20139	7	0	next	other	0
210218_RL#220_15g	1451	Manual	2	16577590	20015	NA
210218_RL#220_15g	1452	Sound	2122	16579046	1333	1			0		other	0
210218_RL#220_15g	1453	Picture	55	16583040	0	1	10319	2	0	next	other	0
210218_RL#220_15g	1454	Picture	10	16593359	0	1	20305	2	0	next	miss	0
210218_RL#220_15g	1455	Picture	452	16613664	0	1	1165	2	0	next	other	0
210218_RL#220_15g	1456	Picture	666	16614829	0	1	20303	3	0	next	other	0
210218_RL#220_15g	1457	Picture	777	16635133	0	3	20306	4	0	next	other	0
210218_RL#220_15g	1457	Manual	1	16655150	20017	NA
210218_RL#220_15g	1458	Sound	2112	16657046	1607	1			0		other	0
210218_RL#220_15g	1459	Picture	55	16660597	0	4	10153	7	0	next	other	0
210218_RL#220_15g	1460	Picture	10	16670750	0	3	20138	7	0	next	miss	0
210218_RL#220_15g	1461	Picture	412	16690887	0	4	999	8	0	next	other	0
210218_RL#220_15g	1462	Picture	666	16691886	0	4	20307	5	0	next	other	0
210218_RL#220_15g	1463	Picture	777	16712193	0	1	20305	1	0	next	other	0
210218_RL#220_15g	1463	Manual	2	16732206	20013	NA
210218_RL#220_15g	1464	Sound	2112	16734046	1548	1			0		other	0
210218_RL#220_15g	1465	Picture	55	16737824	0	1	10318	3	0	next	other	0
210218_RL#220_15g	1466	Picture	10	16748141	0	2	20304	5	0	next	miss	0
210218_RL#220_15g	1467	Picture	412	16768446	0	4	832	6	0	next	other	0
210218_RL#220_15g	1468	Picture	666	16769278	0	3	20138	6	0	next	other	0
210218_RL#220_15g	1469	Picture	777	16789417	0	4	20138	7	0	next	other	0
210218_RL#220_15g	1469	Manual	2	16809430	20014	NA
210218_RL#220_15g	1470	Sound	2122	16811046	1491	1			0		other	0
210218_RL#220_15g	1471	Picture	55	16814710	0	8	10324	9	0	next	other	0
210218_RL#220_15g	1472	Picture	10	16825034	0	1	20305	2	0	next	miss	0
210218_RL#220_15g	1473	Picture	452	16845339	0	1	1165	2	0	next	other	0
210218_RL#220_15g	1474	Picture	666	16846504	0	1	20304	3	0	next	other	0
210218_RL#220_15g	1475	Picture	777	16866808	0	3	20306	4	0	next	other	0
210218_RL#220_15g	1475	Manual	1	16886823	20015	NA
210218_RL#220_15g	1476	Sound	2122	16889046	1931	1			0		other	0
210218_RL#220_15g	1477	Picture	55	16892272	0	3	10152	7	0	next	other	0
210218_RL#220_15g	1478	Picture	10	16902424	0	4	20138	7	0	next	miss	0
210218_RL#220_15g	1479	Picture	452	16922563	0	4	1664	8	0	next	other	0
210218_RL#220_15g	1480	Picture	666	16924227	0	4	20306	5	0	next	other	0
210218_RL#220_15g	1481	Picture	777	16944534	0	1	20305	2	0	next	other	0
210218_RL#220_15g	1481	Manual	2	16964551	20017	NA
210218_RL#220_15g	1482	Sound	2122	16966046	1207	1			0		other	0
210218_RL#220_15g	1483	Picture	55	16970164	0	1	10319	2	0	next	other	0
210218_RL#220_15g	1484	Picture	10	16980483	0	1	20305	2	0	next	miss	0
210218_RL#220_15g	1485	Picture	452	17000788	0	2	997	4	0	next	other	0
210218_RL#220_15g	1486	Picture	666	17001786	0	3	20138	6	0	next	other	0
210218_RL#220_15g	1487	Picture	777	17021924	0	4	20138	7	0	next	other	0
210218_RL#220_15g	1487	Manual	1	17041939	20015	NA
210218_RL#220_15g	1488	Sound	2112	17044046	1983	1			0		other	0
210218_RL#220_15g	1489	Picture	55	17047222	0	4	10321	5	0	next	other	0
210218_RL#220_15g	1490	Picture	10	17057542	0	1	20305	2	0	next	miss	0
210218_RL#220_15g	1491	Picture	412	17077847	0	1	1165	2	0	next	other	0
210218_RL#220_15g	1492	Picture	666	17079012	0	1	20305	2	0	next	other	0
210218_RL#220_15g	1493	Picture	777	17099317	0	1	20304	4	0	next	other	0
210218_RL#220_15g	1493	Manual	1	17119331	20015	NA
210218_RL#220_15g	1494	Sound	2112	17121046	1425	1			0		other	0
210218_RL#220_15g	1495	Picture	55	17124779	0	4	10153	7	0	next	other	0
210218_RL#220_15g	1496	Picture	10	17134932	0	4	20138	7	0	next	miss	0
210218_RL#220_15g	1497	Picture	412	17155070	0	4	999	8	0	next	other	0
210218_RL#220_15g	1498	Picture	666	17156069	0	4	20140	6	0	next	other	0
210218_RL#220_15g	1499	Picture	777	17176209	0	3	20305	3	0	next	other	0
210218_RL#220_15g	1499	Manual	2	17196222	20013	NA
210218_RL#220_15g	1500	Sound	2122	17198046	1532	1			0		other	0
210218_RL#220_15g	1501	Picture	55	17201840	0	1	10319	2	0	next	other	0
210218_RL#220_15g	1502	Picture	10	17212158	0	1	20303	4	0	next	miss	0
210218_RL#220_15g	1503	Picture	452	17232462	0	3	1333	4	0	next	other	0
210218_RL#220_15g	1504	Picture	666	17233795	0	2	20303	5	0	next	other	0
210218_RL#220_15g	1505	Picture	777	17254098	0	4	20138	8	0	next	other	0
210218_RL#220_15g	1505	Manual	2	17274117	20018	NA
210218_RL#220_15g	1506	Sound	2122	17276045	1809	1			0		other	0
210218_RL#220_15g	1507	Picture	55	17279396	0	4	10152	8	0	next	other	0
210218_RL#220_15g	1508	Picture	10	17289549	0	4	20306	5	0	next	miss	0
210218_RL#220_15g	1509	Picture	452	17309855	0	1	1332	2	0	next	other	0
210218_RL#220_15g	1510	Picture	666	17311187	0	1	20304	2	0	next	other	0
210218_RL#220_15g	1511	Picture	777	17331491	0	1	20305	2	0	next	other	0
210218_RL#220_15g	1511	Manual	1	17351503	20012	NA
210218_RL#220_15g	1512	Sound	2112	17353045	1249	1			0		other	0
210218_RL#220_15g	1513	Picture	55	17357120	0	3	10153	6	0	next	other	0
210218_RL#220_15g	1514	Picture	10	17367273	0	3	20138	6	0	next	miss	0
210218_RL#220_15g	1515	Picture	412	17387412	0	4	1333	5	0	next	other	0
210218_RL#220_15g	1516	Picture	666	17388745	0	2	20137	6	0	next	false_alarm	6299
210218_RL#220_15g	1516	Port Input	1	17403821	15076	4
210218_RL#220_15g	1516	Response	1	17403821	15076	4
210218_RL#220_15g	1516	Port Input	1	17403824	15080	4
210218_RL#220_15g	1516	Response	1	17403824	15080	4
210218_RL#220_15g	1517	Picture	777	17408881	0	4	20306	5	0	next	false_alarm	6304
210218_RL#220_15g	1517	Port Input	1	17409608	727	4
210218_RL#220_15g	1517	Response	1	17409608	727	4
210218_RL#220_15g	1517	Port Input	1	17409613	732	4
210218_RL#220_15g	1517	Response	1	17409613	732	4
210218_RL#220_15g	1517	Port Input	1	17412980	4098	3
210218_RL#220_15g	1517	Response	1	17412980	4098	3
210218_RL#220_15g	1517	Port Input	1	17413745	4863	5
210218_RL#220_15g	1517	Response	1	17413745	4863	5
210218_RL#220_15g	1517	Port Input	1	17413749	4868	4
210218_RL#220_15g	1517	Response	1	17413749	4868	4
210218_RL#220_15g	1517	Port Input	1	17413869	4988	4
210218_RL#220_15g	1517	Response	1	17413869	4988	4
210218_RL#220_15g	1517	Port Input	1	17418024	9142	4
210218_RL#220_15g	1517	Response	1	17418024	9142	4
210218_RL#220_15g	1517	Port Input	1	17418634	9753	4
210218_RL#220_15g	1517	Response	1	17418634	9753	4
210218_RL#220_15g	1517	Port Input	1	17420164	11283	4
210218_RL#220_15g	1517	Response	1	17420164	11283	4
210218_RL#220_15g	1517	Port Input	1	17424271	15390	4
210218_RL#220_15g	1517	Response	1	17424271	15390	4
210218_RL#220_15g	1517	Port Input	1	17424275	15394	4
210218_RL#220_15g	1517	Response	1	17424275	15394	4
210218_RL#220_15g	1517	Port Input	1	17426127	17245	4
210218_RL#220_15g	1517	Response	1	17426127	17245	4
210218_RL#220_15g	1517	Manual	1	17428896	20015	NA
210218_RL#220_15g	1518	Port Input	1	17430797	1609	4
210218_RL#220_15g	1518	Response	1	17430797	1609	4
210218_RL#220_15g	1518	Sound	2112	17431045	1858	1			0		other	0
210218_RL#220_15g	1518	Port Input	1	17433802	4615	3
210218_RL#220_15g	1518	Response	1	17433802	4615	3
210218_RL#220_15g	1519	Picture	55	17434514	0	1	10319	2	0	next	false_alarm	6335
210218_RL#220_15g	1519	Port Input	1	17440510	5997	4
210218_RL#220_15g	1519	Response	1	17440510	5997	4
210218_RL#220_15g	1519	Port Input	1	17440514	6000	4
210218_RL#220_15g	1519	Response	1	17440514	6000	4
210218_RL#220_15g	1520	Picture	10	17444832	0	1	1165	2	0	next	hit	6340
210218_RL#220_15g	1520	Port Input	1	17445645	813	4
210218_RL#220_15g	1520	Response	1	17445645	813	4
210218_RL#220_15g	1521	Picture	312	17445997	0	1	666	1	0	next	other	0
210218_RL#220_15g	1522	Picture	4442	17446663	0	1	80719	5	0	next	false_alarm	6344
210218_RL#220_15g	1522	Port Input	1	17467669	21006	4
210218_RL#220_15g	1522	Response	1	17467669	21006	4
210218_RL#220_15g	1522	Port Input	1	17469132	22469	4
210218_RL#220_15g	1522	Response	1	17469132	22469	4
210218_RL#220_15g	1522	Port Input	1	17472913	26250	4
210218_RL#220_15g	1522	Response	1	17472913	26250	4
210218_RL#220_15g	1522	Port Input	1	17494385	47722	5
210218_RL#220_15g	1522	Response	1	17494385	47722	5
210218_RL#220_15g	1522	Port Input	1	17500215	53551	4
210218_RL#220_15g	1522	Response	1	17500215	53551	4
210218_RL#220_15g	1522	Port Input	1	17500249	53586	4
210218_RL#220_15g	1522	Response	1	17500249	53586	4
210218_RL#220_15g	1522	Port Input	1	17500253	53590	4
210218_RL#220_15g	1522	Response	1	17500253	53590	4
210218_RL#220_15g	1522	Port Input	1	17501498	54835	4
210218_RL#220_15g	1522	Response	1	17501498	54835	4
210218_RL#220_15g	1522	Port Input	1	17508306	61643	4
210218_RL#220_15g	1522	Response	1	17508306	61643	4
210218_RL#220_15g	1523	Picture	666	17527382	0	4	20307	5	0	next	other	0
210218_RL#220_15g	1524	Picture	777	17547688	0	1	20305	2	0	next	other	0
210218_RL#220_15g	1524	Manual	2	17567704	20015	NA
210218_RL#220_15g	1525	Sound	2122	17569045	1052	1			0		other	0
210218_RL#220_15g	1526	Picture	55	17573319	0	1	10317	4	0	next	other	0
210218_RL#220_15g	1527	Picture	10	17583636	0	3	20305	6	0	next	miss	0
210218_RL#220_15g	1528	Picture	452	17603941	0	4	999	7	0	next	other	0
210218_RL#220_15g	1529	Picture	666	17604940	0	3	20138	7	0	next	other	0
210218_RL#220_15g	1530	Picture	777	17625078	0	4	20139	7	0	next	other	0
210218_RL#220_15g	1530	Manual	2	17645098	20020	NA
210218_RL#220_15g	1531	Sound	2112	17647045	1828	1			0		other	0
210218_RL#220_15g	1532	Picture	55	17650376	0	5	10321	6	0	next	other	0
210218_RL#220_15g	1533	Picture	10	17660696	0	1	20304	2	0	next	miss	0
210218_RL#220_15g	1534	Picture	412	17681001	0	1	999	2	0	next	other	0
210218_RL#220_15g	1535	Picture	666	17682000	0	1	20303	3	0	next	other	0
210218_RL#220_15g	1536	Picture	777	17702303	0	3	20304	6	0	next	other	0
210218_RL#220_15g	1536	Manual	2	17722316	20013	NA
210218_RL#220_15g	1537	Sound	2112	17724045	1437	1			0		other	0
210218_RL#220_15g	1537	Port Input	1	17727599	4991	4
210218_RL#220_15g	1537	Response	1	17727599	4991	4
210218_RL#220_15g	1538	Picture	55	17727768	0	3	10152	7	0	next	false_alarm	6383
210218_RL#220_15g	1538	Port Input	1	17731503	3735	4
210218_RL#220_15g	1538	Response	1	17731503	3735	4
210218_RL#220_15g	1538	Port Input	1	17731506	3739	5
210218_RL#220_15g	1538	Response	1	17731506	3739	5
210218_RL#220_15g	1539	Picture	10	17737919	0	4	7989	8	0	next	hit	6388
210218_RL#220_15g	1539	Port Input	1	17745739	7820	4
210218_RL#220_15g	1539	Response	1	17745739	7820	4
210218_RL#220_15g	1540	Picture	312	17745909	0	4	666	7	0	next	other	0
210218_RL#220_15g	1541	Picture	4442	17746574	0	4	80887	6	0	next	false_alarm	6392
210218_RL#220_15g	1541	Port Input	1	17758204	11630	4
210218_RL#220_15g	1541	Response	1	17758204	11630	4
210218_RL#220_15g	1541	Port Input	1	17758208	11633	4
210218_RL#220_15g	1541	Response	1	17758208	11633	4
210218_RL#220_15g	1542	Picture	666	17827461	0	3	20304	6	0	next	other	0
210218_RL#220_15g	1543	Picture	777	17847766	0	4	20139	7	0	next	other	0
210218_RL#220_15g	1543	Manual	2	17867778	20013	NA
210218_RL#220_15g	1544	Sound	2122	17869045	1140	1			0		other	0
210218_RL#220_15g	1545	Picture	55	17873064	0	4	10152	8	0	next	other	0
210218_RL#220_15g	1546	Picture	10	17883216	0	4	20306	5	0	next	miss	0
210218_RL#220_15g	1547	Picture	452	17903523	0	1	1498	2	0	next	other	0
210218_RL#220_15g	1548	Picture	666	17905021	0	1	20305	1	0	next	other	0
210218_RL#220_15g	1549	Picture	777	17925325	0	1	20303	4	0	next	other	0
210218_RL#220_15g	1549	Manual	2	17945340	20014	NA
210218_RL#220_15g	1550	Sound	2122	17947045	1416	1			0		other	0
210218_RL#220_15g	1551	Picture	55	17950955	0	3	10152	6	0	next	other	0
210218_RL#220_15g	1552	Picture	10	17961107	0	4	20139	7	0	next	miss	0
210218_RL#220_15g	1553	Picture	452	17981245	0	4	1498	7	0	next	other	0
210218_RL#220_15g	1554	Picture	666	17982744	0	4	20138	7	0	next	other	0
210218_RL#220_15g	1555	Picture	777	18002882	0	4	20306	5	0	next	other	0
210218_RL#220_15g	1555	Manual	1	18022900	20018	NA
210218_RL#220_15g	1556	Sound	2112	18025045	1856	1			0		other	0
210218_RL#220_15g	1557	Picture	55	18028514	0	1	10319	1	0	next	false_alarm	6415
210218_RL#220_15g	1557	Port Input	1	18030841	2327	5
210218_RL#220_15g	1557	Response	1	18030841	2327	5
210218_RL#220_15g	1558	Picture	10	18038833	0	1	20303	4	0	next	miss	0
210218_RL#220_15g	1559	Picture	412	18059136	0	3	834	4	0	next	other	0
210218_RL#220_15g	1560	Picture	666	18059970	0	1	20303	5	0	next	false_alarm	6420
210218_RL#220_15g	1560	Port Input	1	18066682	6712	4
210218_RL#220_15g	1560	Response	1	18066682	6712	4
210218_RL#220_15g	1560	Port Input	1	18067772	7802	4
210218_RL#220_15g	1560	Response	1	18067772	7802	4
210218_RL#220_15g	1560	Port Input	1	18067776	7806	4
210218_RL#220_15g	1560	Response	1	18067776	7806	4
210218_RL#220_15g	1560	Port Input	1	18072407	12437	4
210218_RL#220_15g	1560	Response	1	18072407	12437	4
210218_RL#220_15g	1560	Port Input	1	18072516	12546	4
210218_RL#220_15g	1560	Response	1	18072516	12546	4
210218_RL#220_15g	1560	Port Input	1	18072520	12550	4
210218_RL#220_15g	1560	Response	1	18072520	12550	4
210218_RL#220_15g	1560	Port Input	1	18076552	16582	4
210218_RL#220_15g	1560	Response	1	18076552	16582	4
210218_RL#220_15g	1560	Port Input	1	18078261	18291	4
210218_RL#220_15g	1560	Response	1	18078261	18291	4
210218_RL#220_15g	1560	Port Input	1	18078266	18296	4
210218_RL#220_15g	1560	Response	1	18078266	18296	4
210218_RL#220_15g	1560	Port Input	1	18078270	18300	4
210218_RL#220_15g	1560	Response	1	18078270	18300	4
210218_RL#220_15g	1560	Port Input	1	18078316	18346	4
210218_RL#220_15g	1560	Response	1	18078316	18346	4
210218_RL#220_15g	1561	Picture	777	18080273	0	4	20139	7	0	next	false_alarm	6443
210218_RL#220_15g	1561	Port Input	1	18081514	1241	4
210218_RL#220_15g	1561	Response	1	18081514	1241	4
210218_RL#220_15g	1561	Port Input	1	18081518	1244	4
210218_RL#220_15g	1561	Response	1	18081518	1244	4
210218_RL#220_15g	1561	Port Input	1	18081875	1602	4
210218_RL#220_15g	1561	Response	1	18081875	1602	4
210218_RL#220_15g	1561	Port Input	1	18081879	1605	4
210218_RL#220_15g	1561	Response	1	18081879	1605	4
210218_RL#220_15g	1561	Port Input	1	18082678	2405	4
210218_RL#220_15g	1561	Response	1	18082678	2405	4
210218_RL#220_15g	1561	Port Input	1	18086427	6153	4
210218_RL#220_15g	1561	Response	1	18086427	6153	4
210218_RL#220_15g	1561	Port Input	1	18086431	6158	4
210218_RL#220_15g	1561	Response	1	18086431	6158	4
210218_RL#220_15g	1561	Port Input	1	18088415	8142	4
210218_RL#220_15g	1561	Response	1	18088415	8142	4
210218_RL#220_15g	1561	Port Input	1	18089496	9223	4
210218_RL#220_15g	1561	Response	1	18089496	9223	4
210218_RL#220_15g	1561	Port Input	1	18089869	9596	4
210218_RL#220_15g	1561	Response	1	18089869	9596	4
210218_RL#220_15g	1561	Port Input	1	18090563	10290	4
210218_RL#220_15g	1561	Response	1	18090563	10290	4
210218_RL#220_15g	1561	Port Input	1	18094028	13755	4
210218_RL#220_15g	1561	Response	1	18094028	13755	4
210218_RL#220_15g	1561	Port Input	1	18096043	15770	6
210218_RL#220_15g	1561	Response	1	18096043	15770	6
210218_RL#220_15g	1561	Manual	1	18100286	20013	NA
210218_RL#220_15g	1562	Port Input	1	18101793	1381	4
210218_RL#220_15g	1562	Response	1	18101793	1381	4
210218_RL#220_15g	1562	Sound	2122	18102045	1633	1			0		other	0
210218_RL#220_15g	1562	Port Input	1	18104694	4282	4
210218_RL#220_15g	1562	Response	1	18104694	4282	4
210218_RL#220_15g	1562	Port Input	1	18104697	4285	4
210218_RL#220_15g	1562	Response	1	18104697	4285	4
210218_RL#220_15g	1563	Picture	55	18105571	0	4	10153	8	0	next	false_alarm	6478
210218_RL#220_15g	1563	Port Input	1	18106444	873	5
210218_RL#220_15g	1563	Response	1	18106444	873	5
210218_RL#220_15g	1564	Picture	10	18115724	0	4	20306	5	0	next	miss	0
210218_RL#220_15g	1565	Picture	452	18136030	0	1	1165	1	0	next	other	0
210218_RL#220_15g	1566	Picture	666	18137195	0	1	20304	1	0	next	other	0
210218_RL#220_15g	1567	Picture	777	18157500	0	1	20303	4	0	next	false_alarm	6484
210218_RL#220_15g	1567	Port Input	1	18167495	9996	4
210218_RL#220_15g	1567	Response	1	18167495	9996	4
210218_RL#220_15g	1567	Port Input	1	18167499	9999	4
210218_RL#220_15g	1567	Response	1	18167499	9999	4
210218_RL#220_15g	1567	Port Input	1	18167508	10009	4
210218_RL#220_15g	1567	Response	1	18167508	10009	4
210218_RL#220_15g	1567	Port Input	1	18170523	13023	4
210218_RL#220_15g	1567	Response	1	18170523	13023	4
210218_RL#220_15g	1567	Port Input	1	18173743	16243	4
210218_RL#220_15g	1567	Response	1	18173743	16243	4
210218_RL#220_15g	1567	Manual	2	18177515	20015	NA
210218_RL#220_15g	1568	Sound	2112	18179045	1241	1			0		other	0
210218_RL#220_15g	1568	Port Input	1	18181176	3373	5
210218_RL#220_15g	1568	Response	1	18181176	3373	5
210218_RL#220_15g	1568	Port Input	1	18181180	3377	4
210218_RL#220_15g	1568	Response	1	18181180	3377	4
210218_RL#220_15g	1568	Port Input	1	18181228	3425	4
210218_RL#220_15g	1568	Response	1	18181228	3425	4
210218_RL#220_15g	1569	Picture	55	18183129	0	3	10319	6	0	next	false_alarm	6503
210218_RL#220_15g	1569	Port Input	1	18183900	771	4
210218_RL#220_15g	1569	Response	1	18183900	771	4
210218_RL#220_15g	1569	Port Input	1	18188990	5861	4
210218_RL#220_15g	1569	Response	1	18188990	5861	4
210218_RL#220_15g	1570	Picture	10	18193448	0	3	16643	7	0	next	hit	6508
210218_RL#220_15g	1570	Port Input	1	18209944	16496	4
210218_RL#220_15g	1570	Response	1	18209944	16496	4
210218_RL#220_15g	1571	Picture	312	18210091	0	4	664	9	0	next	other	0
210218_RL#220_15g	1572	Picture	4442	18210755	0	5	80888	8	0	next	other	0
210218_RL#220_15g	1573	Picture	666	18291643	0	3	20305	6	0	next	other	0
210218_RL#220_15g	1574	Picture	777	18311948	0	4	20305	7	0	next	other	0
210218_RL#220_15g	1574	Manual	2	18331962	20013	NA
210218_RL#220_15g	1575	Sound	2122	18334045	1791	1			0		other	0
210218_RL#220_15g	1575	Port Input	1	18337106	4852	4
210218_RL#220_15g	1575	Response	1	18337106	4852	4
210218_RL#220_15g	1575	Port Input	1	18337109	4856	4
210218_RL#220_15g	1575	Response	1	18337109	4856	4
210218_RL#220_15g	1576	Picture	55	18337413	0	4	10152	7	0	next	false_alarm	6521
210218_RL#220_15g	1576	Port Input	1	18342019	4606	4
210218_RL#220_15g	1576	Response	1	18342019	4606	4
210218_RL#220_15g	1577	Picture	10	18347565	0	4	5326	8	0	next	hit	6524
210218_RL#220_15g	1577	Port Input	1	18352738	5173	4
210218_RL#220_15g	1577	Response	1	18352738	5173	4
210218_RL#220_15g	1578	Picture	352	18352891	0	4	668	6	0	next	other	0
210218_RL#220_15g	1579	Picture	12	18353559	0	2	20304	3	0	next	false_alarm	6528
210218_RL#220_15g	1579	Port Input	1	18354881	1323	4
210218_RL#220_15g	1579	Response	1	18354881	1323	4
210218_RL#220_15g	1579	Port Input	1	18355895	2336	4
210218_RL#220_15g	1579	Response	1	18355895	2336	4
210218_RL#220_15g	1579	Port Input	1	18357015	3457	4
210218_RL#220_15g	1579	Response	1	18357015	3457	4
210218_RL#220_15g	1579	Port Input	1	18357019	3460	4
210218_RL#220_15g	1579	Response	1	18357019	3460	4
210218_RL#220_15g	1579	Port Input	1	18358075	4517	4
210218_RL#220_15g	1579	Response	1	18358075	4517	4
210218_RL#220_15g	1579	Port Input	1	18359252	5693	4
210218_RL#220_15g	1579	Response	1	18359252	5693	4
210218_RL#220_15g	1579	Port Input	1	18360532	6973	4
210218_RL#220_15g	1579	Response	1	18360532	6973	4
210218_RL#220_15g	1579	Port Input	1	18360535	6977	4
210218_RL#220_15g	1579	Response	1	18360535	6977	4
210218_RL#220_15g	1579	Port Input	1	18361905	8346	4
210218_RL#220_15g	1579	Response	1	18361905	8346	4
210218_RL#220_15g	1579	Port Input	1	18361908	8350	4
210218_RL#220_15g	1579	Response	1	18361908	8350	4
210218_RL#220_15g	1579	Port Input	1	18363475	9916	4
210218_RL#220_15g	1579	Response	1	18363475	9916	4
210218_RL#220_15g	1579	Port Input	1	18363478	9920	4
210218_RL#220_15g	1579	Response	1	18363478	9920	4
210218_RL#220_15g	1579	Port Input	1	18365114	11555	4
210218_RL#220_15g	1579	Response	1	18365114	11555	4
210218_RL#220_15g	1579	Port Input	1	18366839	13280	5
210218_RL#220_15g	1579	Response	1	18366839	13280	5
210218_RL#220_15g	1579	Port Input	1	18372995	19437	4
210218_RL#220_15g	1579	Response	1	18372995	19437	4
210218_RL#220_15g	1579	Port Input	1	18372999	19441	4
210218_RL#220_15g	1579	Response	1	18372999	19441	4
210218_RL#220_15g	1580	Picture	3521	18373863	0	1	1166	2	0	next	other	0
210218_RL#220_15g	1580	Port Input	1	18374479	615	194
210218_RL#220_15g	1580	Response	1	18374479	615	194
210218_RL#220_15g	1581	Picture	666	18375029	0	1	20305	1	0	next	other	0
210218_RL#220_15g	1582	Picture	777	18395333	0	1	20305	2	0	next	other	0
210218_RL#220_15g	1582	Manual	2	18415350	20017	NA
210218_RL#220_15g	1583	Sound	2122	18417044	1406	1			0		other	0
210218_RL#220_15g	1584	Picture	55	18420962	0	3	10321	5	0	next	false_alarm	6568
210218_RL#220_15g	1584	Port Input	1	18421065	103	4
210218_RL#220_15g	1584	Response	1	18421065	103	4
210218_RL#220_15g	1584	Port Input	1	18424099	3136	4
210218_RL#220_15g	1584	Response	1	18424099	3136	4
210218_RL#220_15g	1584	Port Input	1	18427279	6317	4
210218_RL#220_15g	1584	Response	1	18427279	6317	4
210218_RL#220_15g	1584	Port Input	1	18428630	7668	4
210218_RL#220_15g	1584	Response	1	18428630	7668	4
210218_RL#220_15g	1585	Picture	10	18431283	0	2	5158	5	0	next	hit	6577
210218_RL#220_15g	1585	Port Input	1	18436193	4910	6
210218_RL#220_15g	1585	Response	1	18436193	4910	6
210218_RL#220_15g	1585	Port Input	1	18436199	4916	5
210218_RL#220_15g	1585	Response	1	18436199	4916	5
210218_RL#220_15g	1586	Picture	352	18436441	0	3	499	6	0	next	other	0
210218_RL#220_15g	1587	Picture	12	18436940	0	3	20139	6	0	next	false_alarm	6583
210218_RL#220_15g	1587	Port Input	1	18438105	1165	4
210218_RL#220_15g	1587	Response	1	18438105	1165	4
210218_RL#220_15g	1587	Port Input	1	18438395	1455	4
210218_RL#220_15g	1587	Response	1	18438395	1455	4
210218_RL#220_15g	1587	Port Input	1	18439102	2162	4
210218_RL#220_15g	1587	Response	1	18439102	2162	4
210218_RL#220_15g	1587	Port Input	1	18440234	3294	4
210218_RL#220_15g	1587	Response	1	18440234	3294	4
210218_RL#220_15g	1587	Port Input	1	18441400	4460	4
210218_RL#220_15g	1587	Response	1	18441400	4460	4
210218_RL#220_15g	1587	Port Input	1	18442617	5677	4
210218_RL#220_15g	1587	Response	1	18442617	5677	4
210218_RL#220_15g	1587	Port Input	1	18443967	7027	3
210218_RL#220_15g	1587	Response	1	18443967	7027	3
210218_RL#220_15g	1587	Port Input	1	18445531	8591	4
210218_RL#220_15g	1587	Response	1	18445531	8591	4
210218_RL#220_15g	1587	Port Input	1	18445534	8594	4
210218_RL#220_15g	1587	Response	1	18445534	8594	4
210218_RL#220_15g	1587	Port Input	1	18447162	10222	4
210218_RL#220_15g	1587	Response	1	18447162	10222	4
210218_RL#220_15g	1587	Port Input	1	18447166	10226	4
210218_RL#220_15g	1587	Response	1	18447166	10226	4
210218_RL#220_15g	1587	Port Input	1	18448766	11826	4
210218_RL#220_15g	1587	Response	1	18448766	11826	4
210218_RL#220_15g	1587	Port Input	1	18448769	11829	4
210218_RL#220_15g	1587	Response	1	18448769	11829	4
210218_RL#220_15g	1587	Port Input	1	18450332	13392	7
210218_RL#220_15g	1587	Response	1	18450332	13392	7
210218_RL#220_15g	1587	Port Input	1	18452333	15393	4
210218_RL#220_15g	1587	Response	1	18452333	15393	4
210218_RL#220_15g	1587	Port Input	1	18454049	17109	4
210218_RL#220_15g	1587	Response	1	18454049	17109	4
210218_RL#220_15g	1587	Port Input	1	18455793	18853	4
210218_RL#220_15g	1587	Response	1	18455793	18853	4
210218_RL#220_15g	1588	Picture	3521	18457079	0	4	998	7	0	next	other	0
210218_RL#220_15g	1589	Picture	666	18458077	0	4	20140	6	0	next	other	0
210218_RL#220_15g	1590	Picture	777	18478217	0	3	20305	3	0	next	other	0
210218_RL#220_15g	1590	Manual	2	18498236	20019	NA
210218_RL#220_15g	1591	Sound	2112	18500044	1522	1			0		other	0
210218_RL#220_15g	1592	Picture	55	18503847	0	1	10319	2	0	next	other	0
210218_RL#220_15g	1593	Picture	10	18514167	0	1	20303	3	0	next	miss	0
210218_RL#220_15g	1594	Picture	412	18534470	0	3	1165	5	0	next	other	0
210218_RL#220_15g	1595	Picture	666	18535635	0	3	20307	4	0	next	other	0
210218_RL#220_15g	1596	Picture	777	18555942	0	1	20137	5	0	next	other	0
210218_RL#220_15g	1596	Manual	2	18575956	20014	NA
210218_RL#220_15g	1597	Sound	2112	18578044	1966	1			0		other	0
210218_RL#220_15g	1598	Picture	55	18581237	0	5	10155	7	0	next	other	0
210218_RL#220_15g	1599	Picture	10	18591392	0	3	20305	3	0	next	miss	0
210218_RL#220_15g	1600	Picture	412	18611697	0	1	999	2	0	next	other	0
210218_RL#220_15g	1601	Picture	666	18612695	0	1	20304	2	0	next	other	0
210218_RL#220_15g	1602	Picture	777	18633000	0	1	20303	3	0	next	other	0
210218_RL#220_15g	1602	Manual	2	18653013	20013	NA
210218_RL#220_15g	1603	Sound	2122	18655044	1741	1			0		other	0
210218_RL#220_15g	1603	Port Input	1	18658629	5326	4
210218_RL#220_15g	1603	Response	1	18658629	5326	4
210218_RL#220_15g	1604	Picture	55	18658631	0	1	10317	4	0	next	false_alarm	6639
210218_RL#220_15g	1604	Port Input	1	18660203	1572	4
210218_RL#220_15g	1604	Response	1	18660203	1572	4
210218_RL#220_15g	1604	Port Input	1	18661886	3255	4
210218_RL#220_15g	1604	Response	1	18661886	3255	4
210218_RL#220_15g	1604	Port Input	1	18663600	4969	4
210218_RL#220_15g	1604	Response	1	18663600	4969	4
210218_RL#220_15g	1604	Port Input	1	18665196	6565	5
210218_RL#220_15g	1604	Response	1	18665196	6565	5
210218_RL#220_15g	1604	Port Input	1	18666936	8305	4
210218_RL#220_15g	1604	Response	1	18666936	8305	4
210218_RL#220_15g	1604	Port Input	1	18668467	9836	4
210218_RL#220_15g	1604	Response	1	18668467	9836	4
210218_RL#220_15g	1604	Port Input	1	18668471	9840	4
210218_RL#220_15g	1604	Response	1	18668471	9840	4
210218_RL#220_15g	1605	Picture	10	18668948	0	3	1333	4	0	next	hit	6654
210218_RL#220_15g	1605	Port Input	1	18670100	1151	4
210218_RL#220_15g	1605	Response	1	18670100	1151	4
210218_RL#220_15g	1605	Port Input	1	18670103	1155	4
210218_RL#220_15g	1605	Response	1	18670103	1155	4
210218_RL#220_15g	1606	Picture	352	18670281	0	2	498	4	0	next	other	0
210218_RL#220_15g	1607	Picture	12	18670779	0	3	20138	6	0	next	false_alarm	6660
210218_RL#220_15g	1607	Port Input	1	18671992	1213	4
210218_RL#220_15g	1607	Response	1	18671992	1213	4
210218_RL#220_15g	1607	Port Input	1	18672979	2200	3
210218_RL#220_15g	1607	Response	1	18672979	2200	3
210218_RL#220_15g	1607	Port Input	1	18672982	2203	3
210218_RL#220_15g	1607	Response	1	18672982	2203	3
210218_RL#220_15g	1607	Port Input	1	18674185	3406	5
210218_RL#220_15g	1607	Response	1	18674185	3406	5
210218_RL#220_15g	1607	Port Input	1	18675494	4714	5
210218_RL#220_15g	1607	Response	1	18675494	4714	5
210218_RL#220_15g	1607	Port Input	1	18676987	6208	4
210218_RL#220_15g	1607	Response	1	18676987	6208	4
210218_RL#220_15g	1607	Port Input	1	18678432	7653	4
210218_RL#220_15g	1607	Response	1	18678432	7653	4
210218_RL#220_15g	1607	Port Input	1	18679914	9134	4
210218_RL#220_15g	1607	Response	1	18679914	9134	4
210218_RL#220_15g	1607	Port Input	1	18681403	10624	4
210218_RL#220_15g	1607	Response	1	18681403	10624	4
210218_RL#220_15g	1607	Port Input	1	18683018	12239	4
210218_RL#220_15g	1607	Response	1	18683018	12239	4
210218_RL#220_15g	1607	Port Input	1	18684948	14169	4
210218_RL#220_15g	1607	Response	1	18684948	14169	4
210218_RL#220_15g	1608	Picture	3521	18690917	0	4	833	6	0	next	other	0
210218_RL#220_15g	1609	Picture	666	18691750	0	3	20138	7	0	next	other	0
210218_RL#220_15g	1610	Picture	777	18711888	0	4	20306	5	0	next	other	0
210218_RL#220_15g	1610	Manual	2	18731904	20016	NA
210218_RL#220_15g	1611	Sound	2112	18734044	1850	1			0		other	0
210218_RL#220_15g	1612	Picture	55	18737520	0	1	10319	2	0	next	other	0
210218_RL#220_15g	1613	Picture	10	18747839	0	1	20303	4	0	next	miss	0
210218_RL#220_15g	1614	Picture	412	18768142	0	3	1000	4	0	next	other	0
210218_RL#220_15g	1615	Picture	666	18769142	0	1	20303	4	0	next	other	0
210218_RL#220_15g	1616	Picture	777	18789446	0	4	20305	6	0	next	other	0
210218_RL#220_15g	1616	Manual	2	18809460	20014	NA
210218_RL#220_15g	1617	Sound	2112	18811044	1293	1			0		other	0
210218_RL#220_15g	1618	Picture	55	18814910	0	4	10153	7	0	next	other	0
210218_RL#220_15g	1619	Picture	10	18825063	0	4	20306	5	0	next	miss	0
210218_RL#220_15g	1620	Picture	412	18845369	0	1	999	2	0	next	other	0
210218_RL#220_15g	1621	Picture	666	18846368	0	1	20305	1	0	next	other	0
210218_RL#220_15g	1622	Picture	777	18866673	0	1	20304	3	0	next	other	0
210218_RL#220_15g	1622	Manual	2	18886686	20013	NA
210218_RL#220_15g	1623	Sound	2122	18888044	1068	1			0		other	0
210218_RL#220_15g	1623	Port Input	1	18890878	3902	5
210218_RL#220_15g	1623	Response	1	18890878	3902	5
210218_RL#220_15g	1624	Picture	55	18892303	0	2	10317	4	0	next	false_alarm	6704
210218_RL#220_15g	1624	Port Input	1	18892322	19	3
210218_RL#220_15g	1624	Response	1	18892322	19	3
210218_RL#220_15g	1624	Port Input	1	18892327	24	3
210218_RL#220_15g	1624	Response	1	18892327	24	3
210218_RL#220_15g	1624	Port Input	1	18893858	1555	4
210218_RL#220_15g	1624	Response	1	18893858	1555	4
210218_RL#220_15g	1624	Port Input	1	18895571	3268	4
210218_RL#220_15g	1624	Response	1	18895571	3268	4
210218_RL#220_15g	1624	Port Input	1	18897226	4923	4
210218_RL#220_15g	1624	Response	1	18897226	4923	4
210218_RL#220_15g	1624	Port Input	1	18897230	4927	4
210218_RL#220_15g	1624	Response	1	18897230	4927	4
210218_RL#220_15g	1624	Port Input	1	18898885	6582	3
210218_RL#220_15g	1624	Response	1	18898885	6582	3
210218_RL#220_15g	1624	Port Input	1	18900380	8077	4
210218_RL#220_15g	1624	Response	1	18900380	8077	4
210218_RL#220_15g	1624	Port Input	1	18902043	9740	4
210218_RL#220_15g	1624	Response	1	18902043	9740	4
210218_RL#220_15g	1625	Picture	10	18902620	0	3	1498	6	0	next	hit	6723
210218_RL#220_15g	1625	Port Input	1	18903896	1275	4
210218_RL#220_15g	1625	Response	1	18903896	1275	4
210218_RL#220_15g	1626	Picture	352	18904119	0	3	501	4	0	next	other	0
210218_RL#220_15g	1627	Picture	12	18904620	0	1	20137	7	0	next	false_alarm	6727
210218_RL#220_15g	1627	Port Input	1	18905681	1061	4
210218_RL#220_15g	1627	Response	1	18905681	1061	4
210218_RL#220_15g	1627	Port Input	1	18906684	2065	5
210218_RL#220_15g	1627	Response	1	18906684	2065	5
210218_RL#220_15g	1627	Port Input	1	18907882	3262	4
210218_RL#220_15g	1627	Response	1	18907882	3262	4
210218_RL#220_15g	1627	Port Input	1	18909186	4567	4
210218_RL#220_15g	1627	Response	1	18909186	4567	4
210218_RL#220_15g	1627	Port Input	1	18910580	5961	4
210218_RL#220_15g	1627	Response	1	18910580	5961	4
210218_RL#220_15g	1627	Port Input	1	18911844	7225	4
210218_RL#220_15g	1627	Response	1	18911844	7225	4
210218_RL#220_15g	1627	Port Input	1	18913100	8480	4
210218_RL#220_15g	1627	Response	1	18913100	8480	4
210218_RL#220_15g	1627	Port Input	1	18914476	9856	4
210218_RL#220_15g	1627	Response	1	18914476	9856	4
210218_RL#220_15g	1627	Port Input	1	18915991	11372	4
210218_RL#220_15g	1627	Response	1	18915991	11372	4
210218_RL#220_15g	1627	Port Input	1	18917618	12999	4
210218_RL#220_15g	1627	Response	1	18917618	12999	4
210218_RL#220_15g	1627	Port Input	1	18917622	13002	4
210218_RL#220_15g	1627	Response	1	18917622	13002	4
210218_RL#220_15g	1627	Port Input	1	18922708	18089	4
210218_RL#220_15g	1627	Response	1	18922708	18089	4
210218_RL#220_15g	1628	Picture	3521	18924756	0	6	999	9	0	next	other	0
210218_RL#220_15g	1629	Picture	666	18925755	0	3	20138	7	0	next	other	0
210218_RL#220_15g	1630	Picture	777	18945893	0	4	20306	5	0	next	other	0
210218_RL#220_15g	1630	Manual	2	18965906	20013	NA
210218_RL#220_15g	1631	Sound	2122	18968044	1844	1			0		other	0
210218_RL#220_15g	1632	Picture	55	18971526	0	1	10319	2	0	next	false_alarm	6757
210218_RL#220_15g	1632	Port Input	1	18971995	469	3
210218_RL#220_15g	1632	Response	1	18971995	469	3
210218_RL#220_15g	1632	Port Input	1	18973295	1770	4
210218_RL#220_15g	1632	Response	1	18973295	1770	4
210218_RL#220_15g	1632	Port Input	1	18974859	3333	5
210218_RL#220_15g	1632	Response	1	18974859	3333	5
210218_RL#220_15g	1632	Port Input	1	18976455	4929	4
210218_RL#220_15g	1632	Response	1	18976455	4929	4
210218_RL#220_15g	1632	Port Input	1	18976459	4933	4
210218_RL#220_15g	1632	Response	1	18976459	4933	4
210218_RL#220_15g	1632	Port Input	1	18978148	6623	4
210218_RL#220_15g	1632	Response	1	18978148	6623	4
210218_RL#220_15g	1632	Port Input	1	18978152	6626	4
210218_RL#220_15g	1632	Response	1	18978152	6626	4
210218_RL#220_15g	1632	Port Input	1	18979721	8195	4
210218_RL#220_15g	1632	Response	1	18979721	8195	4
210218_RL#220_15g	1632	Port Input	1	18981115	9589	4
210218_RL#220_15g	1632	Response	1	18981115	9589	4
210218_RL#220_15g	1632	Port Input	1	18981119	9593	4
210218_RL#220_15g	1632	Response	1	18981119	9593	4
210218_RL#220_15g	1633	Picture	10	18981844	0	1	1165	1	0	next	hit	6778
210218_RL#220_15g	1633	Port Input	1	18982704	860	4
210218_RL#220_15g	1633	Response	1	18982704	860	4
210218_RL#220_15g	1634	Picture	352	18983009	0	1	666	1	0	next	other	0
210218_RL#220_15g	1635	Picture	12	18983675	0	1	20305	2	0	next	false_alarm	6782
210218_RL#220_15g	1635	Port Input	1	18984221	546	3
210218_RL#220_15g	1635	Response	1	18984221	546	3
210218_RL#220_15g	1635	Port Input	1	18985231	1556	3
210218_RL#220_15g	1635	Response	1	18985231	1556	3
210218_RL#220_15g	1635	Port Input	1	18986356	2681	4
210218_RL#220_15g	1635	Response	1	18986356	2681	4
210218_RL#220_15g	1635	Port Input	1	18987609	3934	4
210218_RL#220_15g	1635	Response	1	18987609	3934	4
210218_RL#220_15g	1635	Port Input	1	18988994	5319	4
210218_RL#220_15g	1635	Response	1	18988994	5319	4
210218_RL#220_15g	1635	Port Input	1	18990378	6703	4
210218_RL#220_15g	1635	Response	1	18990378	6703	4
210218_RL#220_15g	1635	Port Input	1	18991722	8047	4
210218_RL#220_15g	1635	Response	1	18991722	8047	4
210218_RL#220_15g	1635	Port Input	1	18993135	9460	4
210218_RL#220_15g	1635	Response	1	18993135	9460	4
210218_RL#220_15g	1635	Port Input	1	18994613	10938	4
210218_RL#220_15g	1635	Response	1	18994613	10938	4
210218_RL#220_15g	1635	Port Input	1	18996066	12391	4
210218_RL#220_15g	1635	Response	1	18996066	12391	4
210218_RL#220_15g	1635	Port Input	1	18997539	13864	4
210218_RL#220_15g	1635	Response	1	18997539	13864	4
210218_RL#220_15g	1635	Port Input	1	18997542	13867	4
210218_RL#220_15g	1635	Response	1	18997542	13867	4
210218_RL#220_15g	1635	Port Input	1	18998974	15299	4
210218_RL#220_15g	1635	Response	1	18998974	15299	4
210218_RL#220_15g	1635	Port Input	1	18998977	15302	4
210218_RL#220_15g	1635	Response	1	18998977	15302	4
210218_RL#220_15g	1635	Port Input	1	19000835	17160	3
210218_RL#220_15g	1635	Response	1	19000835	17160	3
210218_RL#220_15g	1635	Port Input	1	19002356	18681	4
210218_RL#220_15g	1635	Response	1	19002356	18681	4
210218_RL#220_15g	1636	Picture	3521	19003980	0	1	831	3	0	next	other	0
210218_RL#220_15g	1636	Port Input	1	19003999	19	357
210218_RL#220_15g	1636	Response	1	19003999	19	357
210218_RL#220_15g	1637	Picture	666	19004811	0	3	20305	5	0	next	other	0
210218_RL#220_15g	1638	Picture	777	19025116	0	3	20305	7	0	next	other	0
210218_RL#220_15g	1638	Manual	2	19045131	20016	NA
210218_RL#220_15g	1639	Sound	2112	19047044	1624	1			0		other	0
210218_RL#220_15g	1640	Picture	55	19050580	0	4	10153	7	0	next	other	0
210218_RL#220_15g	1641	Picture	10	19060732	0	4	16144	8	0	next	hit	6823
210218_RL#220_15g	1641	Port Input	1	19076635	15903	4
210218_RL#220_15g	1641	Response	1	19076635	15903	4
210218_RL#220_15g	1642	Picture	312	19076876	0	4	499	8	0	next	other	0
210218_RL#220_15g	1643	Picture	4442	19077375	0	4	80889	6	0	next	false_alarm	6827
210218_RL#220_15g	1643	Port Input	1	19077901	526	3
210218_RL#220_15g	1643	Response	1	19077901	526	3
210218_RL#220_15g	1643	Port Input	1	19079883	2507	4
210218_RL#220_15g	1643	Response	1	19079883	2507	4
210218_RL#220_15g	1643	Port Input	1	19079886	2511	4
210218_RL#220_15g	1643	Response	1	19079886	2511	4
210218_RL#220_15g	1643	Port Input	1	19081409	4034	4
210218_RL#220_15g	1643	Response	1	19081409	4034	4
210218_RL#220_15g	1643	Port Input	1	19083988	6613	4
210218_RL#220_15g	1643	Response	1	19083988	6613	4
210218_RL#220_15g	1643	Port Input	1	19087488	10112	4
210218_RL#220_15g	1643	Response	1	19087488	10112	4
210218_RL#220_15g	1643	Port Input	1	19087491	10116	4
210218_RL#220_15g	1643	Response	1	19087491	10116	4
210218_RL#220_15g	1643	Port Input	1	19090347	12971	4
210218_RL#220_15g	1643	Response	1	19090347	12971	4
210218_RL#220_15g	1643	Port Input	1	19097388	20013	4
210218_RL#220_15g	1643	Response	1	19097388	20013	4
210218_RL#220_15g	1643	Port Input	1	19099306	21931	4
210218_RL#220_15g	1643	Response	1	19099306	21931	4
210218_RL#220_15g	1643	Port Input	1	19099310	21935	4
210218_RL#220_15g	1643	Response	1	19099310	21935	4
210218_RL#220_15g	1643	Port Input	1	19107351	29976	4
210218_RL#220_15g	1643	Response	1	19107351	29976	4
210218_RL#220_15g	1643	Port Input	1	19109007	31632	5
210218_RL#220_15g	1643	Response	1	19109007	31632	5
210218_RL#220_15g	1643	Port Input	1	19109012	31636	4
210218_RL#220_15g	1643	Response	1	19109012	31636	4
210218_RL#220_15g	1643	Port Input	1	19111120	33744	4
210218_RL#220_15g	1643	Response	1	19111120	33744	4
210218_RL#220_15g	1643	Port Input	1	19111125	33750	4
210218_RL#220_15g	1643	Response	1	19111125	33750	4
210218_RL#220_15g	1643	Port Input	1	19111910	34534	4
210218_RL#220_15g	1643	Response	1	19111910	34534	4
210218_RL#220_15g	1643	Port Input	1	19111915	34540	4
210218_RL#220_15g	1643	Response	1	19111915	34540	4
210218_RL#220_15g	1643	Port Input	1	19113727	36351	4
210218_RL#220_15g	1643	Response	1	19113727	36351	4
210218_RL#220_15g	1643	Port Input	1	19113730	36355	4
210218_RL#220_15g	1643	Response	1	19113730	36355	4
210218_RL#220_15g	1643	Port Input	1	19115130	37755	4
210218_RL#220_15g	1643	Response	1	19115130	37755	4
210218_RL#220_15g	1643	Port Input	1	19115134	37759	6
210218_RL#220_15g	1643	Response	1	19115134	37759	6
210218_RL#220_15g	1643	Port Input	1	19115809	38433	4
210218_RL#220_15g	1643	Response	1	19115809	38433	4
210218_RL#220_15g	1643	Port Input	1	19117823	40448	5
210218_RL#220_15g	1643	Response	1	19117823	40448	5
210218_RL#220_15g	1643	Port Input	1	19117828	40453	4
210218_RL#220_15g	1643	Response	1	19117828	40453	4
210218_RL#220_15g	1644	Picture	666	19158264	0	2	20137	5	0	next	other	0
210218_RL#220_15g	1645	Picture	777	19178401	0	4	20304	7	0	next	other	0
210218_RL#220_15g	1645	Manual	1	19198414	20014	NA
210218_RL#220_15g	1646	Sound	2112	19200044	1339	1			0		other	0
210218_RL#220_15g	1647	Picture	55	19204033	0	1	10319	2	0	next	other	0
210218_RL#220_15g	1648	Picture	10	19214352	0	1	20305	2	0	next	miss	0
210218_RL#220_15g	1649	Picture	412	19234657	0	1	1165	2	0	next	other	0
210218_RL#220_15g	1650	Picture	666	19235822	0	1	20304	3	0	next	other	0
210218_RL#220_15g	1651	Picture	777	19256125	0	3	20304	6	0	next	other	0
210218_RL#220_15g	1651	Manual	1	19276140	20015	NA
210218_RL#220_15g	1652	Sound	2122	19278044	1614	1			0		other	0
210218_RL#220_15g	1652	Port Input	1	19280785	4355	6
210218_RL#220_15g	1652	Response	1	19280785	4355	6
210218_RL#220_15g	1653	Picture	55	19281590	0	3	10152	7	0	next	false_alarm	6891
210218_RL#220_15g	1653	Port Input	1	19282251	662	4
210218_RL#220_15g	1653	Response	1	19282251	662	4
210218_RL#220_15g	1653	Port Input	1	19286227	4638	4
210218_RL#220_15g	1653	Response	1	19286227	4638	4
210218_RL#220_15g	1653	Port Input	1	19288112	6522	4
210218_RL#220_15g	1653	Response	1	19288112	6522	4
210218_RL#220_15g	1654	Picture	10	19291742	0	4	1498	7	0	next	hit	6898
210218_RL#220_15g	1654	Port Input	1	19293035	1293	5
210218_RL#220_15g	1654	Response	1	19293035	1293	5
210218_RL#220_15g	1655	Picture	352	19293240	0	4	499	7	0	next	other	0
210218_RL#220_15g	1656	Picture	12	19293739	0	4	20139	8	0	next	false_alarm	6902
210218_RL#220_15g	1656	Port Input	1	19294974	1235	7
210218_RL#220_15g	1656	Response	1	19294974	1235	7
210218_RL#220_15g	1656	Port Input	1	19295947	2209	4
210218_RL#220_15g	1656	Response	1	19295947	2209	4
210218_RL#220_15g	1656	Port Input	1	19295951	2212	4
210218_RL#220_15g	1656	Response	1	19295951	2212	4
210218_RL#220_15g	1656	Port Input	1	19297067	3329	4
210218_RL#220_15g	1656	Response	1	19297067	3329	4
210218_RL#220_15g	1656	Port Input	1	19298380	4641	4
210218_RL#220_15g	1656	Response	1	19298380	4641	4
210218_RL#220_15g	1656	Port Input	1	19299768	6029	4
210218_RL#220_15g	1656	Response	1	19299768	6029	4
210218_RL#220_15g	1656	Port Input	1	19301304	7565	4
210218_RL#220_15g	1656	Response	1	19301304	7565	4
210218_RL#220_15g	1656	Port Input	1	19302774	9035	4
210218_RL#220_15g	1656	Response	1	19302774	9035	4
210218_RL#220_15g	1656	Port Input	1	19304207	10469	4
210218_RL#220_15g	1656	Response	1	19304207	10469	4
210218_RL#220_15g	1656	Port Input	1	19304211	10472	4
210218_RL#220_15g	1656	Response	1	19304211	10472	4
210218_RL#220_15g	1656	Port Input	1	19305650	11912	4
210218_RL#220_15g	1656	Response	1	19305650	11912	4
210218_RL#220_15g	1656	Port Input	1	19305654	11916	4
210218_RL#220_15g	1656	Response	1	19305654	11916	4
210218_RL#220_15g	1656	Port Input	1	19307310	13571	4
210218_RL#220_15g	1656	Response	1	19307310	13571	4
210218_RL#220_15g	1656	Port Input	1	19307314	13575	4
210218_RL#220_15g	1656	Response	1	19307314	13575	4
210218_RL#220_15g	1657	Picture	3521	19313878	0	4	667	6	0	next	other	0
210218_RL#220_15g	1658	Picture	666	19314545	0	2	20305	3	0	next	other	0
210218_RL#220_15g	1659	Picture	777	19334849	0	1	20305	2	0	next	other	0
210218_RL#220_15g	1659	Manual	1	19354865	20015	NA
210218_RL#220_15g	1660	Sound	2122	19357044	1889	1			0		other	0
210218_RL#220_15g	1660	Port Input	1	19360469	5315	5
210218_RL#220_15g	1660	Response	1	19360469	5315	5
210218_RL#220_15g	1661	Picture	55	19360479	0	3	10317	7	0	next	false_alarm	6938
210218_RL#220_15g	1661	Port Input	1	19361812	1333	4
210218_RL#220_15g	1661	Response	1	19361812	1333	4
210218_RL#220_15g	1661	Port Input	1	19361815	1336	5
210218_RL#220_15g	1661	Response	1	19361815	1336	5
210218_RL#220_15g	1661	Port Input	1	19363489	3010	5
210218_RL#220_15g	1661	Response	1	19363489	3010	5
210218_RL#220_15g	1661	Port Input	1	19365366	4887	4
210218_RL#220_15g	1661	Response	1	19365366	4887	4
210218_RL#220_15g	1661	Port Input	1	19366967	6488	4
210218_RL#220_15g	1661	Response	1	19366967	6488	4
210218_RL#220_15g	1661	Port Input	1	19368464	7985	4
210218_RL#220_15g	1661	Response	1	19368464	7985	4
210218_RL#220_15g	1661	Port Input	1	19370339	9860	4
210218_RL#220_15g	1661	Response	1	19370339	9860	4
210218_RL#220_15g	1661	Port Input	1	19370343	9864	4
210218_RL#220_15g	1661	Response	1	19370343	9864	4
210218_RL#220_15g	1662	Picture	10	19370796	0	5	1499	8	0	next	hit	6955
210218_RL#220_15g	1662	Port Input	1	19371973	1177	4
210218_RL#220_15g	1662	Response	1	19371973	1177	4
210218_RL#220_15g	1663	Picture	352	19372295	0	3	499	6	0	next	other	0
210218_RL#220_15g	1664	Picture	12	19372794	0	3	20305	6	0	next	false_alarm	6959
210218_RL#220_15g	1664	Port Input	1	19373675	880	4
210218_RL#220_15g	1664	Response	1	19373675	880	4
210218_RL#220_15g	1664	Port Input	1	19374704	1909	4
210218_RL#220_15g	1664	Response	1	19374704	1909	4
210218_RL#220_15g	1664	Port Input	1	19375894	3100	4
210218_RL#220_15g	1664	Response	1	19375894	3100	4
210218_RL#220_15g	1664	Port Input	1	19377183	4388	4
210218_RL#220_15g	1664	Response	1	19377183	4388	4
210218_RL#220_15g	1664	Port Input	1	19378455	5661	4
210218_RL#220_15g	1664	Response	1	19378455	5661	4
210218_RL#220_15g	1664	Port Input	1	19379785	6991	4
210218_RL#220_15g	1664	Response	1	19379785	6991	4
210218_RL#220_15g	1664	Port Input	1	19379789	6995	4
210218_RL#220_15g	1664	Response	1	19379789	6995	4
210218_RL#220_15g	1664	Port Input	1	19381208	8414	4
210218_RL#220_15g	1664	Response	1	19381208	8414	4
210218_RL#220_15g	1664	Port Input	1	19382590	9795	4
210218_RL#220_15g	1664	Response	1	19382590	9795	4
210218_RL#220_15g	1664	Port Input	1	19382593	9799	4
210218_RL#220_15g	1664	Response	1	19382593	9799	4
210218_RL#220_15g	1664	Port Input	1	19383898	11103	4
210218_RL#220_15g	1664	Response	1	19383898	11103	4
210218_RL#220_15g	1664	Port Input	1	19385428	12634	4
210218_RL#220_15g	1664	Response	1	19385428	12634	4
210218_RL#220_15g	1664	Port Input	1	19385432	12637	4
210218_RL#220_15g	1664	Response	1	19385432	12637	4
210218_RL#220_15g	1664	Port Input	1	19387035	14241	4
210218_RL#220_15g	1664	Response	1	19387035	14241	4
210218_RL#220_15g	1664	Port Input	1	19388542	15748	4
210218_RL#220_15g	1664	Response	1	19388542	15748	4
210218_RL#220_15g	1664	Port Input	1	19391971	19177	4
210218_RL#220_15g	1664	Response	1	19391971	19177	4
210218_RL#220_15g	1665	Picture	3521	19393100	0	3	666	6	0	next	other	0
210218_RL#220_15g	1665	Port Input	1	19393597	497	4
210218_RL#220_15g	1665	Response	1	19393597	497	4
210218_RL#220_15g	1666	Picture	666	19393766	0	3	20138	6	0	next	other	0
210218_RL#220_15g	1667	Picture	777	19413904	0	4	20138	8	0	next	other	0
210218_RL#220_15g	1667	Manual	1	19433921	20017	NA
210218_RL#220_15g	1668	Sound	2122	19436044	2001	1			0		other	0
210218_RL#220_15g	1668	Port Input	1	19438786	4744	4
210218_RL#220_15g	1668	Response	1	19438786	4744	4
210218_RL#220_15g	1668	Port Input	1	19438790	4748	4
210218_RL#220_15g	1668	Response	1	19438790	4748	4
210218_RL#220_15g	1669	Picture	55	19439370	0	1	10319	2	0	next	false_alarm	7003
210218_RL#220_15g	1669	Port Input	1	19440261	892	4
210218_RL#220_15g	1669	Response	1	19440261	892	4
210218_RL#220_15g	1669	Port Input	1	19441993	2624	4
210218_RL#220_15g	1669	Response	1	19441993	2624	4
210218_RL#220_15g	1669	Port Input	1	19443634	4264	4
210218_RL#220_15g	1669	Response	1	19443634	4264	4
210218_RL#220_15g	1669	Port Input	1	19445076	5706	4
210218_RL#220_15g	1669	Response	1	19445076	5706	4
210218_RL#220_15g	1669	Port Input	1	19446483	7113	4
210218_RL#220_15g	1669	Response	1	19446483	7113	4
210218_RL#220_15g	1669	Port Input	1	19448109	8739	4
210218_RL#220_15g	1669	Response	1	19448109	8739	4
210218_RL#220_15g	1669	Port Input	1	19449510	10141	13
210218_RL#220_15g	1669	Response	1	19449510	10141	13
210218_RL#220_15g	1670	Picture	10	19449688	0	1	1831	2	0	next	hit	7018
210218_RL#220_15g	1670	Port Input	1	19451233	1545	5
210218_RL#220_15g	1670	Response	1	19451233	1545	5
210218_RL#220_15g	1671	Picture	352	19451519	0	1	500	2	0	next	other	0
210218_RL#220_15g	1672	Picture	12	19452019	0	1	20305	2	0	next	false_alarm	7022
210218_RL#220_15g	1672	Port Input	1	19452863	845	4
210218_RL#220_15g	1672	Response	1	19452863	845	4
210218_RL#220_15g	1672	Port Input	1	19453897	1878	4
210218_RL#220_15g	1672	Response	1	19453897	1878	4
210218_RL#220_15g	1672	Port Input	1	19455047	3028	4
210218_RL#220_15g	1672	Response	1	19455047	3028	4
210218_RL#220_15g	1672	Port Input	1	19455051	3032	3
210218_RL#220_15g	1672	Response	1	19455051	3032	3
210218_RL#220_15g	1672	Port Input	1	19456280	4261	4
210218_RL#220_15g	1672	Response	1	19456280	4261	4
210218_RL#220_15g	1672	Port Input	1	19457624	5605	4
210218_RL#220_15g	1672	Response	1	19457624	5605	4
210218_RL#220_15g	1672	Port Input	1	19458961	6942	4
210218_RL#220_15g	1672	Response	1	19458961	6942	4
210218_RL#220_15g	1672	Port Input	1	19460369	8350	4
210218_RL#220_15g	1672	Response	1	19460369	8350	4
210218_RL#220_15g	1672	Port Input	1	19461729	9710	4
210218_RL#220_15g	1672	Response	1	19461729	9710	4
210218_RL#220_15g	1672	Port Input	1	19463060	11041	4
210218_RL#220_15g	1672	Response	1	19463060	11041	4
210218_RL#220_15g	1672	Port Input	1	19464531	12512	4
210218_RL#220_15g	1672	Response	1	19464531	12512	4
210218_RL#220_15g	1672	Port Input	1	19465918	13899	4
210218_RL#220_15g	1672	Response	1	19465918	13899	4
210218_RL#220_15g	1672	Port Input	1	19467374	15355	4
210218_RL#220_15g	1672	Response	1	19467374	15355	4
210218_RL#220_15g	1672	Port Input	1	19467378	15359	4
210218_RL#220_15g	1672	Response	1	19467378	15359	4
210218_RL#220_15g	1672	Port Input	1	19468876	16857	4
210218_RL#220_15g	1672	Response	1	19468876	16857	4
210218_RL#220_15g	1672	Port Input	1	19468879	16861	4
210218_RL#220_15g	1672	Response	1	19468879	16861	4
210218_RL#220_15g	1672	Port Input	1	19470243	18224	4
210218_RL#220_15g	1672	Response	1	19470243	18224	4
210218_RL#220_15g	1672	Port Input	1	19470248	18229	3
210218_RL#220_15g	1672	Response	1	19470248	18229	3
210218_RL#220_15g	1672	Port Input	1	19471817	19798	4
210218_RL#220_15g	1672	Response	1	19471817	19798	4
210218_RL#220_15g	1672	Port Input	1	19471821	19802	4
210218_RL#220_15g	1672	Response	1	19471821	19802	4
210218_RL#220_15g	1673	Picture	3521	19472324	0	1	666	2	0	next	other	0
210218_RL#220_15g	1674	Picture	666	19472989	0	1	20303	4	0	next	other	0
210218_RL#220_15g	1675	Picture	777	19493292	0	3	20305	7	0	next	other	0
210218_RL#220_15g	1675	Manual	2	19513307	20015	NA
210218_RL#220_15g	1676	Sound	2122	19515043	1447	1			0		other	0
210218_RL#220_15g	1676	Port Input	1	19517751	4154	4
210218_RL#220_15g	1676	Response	1	19517751	4154	4
210218_RL#220_15g	1677	Picture	55	19518752	0	8	10156	12	0	next	false_alarm	7070
210218_RL#220_15g	1677	Port Input	1	19519092	339	4
210218_RL#220_15g	1677	Response	1	19519092	339	4
210218_RL#220_15g	1677	Port Input	1	19520636	1884	4
210218_RL#220_15g	1677	Response	1	19520636	1884	4
210218_RL#220_15g	1677	Port Input	1	19520640	1887	4
210218_RL#220_15g	1677	Response	1	19520640	1887	4
210218_RL#220_15g	1677	Port Input	1	19522289	3536	4
210218_RL#220_15g	1677	Response	1	19522289	3536	4
210218_RL#220_15g	1677	Port Input	1	19523749	4997	4
210218_RL#220_15g	1677	Response	1	19523749	4997	4
210218_RL#220_15g	1677	Port Input	1	19525175	6423	4
210218_RL#220_15g	1677	Response	1	19525175	6423	4
210218_RL#220_15g	1677	Port Input	1	19525179	6427	4
210218_RL#220_15g	1677	Response	1	19525179	6427	4
210218_RL#220_15g	1677	Port Input	1	19526614	7861	4
210218_RL#220_15g	1677	Response	1	19526614	7861	4
210218_RL#220_15g	1677	Port Input	1	19528131	9379	4
210218_RL#220_15g	1677	Response	1	19528131	9379	4
210218_RL#220_15g	1678	Picture	10	19528909	0	4	999	7	0	next	hit	7089
210218_RL#220_15g	1678	Port Input	1	19529645	736	4
210218_RL#220_15g	1678	Response	1	19529645	736	4
210218_RL#220_15g	1679	Picture	352	19529908	0	4	499	7	0	next	other	0
210218_RL#220_15g	1680	Picture	12	19530407	0	4	20139	7	0	next	false_alarm	7093
210218_RL#220_15g	1680	Port Input	1	19531215	808	4
210218_RL#220_15g	1680	Response	1	19531215	808	4
210218_RL#220_15g	1680	Port Input	1	19532204	1797	4
210218_RL#220_15g	1680	Response	1	19532204	1797	4
210218_RL#220_15g	1680	Port Input	1	19533387	2980	5
210218_RL#220_15g	1680	Response	1	19533387	2980	5
210218_RL#220_15g	1680	Port Input	1	19534645	4239	4
210218_RL#220_15g	1680	Response	1	19534645	4239	4
210218_RL#220_15g	1680	Port Input	1	19535885	5478	4
210218_RL#220_15g	1680	Response	1	19535885	5478	4
210218_RL#220_15g	1680	Port Input	1	19537178	6771	4
210218_RL#220_15g	1680	Response	1	19537178	6771	4
210218_RL#220_15g	1680	Port Input	1	19538541	8134	4
210218_RL#220_15g	1680	Response	1	19538541	8134	4
210218_RL#220_15g	1680	Port Input	1	19539924	9518	4
210218_RL#220_15g	1680	Response	1	19539924	9518	4
210218_RL#220_15g	1680	Port Input	1	19539928	9521	4
210218_RL#220_15g	1680	Response	1	19539928	9521	4
210218_RL#220_15g	1680	Port Input	1	19541291	10885	4
210218_RL#220_15g	1680	Response	1	19541291	10885	4
210218_RL#220_15g	1680	Port Input	1	19542806	12399	4
210218_RL#220_15g	1680	Response	1	19542806	12399	4
210218_RL#220_15g	1680	Port Input	1	19546188	15781	5
210218_RL#220_15g	1680	Response	1	19546188	15781	5
210218_RL#220_15g	1680	Port Input	1	19550163	19756	4
210218_RL#220_15g	1680	Response	1	19550163	19756	4
210218_RL#220_15g	1681	Picture	3521	19550546	0	4	666	7	0	next	other	0
210218_RL#220_15g	1682	Picture	666	19551211	0	4	20306	5	0	next	false_alarm	7121
210218_RL#220_15g	1682	Port Input	1	19554959	3748	4
210218_RL#220_15g	1682	Response	1	19554959	3748	4
210218_RL#220_15g	1683	Picture	777	19571517	0	1	20305	2	0	next	other	0
210218_RL#220_15g	1683	Manual	2	19591530	20012	NA
210218_RL#220_15g	1684	Sound	2112	19593043	1221	1			0		other	0
210218_RL#220_15g	1685	Picture	55	19597148	0	1	10317	4	0	next	other	0
210218_RL#220_15g	1686	Picture	10	19607466	0	3	20305	6	0	next	miss	0
210218_RL#220_15g	1687	Picture	412	19627771	0	4	834	5	0	next	other	0
210218_RL#220_15g	1688	Picture	666	19628604	0	2	20138	4	0	next	other	0
210218_RL#220_15g	1689	Picture	777	19648743	0	2	20137	6	0	next	other	0
210218_RL#220_15g	1689	Manual	1	19668759	20016	NA
210218_RL#220_15g	1690	Sound	2112	19670043	1164	1			0		other	0
210218_RL#220_15g	1691	Picture	55	19674039	0	4	10320	5	0	next	other	0
210218_RL#220_15g	1692	Picture	10	19684360	0	1	20305	2	0	next	miss	0
210218_RL#220_15g	1693	Picture	412	19704664	0	1	1165	1	0	next	other	0
210218_RL#220_15g	1694	Picture	666	19705829	0	1	20303	3	0	next	other	0
210218_RL#220_15g	1695	Picture	777	19726133	0	3	20305	6	0	next	other	0
210218_RL#220_15g	1695	Manual	2	19746151	20018	NA
210218_RL#220_15g	1696	Sound	2122	19748043	1606	1			0		other	0
210218_RL#220_15g	1696	Port Input	1	19750695	4258	4
210218_RL#220_15g	1696	Response	1	19750695	4258	4
210218_RL#220_15g	1697	Picture	55	19751597	0	4	10153	7	0	next	false_alarm	7143
210218_RL#220_15g	1697	Port Input	1	19752087	490	4
210218_RL#220_15g	1697	Response	1	19752087	490	4
210218_RL#220_15g	1697	Port Input	1	19753616	2019	4
210218_RL#220_15g	1697	Response	1	19753616	2019	4
210218_RL#220_15g	1697	Port Input	1	19755287	3691	4
210218_RL#220_15g	1697	Response	1	19755287	3691	4
210218_RL#220_15g	1697	Port Input	1	19755291	3694	4
210218_RL#220_15g	1697	Response	1	19755291	3694	4
210218_RL#220_15g	1697	Port Input	1	19756952	5355	4
210218_RL#220_15g	1697	Response	1	19756952	5355	4
210218_RL#220_15g	1697	Port Input	1	19758545	6948	4
210218_RL#220_15g	1697	Response	1	19758545	6948	4
210218_RL#220_15g	1697	Port Input	1	19760102	8505	4
210218_RL#220_15g	1697	Response	1	19760102	8505	4
210218_RL#220_15g	1697	Port Input	1	19761672	10075	5
210218_RL#220_15g	1697	Response	1	19761672	10075	5
210218_RL#220_15g	1698	Picture	10	19761750	0	4	1664	7	0	next	hit	7160
210218_RL#220_15g	1698	Port Input	1	19763201	1451	4
210218_RL#220_15g	1698	Response	1	19763201	1451	4
210218_RL#220_15g	1699	Picture	352	19763413	0	4	666	8	0	next	other	0
210218_RL#220_15g	1700	Picture	12	19764079	0	4	20139	8	0	next	false_alarm	7164
210218_RL#220_15g	1700	Port Input	1	19764688	609	4
210218_RL#220_15g	1700	Response	1	19764688	609	4
210218_RL#220_15g	1700	Port Input	1	19765667	1588	4
210218_RL#220_15g	1700	Response	1	19765667	1588	4
210218_RL#220_15g	1700	Port Input	1	19766838	2759	4
210218_RL#220_15g	1700	Response	1	19766838	2759	4
210218_RL#220_15g	1700	Port Input	1	19768134	4055	4
210218_RL#220_15g	1700	Response	1	19768134	4055	4
210218_RL#220_15g	1700	Port Input	1	19769508	5429	4
210218_RL#220_15g	1700	Response	1	19769508	5429	4
210218_RL#220_15g	1700	Port Input	1	19769513	5434	4
210218_RL#220_15g	1700	Response	1	19769513	5434	4
210218_RL#220_15g	1700	Port Input	1	19770906	6827	4
210218_RL#220_15g	1700	Response	1	19770906	6827	4
210218_RL#220_15g	1700	Port Input	1	19772221	8142	4
210218_RL#220_15g	1700	Response	1	19772221	8142	4
210218_RL#220_15g	1700	Port Input	1	19772224	8145	4
210218_RL#220_15g	1700	Response	1	19772224	8145	4
210218_RL#220_15g	1700	Port Input	1	19773565	9486	5
210218_RL#220_15g	1700	Response	1	19773565	9486	5
210218_RL#220_15g	1700	Port Input	1	19773569	9490	5
210218_RL#220_15g	1700	Response	1	19773569	9490	5
210218_RL#220_15g	1700	Port Input	1	19775003	10924	4
210218_RL#220_15g	1700	Response	1	19775003	10924	4
210218_RL#220_15g	1700	Port Input	1	19775008	10929	4
210218_RL#220_15g	1700	Response	1	19775008	10929	4
210218_RL#220_15g	1700	Port Input	1	19776385	12306	4
210218_RL#220_15g	1700	Response	1	19776385	12306	4
210218_RL#220_15g	1700	Port Input	1	19776389	12310	4
210218_RL#220_15g	1700	Response	1	19776389	12310	4
210218_RL#220_15g	1700	Port Input	1	19777671	13592	3
210218_RL#220_15g	1700	Response	1	19777671	13592	3
210218_RL#220_15g	1700	Port Input	1	19779078	14999	4
210218_RL#220_15g	1700	Response	1	19779078	14999	4
210218_RL#220_15g	1700	Port Input	1	19779081	15002	4
210218_RL#220_15g	1700	Response	1	19779081	15002	4
210218_RL#220_15g	1700	Port Input	1	19780426	16347	4
210218_RL#220_15g	1700	Response	1	19780426	16347	4
210218_RL#220_15g	1701	Picture	3521	19784218	0	4	834	6	0	next	other	0
210218_RL#220_15g	1701	Port Input	1	19784849	631	9
210218_RL#220_15g	1701	Response	1	19784849	631	9
210218_RL#220_15g	1702	Picture	666	19785052	0	2	20305	3	0	next	other	0
210218_RL#220_15g	1703	Picture	777	19805357	0	1	20305	2	0	next	other	0
210218_RL#220_15g	1703	Manual	2	19825369	20013	NA
210218_RL#220_15g	1704	Sound	2112	19827043	1382	1			0		other	0
210218_RL#220_15g	1705	Picture	55	19830987	0	1	10317	4	0	next	other	0
210218_RL#220_15g	1706	Picture	10	19841305	0	3	20305	6	0	next	miss	0
210218_RL#220_15g	1707	Picture	412	19861610	0	3	998	6	0	next	other	0
210218_RL#220_15g	1708	Picture	666	19862608	0	3	20138	9	0	next	other	0
210218_RL#220_15g	1709	Picture	777	19882746	0	6	20138	10	0	next	other	0
210218_RL#220_15g	1709	Manual	2	19902766	20019	NA
210218_RL#220_15g	1710	Sound	2122	19904043	1158	1			0		other	0
210218_RL#220_15g	1710	Port Input	1	19907856	4971	4
210218_RL#220_15g	1710	Response	1	19907856	4971	4
210218_RL#220_15g	1711	Picture	55	19908045	0	4	10320	5	0	next	false_alarm	7219
210218_RL#220_15g	1711	Port Input	1	19909164	1120	4
210218_RL#220_15g	1711	Response	1	19909164	1120	4
210218_RL#220_15g	1711	Port Input	1	19910654	2609	4
210218_RL#220_15g	1711	Response	1	19910654	2609	4
210218_RL#220_15g	1711	Port Input	1	19912313	4268	4
210218_RL#220_15g	1711	Response	1	19912313	4268	4
210218_RL#220_15g	1711	Port Input	1	19912316	4272	4
210218_RL#220_15g	1711	Response	1	19912316	4272	4
210218_RL#220_15g	1711	Port Input	1	19913926	5882	4
210218_RL#220_15g	1711	Response	1	19913926	5882	4
210218_RL#220_15g	1711	Port Input	1	19913930	5885	4
210218_RL#220_15g	1711	Response	1	19913930	5885	4
210218_RL#220_15g	1711	Port Input	1	19915442	7398	4
210218_RL#220_15g	1711	Response	1	19915442	7398	4
210218_RL#220_15g	1711	Port Input	1	19915446	7401	3
210218_RL#220_15g	1711	Response	1	19915446	7401	3
210218_RL#220_15g	1711	Port Input	1	19916955	8910	5
210218_RL#220_15g	1711	Response	1	19916955	8910	5
210218_RL#220_15g	1711	Port Input	1	19916959	8914	4
210218_RL#220_15g	1711	Response	1	19916959	8914	4
210218_RL#220_15g	1712	Picture	10	19918365	0	1	333	1	0	next	hit	7240
210218_RL#220_15g	1712	Port Input	1	19918449	85	3
210218_RL#220_15g	1712	Response	1	19918449	85	3
210218_RL#220_15g	1713	Picture	352	19918698	0	1	499	1	0	next	other	0
210218_RL#220_15g	1714	Picture	12	19919197	0	1	20305	1	0	next	false_alarm	7244
210218_RL#220_15g	1714	Port Input	1	19920131	934	4
210218_RL#220_15g	1714	Response	1	19920131	934	4
210218_RL#220_15g	1714	Port Input	1	19921074	1876	4
210218_RL#220_15g	1714	Response	1	19921074	1876	4
210218_RL#220_15g	1714	Port Input	1	19922249	3051	4
210218_RL#220_15g	1714	Response	1	19922249	3051	4
210218_RL#220_15g	1714	Port Input	1	19923506	4309	5
210218_RL#220_15g	1714	Response	1	19923506	4309	5
210218_RL#220_15g	1714	Port Input	1	19924741	5544	4
210218_RL#220_15g	1714	Response	1	19924741	5544	4
210218_RL#220_15g	1714	Port Input	1	19924745	5548	4
210218_RL#220_15g	1714	Response	1	19924745	5548	4
210218_RL#220_15g	1714	Port Input	1	19926083	6886	4
210218_RL#220_15g	1714	Response	1	19926083	6886	4
210218_RL#220_15g	1714	Port Input	1	19927505	8308	3
210218_RL#220_15g	1714	Response	1	19927505	8308	3
210218_RL#220_15g	1714	Port Input	1	19927508	8311	3
210218_RL#220_15g	1714	Response	1	19927508	8311	3
210218_RL#220_15g	1714	Port Input	1	19929047	9849	3
210218_RL#220_15g	1714	Response	1	19929047	9849	3
210218_RL#220_15g	1714	Port Input	1	19929051	9853	3
210218_RL#220_15g	1714	Response	1	19929051	9853	3
210218_RL#220_15g	1714	Port Input	1	19930667	11469	4
210218_RL#220_15g	1714	Response	1	19930667	11469	4
210218_RL#220_15g	1714	Port Input	1	19937422	18225	6
210218_RL#220_15g	1714	Response	1	19937422	18225	6
210218_RL#220_15g	1714	Port Input	1	19939110	19913	4
210218_RL#220_15g	1714	Response	1	19939110	19913	4
210218_RL#220_15g	1714	Port Input	1	19939113	19916	4
210218_RL#220_15g	1714	Response	1	19939113	19916	4
210218_RL#220_15g	1715	Picture	3521	19939502	0	1	832	1	0	next	other	0
210218_RL#220_15g	1716	Picture	666	19940334	0	1	20303	3	0	next	false_alarm	7276
210218_RL#220_15g	1716	Port Input	1	19940972	638	3
210218_RL#220_15g	1716	Response	1	19940972	638	3
210218_RL#220_15g	1716	Port Input	1	19944198	3863	5
210218_RL#220_15g	1716	Response	1	19944198	3863	5
210218_RL#220_15g	1716	Port Input	1	19944202	3868	6
210218_RL#220_15g	1716	Response	1	19944202	3868	6
210218_RL#220_15g	1717	Picture	777	19960637	0	3	20305	7	0	next	false_alarm	7283
210218_RL#220_15g	1717	Port Input	1	19972231	11593	4
210218_RL#220_15g	1717	Response	1	19972231	11593	4
210218_RL#220_15g	1717	Port Input	1	19973666	13028	4
210218_RL#220_15g	1717	Response	1	19973666	13028	4
210218_RL#220_15g	1717	Port Input	1	19975724	15087	4
210218_RL#220_15g	1717	Response	1	19975724	15087	4
210218_RL#220_15g	1717	Port Input	1	19975727	15090	4
210218_RL#220_15g	1717	Response	1	19975727	15090	4
210218_RL#220_15g	1717	Manual	2	19980651	20014	NA
210218_RL#220_15g	1718	Sound	2112	19982043	1101	1			0		other	0
210218_RL#220_15g	1718	Port Input	1	19986073	5131	6
210218_RL#220_15g	1718	Response	1	19986073	5131	6
210218_RL#220_15g	1719	Picture	55	19986102	0	4	10153	7	0	next	other	0
210218_RL#220_15g	1720	Picture	10	19996254	0	4	20138	7	0	next	miss	0
210218_RL#220_15g	1721	Picture	412	20016392	0	4	1165	8	0	next	other	0
210218_RL#220_15g	1722	Picture	666	20017557	0	4	20306	5	0	next	other	0
210218_RL#220_15g	1723	Picture	777	20037864	0	1	20305	2	0	next	false_alarm	7300
210218_RL#220_15g	1723	Port Input	1	20051452	13588	4
210218_RL#220_15g	1723	Response	1	20051452	13588	4
210218_RL#220_15g	1723	Port Input	1	20051455	13592	4
210218_RL#220_15g	1723	Response	1	20051455	13592	4
210218_RL#220_15g	1723	Manual	1	20057880	20017	NA
210218_RL#220_15g	1724	Sound	2122	20060043	1874	1			0		other	0
210218_RL#220_15g	1724	Port Input	1	20062764	4596	4
210218_RL#220_15g	1724	Response	1	20062764	4596	4
210218_RL#220_15g	1725	Picture	55	20063494	0	1	10319	2	0	next	false_alarm	7309
210218_RL#220_15g	1725	Port Input	1	20064117	622	4
210218_RL#220_15g	1725	Response	1	20064117	622	4
210218_RL#220_15g	1725	Port Input	1	20065745	2250	4
210218_RL#220_15g	1725	Response	1	20065745	2250	4
210218_RL#220_15g	1725	Port Input	1	20065748	2254	4
210218_RL#220_15g	1725	Response	1	20065748	2254	4
210218_RL#220_15g	1725	Port Input	1	20067310	3816	4
210218_RL#220_15g	1725	Response	1	20067310	3816	4
210218_RL#220_15g	1725	Port Input	1	20069122	5627	4
210218_RL#220_15g	1725	Response	1	20069122	5627	4
210218_RL#220_15g	1725	Port Input	1	20070898	7403	4
210218_RL#220_15g	1725	Response	1	20070898	7403	4
210218_RL#220_15g	1725	Port Input	1	20070902	7407	4
210218_RL#220_15g	1725	Response	1	20070902	7407	4
210218_RL#220_15g	1725	Port Input	1	20072618	9123	4
210218_RL#220_15g	1725	Response	1	20072618	9123	4
210218_RL#220_15g	1725	Port Input	1	20072622	9127	4
210218_RL#220_15g	1725	Response	1	20072622	9127	4
210218_RL#220_15g	1726	Picture	10	20073814	0	1	831	4	0	next	hit	7328
210218_RL#220_15g	1726	Port Input	1	20074415	602	4
210218_RL#220_15g	1726	Response	1	20074415	602	4
210218_RL#220_15g	1726	Port Input	1	20074421	607	11
210218_RL#220_15g	1726	Response	1	20074421	607	11
210218_RL#220_15g	1727	Picture	352	20074644	0	3	499	5	0	next	other	0
210218_RL#220_15g	1728	Picture	12	20075144	0	2	20304	5	0	next	false_alarm	7334
210218_RL#220_15g	1728	Port Input	1	20076575	1431	4
210218_RL#220_15g	1728	Response	1	20076575	1431	4
210218_RL#220_15g	1728	Port Input	1	20077620	2476	4
210218_RL#220_15g	1728	Response	1	20077620	2476	4
210218_RL#220_15g	1728	Port Input	1	20078810	3666	4
210218_RL#220_15g	1728	Response	1	20078810	3666	4
210218_RL#220_15g	1728	Port Input	1	20080056	4912	4
210218_RL#220_15g	1728	Response	1	20080056	4912	4
210218_RL#220_15g	1728	Port Input	1	20081364	6220	4
210218_RL#220_15g	1728	Response	1	20081364	6220	4
210218_RL#220_15g	1728	Port Input	1	20082855	7711	4
210218_RL#220_15g	1728	Response	1	20082855	7711	4
210218_RL#220_15g	1728	Port Input	1	20084169	9025	5
210218_RL#220_15g	1728	Response	1	20084169	9025	5
210218_RL#220_15g	1728	Port Input	1	20085504	10360	5
210218_RL#220_15g	1728	Response	1	20085504	10360	5
210218_RL#220_15g	1728	Port Input	1	20086990	11847	4
210218_RL#220_15g	1728	Response	1	20086990	11847	4
210218_RL#220_15g	1728	Port Input	1	20088561	13417	4
210218_RL#220_15g	1728	Response	1	20088561	13417	4
210218_RL#220_15g	1728	Port Input	1	20088566	13422	4
210218_RL#220_15g	1728	Response	1	20088566	13422	4
210218_RL#220_15g	1728	Port Input	1	20089944	14800	4
210218_RL#220_15g	1728	Response	1	20089944	14800	4
210218_RL#220_15g	1728	Port Input	1	20093936	18792	4
210218_RL#220_15g	1728	Response	1	20093936	18792	4
210218_RL#220_15g	1729	Picture	3521	20095448	0	4	665	7	0	next	other	0
210218_RL#220_15g	1730	Picture	666	20096114	0	4	20138	7	0	next	other	0
210218_RL#220_15g	1731	Picture	777	20116252	0	4	20139	8	0	next	other	0
210218_RL#220_15g	1731	Manual	2	20136270	20017	NA
210218_RL#220_15g	1732	Sound	2112	20138043	1652	1			0		other	0
210218_RL#220_15g	1733	Picture	55	20141550	0	4	10320	5	0	next	false_alarm	7366
210218_RL#220_15g	1733	Port Input	1	20148299	6749	4
210218_RL#220_15g	1733	Response	1	20148299	6749	4
210218_RL#220_15g	1733	Port Input	1	20148303	6753	4
210218_RL#220_15g	1733	Response	1	20148303	6753	4
210218_RL#220_15g	1734	Picture	10	20151871	0	1	20305	2	0	next	miss	0
210218_RL#220_15g	1735	Picture	412	20172176	0	1	999	2	0	next	other	0
210218_RL#220_15g	1736	Picture	666	20173174	0	1	20304	3	0	next	other	0
210218_RL#220_15g	1737	Picture	777	20193478	0	3	20304	6	0	next	other	0
210218_RL#220_15g	1737	Manual	1	20213491	20013	NA
210218_RL#220_15g	1738	Sound	2112	20215043	1261	1			0		other	0
210218_RL#220_15g	1739	Picture	55	20218942	0	4	10153	7	0	next	other	0
210218_RL#220_15g	1740	Picture	10	20229095	0	3	20138	7	0	next	miss	0
210218_RL#220_15g	1741	Picture	412	20249233	0	4	1000	5	0	next	other	0
210218_RL#220_15g	1742	Picture	666	20250233	0	2	20138	4	0	next	other	0
210218_RL#220_15g	1743	Picture	777	20270372	0	3	20304	4	0	next	other	0
210218_RL#220_15g	1743	Manual	2	20290386	20014	NA
210218_RL#220_15g	1744	Sound	2122	20292043	1367	1			0		other	0
210218_RL#220_15g	1744	Port Input	1	20295198	4522	4
210218_RL#220_15g	1744	Response	1	20295198	4522	4
210218_RL#220_15g	1744	Port Input	1	20295203	4527	4
210218_RL#220_15g	1744	Response	1	20295203	4527	4
210218_RL#220_15g	1745	Picture	55	20296002	0	1	10319	2	0	next	false_alarm	7388
210218_RL#220_15g	1745	Port Input	1	20296511	509	3
210218_RL#220_15g	1745	Response	1	20296511	509	3
210218_RL#220_15g	1745	Port Input	1	20296514	512	3
210218_RL#220_15g	1745	Response	1	20296514	512	3
210218_RL#220_15g	1745	Port Input	1	20298061	2059	4
210218_RL#220_15g	1745	Response	1	20298061	2059	4
210218_RL#220_15g	1745	Port Input	1	20298064	2062	4
210218_RL#220_15g	1745	Response	1	20298064	2062	4
210218_RL#220_15g	1745	Port Input	1	20299805	3803	4
210218_RL#220_15g	1745	Response	1	20299805	3803	4
210218_RL#220_15g	1745	Port Input	1	20301452	5450	5
210218_RL#220_15g	1745	Response	1	20301452	5450	5
210218_RL#220_15g	1745	Port Input	1	20303105	7103	4
210218_RL#220_15g	1745	Response	1	20303105	7103	4
210218_RL#220_15g	1745	Port Input	1	20304599	8597	4
210218_RL#220_15g	1745	Response	1	20304599	8597	4
210218_RL#220_15g	1745	Port Input	1	20304602	8600	4
210218_RL#220_15g	1745	Response	1	20304602	8600	4
210218_RL#220_15g	1745	Port Input	1	20306072	10070	8
210218_RL#220_15g	1745	Response	1	20306072	10070	8
210218_RL#220_15g	1746	Picture	10	20306321	0	1	1665	2	0	next	hit	7409
210218_RL#220_15g	1746	Port Input	1	20307706	1385	4
210218_RL#220_15g	1746	Response	1	20307706	1385	4
210218_RL#220_15g	1746	Port Input	1	20307709	1389	4
210218_RL#220_15g	1746	Response	1	20307709	1389	4
210218_RL#220_15g	1747	Picture	352	20307985	0	1	499	2	0	next	other	0
210218_RL#220_15g	1748	Picture	12	20308485	0	1	20303	4	0	next	false_alarm	7415
210218_RL#220_15g	1748	Port Input	1	20309327	842	4
210218_RL#220_15g	1748	Response	1	20309327	842	4
210218_RL#220_15g	1748	Port Input	1	20310350	1865	4
210218_RL#220_15g	1748	Response	1	20310350	1865	4
210218_RL#220_15g	1748	Port Input	1	20311503	3018	5
210218_RL#220_15g	1748	Response	1	20311503	3018	5
210218_RL#220_15g	1748	Port Input	1	20312786	4301	4
210218_RL#220_15g	1748	Response	1	20312786	4301	4
210218_RL#220_15g	1748	Port Input	1	20314116	5632	4
210218_RL#220_15g	1748	Response	1	20314116	5632	4
210218_RL#220_15g	1748	Port Input	1	20315454	6969	4
210218_RL#220_15g	1748	Response	1	20315454	6969	4
210218_RL#220_15g	1748	Port Input	1	20315459	6975	4
210218_RL#220_15g	1748	Response	1	20315459	6975	4
210218_RL#220_15g	1748	Port Input	1	20316917	8432	4
210218_RL#220_15g	1748	Response	1	20316917	8432	4
210218_RL#220_15g	1748	Port Input	1	20318493	10008	8
210218_RL#220_15g	1748	Response	1	20318493	10008	8
210218_RL#220_15g	1748	Port Input	1	20320136	11651	4
210218_RL#220_15g	1748	Response	1	20320136	11651	4
210218_RL#220_15g	1748	Port Input	1	20323152	14667	4
210218_RL#220_15g	1748	Response	1	20323152	14667	4
210218_RL#220_15g	1748	Port Input	1	20327722	19237	4
210218_RL#220_15g	1748	Response	1	20327722	19237	4
210218_RL#220_15g	1748	Port Input	1	20327725	19241	4
210218_RL#220_15g	1748	Response	1	20327725	19241	4
210218_RL#220_15g	1749	Picture	3521	20328788	0	4	668	4	0	next	other	0
210218_RL#220_15g	1750	Picture	666	20329455	0	1	20137	5	0	next	other	0
210218_RL#220_15g	1751	Picture	777	20349592	0	4	20140	6	0	next	other	0
210218_RL#220_15g	1751	Manual	1	20369609	20017	NA
210218_RL#220_15g	1752	Sound	2112	20371043	1311	1			0		other	0
210218_RL#220_15g	1753	Picture	55	20374890	0	4	10152	8	0	next	other	0
210218_RL#220_15g	1754	Picture	10	20385042	0	4	20307	5	0	next	miss	0
210218_RL#220_15g	1755	Picture	412	20405349	0	1	1165	1	0	next	other	0
210218_RL#220_15g	1756	Picture	666	20406514	0	1	20305	2	0	next	other	0
210218_RL#220_15g	1757	Picture	777	20426819	0	1	20303	4	0	next	other	0
210218_RL#220_15g	1757	Manual	2	20446834	20015	NA
210218_RL#220_15g	1758	Sound	2112	20449043	1921	1			0		other	0
210218_RL#220_15g	1759	Picture	55	20452282	0	3	10152	6	0	next	other	0
210218_RL#220_15g	1760	Picture	10	20462434	0	3	20139	7	0	next	miss	0
210218_RL#220_15g	1761	Picture	412	20482573	0	4	1165	7	0	next	other	0
210218_RL#220_15g	1762	Picture	666	20483737	0	4	20139	8	0	next	other	0
210218_RL#220_15g	1763	Picture	777	20503876	0	4	20306	5	0	next	other	0
210218_RL#220_15g	1763	Manual	1	20523889	20013	NA
210218_RL#220_15g	1764	Sound	2122	20526043	1861	1			0		other	0
210218_RL#220_15g	1764	Port Input	1	20529286	5104	5
210218_RL#220_15g	1764	Response	1	20529286	5104	5
210218_RL#220_15g	1765	Picture	55	20529508	0	1	10319	1	0	next	false_alarm	7463
210218_RL#220_15g	1765	Port Input	1	20530531	1023	3
210218_RL#220_15g	1765	Response	1	20530531	1023	3
210218_RL#220_15g	1765	Port Input	1	20532097	2589	4
210218_RL#220_15g	1765	Response	1	20532097	2589	4
210218_RL#220_15g	1765	Port Input	1	20533914	4406	4
210218_RL#220_15g	1765	Response	1	20533914	4406	4
210218_RL#220_15g	1765	Port Input	1	20533918	4410	3
210218_RL#220_15g	1765	Response	1	20533918	4410	3
210218_RL#220_15g	1765	Port Input	1	20535561	6053	4
210218_RL#220_15g	1765	Response	1	20535561	6053	4
210218_RL#220_15g	1765	Port Input	1	20537246	7737	4
210218_RL#220_15g	1765	Response	1	20537246	7737	4
210218_RL#220_15g	1765	Port Input	1	20538807	9299	4
210218_RL#220_15g	1765	Response	1	20538807	9299	4
210218_RL#220_15g	1766	Picture	10	20539827	0	1	832	1	0	next	hit	7478
210218_RL#220_15g	1766	Port Input	1	20540370	543	3
210218_RL#220_15g	1766	Response	1	20540370	543	3
210218_RL#220_15g	1767	Picture	352	20540659	0	1	666	1	0	next	other	0
210218_RL#220_15g	1768	Picture	12	20541325	0	1	20303	3	0	next	false_alarm	7482
210218_RL#220_15g	1768	Port Input	1	20541849	524	4
210218_RL#220_15g	1768	Response	1	20541849	524	4
210218_RL#220_15g	1768	Port Input	1	20542909	1584	3
210218_RL#220_15g	1768	Response	1	20542909	1584	3
210218_RL#220_15g	1768	Port Input	1	20544021	2696	4
210218_RL#220_15g	1768	Response	1	20544021	2696	4
210218_RL#220_15g	1768	Port Input	1	20544026	2701	4
210218_RL#220_15g	1768	Response	1	20544026	2701	4
210218_RL#220_15g	1768	Port Input	1	20545235	3910	4
210218_RL#220_15g	1768	Response	1	20545235	3910	4
210218_RL#220_15g	1768	Port Input	1	20546508	5183	4
210218_RL#220_15g	1768	Response	1	20546508	5183	4
210218_RL#220_15g	1768	Port Input	1	20546511	5186	4
210218_RL#220_15g	1768	Response	1	20546511	5186	4
210218_RL#220_15g	1768	Port Input	1	20547942	6617	4
210218_RL#220_15g	1768	Response	1	20547942	6617	4
210218_RL#220_15g	1768	Port Input	1	20549281	7956	4
210218_RL#220_15g	1768	Response	1	20549281	7956	4
210218_RL#220_15g	1768	Port Input	1	20550735	9410	4
210218_RL#220_15g	1768	Response	1	20550735	9410	4
210218_RL#220_15g	1768	Port Input	1	20552498	11173	4
210218_RL#220_15g	1768	Response	1	20552498	11173	4
210218_RL#220_15g	1768	Port Input	1	20554214	12889	4
210218_RL#220_15g	1768	Response	1	20554214	12889	4
210218_RL#220_15g	1768	Port Input	1	20554218	12893	4
210218_RL#220_15g	1768	Response	1	20554218	12893	4
210218_RL#220_15g	1769	Picture	3521	20561628	0	3	665	6	0	next	other	0
210218_RL#220_15g	1770	Picture	666	20562294	0	3	20305	6	0	next	other	0
210218_RL#220_15g	1771	Picture	777	20582599	0	4	20134	11	0	next	other	0
210218_RL#220_15g	1771	Manual	1	20602612	20013	NA
210218_RL#220_15g	1772	Sound	2122	20604043	1310	1			0		other	0
210218_RL#220_15g	1772	Port Input	1	20607368	4635	4
210218_RL#220_15g	1772	Response	1	20607368	4635	4
210218_RL#220_15g	1773	Picture	55	20607897	0	4	10152	8	0	next	false_alarm	7516
210218_RL#220_15g	1773	Port Input	1	20608580	683	4
210218_RL#220_15g	1773	Response	1	20608580	683	4
210218_RL#220_15g	1773	Port Input	1	20610146	2249	4
210218_RL#220_15g	1773	Response	1	20610146	2249	4
210218_RL#220_15g	1773	Port Input	1	20610150	2253	4
210218_RL#220_15g	1773	Response	1	20610150	2253	4
210218_RL#220_15g	1773	Port Input	1	20611764	3867	4
210218_RL#220_15g	1773	Response	1	20611764	3867	4
210218_RL#220_15g	1773	Port Input	1	20613281	5384	4
210218_RL#220_15g	1773	Response	1	20613281	5384	4
210218_RL#220_15g	1773	Port Input	1	20613284	5387	4
210218_RL#220_15g	1773	Response	1	20613284	5387	4
210218_RL#220_15g	1773	Port Input	1	20614816	6919	4
210218_RL#220_15g	1773	Response	1	20614816	6919	4
210218_RL#220_15g	1773	Port Input	1	20616186	8289	4
210218_RL#220_15g	1773	Response	1	20616186	8289	4
210218_RL#220_15g	1773	Port Input	1	20617718	9821	4
210218_RL#220_15g	1773	Response	1	20617718	9821	4
210218_RL#220_15g	1774	Picture	10	20618049	0	4	1332	8	0	next	hit	7535
210218_RL#220_15g	1774	Port Input	1	20619158	1109	4
210218_RL#220_15g	1774	Response	1	20619158	1109	4
210218_RL#220_15g	1775	Picture	352	20619381	0	4	499	8	0	next	other	0
210218_RL#220_15g	1776	Picture	12	20619880	0	4	20306	5	0	next	false_alarm	7539
210218_RL#220_15g	1776	Port Input	1	20620720	840	4
210218_RL#220_15g	1776	Response	1	20620720	840	4
210218_RL#220_15g	1776	Port Input	1	20620724	844	4
210218_RL#220_15g	1776	Response	1	20620724	844	4
210218_RL#220_15g	1776	Port Input	1	20621745	1865	4
210218_RL#220_15g	1776	Response	1	20621745	1865	4
210218_RL#220_15g	1776	Port Input	1	20622994	3114	5
210218_RL#220_15g	1776	Response	1	20622994	3114	5
210218_RL#220_15g	1776	Port Input	1	20624293	4413	4
210218_RL#220_15g	1776	Response	1	20624293	4413	4
210218_RL#220_15g	1776	Port Input	1	20624296	4416	3
210218_RL#220_15g	1776	Response	1	20624296	4416	3
210218_RL#220_15g	1776	Port Input	1	20625796	5916	4
210218_RL#220_15g	1776	Response	1	20625796	5916	4
210218_RL#220_15g	1776	Port Input	1	20625799	5919	4
210218_RL#220_15g	1776	Response	1	20625799	5919	4
210218_RL#220_15g	1776	Port Input	1	20627286	7406	4
210218_RL#220_15g	1776	Response	1	20627286	7406	4
210218_RL#220_15g	1776	Port Input	1	20627290	7410	4
210218_RL#220_15g	1776	Response	1	20627290	7410	4
210218_RL#220_15g	1776	Port Input	1	20628694	8814	5
210218_RL#220_15g	1776	Response	1	20628694	8814	5
210218_RL#220_15g	1776	Port Input	1	20630219	10339	4
210218_RL#220_15g	1776	Response	1	20630219	10339	4
210218_RL#220_15g	1776	Port Input	1	20630223	10343	4
210218_RL#220_15g	1776	Response	1	20630223	10343	4
210218_RL#220_15g	1776	Port Input	1	20631783	11903	4
210218_RL#220_15g	1776	Response	1	20631783	11903	4
210218_RL#220_15g	1776	Port Input	1	20631787	11907	4
210218_RL#220_15g	1776	Response	1	20631787	11907	4
210218_RL#220_15g	1776	Port Input	1	20633285	13405	4
210218_RL#220_15g	1776	Response	1	20633285	13405	4
210218_RL#220_15g	1776	Port Input	1	20634820	14940	4
210218_RL#220_15g	1776	Response	1	20634820	14940	4
210218_RL#220_15g	1776	Port Input	1	20638142	18262	4
210218_RL#220_15g	1776	Response	1	20638142	18262	4
210218_RL#220_15g	1776	Port Input	1	20639556	19676	4
210218_RL#220_15g	1776	Response	1	20639556	19676	4
210218_RL#220_15g	1776	Port Input	1	20639560	19680	3
210218_RL#220_15g	1776	Response	1	20639560	19680	3
210218_RL#220_15g	1777	Picture	3521	20640186	0	1	999	2	0	next	other	0
210218_RL#220_15g	1777	Port Input	1	20641083	897	6
210218_RL#220_15g	1777	Response	1	20641083	897	6
210218_RL#220_15g	1778	Picture	666	20641185	0	1	20305	2	0	next	other	0
210218_RL#220_15g	1779	Picture	777	20661490	0	1	20303	4	0	next	other	0
210218_RL#220_15g	1779	Manual	1	20681505	20016	NA
210218_RL#220_15g	1780	Sound	2122	20683043	1250	1			0		other	0
210218_RL#220_15g	1780	Port Input	1	20685697	3904	4
210218_RL#220_15g	1780	Response	1	20685697	3904	4
210218_RL#220_15g	1780	Port Input	1	20685702	3910	4
210218_RL#220_15g	1780	Response	1	20685702	3910	4
210218_RL#220_15g	1780	Port Input	1	20686934	5142	6
210218_RL#220_15g	1780	Response	1	20686934	5142	6
210218_RL#220_15g	1781	Picture	55	20687119	0	3	10153	6	0	next	false_alarm	7593
210218_RL#220_15g	1781	Port Input	1	20688525	1406	4
210218_RL#220_15g	1781	Response	1	20688525	1406	4
210218_RL#220_15g	1781	Port Input	1	20690160	3041	4
210218_RL#220_15g	1781	Response	1	20690160	3041	4
210218_RL#220_15g	1781	Port Input	1	20691172	4053	4
210218_RL#220_15g	1781	Response	1	20691172	4053	4
210218_RL#220_15g	1781	Port Input	1	20691823	4704	4
210218_RL#220_15g	1781	Response	1	20691823	4704	4
210218_RL#220_15g	1781	Port Input	1	20693330	6211	4
210218_RL#220_15g	1781	Response	1	20693330	6211	4
210218_RL#220_15g	1781	Port Input	1	20693334	6215	4
210218_RL#220_15g	1781	Response	1	20693334	6215	4
210218_RL#220_15g	1781	Port Input	1	20694802	7683	5
210218_RL#220_15g	1781	Response	1	20694802	7683	5
210218_RL#220_15g	1781	Port Input	1	20696201	9083	4
210218_RL#220_15g	1781	Response	1	20696201	9083	4
210218_RL#220_15g	1782	Picture	10	20697272	0	3	499	6	0	next	hit	7610
210218_RL#220_15g	1782	Port Input	1	20697520	249	4
210218_RL#220_15g	1782	Response	1	20697520	249	4
210218_RL#220_15g	1782	Port Input	1	20697524	252	4
210218_RL#220_15g	1782	Response	1	20697524	252	4
210218_RL#220_15g	1783	Picture	352	20697771	0	3	499	6	0	next	other	0
210218_RL#220_15g	1784	Picture	12	20698270	0	3	20138	7	0	next	false_alarm	7616
210218_RL#220_15g	1784	Port Input	1	20698893	622	3
210218_RL#220_15g	1784	Response	1	20698893	622	3
210218_RL#220_15g	1784	Port Input	1	20699937	1667	4
210218_RL#220_15g	1784	Response	1	20699937	1667	4
210218_RL#220_15g	1784	Port Input	1	20699941	1671	4
210218_RL#220_15g	1784	Response	1	20699941	1671	4
210218_RL#220_15g	1784	Port Input	1	20701129	2859	4
210218_RL#220_15g	1784	Response	1	20701129	2859	4
210218_RL#220_15g	1784	Port Input	1	20702491	4221	8
210218_RL#220_15g	1784	Response	1	20702491	4221	8
210218_RL#220_15g	1784	Port Input	1	20703936	5666	3
210218_RL#220_15g	1784	Response	1	20703936	5666	3
210218_RL#220_15g	1784	Port Input	1	20705361	7090	4
210218_RL#220_15g	1784	Response	1	20705361	7090	4
210218_RL#220_15g	1784	Port Input	1	20706798	8528	4
210218_RL#220_15g	1784	Response	1	20706798	8528	4
210218_RL#220_15g	1784	Port Input	1	20706802	8532	5
210218_RL#220_15g	1784	Response	1	20706802	8532	5
210218_RL#220_15g	1784	Port Input	1	20708346	10076	4
210218_RL#220_15g	1784	Response	1	20708346	10076	4
210218_RL#220_15g	1784	Port Input	1	20709792	11522	4
210218_RL#220_15g	1784	Response	1	20709792	11522	4
210218_RL#220_15g	1784	Port Input	1	20709795	11525	4
210218_RL#220_15g	1784	Response	1	20709795	11525	4
210218_RL#220_15g	1784	Port Input	1	20713072	14802	4
210218_RL#220_15g	1784	Response	1	20713072	14802	4
210218_RL#220_15g	1784	Port Input	1	20714498	16228	4
210218_RL#220_15g	1784	Response	1	20714498	16228	4
210218_RL#220_15g	1784	Port Input	1	20716158	17888	4
210218_RL#220_15g	1784	Response	1	20716158	17888	4
210218_RL#220_15g	1784	Port Input	1	20716162	17892	4
210218_RL#220_15g	1784	Response	1	20716162	17892	4
210218_RL#220_15g	1784	Port Input	1	20717498	19228	4
210218_RL#220_15g	1784	Response	1	20717498	19228	4
210218_RL#220_15g	1784	Port Input	1	20717501	19231	4
210218_RL#220_15g	1784	Response	1	20717501	19231	4
210218_RL#220_15g	1785	Picture	3521	20718408	0	4	999	7	0	next	other	0
210218_RL#220_15g	1786	Picture	666	20719407	0	3	20138	7	0	next	other	0
210218_RL#220_15g	1787	Picture	777	20739546	0	4	20306	5	0	next	other	0
210218_RL#220_15g	1787	Manual	2	20759559	20013	NA
210218_RL#220_15g	1788	Sound	2112	20761042	1191	1			0		other	0
210218_RL#220_15g	1789	Picture	55	20765178	0	1	10319	1	0	next	other	0
210218_RL#220_15g	1790	Picture	10	20775497	0	1	20303	4	0	next	miss	0
210218_RL#220_15g	1791	Picture	412	20795800	0	3	832	6	0	next	other	0
210218_RL#220_15g	1792	Picture	666	20796632	0	3	20305	6	0	next	false_alarm	7661
210218_RL#220_15g	1792	Port Input	1	20804046	7414	4
210218_RL#220_15g	1792	Response	1	20804046	7414	4
210218_RL#220_15g	1793	Picture	777	20816937	0	3	20138	7	0	next	other	0
210218_RL#220_15g	1793	Manual	1	20836951	20013	NA
210218_RL#220_15g	1794	Sound	2122	20839042	1967	1			0		other	0
210218_RL#220_15g	1794	Port Input	1	20841645	4570	4
210218_RL#220_15g	1794	Response	1	20841645	4570	4
210218_RL#220_15g	1795	Picture	55	20842235	0	4	10154	6	0	next	false_alarm	7669
210218_RL#220_15g	1795	Port Input	1	20842919	684	4
210218_RL#220_15g	1795	Response	1	20842919	684	4
210218_RL#220_15g	1795	Port Input	1	20844462	2227	4
210218_RL#220_15g	1795	Response	1	20844462	2227	4
210218_RL#220_15g	1795	Port Input	1	20846143	3907	4
210218_RL#220_15g	1795	Response	1	20846143	3907	4
210218_RL#220_15g	1795	Port Input	1	20847733	5498	4
210218_RL#220_15g	1795	Response	1	20847733	5498	4
210218_RL#220_15g	1795	Port Input	1	20849314	7079	5
210218_RL#220_15g	1795	Response	1	20849314	7079	5
210218_RL#220_15g	1795	Port Input	1	20850812	8577	6
210218_RL#220_15g	1795	Response	1	20850812	8577	6
210218_RL#220_15g	1795	Port Input	1	20852302	10067	6
210218_RL#220_15g	1795	Response	1	20852302	10067	6
210218_RL#220_15g	1796	Picture	10	20852389	0	2	1663	6	0	next	hit	7684
210218_RL#220_15g	1796	Port Input	1	20853850	1461	4
210218_RL#220_15g	1796	Response	1	20853850	1461	4
210218_RL#220_15g	1796	Port Input	1	20853853	1464	4
210218_RL#220_15g	1796	Response	1	20853853	1464	4
210218_RL#220_15g	1797	Picture	352	20854052	0	4	501	6	0	next	other	0
210218_RL#220_15g	1798	Picture	12	20854553	0	2	20305	3	0	next	false_alarm	7690
210218_RL#220_15g	1798	Port Input	1	20855272	719	4
210218_RL#220_15g	1798	Response	1	20855272	719	4
210218_RL#220_15g	1798	Port Input	1	20855275	723	4
210218_RL#220_15g	1798	Response	1	20855275	723	4
210218_RL#220_15g	1798	Port Input	1	20856297	1744	4
210218_RL#220_15g	1798	Response	1	20856297	1744	4
210218_RL#220_15g	1798	Port Input	1	20856300	1748	4
210218_RL#220_15g	1798	Response	1	20856300	1748	4
210218_RL#220_15g	1798	Port Input	1	20857526	2974	5
210218_RL#220_15g	1798	Response	1	20857526	2974	5
210218_RL#220_15g	1798	Port Input	1	20858871	4318	4
210218_RL#220_15g	1798	Response	1	20858871	4318	4
210218_RL#220_15g	1798	Port Input	1	20860269	5716	4
210218_RL#220_15g	1798	Response	1	20860269	5716	4
210218_RL#220_15g	1798	Port Input	1	20861629	7077	4
210218_RL#220_15g	1798	Response	1	20861629	7077	4
210218_RL#220_15g	1798	Port Input	1	20862994	8441	5
210218_RL#220_15g	1798	Response	1	20862994	8441	5
210218_RL#220_15g	1798	Port Input	1	20864565	10013	4
210218_RL#220_15g	1798	Response	1	20864565	10013	4
210218_RL#220_15g	1798	Port Input	1	20864569	10016	4
210218_RL#220_15g	1798	Response	1	20864569	10016	4
210218_RL#220_15g	1798	Port Input	1	20866079	11526	5
210218_RL#220_15g	1798	Response	1	20866079	11526	5
210218_RL#220_15g	1798	Port Input	1	20867683	13130	4
210218_RL#220_15g	1798	Response	1	20867683	13130	4
210218_RL#220_15g	1798	Port Input	1	20867686	13134	4
210218_RL#220_15g	1798	Response	1	20867686	13134	4
210218_RL#220_15g	1798	Port Input	1	20869153	14601	5
210218_RL#220_15g	1798	Response	1	20869153	14601	5
210218_RL#220_15g	1799	Picture	3521	20874857	0	1	666	2	0	next	other	0
210218_RL#220_15g	1800	Picture	666	20875523	0	1	20304	2	0	next	other	0
210218_RL#220_15g	1801	Picture	777	20895828	0	1	20305	2	0	next	other	0
210218_RL#220_15g	1801	Manual	1	20915840	20013	NA
210218_RL#220_15g	1802	Sound	2112	20918042	1910	1			0		other	0
210218_RL#220_15g	1803	Picture	55	20921457	0	4	10153	6	0	next	other	0
210218_RL#220_15g	1804	Picture	10	20931610	0	3	20138	6	0	next	miss	0
210218_RL#220_15g	1805	Picture	412	20951748	0	4	998	7	0	next	other	0
210218_RL#220_15g	1806	Picture	666	20952746	0	4	20139	7	0	next	other	0
210218_RL#220_15g	1807	Picture	777	20972885	0	4	20306	5	0	next	other	0
210218_RL#220_15g	1807	Manual	2	20992902	20017	NA
210218_RL#220_15g	1808	Sound	2112	20995042	1851	1			0		other	0
210218_RL#220_15g	1809	Picture	55	20998517	0	1	10319	2	0	next	other	0
210218_RL#220_15g	1810	Picture	10	21008836	0	1	20304	3	0	next	miss	0
210218_RL#220_15g	1811	Picture	412	21029140	0	3	832	5	0	next	other	0
210218_RL#220_15g	1812	Picture	666	21029971	0	3	20305	6	0	next	other	0
210218_RL#220_15g	1813	Picture	777	21050276	0	3	20138	7	0	next	other	0
210218_RL#220_15g	1813	Manual	1	21070290	20013	NA
210218_RL#220_15g	1814	Sound	2112	21072042	1627	1			0		other	0
210218_RL#220_15g	1815	Picture	55	21075576	0	2	10151	6	0	next	other	0
210218_RL#220_15g	1816	Picture	10	21085727	0	4	20306	5	0	next	miss	0
210218_RL#220_15g	1817	Picture	412	21106033	0	1	1331	2	0	next	other	0
210218_RL#220_15g	1818	Picture	666	21107365	0	1	20305	2	0	next	other	0
210218_RL#220_15g	1819	Picture	777	21127669	0	1	20305	2	0	next	other	0
210218_RL#220_15g	1819	Manual	1	21147683	20014	NA
210218_RL#220_15g	1820	Sound	2122	21149042	1068	1			0		other	0
210218_RL#220_15g	1820	Port Input	1	21152043	4069	4
210218_RL#220_15g	1820	Response	1	21152043	4069	4
210218_RL#220_15g	1821	Picture	55	21153299	0	3	10319	6	0	next	false_alarm	7749
210218_RL#220_15g	1821	Port Input	1	21153431	132	3
210218_RL#220_15g	1821	Response	1	21153431	132	3
210218_RL#220_15g	1821	Port Input	1	21155114	1815	4
210218_RL#220_15g	1821	Response	1	21155114	1815	4
210218_RL#220_15g	1821	Port Input	1	21155118	1819	4
210218_RL#220_15g	1821	Response	1	21155118	1819	4
210218_RL#220_15g	1821	Port Input	1	21156771	3472	4
210218_RL#220_15g	1821	Response	1	21156771	3472	4
210218_RL#220_15g	1821	Port Input	1	21158530	5231	4
210218_RL#220_15g	1821	Response	1	21158530	5231	4
210218_RL#220_15g	1821	Port Input	1	21160194	6895	4
210218_RL#220_15g	1821	Response	1	21160194	6895	4
210218_RL#220_15g	1821	Port Input	1	21160200	6901	4
210218_RL#220_15g	1821	Response	1	21160200	6901	4
210218_RL#220_15g	1821	Port Input	1	21161819	8520	4
210218_RL#220_15g	1821	Response	1	21161819	8520	4
210218_RL#220_15g	1821	Port Input	1	21163390	10091	6
210218_RL#220_15g	1821	Response	1	21163390	10091	6
210218_RL#220_15g	1822	Picture	10	21163618	0	3	1498	6	0	next	hit	7768
210218_RL#220_15g	1822	Port Input	1	21164953	1336	4
210218_RL#220_15g	1822	Response	1	21164953	1336	4
210218_RL#220_15g	1822	Port Input	1	21164957	1339	4
210218_RL#220_15g	1822	Response	1	21164957	1339	4
210218_RL#220_15g	1823	Picture	352	21165115	0	3	666	6	0	next	other	0
210218_RL#220_15g	1824	Picture	12	21165781	0	3	20138	6	0	next	false_alarm	7774
210218_RL#220_15g	1824	Port Input	1	21166427	646	3
210218_RL#220_15g	1824	Response	1	21166427	646	3
210218_RL#220_15g	1824	Port Input	1	21167494	1712	4
210218_RL#220_15g	1824	Response	1	21167494	1712	4
210218_RL#220_15g	1824	Port Input	1	21168769	2987	4
210218_RL#220_15g	1824	Response	1	21168769	2987	4
210218_RL#220_15g	1824	Port Input	1	21168773	2991	4
210218_RL#220_15g	1824	Response	1	21168773	2991	4
210218_RL#220_15g	1824	Port Input	1	21169981	4200	4
210218_RL#220_15g	1824	Response	1	21169981	4200	4
210218_RL#220_15g	1824	Port Input	1	21171407	5626	4
210218_RL#220_15g	1824	Response	1	21171407	5626	4
210218_RL#220_15g	1824	Port Input	1	21172853	7072	4
210218_RL#220_15g	1824	Response	1	21172853	7072	4
210218_RL#220_15g	1824	Port Input	1	21174278	8497	4
210218_RL#220_15g	1824	Response	1	21174278	8497	4
210218_RL#220_15g	1824	Port Input	1	21174282	8500	5
210218_RL#220_15g	1824	Response	1	21174282	8500	5
210218_RL#220_15g	1824	Port Input	1	21175724	9942	4
210218_RL#220_15g	1824	Response	1	21175724	9942	4
210218_RL#220_15g	1824	Port Input	1	21177266	11485	4
210218_RL#220_15g	1824	Response	1	21177266	11485	4
210218_RL#220_15g	1824	Port Input	1	21180235	14453	4
210218_RL#220_15g	1824	Response	1	21180235	14453	4
210218_RL#220_15g	1824	Port Input	1	21181996	16214	4
210218_RL#220_15g	1824	Response	1	21181996	16214	4
210218_RL#220_15g	1825	Picture	3521	21185920	0	4	834	7	0	next	other	0
210218_RL#220_15g	1826	Picture	666	21186754	0	3	20137	7	0	next	other	0
210218_RL#220_15g	1827	Picture	777	21206890	0	4	20306	5	0	next	other	0
210218_RL#220_15g	1827	Manual	1	21226903	20013	NA
210218_RL#220_15g	1828	Sound	2122	21229042	1845	1			0		other	0
210218_RL#220_15g	1828	Port Input	1	21231181	3984	4
210218_RL#220_15g	1828	Response	1	21231181	3984	4
210218_RL#220_15g	1828	Port Input	1	21231184	3987	4
210218_RL#220_15g	1828	Response	1	21231184	3987	4
210218_RL#220_15g	1829	Picture	55	21232522	0	1	10319	2	0	next	false_alarm	7812
210218_RL#220_15g	1829	Port Input	1	21232523	1	5
210218_RL#220_15g	1829	Response	1	21232523	1	5
210218_RL#220_15g	1829	Port Input	1	21234318	1795	4
210218_RL#220_15g	1829	Response	1	21234318	1795	4
210218_RL#220_15g	1829	Port Input	1	21236103	3581	5
210218_RL#220_15g	1829	Response	1	21236103	3581	5
210218_RL#220_15g	1829	Port Input	1	21237727	5205	4
210218_RL#220_15g	1829	Response	1	21237727	5205	4
210218_RL#220_15g	1829	Port Input	1	21239551	7029	4
210218_RL#220_15g	1829	Response	1	21239551	7029	4
210218_RL#220_15g	1829	Port Input	1	21239555	7033	4
210218_RL#220_15g	1829	Response	1	21239555	7033	4
210218_RL#220_15g	1830	Picture	10	21242841	0	1	15145	3	0	next	hit	7823
210218_RL#220_15g	1830	Port Input	1	21257746	14905	4
210218_RL#220_15g	1830	Response	1	21257746	14905	4
210218_RL#220_15g	1831	Picture	352	21257986	0	2	666	3	0	next	other	0
210218_RL#220_15g	1831	Port Input	1	21258618	631	4
210218_RL#220_15g	1831	Response	1	21258618	631	4
210218_RL#220_15g	1832	Picture	12	21258653	0	2	20303	5	0	next	false_alarm	7829
210218_RL#220_15g	1832	Port Input	1	21260073	1420	4
210218_RL#220_15g	1832	Response	1	21260073	1420	4
210218_RL#220_15g	1832	Port Input	1	21261162	2509	4
210218_RL#220_15g	1832	Response	1	21261162	2509	4
210218_RL#220_15g	1832	Port Input	1	21262369	3717	4
210218_RL#220_15g	1832	Response	1	21262369	3717	4
210218_RL#220_15g	1832	Port Input	1	21262373	3720	4
210218_RL#220_15g	1832	Response	1	21262373	3720	4
210218_RL#220_15g	1832	Port Input	1	21263661	5009	4
210218_RL#220_15g	1832	Response	1	21263661	5009	4
210218_RL#220_15g	1832	Port Input	1	21263665	5012	4
210218_RL#220_15g	1832	Response	1	21263665	5012	4
210218_RL#220_15g	1832	Port Input	1	21265082	6430	4
210218_RL#220_15g	1832	Response	1	21265082	6430	4
210218_RL#220_15g	1832	Port Input	1	21266510	7858	4
210218_RL#220_15g	1832	Response	1	21266510	7858	4
210218_RL#220_15g	1832	Port Input	1	21268138	9485	4
210218_RL#220_15g	1832	Response	1	21268138	9485	4
210218_RL#220_15g	1832	Port Input	1	21271654	13001	4
210218_RL#220_15g	1832	Response	1	21271654	13001	4
210218_RL#220_15g	1832	Port Input	1	21273229	14577	4
210218_RL#220_15g	1832	Response	1	21273229	14577	4
210218_RL#220_15g	1832	Port Input	1	21273233	14580	4
210218_RL#220_15g	1832	Response	1	21273233	14580	4
210218_RL#220_15g	1833	Picture	3521	21278956	0	3	666	6	0	next	other	0
210218_RL#220_15g	1834	Picture	666	21279621	0	3	20139	6	0	next	other	0
210218_RL#220_15g	1835	Picture	777	21299760	0	4	20139	7	0	next	other	0
210218_RL#220_15g	1835	Manual	1	21319776	20016	NA
210218_RL#220_15g	1836	Sound	2112	21321042	1143	1			0		other	0
210218_RL#220_15g	1837	Picture	55	21325058	0	4	10153	7	0	next	other	0
210218_RL#220_15g	1838	Picture	10	21335211	0	4	20306	5	0	next	miss	0
210218_RL#220_15g	1839	Picture	412	21355517	0	1	999	2	0	next	other	0
210218_RL#220_15g	1840	Picture	666	21356515	0	1	20305	2	0	next	other	0
210218_RL#220_15g	1841	Picture	777	21376820	0	1	20303	4	0	next	other	0
210218_RL#220_15g	1841	Manual	1	21396835	20015	NA
210218_RL#220_15g	1842	Sound	2112	21399042	1919	1			0		other	0
210218_RL#220_15g	1843	Picture	55	21402283	0	3	10152	6	0	next	other	0
210218_RL#220_15g	1844	Picture	10	21412436	0	3	20140	5	0	next	miss	0
210218_RL#220_15g	1845	Picture	412	21432576	0	2	999	4	0	next	other	0
210218_RL#220_15g	1846	Picture	666	21433574	0	2	20137	6	0	next	other	0
210218_RL#220_15g	1847	Picture	777	21453711	0	4	20306	5	0	next	other	0
210218_RL#220_15g	1847	Manual	2	21473726	20015	NA
210218_RL#220_15g	1848	Sound	2122	21475042	1025	1			0		other	0
210218_RL#220_15g	1848	Port Input	1	21478152	4134	4
210218_RL#220_15g	1848	Response	1	21478152	4134	4
210218_RL#220_15g	1848	Port Input	1	21478156	4139	4
210218_RL#220_15g	1848	Response	1	21478156	4139	4
210218_RL#220_15g	1849	Picture	55	21479343	0	1	10319	1	0	next	false_alarm	7881
210218_RL#220_15g	1849	Port Input	1	21479464	121	6
210218_RL#220_15g	1849	Response	1	21479464	121	6
210218_RL#220_15g	1849	Port Input	1	21479470	127	4
210218_RL#220_15g	1849	Response	1	21479470	127	4
210218_RL#220_15g	1849	Port Input	1	21481200	1857	4
210218_RL#220_15g	1849	Response	1	21481200	1857	4
210218_RL#220_15g	1849	Port Input	1	21485433	6090	4
210218_RL#220_15g	1849	Response	1	21485433	6090	4
210218_RL#220_15g	1849	Port Input	1	21487351	8008	5
210218_RL#220_15g	1849	Response	1	21487351	8008	5
210218_RL#220_15g	1850	Picture	10	21489662	0	1	832	2	0	next	hit	7888
210218_RL#220_15g	1850	Port Input	1	21490222	560	3
210218_RL#220_15g	1850	Response	1	21490222	560	3
210218_RL#220_15g	1850	Port Input	1	21490226	564	3
210218_RL#220_15g	1850	Response	1	21490226	564	3
210218_RL#220_15g	1851	Picture	352	21490494	0	1	666	2	0	next	other	0
210218_RL#220_15g	1852	Picture	12	21491160	0	1	20303	4	0	next	false_alarm	7894
210218_RL#220_15g	1852	Port Input	1	21492441	1281	5
210218_RL#220_15g	1852	Response	1	21492441	1281	5
210218_RL#220_15g	1852	Port Input	1	21492446	1286	4
210218_RL#220_15g	1852	Response	1	21492446	1286	4
210218_RL#220_15g	1852	Port Input	1	21493497	2337	4
210218_RL#220_15g	1852	Response	1	21493497	2337	4
210218_RL#220_15g	1852	Port Input	1	21494715	3555	4
210218_RL#220_15g	1852	Response	1	21494715	3555	4
210218_RL#220_15g	1852	Port Input	1	21495968	4808	4
210218_RL#220_15g	1852	Response	1	21495968	4808	4
210218_RL#220_15g	1852	Port Input	1	21497336	6176	4
210218_RL#220_15g	1852	Response	1	21497336	6176	4
210218_RL#220_15g	1852	Port Input	1	21498826	7666	4
210218_RL#220_15g	1852	Response	1	21498826	7666	4
210218_RL#220_15g	1852	Port Input	1	21500339	9179	4
210218_RL#220_15g	1852	Response	1	21500339	9179	4
210218_RL#220_15g	1852	Port Input	1	21501962	10802	4
210218_RL#220_15g	1852	Response	1	21501962	10802	4
210218_RL#220_15g	1852	Port Input	1	21508943	17783	4
210218_RL#220_15g	1852	Response	1	21508943	17783	4
210218_RL#220_15g	1852	Port Input	1	21508946	17786	4
210218_RL#220_15g	1852	Response	1	21508946	17786	4
210218_RL#220_15g	1853	Picture	3521	21511463	0	3	666	6	0	next	other	0
210218_RL#220_15g	1854	Picture	666	21512129	0	3	20305	6	0	next	other	0
210218_RL#220_15g	1855	Picture	777	21532434	0	3	20139	7	0	next	other	0
210218_RL#220_15g	1855	Manual	2	21552447	20013	NA
210218_RL#220_15g	1856	Sound	2122	21554042	1469	1			0		other	0
210218_RL#220_15g	1856	Port Input	1	21556773	4200	4
210218_RL#220_15g	1856	Response	1	21556773	4200	4
210218_RL#220_15g	1857	Picture	55	21557732	0	4	10153	7	0	next	false_alarm	7924
210218_RL#220_15g	1857	Port Input	1	21557994	262	4
210218_RL#220_15g	1857	Response	1	21557994	262	4
210218_RL#220_15g	1857	Port Input	1	21559480	1748	5
210218_RL#220_15g	1857	Response	1	21559480	1748	5
210218_RL#220_15g	1857	Port Input	1	21561136	3404	4
210218_RL#220_15g	1857	Response	1	21561136	3404	4
210218_RL#220_15g	1857	Port Input	1	21562752	5020	4
210218_RL#220_15g	1857	Response	1	21562752	5020	4
210218_RL#220_15g	1857	Port Input	1	21564332	6600	4
210218_RL#220_15g	1857	Response	1	21564332	6600	4
210218_RL#220_15g	1857	Port Input	1	21564336	6603	4
210218_RL#220_15g	1857	Response	1	21564336	6603	4
210218_RL#220_15g	1857	Port Input	1	21566311	8579	4
210218_RL#220_15g	1857	Response	1	21566311	8579	4
210218_RL#220_15g	1858	Picture	10	21567885	0	4	499	7	0	next	hit	7939
210218_RL#220_15g	1858	Port Input	1	21568169	284	4
210218_RL#220_15g	1858	Response	1	21568169	284	4
210218_RL#220_15g	1858	Port Input	1	21568172	288	4
210218_RL#220_15g	1858	Response	1	21568172	288	4
210218_RL#220_15g	1859	Picture	352	21568384	0	4	501	6	0	next	other	0
210218_RL#220_15g	1860	Picture	12	21568885	0	2	20305	3	0	next	false_alarm	7945
210218_RL#220_15g	1860	Port Input	1	21569745	861	3
210218_RL#220_15g	1860	Response	1	21569745	861	3
210218_RL#220_15g	1860	Port Input	1	21570827	1943	4
210218_RL#220_15g	1860	Response	1	21570827	1943	4
210218_RL#220_15g	1860	Port Input	1	21570831	1946	4
210218_RL#220_15g	1860	Response	1	21570831	1946	4
210218_RL#220_15g	1860	Port Input	1	21571970	3085	4
210218_RL#220_15g	1860	Response	1	21571970	3085	4
210218_RL#220_15g	1860	Port Input	1	21573250	4366	4
210218_RL#220_15g	1860	Response	1	21573250	4366	4
210218_RL#220_15g	1860	Port Input	1	21574620	5735	4
210218_RL#220_15g	1860	Response	1	21574620	5735	4
210218_RL#220_15g	1860	Port Input	1	21575970	7085	4
210218_RL#220_15g	1860	Response	1	21575970	7085	4
210218_RL#220_15g	1860	Port Input	1	21577346	8461	4
210218_RL#220_15g	1860	Response	1	21577346	8461	4
210218_RL#220_15g	1860	Port Input	1	21578914	10030	4
210218_RL#220_15g	1860	Response	1	21578914	10030	4
210218_RL#220_15g	1860	Port Input	1	21578918	10033	4
210218_RL#220_15g	1860	Response	1	21578918	10033	4
210218_RL#220_15g	1860	Port Input	1	21580403	11518	4
210218_RL#220_15g	1860	Response	1	21580403	11518	4
210218_RL#220_15g	1860	Port Input	1	21581849	12965	4
210218_RL#220_15g	1860	Response	1	21581849	12965	4
210218_RL#220_15g	1860	Port Input	1	21583440	14556	4
210218_RL#220_15g	1860	Response	1	21583440	14556	4
210218_RL#220_15g	1860	Port Input	1	21583444	14560	4
210218_RL#220_15g	1860	Response	1	21583444	14560	4
210218_RL#220_15g	1860	Port Input	1	21585042	16158	4
210218_RL#220_15g	1860	Response	1	21585042	16158	4
210218_RL#220_15g	1861	Picture	3521	21589189	0	1	832	2	0	next	other	0
210218_RL#220_15g	1862	Picture	666	21590022	0	1	20305	2	0	next	other	0
210218_RL#220_15g	1863	Picture	777	21610326	0	1	20303	4	0	next	other	0
210218_RL#220_15g	1863	Manual	2	21630344	20018	NA
210218_RL#220_15g	1864	Sound	2112	21632042	1412	1			0		other	0
210218_RL#220_15g	1865	Picture	55	21635956	0	4	10153	7	0	next	other	0
210218_RL#220_15g	1866	Picture	10	21646108	0	3	20138	7	0	next	miss	0
210218_RL#220_15g	1867	Picture	412	21666246	0	4	999	7	0	next	other	0
210218_RL#220_15g	1868	Picture	666	21667245	0	4	20138	7	0	next	other	0
210218_RL#220_15g	1869	Picture	777	21687383	0	4	20306	5	0	next	other	0
210218_RL#220_15g	1869	Manual	1	21707399	20015	NA
210218_RL#220_15g	1870	Sound	2122	21709042	1352	1			0		other	0
210218_RL#220_15g	1870	Port Input	1	21711651	3961	4
210218_RL#220_15g	1870	Response	1	21711651	3961	4
210218_RL#220_15g	1871	Picture	55	21713016	0	1	10319	1	0	next	false_alarm	7992
210218_RL#220_15g	1871	Port Input	1	21713080	64	6
210218_RL#220_15g	1871	Response	1	21713080	64	6
210218_RL#220_15g	1871	Port Input	1	21714706	1690	5
210218_RL#220_15g	1871	Response	1	21714706	1690	5
210218_RL#220_15g	1871	Port Input	1	21716537	3521	4
210218_RL#220_15g	1871	Response	1	21716537	3521	4
210218_RL#220_15g	1871	Port Input	1	21718187	5171	4
210218_RL#220_15g	1871	Response	1	21718187	5171	4
210218_RL#220_15g	1871	Port Input	1	21718192	5176	4
210218_RL#220_15g	1871	Response	1	21718192	5176	4
210218_RL#220_15g	1871	Port Input	1	21720169	7153	5
210218_RL#220_15g	1871	Response	1	21720169	7153	5
210218_RL#220_15g	1871	Port Input	1	21722857	9841	4
210218_RL#220_15g	1871	Response	1	21722857	9841	4
210218_RL#220_15g	1871	Port Input	1	21722861	9845	4
210218_RL#220_15g	1871	Response	1	21722861	9845	4
210218_RL#220_15g	1872	Picture	10	21723335	0	1	1997	1	0	next	hit	8007
210218_RL#220_15g	1872	Port Input	1	21725100	1766	4
210218_RL#220_15g	1872	Response	1	21725100	1766	4
210218_RL#220_15g	1872	Port Input	1	21725103	1769	4
210218_RL#220_15g	1872	Response	1	21725103	1769	4
210218_RL#220_15g	1873	Picture	352	21725332	0	1	666	1	0	next	other	0
210218_RL#220_15g	1874	Picture	12	21725997	0	1	20303	4	0	next	false_alarm	8013
210218_RL#220_15g	1874	Port Input	1	21726813	815	5
210218_RL#220_15g	1874	Response	1	21726813	815	5
210218_RL#220_15g	1874	Port Input	1	21727895	1898	4
210218_RL#220_15g	1874	Response	1	21727895	1898	4
210218_RL#220_15g	1874	Port Input	1	21729209	3212	4
210218_RL#220_15g	1874	Response	1	21729209	3212	4
210218_RL#220_15g	1874	Port Input	1	21730518	4521	3
210218_RL#220_15g	1874	Response	1	21730518	4521	3
210218_RL#220_15g	1874	Port Input	1	21731919	5922	4
210218_RL#220_15g	1874	Response	1	21731919	5922	4
210218_RL#220_15g	1874	Port Input	1	21733327	7330	4
210218_RL#220_15g	1874	Response	1	21733327	7330	4
210218_RL#220_15g	1874	Port Input	1	21734829	8831	4
210218_RL#220_15g	1874	Response	1	21734829	8831	4
210218_RL#220_15g	1874	Port Input	1	21736412	10414	4
210218_RL#220_15g	1874	Response	1	21736412	10414	4
210218_RL#220_15g	1874	Port Input	1	21741369	15372	4
210218_RL#220_15g	1874	Response	1	21741369	15372	4
210218_RL#220_15g	1874	Port Input	1	21742907	16910	4
210218_RL#220_15g	1874	Response	1	21742907	16910	4
210218_RL#220_15g	1874	Port Input	1	21744599	18602	4
210218_RL#220_15g	1874	Response	1	21744599	18602	4
210218_RL#220_15g	1875	Picture	3521	21746301	0	3	834	4	0	next	other	0
210218_RL#220_15g	1876	Picture	666	21747134	0	1	20303	5	0	next	other	0
210218_RL#220_15g	1877	Picture	777	21767437	0	4	20139	7	0	next	other	0
210218_RL#220_15g	1877	Manual	1	21787451	20014	NA
210218_RL#220_15g	1878	Sound	2122	21789042	1465	1			0		other	0
210218_RL#220_15g	1878	Port Input	1	21792047	4471	4
210218_RL#220_15g	1878	Response	1	21792047	4471	4
210218_RL#220_15g	1878	Port Input	1	21792051	4475	4
210218_RL#220_15g	1878	Response	1	21792051	4475	4
210218_RL#220_15g	1879	Picture	55	21792736	0	4	10152	8	0	next	false_alarm	8045
210218_RL#220_15g	1879	Port Input	1	21793387	651	4
210218_RL#220_15g	1879	Response	1	21793387	651	4
210218_RL#220_15g	1879	Port Input	1	21795116	2380	4
210218_RL#220_15g	1879	Response	1	21795116	2380	4
210218_RL#220_15g	1879	Port Input	1	21796823	4087	5
210218_RL#220_15g	1879	Response	1	21796823	4087	5
210218_RL#220_15g	1879	Port Input	1	21796827	4091	4
210218_RL#220_15g	1879	Response	1	21796827	4091	4
210218_RL#220_15g	1879	Port Input	1	21798532	5796	3
210218_RL#220_15g	1879	Response	1	21798532	5796	3
210218_RL#220_15g	1879	Port Input	1	21798535	5799	3
210218_RL#220_15g	1879	Response	1	21798535	5799	3
210218_RL#220_15g	1879	Port Input	1	21800189	7453	4
210218_RL#220_15g	1879	Response	1	21800189	7453	4
210218_RL#220_15g	1879	Port Input	1	21801676	8940	4
210218_RL#220_15g	1879	Response	1	21801676	8940	4
210218_RL#220_15g	1879	Port Input	1	21801679	8944	4
210218_RL#220_15g	1879	Response	1	21801679	8944	4
210218_RL#220_15g	1880	Picture	10	21802888	0	4	666	8	0	next	hit	8064
210218_RL#220_15g	1880	Port Input	1	21803403	515	4
210218_RL#220_15g	1880	Response	1	21803403	515	4
210218_RL#220_15g	1880	Port Input	1	21803407	519	4
210218_RL#220_15g	1880	Response	1	21803407	519	4
210218_RL#220_15g	1881	Picture	352	21803554	0	4	666	7	0	next	other	0
210218_RL#220_15g	1882	Picture	12	21804220	0	4	20306	5	0	next	false_alarm	8070
210218_RL#220_15g	1882	Port Input	1	21804901	681	4
210218_RL#220_15g	1882	Response	1	21804901	681	4
210218_RL#220_15g	1882	Port Input	1	21804904	684	3
210218_RL#220_15g	1882	Response	1	21804904	684	3
210218_RL#220_15g	1882	Port Input	1	21805906	1686	4
210218_RL#220_15g	1882	Response	1	21805906	1686	4
210218_RL#220_15g	1882	Port Input	1	21807088	2868	4
210218_RL#220_15g	1882	Response	1	21807088	2868	4
210218_RL#220_15g	1882	Port Input	1	21808358	4138	4
210218_RL#220_15g	1882	Response	1	21808358	4138	4
210218_RL#220_15g	1882	Port Input	1	21808361	4141	4
210218_RL#220_15g	1882	Response	1	21808361	4141	4
210218_RL#220_15g	1882	Port Input	1	21809798	5578	4
210218_RL#220_15g	1882	Response	1	21809798	5578	4
210218_RL#220_15g	1882	Port Input	1	21811213	6993	5
210218_RL#220_15g	1882	Response	1	21811213	6993	5
210218_RL#220_15g	1882	Port Input	1	21812638	8418	4
210218_RL#220_15g	1882	Response	1	21812638	8418	4
210218_RL#220_15g	1882	Port Input	1	21814229	10009	4
210218_RL#220_15g	1882	Response	1	21814229	10009	4
210218_RL#220_15g	1882	Port Input	1	21814233	10013	4
210218_RL#220_15g	1882	Response	1	21814233	10013	4
210218_RL#220_15g	1882	Port Input	1	21816150	11930	4
210218_RL#220_15g	1882	Response	1	21816150	11930	4
210218_RL#220_15g	1882	Port Input	1	21817972	13753	4
210218_RL#220_15g	1882	Response	1	21817972	13753	4
210218_RL#220_15g	1882	Port Input	1	21819655	15435	4
210218_RL#220_15g	1882	Response	1	21819655	15435	4
210218_RL#220_15g	1883	Picture	3521	21824526	0	1	832	2	0	next	other	0
210218_RL#220_15g	1883	Port Input	1	21824840	314	221
210218_RL#220_15g	1883	Response	1	21824840	314	221
210218_RL#220_15g	1884	Picture	666	21825358	0	1	20304	1	0	next	other	0
210218_RL#220_15g	1885	Picture	777	21845663	0	1	20303	4	0	next	other	0
210218_RL#220_15g	1885	Manual	2	21865677	20014	NA
210218_RL#220_15g	1886	Sound	2112	21867042	1075	1			0		other	0
210218_RL#220_15g	1887	Picture	55	21871292	0	3	10319	6	0	next	other	0
210218_RL#220_15g	1888	Picture	10	21881611	0	3	20138	7	0	next	miss	0
210218_RL#220_15g	1889	Picture	412	21901749	0	4	833	7	0	next	other	0
210218_RL#220_15g	1890	Picture	666	21902582	0	3	20132	13	0	next	other	0
210218_RL#220_15g	1891	Picture	777	21922714	0	10	20312	11	0	next	other	0
210218_RL#220_15g	1891	Manual	1	21942733	20018	NA
210218_RL#220_15g	1892	Sound	2122	21945041	2015	1			0		other	0
210218_RL#220_15g	1893	Picture	55	21948353	0	1	10319	2	0	next	false_alarm	8113
210218_RL#220_15g	1893	Port Input	1	21948744	391	3
210218_RL#220_15g	1893	Response	1	21948744	391	3
210218_RL#220_15g	1893	Port Input	1	21948748	396	3
210218_RL#220_15g	1893	Response	1	21948748	396	3
210218_RL#220_15g	1893	Port Input	1	21950125	1773	4
210218_RL#220_15g	1893	Response	1	21950125	1773	4
210218_RL#220_15g	1893	Port Input	1	21951848	3496	4
210218_RL#220_15g	1893	Response	1	21951848	3496	4
210218_RL#220_15g	1893	Port Input	1	21953623	5270	4
210218_RL#220_15g	1893	Response	1	21953623	5270	4
210218_RL#220_15g	1893	Port Input	1	21955319	6967	4
210218_RL#220_15g	1893	Response	1	21955319	6967	4
210218_RL#220_15g	1893	Port Input	1	21956907	8555	4
210218_RL#220_15g	1893	Response	1	21956907	8555	4
210218_RL#220_15g	1893	Port Input	1	21956911	8558	4
210218_RL#220_15g	1893	Response	1	21956911	8558	4
210218_RL#220_15g	1893	Port Input	1	21958533	10180	7
210218_RL#220_15g	1893	Response	1	21958533	10180	7
210218_RL#220_15g	1894	Picture	10	21958671	0	1	1664	2	0	next	hit	8132
210218_RL#220_15g	1894	Port Input	1	21960090	1419	4
210218_RL#220_15g	1894	Response	1	21960090	1419	4
210218_RL#220_15g	1894	Port Input	1	21960093	1422	4
210218_RL#220_15g	1894	Response	1	21960093	1422	4
210218_RL#220_15g	1895	Picture	352	21960335	0	1	666	2	0	next	other	0
210218_RL#220_15g	1896	Picture	12	21961001	0	1	20303	4	0	next	false_alarm	8138
210218_RL#220_15g	1896	Port Input	1	21961836	835	4
210218_RL#220_15g	1896	Response	1	21961836	835	4
210218_RL#220_15g	1896	Port Input	1	21962847	1846	4
210218_RL#220_15g	1896	Response	1	21962847	1846	4
210218_RL#220_15g	1896	Port Input	1	21964034	3033	4
210218_RL#220_15g	1896	Response	1	21964034	3033	4
210218_RL#220_15g	1896	Port Input	1	21964038	3036	4
210218_RL#220_15g	1896	Response	1	21964038	3036	4
210218_RL#220_15g	1896	Port Input	1	21965363	4361	4
210218_RL#220_15g	1896	Response	1	21965363	4361	4
210218_RL#220_15g	1896	Port Input	1	21966795	5794	4
210218_RL#220_15g	1896	Response	1	21966795	5794	4
210218_RL#220_15g	1896	Port Input	1	21968305	7304	4
210218_RL#220_15g	1896	Response	1	21968305	7304	4
210218_RL#220_15g	1896	Port Input	1	21968309	7307	4
210218_RL#220_15g	1896	Response	1	21968309	7307	4
210218_RL#220_15g	1896	Port Input	1	21969856	8854	4
210218_RL#220_15g	1896	Response	1	21969856	8854	4
210218_RL#220_15g	1896	Port Input	1	21971217	10216	4
210218_RL#220_15g	1896	Response	1	21971217	10216	4
210218_RL#220_15g	1896	Port Input	1	21971221	10220	5
210218_RL#220_15g	1896	Response	1	21971221	10220	5
210218_RL#220_15g	1896	Port Input	1	21972830	11829	4
210218_RL#220_15g	1896	Response	1	21972830	11829	4
210218_RL#220_15g	1897	Picture	3521	21981304	0	3	666	6	0	next	other	0
210218_RL#220_15g	1898	Picture	666	21981970	0	3	20305	6	0	next	other	0
210218_RL#220_15g	1899	Picture	777	22002275	0	4	20139	7	0	next	false_alarm	8165
210218_RL#220_15g	1899	Port Input	1	22005886	3611	4
210218_RL#220_15g	1899	Response	1	22005886	3611	4
210218_RL#220_15g	1899	Manual	2	22022288	20013	NA
210218_RL#220_15g	1900	Sound	2112	22024041	1627	1			0		other	0
210218_RL#220_15g	1901	Picture	55	22027575	0	2	10151	6	0	next	other	0
210218_RL#220_15g	1902	Picture	10	22037726	0	4	20306	5	0	next	miss	0
210218_RL#220_15g	1903	Picture	412	22058032	0	1	1165	2	0	next	other	0
210218_RL#220_15g	1904	Picture	666	22059197	0	1	20305	2	0	next	other	0
210218_RL#220_15g	1905	Picture	777	22079502	0	1	20304	4	0	next	other	0
210218_RL#220_15g	1905	Manual	1	22099519	20017	NA
210218_RL#220_15g	1906	Sound	2112	22101041	1236	1			0		other	0
210218_RL#220_15g	1907	Picture	55	22105131	0	3	10319	6	0	next	other	0
210218_RL#220_15g	1908	Picture	10	22115450	0	3	20138	7	0	next	miss	0
210218_RL#220_15g	1909	Picture	412	22135588	0	4	999	7	0	next	other	0
210218_RL#220_15g	1910	Picture	666	22136587	0	4	20139	8	0	next	other	0
210218_RL#220_15g	1911	Picture	777	22156725	0	4	20307	5	0	next	other	0
210218_RL#220_15g	1911	Manual	1	22176740	20014	NA
210218_RL#220_15g	1912	Sound	2122	22178041	1009	1			0		other	0
210218_RL#220_15g	1912	Port Input	1	22181872	4840	4
210218_RL#220_15g	1912	Response	1	22181872	4840	4
210218_RL#220_15g	1913	Picture	55	22182357	0	1	10319	2	0	next	false_alarm	8186
210218_RL#220_15g	1913	Port Input	1	22183179	821	3
210218_RL#220_15g	1913	Response	1	22183179	821	3
210218_RL#220_15g	1913	Port Input	1	22185243	2886	4
210218_RL#220_15g	1913	Response	1	22185243	2886	4
210218_RL#220_15g	1913	Port Input	1	22186832	4475	4
210218_RL#220_15g	1913	Response	1	22186832	4475	4
210218_RL#220_15g	1913	Port Input	1	22186836	4478	4
210218_RL#220_15g	1913	Response	1	22186836	4478	4
210218_RL#220_15g	1913	Port Input	1	22190053	7696	4
210218_RL#220_15g	1913	Response	1	22190053	7696	4
210218_RL#220_15g	1913	Port Input	1	22191691	9333	4
210218_RL#220_15g	1913	Response	1	22191691	9333	4
210218_RL#220_15g	1913	Port Input	1	22191694	9337	4
210218_RL#220_15g	1913	Response	1	22191694	9337	4
210218_RL#220_15g	1914	Picture	10	22192676	0	1	1498	2	0	next	hit	8201
210218_RL#220_15g	1914	Port Input	1	22193836	1159	4
210218_RL#220_15g	1914	Response	1	22193836	1159	4
210218_RL#220_15g	1914	Port Input	1	22193839	1163	4
210218_RL#220_15g	1914	Response	1	22193839	1163	4
210218_RL#220_15g	1915	Picture	352	22194174	0	1	666	2	0	next	other	0
210218_RL#220_15g	1916	Picture	12	22194840	0	1	20305	2	0	next	false_alarm	8207
210218_RL#220_15g	1916	Port Input	1	22196079	1239	3
210218_RL#220_15g	1916	Response	1	22196079	1239	3
210218_RL#220_15g	1916	Port Input	1	22197090	2250	4
210218_RL#220_15g	1916	Response	1	22197090	2250	4
210218_RL#220_15g	1916	Port Input	1	22197094	2254	4
210218_RL#220_15g	1916	Response	1	22197094	2254	4
210218_RL#220_15g	1916	Port Input	1	22198205	3365	4
210218_RL#220_15g	1916	Response	1	22198205	3365	4
210218_RL#220_15g	1916	Port Input	1	22198208	3368	4
210218_RL#220_15g	1916	Response	1	22198208	3368	4
210218_RL#220_15g	1916	Port Input	1	22199487	4647	4
210218_RL#220_15g	1916	Response	1	22199487	4647	4
210218_RL#220_15g	1916	Port Input	1	22200936	6096	4
210218_RL#220_15g	1916	Response	1	22200936	6096	4
210218_RL#220_15g	1916	Port Input	1	22202364	7524	4
210218_RL#220_15g	1916	Response	1	22202364	7524	4
210218_RL#220_15g	1916	Port Input	1	22203819	8979	4
210218_RL#220_15g	1916	Response	1	22203819	8979	4
210218_RL#220_15g	1916	Port Input	1	22205338	10498	3
210218_RL#220_15g	1916	Response	1	22205338	10498	3
210218_RL#220_15g	1916	Port Input	1	22207038	12198	4
210218_RL#220_15g	1916	Response	1	22207038	12198	4
210218_RL#220_15g	1917	Picture	3521	22215145	0	1	666	2	0	next	other	0
210218_RL#220_15g	1918	Picture	666	22215811	0	1	20305	2	0	next	other	0
210218_RL#220_15g	1919	Picture	777	22236116	0	1	20303	5	0	next	other	0
210218_RL#220_15g	1919	Manual	1	22256135	20019	NA
210218_RL#220_15g	1920	Sound	2112	22258041	1622	1			0		other	0
210218_RL#220_15g	1921	Picture	55	22261579	0	4	10153	7	0	next	other	0
210218_RL#220_15g	1922	Picture	10	22271731	0	4	20138	8	0	next	miss	0
210218_RL#220_15g	1923	Picture	412	22291869	0	5	1167	5	0	next	other	0
210218_RL#220_15g	1924	Picture	666	22293036	0	1	20305	1	0	next	other	0
210218_RL#220_15g	1925	Picture	777	22313341	0	1	20305	1	0	next	other	0
210218_RL#220_15g	1925	Manual	1	22333354	20013	NA
210218_RL#220_15g	1926	Sound	2122	22335041	1395	1			0		other	0
210218_RL#220_15g	1926	Port Input	1	22338813	5167	8
210218_RL#220_15g	1926	Response	1	22338813	5167	8
210218_RL#220_15g	1927	Picture	55	22338970	0	2	10319	5	0	next	false_alarm	8244
210218_RL#220_15g	1927	Port Input	1	22340232	1262	4
210218_RL#220_15g	1927	Response	1	22340232	1262	4
210218_RL#220_15g	1927	Port Input	1	22342059	3089	4
210218_RL#220_15g	1927	Response	1	22342059	3089	4
210218_RL#220_15g	1927	Port Input	1	22343798	4828	4
210218_RL#220_15g	1927	Response	1	22343798	4828	4
210218_RL#220_15g	1927	Port Input	1	22343801	4831	4
210218_RL#220_15g	1927	Response	1	22343801	4831	4
210218_RL#220_15g	1927	Port Input	1	22345477	6507	4
210218_RL#220_15g	1927	Response	1	22345477	6507	4
210218_RL#220_15g	1927	Port Input	1	22347247	8277	4
210218_RL#220_15g	1927	Response	1	22347247	8277	4
210218_RL#220_15g	1927	Port Input	1	22348837	9867	5
210218_RL#220_15g	1927	Response	1	22348837	9867	5
210218_RL#220_15g	1928	Picture	10	22349289	0	3	1326	12	0	next	hit	8259
210218_RL#220_15g	1928	Port Input	1	22350420	1131	4
210218_RL#220_15g	1928	Response	1	22350420	1131	4
210218_RL#220_15g	1928	Port Input	1	22350424	1135	4
210218_RL#220_15g	1928	Response	1	22350424	1135	4
210218_RL#220_15g	1929	Picture	352	22350615	0	9	671	12	0	next	other	0
210218_RL#220_15g	1930	Picture	12	22351286	0	3	20139	6	0	next	false_alarm	8265
210218_RL#220_15g	1930	Port Input	1	22352180	894	4
210218_RL#220_15g	1930	Response	1	22352180	894	4
210218_RL#220_15g	1930	Port Input	1	22353240	1955	4
210218_RL#220_15g	1930	Response	1	22353240	1955	4
210218_RL#220_15g	1930	Port Input	1	22353244	1958	4
210218_RL#220_15g	1930	Response	1	22353244	1958	4
210218_RL#220_15g	1930	Port Input	1	22354445	3159	4
210218_RL#220_15g	1930	Response	1	22354445	3159	4
210218_RL#220_15g	1930	Port Input	1	22355830	4544	4
210218_RL#220_15g	1930	Response	1	22355830	4544	4
210218_RL#220_15g	1930	Port Input	1	22357326	6040	5
210218_RL#220_15g	1930	Response	1	22357326	6040	5
210218_RL#220_15g	1930	Port Input	1	22358868	7582	4
210218_RL#220_15g	1930	Response	1	22358868	7582	4
210218_RL#220_15g	1930	Port Input	1	22358873	7587	4
210218_RL#220_15g	1930	Response	1	22358873	7587	4
210218_RL#220_15g	1930	Port Input	1	22360447	9161	4
210218_RL#220_15g	1930	Response	1	22360447	9161	4
210218_RL#220_15g	1930	Port Input	1	22360450	9164	4
210218_RL#220_15g	1930	Response	1	22360450	9164	4
210218_RL#220_15g	1930	Port Input	1	22362146	10860	4
210218_RL#220_15g	1930	Response	1	22362146	10860	4
210218_RL#220_15g	1930	Port Input	1	22364103	12817	4
210218_RL#220_15g	1930	Response	1	22364103	12817	4
210218_RL#220_15g	1930	Port Input	1	22365443	14157	4
210218_RL#220_15g	1930	Response	1	22365443	14157	4
210218_RL#220_15g	1930	Port Input	1	22365447	14161	4
210218_RL#220_15g	1930	Response	1	22365447	14161	4
210218_RL#220_15g	1930	Port Input	1	22370531	19245	5
210218_RL#220_15g	1930	Response	1	22370531	19245	5
210218_RL#220_15g	1931	Picture	3521	22371425	0	4	834	5	0	next	other	0
210218_RL#220_15g	1932	Picture	666	22372258	0	2	20137	5	0	next	other	0
210218_RL#220_15g	1933	Picture	777	22392395	0	4	20306	5	0	next	other	0
210218_RL#220_15g	1933	Manual	2	22412410	20014	NA
210218_RL#220_15g	1934	Sound	2112	22414041	1340	1			0		other	0
210218_RL#220_15g	1935	Picture	55	22418027	0	1	10319	2	0	next	other	0
210218_RL#220_15g	1936	Picture	10	22428346	0	1	20305	2	0	next	miss	0
210218_RL#220_15g	1937	Picture	412	22448651	0	1	999	2	0	next	other	0
210218_RL#220_15g	1938	Picture	666	22449650	0	1	20303	4	0	next	other	0
210218_RL#220_15g	1939	Picture	777	22469953	0	4	20305	7	0	next	other	0
210218_RL#220_15g	1939	Manual	1	22489969	20016	NA
210218_RL#220_15g	1940	Sound	2122	22492041	1783	1			0		other	0
210218_RL#220_15g	1940	Port Input	1	22494749	4491	4
210218_RL#220_15g	1940	Response	1	22494749	4491	4
210218_RL#220_15g	1941	Picture	55	22495417	0	4	10153	8	0	next	false_alarm	8310
210218_RL#220_15g	1941	Port Input	1	22496138	720	4
210218_RL#220_15g	1941	Response	1	22496138	720	4
210218_RL#220_15g	1941	Port Input	1	22497873	2456	4
210218_RL#220_15g	1941	Response	1	22497873	2456	4
210218_RL#220_15g	1941	Port Input	1	22499591	4174	4
210218_RL#220_15g	1941	Response	1	22499591	4174	4
210218_RL#220_15g	1941	Port Input	1	22501356	5939	4
210218_RL#220_15g	1941	Response	1	22501356	5939	4
210218_RL#220_15g	1941	Port Input	1	22502967	7549	4
210218_RL#220_15g	1941	Response	1	22502967	7549	4
210218_RL#220_15g	1941	Port Input	1	22504612	9195	9
210218_RL#220_15g	1941	Response	1	22504612	9195	9
210218_RL#220_15g	1942	Picture	10	22505570	0	4	832	7	0	next	hit	8323
210218_RL#220_15g	1942	Port Input	1	22506207	637	4
210218_RL#220_15g	1942	Response	1	22506207	637	4
210218_RL#220_15g	1943	Picture	352	22506402	0	4	499	8	0	next	other	0
210218_RL#220_15g	1944	Picture	12	22506901	0	4	20139	8	0	next	false_alarm	8327
210218_RL#220_15g	1944	Port Input	1	22507685	784	4
210218_RL#220_15g	1944	Response	1	22507685	784	4
210218_RL#220_15g	1944	Port Input	1	22507689	788	4
210218_RL#220_15g	1944	Response	1	22507689	788	4
210218_RL#220_15g	1944	Port Input	1	22508787	1886	4
210218_RL#220_15g	1944	Response	1	22508787	1886	4
210218_RL#220_15g	1944	Port Input	1	22510079	3178	4
210218_RL#220_15g	1944	Response	1	22510079	3178	4
210218_RL#220_15g	1944	Port Input	1	22511466	4565	4
210218_RL#220_15g	1944	Response	1	22511466	4565	4
210218_RL#220_15g	1944	Port Input	1	22511470	4569	4
210218_RL#220_15g	1944	Response	1	22511470	4569	4
210218_RL#220_15g	1944	Port Input	1	22512979	6078	4
210218_RL#220_15g	1944	Response	1	22512979	6078	4
210218_RL#220_15g	1944	Port Input	1	22514391	7490	4
210218_RL#220_15g	1944	Response	1	22514391	7490	4
210218_RL#220_15g	1944	Port Input	1	22515908	9007	4
210218_RL#220_15g	1944	Response	1	22515908	9007	4
210218_RL#220_15g	1944	Port Input	1	22515912	9011	4
210218_RL#220_15g	1944	Response	1	22515912	9011	4
210218_RL#220_15g	1944	Port Input	1	22517829	10928	4
210218_RL#220_15g	1944	Response	1	22517829	10928	4
210218_RL#220_15g	1944	Port Input	1	22519389	12488	4
210218_RL#220_15g	1944	Response	1	22519389	12488	4
210218_RL#220_15g	1944	Port Input	1	22522906	16005	4
210218_RL#220_15g	1944	Response	1	22522906	16005	4
210218_RL#220_15g	1944	Port Input	1	22522910	16009	4
210218_RL#220_15g	1944	Response	1	22522910	16009	4
210218_RL#220_15g	1945	Picture	3521	22527040	0	4	832	8	0	next	other	0
210218_RL#220_15g	1946	Picture	666	22527872	0	4	20306	5	0	next	other	0
210218_RL#220_15g	1947	Picture	777	22548178	0	1	20305	1	0	next	other	0
210218_RL#220_15g	1947	Manual	1	22568194	20016	NA
210218_RL#220_15g	1948	Sound	2112	22570041	1558	1			0		other	0
210218_RL#220_15g	1949	Picture	55	22573807	0	3	10319	6	0	next	other	0
210218_RL#220_15g	1950	Picture	10	22584126	0	3	20306	6	0	next	miss	0
210218_RL#220_15g	1951	Picture	412	22604432	0	3	832	6	0	next	other	0
210218_RL#220_15g	1952	Picture	666	22605264	0	3	20138	7	0	next	other	0
210218_RL#220_15g	1953	Picture	777	22625402	0	4	20139	8	0	next	other	0
210218_RL#220_15g	1953	Manual	1	22645415	20014	NA
210218_RL#220_15g	1954	Sound	2122	22647041	1501	1			0		other	0
210218_RL#220_15g	1954	Port Input	1	22650053	4513	4
210218_RL#220_15g	1954	Response	1	22650053	4513	4
210218_RL#220_15g	1955	Picture	55	22650867	0	1	10319	2	0	next	false_alarm	8370
210218_RL#220_15g	1955	Port Input	1	22651243	375	3
210218_RL#220_15g	1955	Response	1	22651243	375	3
210218_RL#220_15g	1955	Port Input	1	22651247	380	3
210218_RL#220_15g	1955	Response	1	22651247	380	3
210218_RL#220_15g	1955	Port Input	1	22652837	1969	4
210218_RL#220_15g	1955	Response	1	22652837	1969	4
210218_RL#220_15g	1955	Port Input	1	22654548	3681	4
210218_RL#220_15g	1955	Response	1	22654548	3681	4
210218_RL#220_15g	1955	Port Input	1	22654552	3685	4
210218_RL#220_15g	1955	Response	1	22654552	3685	4
210218_RL#220_15g	1955	Port Input	1	22656197	5330	4
210218_RL#220_15g	1955	Response	1	22656197	5330	4
210218_RL#220_15g	1955	Port Input	1	22657752	6885	5
210218_RL#220_15g	1955	Response	1	22657752	6885	5
210218_RL#220_15g	1955	Port Input	1	22659278	8411	4
210218_RL#220_15g	1955	Response	1	22659278	8411	4
210218_RL#220_15g	1955	Port Input	1	22660747	9879	4
210218_RL#220_15g	1955	Response	1	22660747	9879	4
210218_RL#220_15g	1956	Picture	10	22661187	0	1	1331	2	0	next	hit	8389
210218_RL#220_15g	1956	Port Input	1	22662145	958	4
210218_RL#220_15g	1956	Response	1	22662145	958	4
210218_RL#220_15g	1957	Picture	352	22662518	0	1	499	1	0	next	other	0
210218_RL#220_15g	1958	Picture	12	22663017	0	1	20305	2	0	next	false_alarm	8393
210218_RL#220_15g	1958	Port Input	1	22663540	523	3
210218_RL#220_15g	1958	Response	1	22663540	523	3
210218_RL#220_15g	1958	Port Input	1	22664612	1594	4
210218_RL#220_15g	1958	Response	1	22664612	1594	4
210218_RL#220_15g	1958	Port Input	1	22665808	2790	3
210218_RL#220_15g	1958	Response	1	22665808	2790	3
210218_RL#220_15g	1958	Port Input	1	22667158	4141	4
210218_RL#220_15g	1958	Response	1	22667158	4141	4
210218_RL#220_15g	1958	Port Input	1	22667164	4146	4
210218_RL#220_15g	1958	Response	1	22667164	4146	4
210218_RL#220_15g	1958	Port Input	1	22668590	5573	4
210218_RL#220_15g	1958	Response	1	22668590	5573	4
210218_RL#220_15g	1958	Port Input	1	22669971	6953	4
210218_RL#220_15g	1958	Response	1	22669971	6953	4
210218_RL#220_15g	1958	Port Input	1	22671512	8495	4
210218_RL#220_15g	1958	Response	1	22671512	8495	4
210218_RL#220_15g	1958	Port Input	1	22671516	8498	4
210218_RL#220_15g	1958	Response	1	22671516	8498	4
210218_RL#220_15g	1958	Port Input	1	22674610	11593	5
210218_RL#220_15g	1958	Response	1	22674610	11593	5
210218_RL#220_15g	1958	Port Input	1	22676647	13630	4
210218_RL#220_15g	1958	Response	1	22676647	13630	4
210218_RL#220_15g	1958	Port Input	1	22676651	13634	4
210218_RL#220_15g	1958	Response	1	22676651	13634	4
210218_RL#220_15g	1958	Port Input	1	22678326	15309	4
210218_RL#220_15g	1958	Response	1	22678326	15309	4
210218_RL#220_15g	1958	Port Input	1	22680012	16994	4
210218_RL#220_15g	1958	Response	1	22680012	16994	4
210218_RL#220_15g	1958	Port Input	1	22680016	16998	4
210218_RL#220_15g	1958	Response	1	22680016	16998	4
210218_RL#220_15g	1959	Picture	3521	22683322	0	1	666	2	0	next	other	0
210218_RL#220_15g	1960	Picture	666	22683988	0	1	20303	4	0	next	other	0
210218_RL#220_15g	1961	Picture	777	22704291	0	3	20306	5	0	next	other	0
210218_RL#220_15g	1961	Manual	2	22724305	20014	NA
210218_RL#220_15g	1962	Sound	2122	22726041	1443	1			0		other	0
210218_RL#220_15g	1962	Port Input	1	22729265	4668	4
210218_RL#220_15g	1962	Response	1	22729265	4668	4
210218_RL#220_15g	1963	Picture	55	22729756	0	4	10152	7	0	next	false_alarm	8431
210218_RL#220_15g	1963	Port Input	1	22730629	874	4
210218_RL#220_15g	1963	Response	1	22730629	874	4
210218_RL#220_15g	1963	Port Input	1	22732264	2509	4
210218_RL#220_15g	1963	Response	1	22732264	2509	4
210218_RL#220_15g	1963	Port Input	1	22732268	2512	4
210218_RL#220_15g	1963	Response	1	22732268	2512	4
210218_RL#220_15g	1963	Port Input	1	22733845	4089	4
210218_RL#220_15g	1963	Response	1	22733845	4089	4
210218_RL#220_15g	1963	Port Input	1	22735859	6103	4
210218_RL#220_15g	1963	Response	1	22735859	6103	4
210218_RL#220_15g	1963	Port Input	1	22738782	9026	5
210218_RL#220_15g	1963	Response	1	22738782	9026	5
210218_RL#220_15g	1964	Picture	10	22739908	0	4	667	5	0	next	hit	8444
210218_RL#220_15g	1964	Port Input	1	22740300	392	3
210218_RL#220_15g	1964	Response	1	22740300	392	3
210218_RL#220_15g	1965	Picture	352	22740575	0	2	499	4	0	next	other	0
210218_RL#220_15g	1966	Picture	12	22741075	0	2	20137	6	0	next	false_alarm	8448
210218_RL#220_15g	1966	Port Input	1	22741858	783	4
210218_RL#220_15g	1966	Response	1	22741858	783	4
210218_RL#220_15g	1966	Port Input	1	22741861	787	4
210218_RL#220_15g	1966	Response	1	22741861	787	4
210218_RL#220_15g	1966	Port Input	1	22742945	1870	4
210218_RL#220_15g	1966	Response	1	22742945	1870	4
210218_RL#220_15g	1966	Port Input	1	22744075	3000	4
210218_RL#220_15g	1966	Response	1	22744075	3000	4
210218_RL#220_15g	1966	Port Input	1	22745307	4233	4
210218_RL#220_15g	1966	Response	1	22745307	4233	4
210218_RL#220_15g	1966	Port Input	1	22746578	5504	4
210218_RL#220_15g	1966	Response	1	22746578	5504	4
210218_RL#220_15g	1966	Port Input	1	22746582	5507	4
210218_RL#220_15g	1966	Response	1	22746582	5507	4
210218_RL#220_15g	1966	Port Input	1	22747867	6793	4
210218_RL#220_15g	1966	Response	1	22747867	6793	4
210218_RL#220_15g	1966	Port Input	1	22749227	8152	4
210218_RL#220_15g	1966	Response	1	22749227	8152	4
210218_RL#220_15g	1966	Port Input	1	22749230	8156	4
210218_RL#220_15g	1966	Response	1	22749230	8156	4
210218_RL#220_15g	1966	Port Input	1	22750710	9635	4
210218_RL#220_15g	1966	Response	1	22750710	9635	4
210218_RL#220_15g	1966	Port Input	1	22752477	11402	4
210218_RL#220_15g	1966	Response	1	22752477	11402	4
210218_RL#220_15g	1966	Port Input	1	22752481	11406	4
210218_RL#220_15g	1966	Response	1	22752481	11406	4
210218_RL#220_15g	1966	Port Input	1	22756484	15409	4
210218_RL#220_15g	1966	Response	1	22756484	15409	4
210218_RL#220_15g	1966	Port Input	1	22756487	15413	4
210218_RL#220_15g	1966	Response	1	22756487	15413	4
210218_RL#220_15g	1966	Port Input	1	22758694	17619	4
210218_RL#220_15g	1966	Response	1	22758694	17619	4
210218_RL#220_15g	1966	Port Input	1	22758698	17623	4
210218_RL#220_15g	1966	Response	1	22758698	17623	4
210218_RL#220_15g	1966	Port Input	1	22760857	19782	4
210218_RL#220_15g	1966	Response	1	22760857	19782	4
210218_RL#220_15g	1966	Port Input	1	22760863	19788	4
210218_RL#220_15g	1966	Response	1	22760863	19788	4
210218_RL#220_15g	1967	Picture	3521	22761212	0	4	667	6	0	next	other	0
210218_RL#220_15g	1968	Picture	666	22761879	0	2	20304	3	0	next	other	0
210218_RL#220_15g	1969	Picture	777	22782183	0	1	20305	2	0	next	other	0
210218_RL#220_15g	1969	Manual	1	22802198	20015	NA
210218_RL#220_15g	1970	Sound	2112	22804041	1552	1			0		other	0
210218_RL#220_15g	1971	Picture	55	22807814	0	1	10319	2	0	next	other	0
210218_RL#220_15g	1972	Picture	10	22818133	0	1	20303	4	0	next	miss	0
210218_RL#220_15g	1973	Picture	412	22838436	0	3	999	6	0	next	other	0
210218_RL#220_15g	1974	Picture	666	22839435	0	3	20138	6	0	next	other	0
210218_RL#220_15g	1975	Picture	777	22859574	0	4	20139	7	0	next	other	0
210218_RL#220_15g	1975	Manual	1	22879590	20017	NA
210218_RL#220_15g	1976	Sound	2122	22881041	1328	1			0		other	0
210218_RL#220_15g	1976	Port Input	1	22884368	4656	4
210218_RL#220_15g	1976	Response	1	22884368	4656	4
210218_RL#220_15g	1977	Picture	55	22884871	0	4	10321	5	0	next	false_alarm	8501
210218_RL#220_15g	1977	Port Input	1	22886022	1151	4
210218_RL#220_15g	1977	Response	1	22886022	1151	4
210218_RL#220_15g	1977	Port Input	1	22887888	3017	4
210218_RL#220_15g	1977	Response	1	22887888	3017	4
210218_RL#220_15g	1977	Port Input	1	22889616	4745	4
210218_RL#220_15g	1977	Response	1	22889616	4745	4
210218_RL#220_15g	1977	Port Input	1	22891303	6432	4
210218_RL#220_15g	1977	Response	1	22891303	6432	4
210218_RL#220_15g	1977	Port Input	1	22892923	8052	4
210218_RL#220_15g	1977	Response	1	22892923	8052	4
210218_RL#220_15g	1977	Port Input	1	22894721	9850	4
210218_RL#220_15g	1977	Response	1	22894721	9850	4
210218_RL#220_15g	1978	Picture	10	22895192	0	1	1498	1	0	next	hit	8514
210218_RL#220_15g	1978	Port Input	1	22896299	1107	4
210218_RL#220_15g	1978	Response	1	22896299	1107	4
210218_RL#220_15g	1979	Picture	352	22896690	0	1	499	1	0	next	other	0
210218_RL#220_15g	1980	Picture	12	22897189	0	1	20305	1	0	next	false_alarm	8518
210218_RL#220_15g	1980	Port Input	1	22897791	602	4
210218_RL#220_15g	1980	Response	1	22897791	602	4
210218_RL#220_15g	1980	Port Input	1	22898952	1762	4
210218_RL#220_15g	1980	Response	1	22898952	1762	4
210218_RL#220_15g	1980	Port Input	1	22900337	3148	4
210218_RL#220_15g	1980	Response	1	22900337	3148	4
210218_RL#220_15g	1980	Port Input	1	22901814	4625	4
210218_RL#220_15g	1980	Response	1	22901814	4625	4
210218_RL#220_15g	1980	Port Input	1	22901818	4628	4
210218_RL#220_15g	1980	Response	1	22901818	4628	4
210218_RL#220_15g	1980	Port Input	1	22903303	6114	4
210218_RL#220_15g	1980	Response	1	22903303	6114	4
210218_RL#220_15g	1980	Port Input	1	22904847	7657	4
210218_RL#220_15g	1980	Response	1	22904847	7657	4
210218_RL#220_15g	1980	Port Input	1	22904850	7661	4
210218_RL#220_15g	1980	Response	1	22904850	7661	4
210218_RL#220_15g	1980	Port Input	1	22906288	9099	4
210218_RL#220_15g	1980	Response	1	22906288	9099	4
210218_RL#220_15g	1980	Port Input	1	22906292	9103	4
210218_RL#220_15g	1980	Response	1	22906292	9103	4
210218_RL#220_15g	1980	Port Input	1	22907686	10497	4
210218_RL#220_15g	1980	Response	1	22907686	10497	4
210218_RL#220_15g	1980	Port Input	1	22909350	12160	4
210218_RL#220_15g	1980	Response	1	22909350	12160	4
210218_RL#220_15g	1980	Port Input	1	22911046	13857	4
210218_RL#220_15g	1980	Response	1	22911046	13857	4
210218_RL#220_15g	1980	Port Input	1	22911051	13862	4
210218_RL#220_15g	1980	Response	1	22911051	13862	4
210218_RL#220_15g	1980	Port Input	1	22912747	15558	4
210218_RL#220_15g	1980	Response	1	22912747	15558	4
210218_RL#220_15g	1981	Picture	3521	22917494	0	1	832	1	0	next	other	0
210218_RL#220_15g	1982	Picture	666	22918326	0	1	20303	4	0	next	other	0
210218_RL#220_15g	1983	Picture	777	22938629	0	3	20305	7	0	next	other	0
210218_RL#220_15g	1983	Manual	1	22958645	20016	NA
210218_RL#220_15g	1984	Sound	2112	22960041	1107	1			0		other	0
210218_RL#220_15g	1985	Picture	55	22964094	0	4	10153	7	0	next	other	0
210218_RL#220_15g	1986	Picture	10	22974246	0	4	20139	7	0	next	miss	0
210218_RL#220_15g	1987	Picture	412	22994385	0	4	1000	6	0	next	other	0
210218_RL#220_15g	1988	Picture	666	22995385	0	3	20305	3	0	next	other	0
210218_RL#220_15g	1989	Picture	777	23015690	0	1	20305	2	0	next	other	0
210218_RL#220_15g	1989	Manual	1	23035702	20013	NA
210218_RL#220_15g	1990	Sound	2122	23038040	2046	1			0		other	0
210218_RL#220_15g	1990	Port Input	1	23040753	4758	4
210218_RL#220_15g	1990	Response	1	23040753	4758	4
210218_RL#220_15g	1990	Port Input	1	23040757	4762	4
210218_RL#220_15g	1990	Response	1	23040757	4762	4
210218_RL#220_15g	1991	Picture	55	23041320	0	1	10317	3	0	next	false_alarm	8565
210218_RL#220_15g	1991	Port Input	1	23042185	864	4
210218_RL#220_15g	1991	Response	1	23042185	864	4
210218_RL#220_15g	1991	Port Input	1	23043758	2438	4
210218_RL#220_15g	1991	Response	1	23043758	2438	4
210218_RL#220_15g	1991	Port Input	1	23045513	4193	4
210218_RL#220_15g	1991	Response	1	23045513	4193	4
210218_RL#220_15g	1991	Port Input	1	23047210	5890	5
210218_RL#220_15g	1991	Response	1	23047210	5890	5
210218_RL#220_15g	1991	Port Input	1	23048880	7560	4
210218_RL#220_15g	1991	Response	1	23048880	7560	4
210218_RL#220_15g	1991	Port Input	1	23050467	9147	4
210218_RL#220_15g	1991	Response	1	23050467	9147	4
210218_RL#220_15g	1992	Picture	10	23051638	0	3	665	5	0	next	hit	8578
210218_RL#220_15g	1992	Port Input	1	23051996	358	4
210218_RL#220_15g	1992	Response	1	23051996	358	4
210218_RL#220_15g	1992	Port Input	1	23051999	362	4
210218_RL#220_15g	1992	Response	1	23051999	362	4
210218_RL#220_15g	1993	Picture	352	23052303	0	3	501	4	0	next	other	0
210218_RL#220_15g	1994	Picture	12	23052804	0	1	20305	2	0	next	false_alarm	8584
210218_RL#220_15g	1994	Port Input	1	23053482	678	5
210218_RL#220_15g	1994	Response	1	23053482	678	5
210218_RL#220_15g	1994	Port Input	1	23054530	1725	4
210218_RL#220_15g	1994	Response	1	23054530	1725	4
210218_RL#220_15g	1994	Port Input	1	23054533	1729	4
210218_RL#220_15g	1994	Response	1	23054533	1729	4
210218_RL#220_15g	1994	Port Input	1	23055778	2974	5
210218_RL#220_15g	1994	Response	1	23055778	2974	5
210218_RL#220_15g	1994	Port Input	1	23057128	4323	4
210218_RL#220_15g	1994	Response	1	23057128	4323	4
210218_RL#220_15g	1994	Port Input	1	23057131	4327	4
210218_RL#220_15g	1994	Response	1	23057131	4327	4
210218_RL#220_15g	1994	Port Input	1	23058593	5789	4
210218_RL#220_15g	1994	Response	1	23058593	5789	4
210218_RL#220_15g	1994	Port Input	1	23060163	7359	4
210218_RL#220_15g	1994	Response	1	23060163	7359	4
210218_RL#220_15g	1994	Port Input	1	23061823	9019	4
210218_RL#220_15g	1994	Response	1	23061823	9019	4
210218_RL#220_15g	1994	Port Input	1	23061829	9024	4
210218_RL#220_15g	1994	Response	1	23061829	9024	4
210218_RL#220_15g	1994	Port Input	1	23063581	10777	4
210218_RL#220_15g	1994	Response	1	23063581	10777	4
210218_RL#220_15g	1994	Port Input	1	23065150	12345	4
210218_RL#220_15g	1994	Response	1	23065150	12345	4
210218_RL#220_15g	1994	Port Input	1	23070240	17436	4
210218_RL#220_15g	1994	Response	1	23070240	17436	4
210218_RL#220_15g	1994	Port Input	1	23072232	19428	4
210218_RL#220_15g	1994	Response	1	23072232	19428	4
210218_RL#220_15g	1995	Picture	3521	23073109	0	2	832	3	0	next	other	0
210218_RL#220_15g	1996	Picture	666	23073941	0	2	20137	5	0	next	false_alarm	8614
210218_RL#220_15g	1996	Port Input	1	23077548	3606	4
210218_RL#220_15g	1996	Response	1	23077548	3606	4
210218_RL#220_15g	1996	Port Input	1	23077552	3610	4
210218_RL#220_15g	1996	Response	1	23077552	3610	4
210218_RL#220_15g	1996	Port Input	1	23079230	5288	4
210218_RL#220_15g	1996	Response	1	23079230	5288	4
210218_RL#220_15g	1996	Port Input	1	23082772	8830	4
210218_RL#220_15g	1996	Response	1	23082772	8830	4
210218_RL#220_15g	1996	Port Input	1	23082775	8834	3
210218_RL#220_15g	1996	Response	1	23082775	8834	3
210218_RL#220_15g	1996	Port Input	1	23084567	10626	4
210218_RL#220_15g	1996	Response	1	23084567	10626	4
210218_RL#220_15g	1997	Picture	777	23094078	0	4	20139	8	0	next	other	0
210218_RL#220_15g	1997	Manual	2	23114093	20015	NA
210218_RL#220_15g	1998	Sound	2112	23116040	1824	1			0		other	0
210218_RL#220_15g	1999	Picture	55	23119376	0	4	10320	5	0	next	other	0
210218_RL#220_15g	2000	Picture	10	23129696	0	1	20305	2	0	next	miss	0
210218_RL#220_15g	2001	Picture	412	23150001	0	1	999	2	0	next	other	0
210218_RL#220_15g	2002	Picture	666	23151000	0	1	20303	4	0	next	other	0
210218_RL#220_15g	2003	Picture	777	23171303	0	3	20305	6	0	next	other	0
210218_RL#220_15g	2003	Manual	1	23191321	20018	NA
210218_RL#220_15g	2004	Sound	2122	23193040	1433	1			0		other	0
210218_RL#220_15g	2004	Port Input	1	23195525	3917	4
210218_RL#220_15g	2004	Response	1	23195525	3917	4
210218_RL#220_15g	2004	Port Input	1	23195529	3921	4
210218_RL#220_15g	2004	Response	1	23195529	3921	4
210218_RL#220_15g	2005	Picture	55	23196767	0	4	10153	7	0	next	false_alarm	8641
210218_RL#220_15g	2005	Port Input	1	23196853	86	4
210218_RL#220_15g	2005	Response	1	23196853	86	4
210218_RL#220_15g	2005	Port Input	1	23198561	1794	4
210218_RL#220_15g	2005	Response	1	23198561	1794	4
210218_RL#220_15g	2005	Port Input	1	23200320	3553	4
210218_RL#220_15g	2005	Response	1	23200320	3553	4
210218_RL#220_15g	2005	Port Input	1	23201921	5154	4
210218_RL#220_15g	2005	Response	1	23201921	5154	4
210218_RL#220_15g	2005	Port Input	1	23203426	6659	4
210218_RL#220_15g	2005	Response	1	23203426	6659	4
210218_RL#220_15g	2005	Port Input	1	23203429	6662	4
210218_RL#220_15g	2005	Response	1	23203429	6662	4
210218_RL#220_15g	2005	Port Input	1	23204886	8119	4
210218_RL#220_15g	2005	Response	1	23204886	8119	4
210218_RL#220_15g	2005	Port Input	1	23204890	8123	4
210218_RL#220_15g	2005	Response	1	23204890	8123	4
210218_RL#220_15g	2005	Port Input	1	23206366	9599	4
210218_RL#220_15g	2005	Response	1	23206366	9599	4
210218_RL#220_15g	2005	Port Input	1	23206369	9602	4
210218_RL#220_15g	2005	Response	1	23206369	9602	4
210218_RL#220_15g	2006	Picture	10	23206920	0	4	1165	7	0	next	hit	8662
210218_RL#220_15g	2006	Port Input	1	23207830	910	4
210218_RL#220_15g	2006	Response	1	23207830	910	4
210218_RL#220_15g	2007	Picture	352	23208085	0	4	501	5	0	next	other	0
210218_RL#220_15g	2008	Picture	12	23208586	0	2	20137	5	0	next	false_alarm	8666
210218_RL#220_15g	2008	Port Input	1	23209261	676	4
210218_RL#220_15g	2008	Response	1	23209261	676	4
210218_RL#220_15g	2008	Port Input	1	23209265	679	4
210218_RL#220_15g	2008	Response	1	23209265	679	4
210218_RL#220_15g	2008	Port Input	1	23210300	1715	4
210218_RL#220_15g	2008	Response	1	23210300	1715	4
210218_RL#220_15g	2008	Port Input	1	23211532	2946	5
210218_RL#220_15g	2008	Response	1	23211532	2946	5
210218_RL#220_15g	2008	Port Input	1	23212880	4294	4
210218_RL#220_15g	2008	Response	1	23212880	4294	4
210218_RL#220_15g	2008	Port Input	1	23212885	4299	4
210218_RL#220_15g	2008	Response	1	23212885	4299	4
210218_RL#220_15g	2008	Port Input	1	23214212	5627	4
210218_RL#220_15g	2008	Response	1	23214212	5627	4
210218_RL#220_15g	2008	Port Input	1	23215583	6997	4
210218_RL#220_15g	2008	Response	1	23215583	6997	4
210218_RL#220_15g	2008	Port Input	1	23217123	8538	4
210218_RL#220_15g	2008	Response	1	23217123	8538	4
210218_RL#220_15g	2008	Port Input	1	23217127	8541	4
210218_RL#220_15g	2008	Response	1	23217127	8541	4
210218_RL#220_15g	2008	Port Input	1	23218932	10346	4
210218_RL#220_15g	2008	Response	1	23218932	10346	4
210218_RL#220_15g	2008	Port Input	1	23218935	10350	4
210218_RL#220_15g	2008	Response	1	23218935	10350	4
210218_RL#220_15g	2008	Port Input	1	23220506	11920	5
210218_RL#220_15g	2008	Response	1	23220506	11920	5
210218_RL#220_15g	2008	Port Input	1	23222044	13458	5
210218_RL#220_15g	2008	Response	1	23222044	13458	5
210218_RL#220_15g	2008	Port Input	1	23223705	15119	4
210218_RL#220_15g	2008	Response	1	23223705	15119	4
210218_RL#220_15g	2008	Port Input	1	23223709	15123	4
210218_RL#220_15g	2008	Response	1	23223709	15123	4
210218_RL#220_15g	2008	Port Input	1	23225246	16660	4
210218_RL#220_15g	2008	Response	1	23225246	16660	4
210218_RL#220_15g	2008	Port Input	1	23226883	18297	4
210218_RL#220_15g	2008	Response	1	23226883	18297	4
210218_RL#220_15g	2008	Port Input	1	23226886	18301	4
210218_RL#220_15g	2008	Response	1	23226886	18301	4
210218_RL#220_15g	2008	Port Input	1	23228487	19901	4
210218_RL#220_15g	2008	Response	1	23228487	19901	4
210218_RL#220_15g	2008	Port Input	1	23228490	19905	4
210218_RL#220_15g	2008	Response	1	23228490	19905	4
210218_RL#220_15g	2009	Picture	3521	23228723	0	4	667	5	0	next	other	0
210218_RL#220_15g	2010	Picture	666	23229390	0	2	20304	3	0	next	false_alarm	8710
210218_RL#220_15g	2010	Port Input	1	23229877	487	5
210218_RL#220_15g	2010	Response	1	23229877	487	5
210218_RL#220_15g	2010	Port Input	1	23231536	2145	4
210218_RL#220_15g	2010	Response	1	23231536	2145	4
210218_RL#220_15g	2011	Picture	777	23249695	0	1	20305	2	0	next	false_alarm	8715
210218_RL#220_15g	2011	Port Input	1	23261437	11742	4
210218_RL#220_15g	2011	Response	1	23261437	11742	4
210218_RL#220_15g	2011	Manual	1	23269708	20013	NA
210218_RL#220_15g	2012	Sound	2112	23272040	2041	1			0		other	0
210218_RL#220_15g	2013	Picture	55	23275325	0	1	10319	2	0	next	other	0
210218_RL#220_15g	2014	Picture	10	23285644	0	1	20304	4	0	next	miss	0
210218_RL#220_15g	2015	Picture	412	23305948	0	3	998	6	0	next	other	0
210218_RL#220_15g	2016	Picture	666	23306946	0	3	20139	6	0	next	other	0
210218_RL#220_15g	2017	Picture	777	23327085	0	3	20139	7	0	next	other	0
210218_RL#220_15g	2017	Manual	2	23347099	20015	NA
210218_RL#220_15g	2018	Sound	2122	23349040	1817	1			0		other	0
210218_RL#220_15g	2018	Port Input	1	23351466	4243	4
210218_RL#220_15g	2018	Response	1	23351466	4243	4
210218_RL#220_15g	2018	Port Input	1	23351470	4246	4
210218_RL#220_15g	2018	Response	1	23351470	4246	4
210218_RL#220_15g	2019	Picture	55	23352383	0	4	10152	8	0	next	false_alarm	8731
210218_RL#220_15g	2019	Port Input	1	23352786	403	4
210218_RL#220_15g	2019	Response	1	23352786	403	4
210218_RL#220_15g	2019	Port Input	1	23354580	2197	4
210218_RL#220_15g	2019	Response	1	23354580	2197	4
210218_RL#220_15g	2019	Port Input	1	23356403	4020	4
210218_RL#220_15g	2019	Response	1	23356403	4020	4
210218_RL#220_15g	2019	Port Input	1	23358133	5751	4
210218_RL#220_15g	2019	Response	1	23358133	5751	4
210218_RL#220_15g	2019	Port Input	1	23358137	5754	4
210218_RL#220_15g	2019	Response	1	23358137	5754	4
210218_RL#220_15g	2019	Port Input	1	23359799	7417	4
210218_RL#220_15g	2019	Response	1	23359799	7417	4
210218_RL#220_15g	2019	Port Input	1	23361363	8981	4
210218_RL#220_15g	2019	Response	1	23361363	8981	4
210218_RL#220_15g	2019	Port Input	1	23361367	8984	4
210218_RL#220_15g	2019	Response	1	23361367	8984	4
210218_RL#220_15g	2020	Picture	10	23362535	0	5	501	7	0	next	hit	8748
210218_RL#220_15g	2020	Port Input	1	23362883	348	4
210218_RL#220_15g	2020	Response	1	23362883	348	4
210218_RL#220_15g	2020	Port Input	1	23362886	352	4
210218_RL#220_15g	2020	Response	1	23362886	352	4
210218_RL#220_15g	2021	Picture	352	23363036	0	3	499	5	0	next	other	0
210218_RL#220_15g	2022	Picture	12	23363536	0	2	20304	3	0	next	false_alarm	8754
210218_RL#220_15g	2022	Port Input	1	23364368	833	4
210218_RL#220_15g	2022	Response	1	23364368	833	4
210218_RL#220_15g	2022	Port Input	1	23364372	836	4
210218_RL#220_15g	2022	Response	1	23364372	836	4
210218_RL#220_15g	2022	Port Input	1	23365480	1944	4
210218_RL#220_15g	2022	Response	1	23365480	1944	4
210218_RL#220_15g	2022	Port Input	1	23366749	3213	4
210218_RL#220_15g	2022	Response	1	23366749	3213	4
210218_RL#220_15g	2022	Port Input	1	23368141	4606	4
210218_RL#220_15g	2022	Response	1	23368141	4606	4
210218_RL#220_15g	2022	Port Input	1	23369583	6047	4
210218_RL#220_15g	2022	Response	1	23369583	6047	4
210218_RL#220_15g	2022	Port Input	1	23371023	7487	4
210218_RL#220_15g	2022	Response	1	23371023	7487	4
210218_RL#220_15g	2022	Port Input	1	23372472	8936	5
210218_RL#220_15g	2022	Response	1	23372472	8936	5
210218_RL#220_15g	2022	Port Input	1	23374032	10496	5
210218_RL#220_15g	2022	Response	1	23374032	10496	5
210218_RL#220_15g	2022	Port Input	1	23377386	13850	4
210218_RL#220_15g	2022	Response	1	23377386	13850	4
210218_RL#220_15g	2022	Port Input	1	23379210	15675	4
210218_RL#220_15g	2022	Response	1	23379210	15675	4
210218_RL#220_15g	2022	Port Input	1	23380795	17259	4
210218_RL#220_15g	2022	Response	1	23380795	17259	4
210218_RL#220_15g	2023	Picture	3521	23383840	0	1	832	1	0	next	other	0
210218_RL#220_15g	2024	Picture	666	23384672	0	1	20305	2	0	next	false_alarm	8780
210218_RL#220_15g	2024	Port Input	1	23385762	1090	4
210218_RL#220_15g	2024	Response	1	23385762	1090	4
210218_RL#220_15g	2024	Port Input	1	23385767	1095	3
210218_RL#220_15g	2024	Response	1	23385767	1095	3
210218_RL#220_15g	2024	Port Input	1	23392604	7932	4
210218_RL#220_15g	2024	Response	1	23392604	7932	4
210218_RL#220_15g	2024	Port Input	1	23394034	9362	4
210218_RL#220_15g	2024	Response	1	23394034	9362	4
210218_RL#220_15g	2024	Port Input	1	23394038	9365	4
210218_RL#220_15g	2024	Response	1	23394038	9365	4
210218_RL#220_15g	2025	Picture	777	23404977	0	1	20303	4	0	next	other	0
210218_RL#220_15g	2025	Manual	2	23424990	20013	NA
210218_RL#220_15g	2026	Sound	2112	23427040	1760	1			0		other	0
210218_RL#220_15g	2027	Picture	55	23430440	0	3	10152	6	0	next	other	0
210218_RL#220_15g	2028	Picture	10	23440592	0	4	10319	7	0	next	hit	8795
210218_RL#220_15g	2028	Port Input	1	23450771	10179	4
210218_RL#220_15g	2028	Response	1	23450771	10179	4
210218_RL#220_15g	2028	Port Input	1	23450775	10183	4
210218_RL#220_15g	2028	Response	1	23450775	10183	4
210218_RL#220_15g	2029	Picture	312	23450911	0	4	499	7	0	next	other	0
210218_RL#220_15g	2030	Picture	4442	23451410	0	4	80888	5	0	next	other	0
210218_RL#220_15g	2031	Picture	666	23532299	0	1	20303	4	0	next	other	0
210218_RL#220_15g	2032	Picture	777	23552602	0	3	20138	7	0	next	other	0
210218_RL#220_15g	2032	Manual	2	23572619	20017	NA
210218_RL#220_15g	2033	Sound	2112	23574040	1300	1			0		other	0
210218_RL#220_15g	2034	Picture	55	23577900	0	4	10152	8	0	next	other	0
210218_RL#220_15g	2035	Picture	10	23588052	0	4	20306	5	0	next	miss	0
210218_RL#220_15g	2036	Picture	412	23608359	0	1	1165	2	0	next	other	0
210218_RL#220_15g	2037	Picture	666	23609524	0	1	20304	1	0	next	other	0
210218_RL#220_15g	2038	Picture	777	23629828	0	1	20304	3	0	next	other	0
210218_RL#220_15g	2038	Manual	1	23649843	20014	NA
210218_RL#220_15g	2039	Sound	2122	23652040	1908	1			0		other	0
210218_RL#220_15g	2039	Port Input	1	23654973	4841	4
210218_RL#220_15g	2039	Response	1	23654973	4841	4
210218_RL#220_15g	2040	Picture	55	23655458	0	3	10319	6	0	next	false_alarm	8815
210218_RL#220_15g	2040	Port Input	1	23656159	702	4
210218_RL#220_15g	2040	Response	1	23656159	702	4
210218_RL#220_15g	2040	Port Input	1	23657832	2374	4
210218_RL#220_15g	2040	Response	1	23657832	2374	4
210218_RL#220_15g	2040	Port Input	1	23659587	4129	4
210218_RL#220_15g	2040	Response	1	23659587	4129	4
210218_RL#220_15g	2040	Port Input	1	23661335	5878	4
210218_RL#220_15g	2040	Response	1	23661335	5878	4
210218_RL#220_15g	2040	Port Input	1	23662945	7488	4
210218_RL#220_15g	2040	Response	1	23662945	7488	4
210218_RL#220_15g	2040	Port Input	1	23664471	9013	5
210218_RL#220_15g	2040	Response	1	23664471	9013	5
210218_RL#220_15g	2041	Picture	10	23665777	0	3	334	4	0	next	hit	8828
210218_RL#220_15g	2041	Port Input	1	23665886	110	3
210218_RL#220_15g	2041	Response	1	23665886	110	3
210218_RL#220_15g	2042	Picture	352	23666111	0	2	497	5	0	next	other	0
210218_RL#220_15g	2043	Picture	12	23666608	0	4	20139	7	0	next	false_alarm	8832
210218_RL#220_15g	2043	Port Input	1	23667272	664	3
210218_RL#220_15g	2043	Response	1	23667272	664	3
210218_RL#220_15g	2043	Port Input	1	23668310	1702	4
210218_RL#220_15g	2043	Response	1	23668310	1702	4
210218_RL#220_15g	2043	Port Input	1	23669590	2982	4
210218_RL#220_15g	2043	Response	1	23669590	2982	4
210218_RL#220_15g	2043	Port Input	1	23669594	2985	4
210218_RL#220_15g	2043	Response	1	23669594	2985	4
210218_RL#220_15g	2043	Port Input	1	23670950	4341	4
210218_RL#220_15g	2043	Response	1	23670950	4341	4
210218_RL#220_15g	2043	Port Input	1	23672376	5767	4
210218_RL#220_15g	2043	Response	1	23672376	5767	4
210218_RL#220_15g	2043	Port Input	1	23673735	7127	4
210218_RL#220_15g	2043	Response	1	23673735	7127	4
210218_RL#220_15g	2043	Port Input	1	23675130	8522	4
210218_RL#220_15g	2043	Response	1	23675130	8522	4
210218_RL#220_15g	2043	Port Input	1	23676751	10142	4
210218_RL#220_15g	2043	Response	1	23676751	10142	4
210218_RL#220_15g	2043	Port Input	1	23678815	12207	4
210218_RL#220_15g	2043	Response	1	23678815	12207	4
210218_RL#220_15g	2043	Port Input	1	23678819	12210	4
210218_RL#220_15g	2043	Response	1	23678819	12210	4
210218_RL#220_15g	2043	Port Input	1	23680547	13939	4
210218_RL#220_15g	2043	Response	1	23680547	13939	4
210218_RL#220_15g	2043	Port Input	1	23680551	13942	4
210218_RL#220_15g	2043	Response	1	23680551	13942	4
210218_RL#220_15g	2043	Port Input	1	23684158	17549	4
210218_RL#220_15g	2043	Response	1	23684158	17549	4
210218_RL#220_15g	2043	Port Input	1	23685948	19339	4
210218_RL#220_15g	2043	Response	1	23685948	19339	4
210218_RL#220_15g	2043	Port Input	1	23685951	19343	3
210218_RL#220_15g	2043	Response	1	23685951	19343	3
210218_RL#220_15g	2044	Picture	3521	23686748	0	4	834	5	0	next	other	0
210218_RL#220_15g	2045	Picture	666	23687581	0	2	20137	5	0	next	other	0
210218_RL#220_15g	2046	Picture	777	23707718	0	4	20306	5	0	next	other	0
210218_RL#220_15g	2046	Manual	2	23727733	20014	NA
210218_RL#220_15g	2047	Sound	2112	23729040	1016	1			0		other	0
210218_RL#220_15g	2048	Picture	55	23733350	0	1	10318	2	0	next	other	0
210218_RL#220_15g	2049	Picture	10	23743669	0	1	20304	4	0	next	miss	0
210218_RL#220_15g	2050	Picture	412	23763972	0	3	999	5	0	next	other	0
210218_RL#220_15g	2051	Picture	666	23764971	0	3	20305	5	0	next	other	0
210218_RL#220_15g	2052	Picture	777	23785276	0	3	20305	6	0	next	other	0
210218_RL#220_15g	2052	Manual	1	23805294	20018	NA
210218_RL#220_15g	2053	Sound	2122	23807040	1459	1			0		other	0
210218_RL#220_15g	2053	Port Input	1	23809605	4024	4
210218_RL#220_15g	2053	Response	1	23809605	4024	4
210218_RL#220_15g	2053	Port Input	1	23809608	4027	4
210218_RL#220_15g	2053	Response	1	23809608	4027	4
210218_RL#220_15g	2054	Picture	55	23810736	0	8	10157	12	0	next	false_alarm	8881
210218_RL#220_15g	2054	Port Input	1	23810877	141	4
210218_RL#220_15g	2054	Response	1	23810877	141	4
210218_RL#220_15g	2054	Port Input	1	23812440	1704	5
210218_RL#220_15g	2054	Response	1	23812440	1704	5
210218_RL#220_15g	2054	Port Input	1	23814149	3413	4
210218_RL#220_15g	2054	Response	1	23814149	3413	4
210218_RL#220_15g	2054	Port Input	1	23815742	5006	4
210218_RL#220_15g	2054	Response	1	23815742	5006	4
210218_RL#220_15g	2054	Port Input	1	23815746	5010	4
210218_RL#220_15g	2054	Response	1	23815746	5010	4
210218_RL#220_15g	2054	Port Input	1	23817341	6605	5
210218_RL#220_15g	2054	Response	1	23817341	6605	5
210218_RL#220_15g	2054	Port Input	1	23818358	7622	4
210218_RL#220_15g	2054	Response	1	23818358	7622	4
210218_RL#220_15g	2054	Port Input	1	23818955	8219	4
210218_RL#220_15g	2054	Response	1	23818955	8219	4
210218_RL#220_15g	2054	Port Input	1	23820451	9715	6
210218_RL#220_15g	2054	Response	1	23820451	9715	6
210218_RL#220_15g	2055	Picture	10	23820893	0	4	1165	7	0	next	hit	8900
210218_RL#220_15g	2055	Port Input	1	23821947	1054	4
210218_RL#220_15g	2055	Response	1	23821947	1054	4
210218_RL#220_15g	2055	Port Input	1	23821950	1058	4
210218_RL#220_15g	2055	Response	1	23821950	1058	4
210218_RL#220_15g	2056	Picture	352	23822058	0	4	667	7	0	next	other	0
210218_RL#220_15g	2057	Picture	12	23822725	0	3	20305	4	0	next	false_alarm	8906
210218_RL#220_15g	2057	Port Input	1	23823386	661	3
210218_RL#220_15g	2057	Response	1	23823386	661	3
210218_RL#220_15g	2057	Port Input	1	23824454	1729	4
210218_RL#220_15g	2057	Response	1	23824454	1729	4
210218_RL#220_15g	2057	Port Input	1	23825695	2970	4
210218_RL#220_15g	2057	Response	1	23825695	2970	4
210218_RL#220_15g	2057	Port Input	1	23827164	4439	4
210218_RL#220_15g	2057	Response	1	23827164	4439	4
210218_RL#220_15g	2057	Port Input	1	23827168	4443	4
210218_RL#220_15g	2057	Response	1	23827168	4443	4
210218_RL#220_15g	2057	Port Input	1	23828629	5904	4
210218_RL#220_15g	2057	Response	1	23828629	5904	4
210218_RL#220_15g	2057	Port Input	1	23830141	7416	4
210218_RL#220_15g	2057	Response	1	23830141	7416	4
210218_RL#220_15g	2057	Port Input	1	23831965	9240	4
210218_RL#220_15g	2057	Response	1	23831965	9240	4
210218_RL#220_15g	2057	Port Input	1	23831969	9244	5
210218_RL#220_15g	2057	Response	1	23831969	9244	5
210218_RL#220_15g	2057	Port Input	1	23833741	11016	4
210218_RL#220_15g	2057	Response	1	23833741	11016	4
210218_RL#220_15g	2057	Port Input	1	23833744	11019	4
210218_RL#220_15g	2057	Response	1	23833744	11019	4
210218_RL#220_15g	2057	Port Input	1	23835254	12529	4
210218_RL#220_15g	2057	Response	1	23835254	12529	4
210218_RL#220_15g	2057	Port Input	1	23836967	14243	4
210218_RL#220_15g	2057	Response	1	23836967	14243	4
210218_RL#220_15g	2057	Port Input	1	23838731	16006	4
210218_RL#220_15g	2057	Response	1	23838731	16006	4
210218_RL#220_15g	2057	Port Input	1	23840436	17711	4
210218_RL#220_15g	2057	Response	1	23840436	17711	4
210218_RL#220_15g	2057	Port Input	1	23842134	19409	4
210218_RL#220_15g	2057	Response	1	23842134	19409	4
210218_RL#220_15g	2057	Port Input	1	23842137	19412	4
210218_RL#220_15g	2057	Response	1	23842137	19412	4
210218_RL#220_15g	2058	Picture	3521	23843030	0	1	999	2	0	next	other	0
210218_RL#220_15g	2059	Picture	666	23844028	0	1	20305	2	0	next	false_alarm	8942
210218_RL#220_15g	2059	Port Input	1	23845516	1488	4
210218_RL#220_15g	2059	Response	1	23845516	1488	4
210218_RL#220_15g	2059	Port Input	1	23847296	3268	4
210218_RL#220_15g	2059	Response	1	23847296	3268	4
210218_RL#220_15g	2059	Port Input	1	23848949	4920	4
210218_RL#220_15g	2059	Response	1	23848949	4920	4
210218_RL#220_15g	2059	Port Input	1	23848954	4926	4
210218_RL#220_15g	2059	Response	1	23848954	4926	4
210218_RL#220_15g	2059	Port Input	1	23850759	6730	4
210218_RL#220_15g	2059	Response	1	23850759	6730	4
210218_RL#220_15g	2059	Port Input	1	23855742	11714	4
210218_RL#220_15g	2059	Response	1	23855742	11714	4
210218_RL#220_15g	2060	Picture	777	23864333	0	1	20303	4	0	next	other	0
210218_RL#220_15g	2060	Manual	1	23884351	20018	NA
210218_RL#220_15g	2061	Port Input	1	23885514	878	4
210218_RL#220_15g	2061	Response	1	23885514	878	4
210218_RL#220_15g	2061	Sound	2112	23886040	1404	1			0		other	0
210218_RL#220_15g	2062	Picture	55	23889962	0	4	10319	6	0	next	other	0
210218_RL#220_15g	2063	Picture	10	23900281	0	3	20138	6	0	next	miss	0
210218_RL#220_15g	2064	Picture	412	23920420	0	4	834	5	0	next	other	0
210218_RL#220_15g	2065	Picture	666	23921254	0	2	20137	5	0	next	other	0
210218_RL#220_15g	2066	Picture	777	23941390	0	4	20306	5	0	next	other	0
210218_RL#220_15g	2066	Manual	2	23961404	20014	NA
210218_RL#220_15g	2067	Sound	2122	23963040	1343	1			0		other	0
210218_RL#220_15g	2067	Port Input	1	23966148	4452	4
210218_RL#220_15g	2067	Response	1	23966148	4452	4
210218_RL#220_15g	2068	Picture	55	23967022	0	1	10319	2	0	next	false_alarm	8969
210218_RL#220_15g	2068	Port Input	1	23967413	390	4
210218_RL#220_15g	2068	Response	1	23967413	390	4
210218_RL#220_15g	2068	Port Input	1	23969139	2117	4
210218_RL#220_15g	2068	Response	1	23969139	2117	4
210218_RL#220_15g	2068	Port Input	1	23969143	2120	4
210218_RL#220_15g	2068	Response	1	23969143	2120	4
210218_RL#220_15g	2068	Port Input	1	23970901	3878	4
210218_RL#220_15g	2068	Response	1	23970901	3878	4
210218_RL#220_15g	2068	Port Input	1	23972612	5590	4
210218_RL#220_15g	2068	Response	1	23972612	5590	4
210218_RL#220_15g	2068	Port Input	1	23972616	5594	3
210218_RL#220_15g	2068	Response	1	23972616	5594	3
210218_RL#220_15g	2068	Port Input	1	23974257	7235	4
210218_RL#220_15g	2068	Response	1	23974257	7235	4
210218_RL#220_15g	2068	Port Input	1	23975804	8782	4
210218_RL#220_15g	2068	Response	1	23975804	8782	4
210218_RL#220_15g	2068	Port Input	1	23977229	10207	4
210218_RL#220_15g	2068	Response	1	23977229	10207	4
210218_RL#220_15g	2069	Picture	10	23977341	0	1	1664	2	0	next	hit	8988
210218_RL#220_15g	2069	Port Input	1	23978772	1431	4
210218_RL#220_15g	2069	Response	1	23978772	1431	4
210218_RL#220_15g	2069	Port Input	1	23978775	1434	4
210218_RL#220_15g	2069	Response	1	23978775	1434	4
210218_RL#220_15g	2070	Picture	352	23979006	0	1	666	2	0	next	other	0
210218_RL#220_15g	2071	Picture	12	23979671	0	1	20303	4	0	next	false_alarm	8994
210218_RL#220_15g	2071	Port Input	1	23980283	611	4
210218_RL#220_15g	2071	Response	1	23980283	611	4
210218_RL#220_15g	2071	Port Input	1	23981399	1727	4
210218_RL#220_15g	2071	Response	1	23981399	1727	4
210218_RL#220_15g	2071	Port Input	1	23982647	2976	5
210218_RL#220_15g	2071	Response	1	23982647	2976	5
210218_RL#220_15g	2071	Port Input	1	23984030	4359	4
210218_RL#220_15g	2071	Response	1	23984030	4359	4
210218_RL#220_15g	2071	Port Input	1	23985463	5791	4
210218_RL#220_15g	2071	Response	1	23985463	5791	4
210218_RL#220_15g	2071	Port Input	1	23986960	7288	4
210218_RL#220_15g	2071	Response	1	23986960	7288	4
210218_RL#220_15g	2071	Port Input	1	23988471	8799	4
210218_RL#220_15g	2071	Response	1	23988471	8799	4
210218_RL#220_15g	2071	Port Input	1	23990061	10389	4
210218_RL#220_15g	2071	Response	1	23990061	10389	4
210218_RL#220_15g	2071	Port Input	1	23991643	11972	4
210218_RL#220_15g	2071	Response	1	23991643	11972	4
210218_RL#220_15g	2071	Port Input	1	23993349	13677	4
210218_RL#220_15g	2071	Response	1	23993349	13677	4
210218_RL#220_15g	2071	Port Input	1	23993352	13681	4
210218_RL#220_15g	2071	Response	1	23993352	13681	4
210218_RL#220_15g	2071	Port Input	1	23995262	15590	4
210218_RL#220_15g	2071	Response	1	23995262	15590	4
210218_RL#220_15g	2071	Port Input	1	23995266	15594	3
210218_RL#220_15g	2071	Response	1	23995266	15594	3
210218_RL#220_15g	2071	Port Input	1	23996794	17123	4
210218_RL#220_15g	2071	Response	1	23996794	17123	4
210218_RL#220_15g	2071	Port Input	1	23998425	18754	4
210218_RL#220_15g	2071	Response	1	23998425	18754	4
210218_RL#220_15g	2072	Picture	3521	23999975	0	3	832	6	0	next	other	0
210218_RL#220_15g	2073	Picture	666	24000807	0	3	20306	6	0	next	other	0
210218_RL#220_15g	2074	Picture	777	24021112	0	3	20306	4	0	next	other	0
210218_RL#220_15g	2074	Manual	2	24041126	20014	NA
210218_RL#220_15g	2075	Sound	2122	24043040	1621	1			0		other	0
210218_RL#220_15g	2075	Port Input	1	24046295	4876	4
210218_RL#220_15g	2075	Response	1	24046295	4876	4
210218_RL#220_15g	2076	Picture	55	24046576	0	4	10153	7	0	next	false_alarm	9032
210218_RL#220_15g	2076	Port Input	1	24047447	871	4
210218_RL#220_15g	2076	Response	1	24047447	871	4
210218_RL#220_15g	2076	Port Input	1	24048909	2333	4
210218_RL#220_15g	2076	Response	1	24048909	2333	4
210218_RL#220_15g	2076	Port Input	1	24050700	4124	4
210218_RL#220_15g	2076	Response	1	24050700	4124	4
210218_RL#220_15g	2076	Port Input	1	24052444	5868	5
210218_RL#220_15g	2076	Response	1	24052444	5868	5
210218_RL#220_15g	2076	Port Input	1	24054118	7542	4
210218_RL#220_15g	2076	Response	1	24054118	7542	4
210218_RL#220_15g	2076	Port Input	1	24056036	9461	4
210218_RL#220_15g	2076	Response	1	24056036	9461	4
210218_RL#220_15g	2077	Picture	10	24056729	0	4	998	7	0	next	hit	9045
210218_RL#220_15g	2077	Port Input	1	24057490	761	4
210218_RL#220_15g	2077	Response	1	24057490	761	4
210218_RL#220_15g	2077	Port Input	1	24057494	765	4
210218_RL#220_15g	2077	Response	1	24057494	765	4
210218_RL#220_15g	2078	Picture	352	24057727	0	4	501	6	0	next	other	0
210218_RL#220_15g	2079	Picture	12	24058228	0	2	20304	3	0	next	false_alarm	9051
210218_RL#220_15g	2079	Port Input	1	24058958	729	3
210218_RL#220_15g	2079	Response	1	24058958	729	3
210218_RL#220_15g	2079	Port Input	1	24058961	732	3
210218_RL#220_15g	2079	Response	1	24058961	732	3
210218_RL#220_15g	2079	Port Input	1	24059977	1749	5
210218_RL#220_15g	2079	Response	1	24059977	1749	5
210218_RL#220_15g	2079	Port Input	1	24061179	2951	5
210218_RL#220_15g	2079	Response	1	24061179	2951	5
210218_RL#220_15g	2079	Port Input	1	24061183	2955	4
210218_RL#220_15g	2079	Response	1	24061183	2955	4
210218_RL#220_15g	2079	Port Input	1	24062448	4219	4
210218_RL#220_15g	2079	Response	1	24062448	4219	4
210218_RL#220_15g	2079	Port Input	1	24063739	5510	4
210218_RL#220_15g	2079	Response	1	24063739	5510	4
210218_RL#220_15g	2079	Port Input	1	24063742	5514	4
210218_RL#220_15g	2079	Response	1	24063742	5514	4
210218_RL#220_15g	2079	Port Input	1	24065021	6793	4
210218_RL#220_15g	2079	Response	1	24065021	6793	4
210218_RL#220_15g	2079	Port Input	1	24066389	8161	4
210218_RL#220_15g	2079	Response	1	24066389	8161	4
210218_RL#220_15g	2079	Port Input	1	24067939	9710	4
210218_RL#220_15g	2079	Response	1	24067939	9710	4
210218_RL#220_15g	2079	Port Input	1	24069724	11495	4
210218_RL#220_15g	2079	Response	1	24069724	11495	4
210218_RL#220_15g	2079	Port Input	1	24071511	13283	4
210218_RL#220_15g	2079	Response	1	24071511	13283	4
210218_RL#220_15g	2079	Port Input	1	24071517	13288	4
210218_RL#220_15g	2079	Response	1	24071517	13288	4
210218_RL#220_15g	2080	Picture	3521	24078533	0	1	833	2	0	next	other	0
210218_RL#220_15g	2081	Picture	666	24079365	0	1	20305	1	0	next	other	0
210218_RL#220_15g	2082	Picture	777	24099670	0	1	20304	3	0	next	other	0
210218_RL#220_15g	2082	Manual	1	24119683	20014	NA
210218_RL#220_15g	2083	Sound	2112	24121040	1066	1			0		other	0
210218_RL#220_15g	2084	Picture	55	24125299	0	3	10319	6	0	next	other	0
210218_RL#220_15g	2085	Picture	10	24135618	0	3	20139	6	0	next	miss	0
210218_RL#220_15g	2086	Picture	412	24155757	0	3	999	6	0	next	other	0
210218_RL#220_15g	2087	Picture	666	24156755	0	3	20138	7	0	next	other	0
210218_RL#220_15g	2088	Picture	777	24176894	0	4	20306	5	0	next	other	0
210218_RL#220_15g	2088	Manual	1	24196913	20020	NA
210218_RL#220_15g	2089	Sound	2112	24199040	1840	1			0		other	0
210218_RL#220_15g	2090	Picture	55	24202526	0	1	10319	2	0	next	other	0
210218_RL#220_15g	2091	Picture	10	24212844	0	1	20305	2	0	next	miss	0
210218_RL#220_15g	2092	Picture	412	24233149	0	1	832	2	0	next	other	0
210218_RL#220_15g	2093	Picture	666	24233982	0	1	20303	4	0	next	other	0
210218_RL#220_15g	2094	Picture	777	24254285	0	3	20305	7	0	next	other	0
210218_RL#220_15g	2094	Manual	1	24274297	20012	NA
210218_RL#220_15g	2095	Sound	2122	24276039	1450	1			0		other	0
210218_RL#220_15g	2095	Port Input	1	24278774	4184	4
210218_RL#220_15g	2095	Response	1	24278774	4184	4
210218_RL#220_15g	2096	Picture	55	24279749	0	4	10152	7	0	next	false_alarm	9101
210218_RL#220_15g	2096	Port Input	1	24280221	471	3
210218_RL#220_15g	2096	Response	1	24280221	471	3
210218_RL#220_15g	2096	Port Input	1	24281980	2231	4
210218_RL#220_15g	2096	Response	1	24281980	2231	4
210218_RL#220_15g	2096	Port Input	1	24283759	4009	4
210218_RL#220_15g	2096	Response	1	24283759	4009	4
210218_RL#220_15g	2096	Port Input	1	24283762	4013	4
210218_RL#220_15g	2096	Response	1	24283762	4013	4
210218_RL#220_15g	2096	Port Input	1	24285471	5721	4
210218_RL#220_15g	2096	Response	1	24285471	5721	4
210218_RL#220_15g	2096	Port Input	1	24285474	5725	4
210218_RL#220_15g	2096	Response	1	24285474	5725	4
210218_RL#220_15g	2096	Port Input	1	24287106	7357	4
210218_RL#220_15g	2096	Response	1	24287106	7357	4
210218_RL#220_15g	2096	Port Input	1	24288633	8884	4
210218_RL#220_15g	2096	Response	1	24288633	8884	4
210218_RL#220_15g	2097	Picture	10	24289902	0	4	499	8	0	next	hit	9118
210218_RL#220_15g	2097	Port Input	1	24290131	229	4
210218_RL#220_15g	2097	Response	1	24290131	229	4
210218_RL#220_15g	2098	Picture	352	24290401	0	4	499	7	0	next	other	0
210218_RL#220_15g	2099	Picture	12	24290900	0	4	20139	8	0	next	false_alarm	9122
210218_RL#220_15g	2099	Port Input	1	24291625	725	4
210218_RL#220_15g	2099	Response	1	24291625	725	4
210218_RL#220_15g	2099	Port Input	1	24291629	729	5
210218_RL#220_15g	2099	Response	1	24291629	729	5
210218_RL#220_15g	2099	Port Input	1	24292684	1784	4
210218_RL#220_15g	2099	Response	1	24292684	1784	4
210218_RL#220_15g	2099	Port Input	1	24293959	3059	4
210218_RL#220_15g	2099	Response	1	24293959	3059	4
210218_RL#220_15g	2099	Port Input	1	24293963	3063	3
210218_RL#220_15g	2099	Response	1	24293963	3063	3
210218_RL#220_15g	2099	Port Input	1	24295354	4454	4
210218_RL#220_15g	2099	Response	1	24295354	4454	4
210218_RL#220_15g	2099	Port Input	1	24296803	5903	4
210218_RL#220_15g	2099	Response	1	24296803	5903	4
210218_RL#220_15g	2099	Port Input	1	24296806	5906	4
210218_RL#220_15g	2099	Response	1	24296806	5906	4
210218_RL#220_15g	2099	Port Input	1	24298345	7445	4
210218_RL#220_15g	2099	Response	1	24298345	7445	4
210218_RL#220_15g	2099	Port Input	1	24299938	9038	4
210218_RL#220_15g	2099	Response	1	24299938	9038	4
210218_RL#220_15g	2099	Port Input	1	24299941	9041	4
210218_RL#220_15g	2099	Response	1	24299941	9041	4
210218_RL#220_15g	2099	Port Input	1	24301383	10483	4
210218_RL#220_15g	2099	Response	1	24301383	10483	4
210218_RL#220_15g	2099	Port Input	1	24302762	11862	4
210218_RL#220_15g	2099	Response	1	24302762	11862	4
210218_RL#220_15g	2099	Port Input	1	24304212	13312	4
210218_RL#220_15g	2099	Response	1	24304212	13312	4
210218_RL#220_15g	2099	Port Input	1	24306173	15273	4
210218_RL#220_15g	2099	Response	1	24306173	15273	4
210218_RL#220_15g	2099	Port Input	1	24306177	15276	4
210218_RL#220_15g	2099	Response	1	24306177	15276	4
210218_RL#220_15g	2099	Port Input	1	24307868	16968	4
210218_RL#220_15g	2099	Response	1	24307868	16968	4
210218_RL#220_15g	2100	Picture	3521	24311039	0	4	832	8	0	next	other	0
210218_RL#220_15g	2101	Picture	666	24311871	0	4	20306	5	0	next	other	0
210218_RL#220_15g	2102	Picture	777	24332177	0	1	20305	2	0	next	other	0
210218_RL#220_15g	2102	Manual	2	24352191	20014	NA
210218_RL#220_15g	2102	Port Input	1	24352316	20138	5
210218_RL#220_15g	2102	Response	1	24352316	20138	5
210218_RL#220_15g	2103	Sound	2122	24354039	1557	1			0		other	0
210218_RL#220_15g	2103	Port Input	1	24354176	1694	4
210218_RL#220_15g	2103	Response	1	24354176	1694	4
210218_RL#220_15g	2104	Picture	55	24357806	0	3	10319	5	0	next	false_alarm	9166
210218_RL#220_15g	2104	Port Input	1	24358202	396	4
210218_RL#220_15g	2104	Response	1	24358202	396	4
210218_RL#220_15g	2104	Port Input	1	24362602	4796	5
210218_RL#220_15g	2104	Response	1	24362602	4796	5
210218_RL#220_15g	2104	Port Input	1	24364362	6556	4
210218_RL#220_15g	2104	Response	1	24364362	6556	4
210218_RL#220_15g	2104	Port Input	1	24366240	8433	4
210218_RL#220_15g	2104	Response	1	24366240	8433	4
210218_RL#220_15g	2104	Port Input	1	24366965	9159	4
210218_RL#220_15g	2104	Response	1	24366965	9159	4
210218_RL#220_15g	2105	Picture	10	24368126	0	3	501	4	0	next	hit	9177
210218_RL#220_15g	2105	Port Input	1	24368358	233	3
210218_RL#220_15g	2105	Response	1	24368358	233	3
210218_RL#220_15g	2106	Picture	352	24368626	0	1	499	2	0	next	other	0
210218_RL#220_15g	2107	Picture	12	24369126	0	1	20305	2	0	next	false_alarm	9181
210218_RL#220_15g	2107	Port Input	1	24370751	1625	5
210218_RL#220_15g	2107	Response	1	24370751	1625	5
210218_RL#220_15g	2107	Port Input	1	24371838	2712	4
210218_RL#220_15g	2107	Response	1	24371838	2712	4
210218_RL#220_15g	2107	Port Input	1	24373082	3956	4
210218_RL#220_15g	2107	Response	1	24373082	3956	4
210218_RL#220_15g	2107	Port Input	1	24374373	5247	4
210218_RL#220_15g	2107	Response	1	24374373	5247	4
210218_RL#220_15g	2107	Port Input	1	24374377	5251	4
210218_RL#220_15g	2107	Response	1	24374377	5251	4
210218_RL#220_15g	2107	Port Input	1	24375770	6645	8
210218_RL#220_15g	2107	Response	1	24375770	6645	8
210218_RL#220_15g	2107	Port Input	1	24377223	8097	4
210218_RL#220_15g	2107	Response	1	24377223	8097	4
210218_RL#220_15g	2107	Port Input	1	24377227	8101	4
210218_RL#220_15g	2107	Response	1	24377227	8101	4
210218_RL#220_15g	2107	Port Input	1	24378852	9726	4
210218_RL#220_15g	2107	Response	1	24378852	9726	4
210218_RL#220_15g	2107	Port Input	1	24378858	9732	4
210218_RL#220_15g	2107	Response	1	24378858	9732	4
210218_RL#220_15g	2107	Port Input	1	24380294	11168	4
210218_RL#220_15g	2107	Response	1	24380294	11168	4
210218_RL#220_15g	2107	Port Input	1	24381879	12754	4
210218_RL#220_15g	2107	Response	1	24381879	12754	4
210218_RL#220_15g	2107	Port Input	1	24383670	14544	4
210218_RL#220_15g	2107	Response	1	24383670	14544	4
210218_RL#220_15g	2108	Picture	3521	24389431	0	2	664	4	0	next	other	0
210218_RL#220_15g	2109	Picture	666	24390094	0	3	20139	7	0	next	other	0
210218_RL#220_15g	2110	Picture	777	24410233	0	4	20139	8	0	next	other	0
210218_RL#220_15g	2110	Manual	2	24430245	20012	NA
210218_RL#220_15g	2111	Sound	2112	24432039	1668	1			0		other	0
210218_RL#220_15g	2112	Picture	55	24435699	0	1	10319	1	0	next	other	0
210218_RL#220_15g	2113	Picture	10	24446018	0	1	20305	3	0	next	miss	0
210218_RL#220_15g	2114	Picture	412	24466322	0	3	999	3	0	next	other	0
210218_RL#220_15g	2115	Picture	666	24467321	0	1	20305	2	0	next	other	0
210218_RL#220_15g	2116	Picture	777	24487626	0	1	20303	5	0	next	other	0
210218_RL#220_15g	2116	Manual	2	24507644	20018	NA
210218_RL#220_15g	2117	Sound	2112	24509039	1110	1			0		other	0
210218_RL#220_15g	2117	Port Input	1	24510436	2507	4
210218_RL#220_15g	2117	Response	1	24510436	2507	4
210218_RL#220_15g	2118	Picture	55	24513089	0	4	10153	7	0	next	false_alarm	9222
210218_RL#220_15g	2118	Port Input	1	24518463	5374	4
210218_RL#220_15g	2118	Response	1	24518463	5374	4
210218_RL#220_15g	2119	Picture	10	24523241	0	4	2497	7	0	next	hit	9225
210218_RL#220_15g	2119	Port Input	1	24525581	2340	4
210218_RL#220_15g	2119	Response	1	24525581	2340	4
210218_RL#220_15g	2119	Port Input	1	24525585	2344	4
210218_RL#220_15g	2119	Response	1	24525585	2344	4
210218_RL#220_15g	2120	Picture	312	24525738	0	4	499	7	0	next	other	0
210218_RL#220_15g	2121	Picture	4442	24526237	0	4	80888	5	0	next	false_alarm	9231
210218_RL#220_15g	2121	Port Input	1	24527236	999	4
210218_RL#220_15g	2121	Response	1	24527236	999	4
210218_RL#220_15g	2121	Port Input	1	24527239	1002	4
210218_RL#220_15g	2121	Response	1	24527239	1002	4
210218_RL#220_15g	2121	Port Input	1	24536043	9806	4
210218_RL#220_15g	2121	Response	1	24536043	9806	4
210218_RL#220_15g	2121	Port Input	1	24539063	12826	4
210218_RL#220_15g	2121	Response	1	24539063	12826	4
210218_RL#220_15g	2121	Port Input	1	24541248	15011	3
210218_RL#220_15g	2121	Response	1	24541248	15011	3
210218_RL#220_15g	2121	Port Input	1	24541251	15014	4
210218_RL#220_15g	2121	Response	1	24541251	15014	4
210218_RL#220_15g	2121	Port Input	1	24546452	20215	4
210218_RL#220_15g	2121	Response	1	24546452	20215	4
210218_RL#220_15g	2121	Port Input	1	24546457	20220	4
210218_RL#220_15g	2121	Response	1	24546457	20220	4
210218_RL#220_15g	2121	Port Input	1	24550743	24506	4
210218_RL#220_15g	2121	Response	1	24550743	24506	4
210218_RL#220_15g	2121	Port Input	1	24550747	24510	4
210218_RL#220_15g	2121	Response	1	24550747	24510	4
210218_RL#220_15g	2122	Picture	666	24607125	0	1	20303	4	0	next	other	0
210218_RL#220_15g	2123	Picture	777	24627428	0	4	20140	6	0	next	other	0
210218_RL#220_15g	2123	Manual	2	24647443	20015	NA
210218_RL#220_15g	2124	Sound	2122	24649039	1471	1			0		other	0
210218_RL#220_15g	2124	Port Input	1	24652597	5028	4
210218_RL#220_15g	2124	Response	1	24652597	5028	4
210218_RL#220_15g	2125	Picture	55	24652727	0	4	10152	8	0	next	false_alarm	9258
210218_RL#220_15g	2125	Port Input	1	24654043	1317	4
210218_RL#220_15g	2125	Response	1	24654043	1317	4
210218_RL#220_15g	2125	Port Input	1	24654047	1320	6
210218_RL#220_15g	2125	Response	1	24654047	1320	6
210218_RL#220_15g	2125	Port Input	1	24655731	3004	4
210218_RL#220_15g	2125	Response	1	24655731	3004	4
210218_RL#220_15g	2125	Port Input	1	24657700	4973	7
210218_RL#220_15g	2125	Response	1	24657700	4973	7
210218_RL#220_15g	2125	Port Input	1	24659218	6491	4
210218_RL#220_15g	2125	Response	1	24659218	6491	4
210218_RL#220_15g	2125	Port Input	1	24660985	8258	4
210218_RL#220_15g	2125	Response	1	24660985	8258	4
210218_RL#220_15g	2125	Port Input	1	24662729	10002	12
210218_RL#220_15g	2125	Response	1	24662729	10002	12
210218_RL#220_15g	2126	Picture	10	24662879	0	4	1498	8	0	next	hit	9273
210218_RL#220_15g	2126	Port Input	1	24664265	1386	3
210218_RL#220_15g	2126	Response	1	24664265	1386	3
210218_RL#220_15g	2126	Port Input	1	24664268	1390	4
210218_RL#220_15g	2126	Response	1	24664268	1390	4
210218_RL#220_15g	2127	Picture	352	24664377	0	4	501	6	0	next	other	0
210218_RL#220_15g	2128	Picture	12	24664878	0	2	20304	3	0	next	false_alarm	9279
210218_RL#220_15g	2128	Port Input	1	24666213	1334	3
210218_RL#220_15g	2128	Response	1	24666213	1334	3
210218_RL#220_15g	2128	Port Input	1	24666216	1338	4
210218_RL#220_15g	2128	Response	1	24666216	1338	4
210218_RL#220_15g	2128	Port Input	1	24667210	2332	4
210218_RL#220_15g	2128	Response	1	24667210	2332	4
210218_RL#220_15g	2128	Port Input	1	24668396	3518	4
210218_RL#220_15g	2128	Response	1	24668396	3518	4
210218_RL#220_15g	2128	Port Input	1	24669774	4896	3
210218_RL#220_15g	2128	Response	1	24669774	4896	3
210218_RL#220_15g	2128	Port Input	1	24671185	6307	4
210218_RL#220_15g	2128	Response	1	24671185	6307	4
210218_RL#220_15g	2128	Port Input	1	24672685	7807	4
210218_RL#220_15g	2128	Response	1	24672685	7807	4
210218_RL#220_15g	2128	Port Input	1	24672688	7810	4
210218_RL#220_15g	2128	Response	1	24672688	7810	4
210218_RL#220_15g	2128	Port Input	1	24674252	9374	4
210218_RL#220_15g	2128	Response	1	24674252	9374	4
210218_RL#220_15g	2128	Port Input	1	24674255	9377	4
210218_RL#220_15g	2128	Response	1	24674255	9377	4
210218_RL#220_15g	2128	Port Input	1	24675655	10777	4
210218_RL#220_15g	2128	Response	1	24675655	10777	4
210218_RL#220_15g	2128	Port Input	1	24677100	12222	5
210218_RL#220_15g	2128	Response	1	24677100	12222	5
210218_RL#220_15g	2128	Port Input	1	24682181	17303	4
210218_RL#220_15g	2128	Response	1	24682181	17303	4
210218_RL#220_15g	2128	Port Input	1	24682186	17308	4
210218_RL#220_15g	2128	Response	1	24682186	17308	4
210218_RL#220_15g	2129	Picture	3521	24685182	0	1	832	2	0	next	other	0
210218_RL#220_15g	2130	Picture	666	24686015	0	1	20305	1	0	next	other	0
210218_RL#220_15g	2131	Picture	777	24706320	0	1	20303	4	0	next	other	0
210218_RL#220_15g	2131	Manual	1	24726333	20013	NA
210218_RL#220_15g	2132	Sound	2112	24728039	1416	1			0		other	0
210218_RL#220_15g	2133	Picture	55	24731949	0	3	10152	7	0	next	other	0
210218_RL#220_15g	2134	Picture	10	24742101	0	4	20139	7	0	next	miss	0
210218_RL#220_15g	2135	Picture	412	24762240	0	4	999	6	0	next	other	0
210218_RL#220_15g	2136	Picture	666	24763239	0	3	20138	7	0	next	other	0
210218_RL#220_15g	2137	Picture	777	24783376	0	4	20307	5	0	next	other	0
210218_RL#220_15g	2137	Manual	1	24803393	20016	NA
210218_RL#220_15g	2138	Sound	2122	24805039	1356	1			0		other	0
210218_RL#220_15g	2138	Port Input	1	24808452	4769	4
210218_RL#220_15g	2138	Response	1	24808452	4769	4
210218_RL#220_15g	2139	Picture	55	24809009	0	1	10319	1	0	next	false_alarm	9322
210218_RL#220_15g	2139	Port Input	1	24810017	1009	3
210218_RL#220_15g	2139	Response	1	24810017	1009	3
210218_RL#220_15g	2139	Port Input	1	24810021	1012	4
210218_RL#220_15g	2139	Response	1	24810021	1012	4
210218_RL#220_15g	2139	Port Input	1	24811715	2706	4
210218_RL#220_15g	2139	Response	1	24811715	2706	4
210218_RL#220_15g	2139	Port Input	1	24813454	4446	4
210218_RL#220_15g	2139	Response	1	24813454	4446	4
210218_RL#220_15g	2139	Port Input	1	24813458	4449	4
210218_RL#220_15g	2139	Response	1	24813458	4449	4
210218_RL#220_15g	2139	Port Input	1	24815041	6032	4
210218_RL#220_15g	2139	Response	1	24815041	6032	4
210218_RL#220_15g	2139	Port Input	1	24816615	7606	4
210218_RL#220_15g	2139	Response	1	24816615	7606	4
210218_RL#220_15g	2139	Port Input	1	24818123	9114	4
210218_RL#220_15g	2139	Response	1	24818123	9114	4
210218_RL#220_15g	2140	Picture	10	24819328	0	1	499	1	0	next	hit	9339
210218_RL#220_15g	2140	Port Input	1	24819521	194	3
210218_RL#220_15g	2140	Response	1	24819521	194	3
210218_RL#220_15g	2140	Port Input	1	24819524	196	3
210218_RL#220_15g	2140	Response	1	24819524	196	3
210218_RL#220_15g	2141	Picture	352	24819827	0	1	666	2	0	next	other	0
210218_RL#220_15g	2142	Picture	12	24820493	0	1	20303	4	0	next	false_alarm	9345
210218_RL#220_15g	2142	Port Input	1	24820988	495	3
210218_RL#220_15g	2142	Response	1	24820988	495	3
210218_RL#220_15g	2142	Port Input	1	24822096	1604	4
210218_RL#220_15g	2142	Response	1	24822096	1604	4
210218_RL#220_15g	2142	Port Input	1	24823297	2804	3
210218_RL#220_15g	2142	Response	1	24823297	2804	3
210218_RL#220_15g	2142	Port Input	1	24823300	2807	3
210218_RL#220_15g	2142	Response	1	24823300	2807	3
210218_RL#220_15g	2142	Port Input	1	24824595	4103	4
210218_RL#220_15g	2142	Response	1	24824595	4103	4
210218_RL#220_15g	2142	Port Input	1	24826018	5525	3
210218_RL#220_15g	2142	Response	1	24826018	5525	3
210218_RL#220_15g	2142	Port Input	1	24826021	5529	4
210218_RL#220_15g	2142	Response	1	24826021	5529	4
210218_RL#220_15g	2142	Port Input	1	24827693	7200	4
210218_RL#220_15g	2142	Response	1	24827693	7200	4
210218_RL#220_15g	2142	Port Input	1	24829505	9012	4
210218_RL#220_15g	2142	Response	1	24829505	9012	4
210218_RL#220_15g	2142	Port Input	1	24831147	10654	4
210218_RL#220_15g	2142	Response	1	24831147	10654	4
210218_RL#220_15g	2142	Port Input	1	24832734	12241	4
210218_RL#220_15g	2142	Response	1	24832734	12241	4
210218_RL#220_15g	2142	Port Input	1	24832738	12245	4
210218_RL#220_15g	2142	Response	1	24832738	12245	4
210218_RL#220_15g	2142	Port Input	1	24835883	15390	4
210218_RL#220_15g	2142	Response	1	24835883	15390	4
210218_RL#220_15g	2142	Port Input	1	24839872	19379	4
210218_RL#220_15g	2142	Response	1	24839872	19379	4
210218_RL#220_15g	2142	Port Input	1	24839877	19385	3
210218_RL#220_15g	2142	Response	1	24839877	19385	3
210218_RL#220_15g	2143	Picture	3521	24840796	0	3	832	6	0	next	other	0
210218_RL#220_15g	2144	Picture	666	24841628	0	3	20307	4	0	next	false_alarm	9377
210218_RL#220_15g	2144	Port Input	1	24847154	5526	5
210218_RL#220_15g	2144	Response	1	24847154	5526	5
210218_RL#220_15g	2145	Picture	777	24861935	0	2	20137	5	0	next	other	0
210218_RL#220_15g	2145	Manual	1	24881953	20018	NA
210218_RL#220_15g	2146	Sound	2112	24884039	1967	1			0		other	0
210218_RL#220_15g	2147	Picture	55	24887231	0	4	10152	8	0	next	other	0
210218_RL#220_15g	2148	Picture	10	24897383	0	4	20302	10	0	next	miss	0
210218_RL#220_15g	2149	Picture	412	24917685	0	6	1003	6	0	next	other	0
210218_RL#220_15g	2150	Picture	666	24918689	0	1	20304	1	0	next	other	0
210218_RL#220_15g	2151	Picture	777	24938993	0	1	20303	4	0	next	other	0
210218_RL#220_15g	2151	Manual	2	24959008	20015	NA
210218_RL#220_15g	2152	Sound	2122	24961039	1742	1			0		other	0
210218_RL#220_15g	2152	Port Input	1	24964558	5262	6
210218_RL#220_15g	2152	Response	1	24964558	5262	6
210218_RL#220_15g	2153	Picture	55	24964622	0	3	10153	8	0	next	false_alarm	9392
210218_RL#220_15g	2153	Port Input	1	24966034	1412	4
210218_RL#220_15g	2153	Response	1	24966034	1412	4
210218_RL#220_15g	2153	Port Input	1	24967879	3257	4
210218_RL#220_15g	2153	Response	1	24967879	3257	4
210218_RL#220_15g	2153	Port Input	1	24969507	4885	4
210218_RL#220_15g	2153	Response	1	24969507	4885	4
210218_RL#220_15g	2153	Port Input	1	24969510	4888	4
210218_RL#220_15g	2153	Response	1	24969510	4888	4
210218_RL#220_15g	2153	Port Input	1	24971050	6427	4
210218_RL#220_15g	2153	Response	1	24971050	6427	4
210218_RL#220_15g	2153	Port Input	1	24971053	6431	4
210218_RL#220_15g	2153	Response	1	24971053	6431	4
210218_RL#220_15g	2153	Port Input	1	24972741	8119	4
210218_RL#220_15g	2153	Response	1	24972741	8119	4
210218_RL#220_15g	2153	Port Input	1	24972745	8123	4
210218_RL#220_15g	2153	Response	1	24972745	8123	4
210218_RL#220_15g	2153	Port Input	1	24974296	9674	4
210218_RL#220_15g	2153	Response	1	24974296	9674	4
210218_RL#220_15g	2154	Picture	10	24974775	0	5	1332	8	0	next	hit	9411
210218_RL#220_15g	2154	Port Input	1	24975793	1018	5
210218_RL#220_15g	2154	Response	1	24975793	1018	5
210218_RL#220_15g	2155	Picture	352	24976107	0	3	501	5	0	next	other	0
210218_RL#220_15g	2156	Picture	12	24976607	0	2	20137	5	0	next	false_alarm	9415
210218_RL#220_15g	2156	Port Input	1	24977471	864	4
210218_RL#220_15g	2156	Response	1	24977471	864	4
210218_RL#220_15g	2156	Port Input	1	24978512	1905	3
210218_RL#220_15g	2156	Response	1	24978512	1905	3
210218_RL#220_15g	2156	Port Input	1	24979681	3074	4
210218_RL#220_15g	2156	Response	1	24979681	3074	4
210218_RL#220_15g	2156	Port Input	1	24980995	4388	4
210218_RL#220_15g	2156	Response	1	24980995	4388	4
210218_RL#220_15g	2156	Port Input	1	24982479	5872	4
210218_RL#220_15g	2156	Response	1	24982479	5872	4
210218_RL#220_15g	2156	Port Input	1	24984319	7712	4
210218_RL#220_15g	2156	Response	1	24984319	7712	4
210218_RL#220_15g	2156	Port Input	1	24986041	9434	4
210218_RL#220_15g	2156	Response	1	24986041	9434	4
210218_RL#220_15g	2156	Port Input	1	24987676	11069	4
210218_RL#220_15g	2156	Response	1	24987676	11069	4
210218_RL#220_15g	2156	Port Input	1	24987679	11072	4
210218_RL#220_15g	2156	Response	1	24987679	11072	4
210218_RL#220_15g	2156	Port Input	1	24989219	12612	4
210218_RL#220_15g	2156	Response	1	24989219	12612	4
210218_RL#220_15g	2156	Port Input	1	24990866	14259	4
210218_RL#220_15g	2156	Response	1	24990866	14259	4
210218_RL#220_15g	2156	Port Input	1	24990869	14262	4
210218_RL#220_15g	2156	Response	1	24990869	14262	4
210218_RL#220_15g	2156	Port Input	1	24992436	15829	4
210218_RL#220_15g	2156	Response	1	24992436	15829	4
210218_RL#220_15g	2157	Picture	3521	24996744	0	4	834	5	0	next	other	0
210218_RL#220_15g	2158	Picture	666	24997578	0	2	20137	6	0	next	other	0
210218_RL#220_15g	2159	Picture	777	25017715	0	4	20306	5	0	next	other	0
210218_RL#220_15g	2159	Manual	1	25037733	20018	NA
210218_RL#220_15g	2160	Sound	2112	25039039	1018	1			0		other	0
210218_RL#220_15g	2161	Picture	55	25043347	0	1	10319	2	0	next	other	0
210218_RL#220_15g	2162	Picture	10	25053666	0	1	20303	3	0	next	miss	0
210218_RL#220_15g	2163	Picture	412	25073969	0	3	834	5	0	next	other	0
210218_RL#220_15g	2164	Picture	666	25074803	0	3	20303	6	0	next	other	0
210218_RL#220_15g	2165	Picture	777	25095106	0	3	20138	7	0	next	other	0
210218_RL#220_15g	2165	Manual	1	25115120	20014	NA
210218_RL#220_15g	2166	Sound	2122	25117039	1794	1			0		other	0
210218_RL#220_15g	2167	Picture	55	25120403	0	5	10154	9	0	next	false_alarm	9456
210218_RL#220_15g	2167	Port Input	1	25120409	5	9
210218_RL#220_15g	2167	Response	1	25120409	5	9
210218_RL#220_15g	2167	Port Input	1	25121892	1489	6
210218_RL#220_15g	2167	Response	1	25121892	1489	6
210218_RL#220_15g	2167	Port Input	1	25121898	1495	4
210218_RL#220_15g	2167	Response	1	25121898	1495	4
210218_RL#220_15g	2167	Port Input	1	25123588	3185	5
210218_RL#220_15g	2167	Response	1	25123588	3185	5
210218_RL#220_15g	2167	Port Input	1	25125222	4819	4
210218_RL#220_15g	2167	Response	1	25125222	4819	4
210218_RL#220_15g	2167	Port Input	1	25126723	6320	4
210218_RL#220_15g	2167	Response	1	25126723	6320	4
210218_RL#220_15g	2167	Port Input	1	25126728	6325	4
210218_RL#220_15g	2167	Response	1	25126728	6325	4
210218_RL#220_15g	2167	Port Input	1	25128199	7795	4
210218_RL#220_15g	2167	Response	1	25128199	7795	4
210218_RL#220_15g	2167	Port Input	1	25129727	9323	4
210218_RL#220_15g	2167	Response	1	25129727	9323	4
210218_RL#220_15g	2167	Port Input	1	25129731	9328	4
210218_RL#220_15g	2167	Response	1	25129731	9328	4
210218_RL#220_15g	2168	Picture	10	25130557	0	4	832	7	0	next	hit	9475
210218_RL#220_15g	2168	Port Input	1	25131267	711	4
210218_RL#220_15g	2168	Response	1	25131267	711	4
210218_RL#220_15g	2169	Picture	352	25131389	0	4	666	8	0	next	other	0
210218_RL#220_15g	2170	Picture	12	25132055	0	4	20306	5	0	next	false_alarm	9479
210218_RL#220_15g	2170	Port Input	1	25132717	663	4
210218_RL#220_15g	2170	Response	1	25132717	663	4
210218_RL#220_15g	2170	Port Input	1	25133808	1753	4
210218_RL#220_15g	2170	Response	1	25133808	1753	4
210218_RL#220_15g	2170	Port Input	1	25135092	3038	4
210218_RL#220_15g	2170	Response	1	25135092	3038	4
210218_RL#220_15g	2170	Port Input	1	25135096	3042	4
210218_RL#220_15g	2170	Response	1	25135096	3042	4
210218_RL#220_15g	2170	Port Input	1	25136508	4454	3
210218_RL#220_15g	2170	Response	1	25136508	4454	3
210218_RL#220_15g	2170	Port Input	1	25136511	4457	3
210218_RL#220_15g	2170	Response	1	25136511	4457	3
210218_RL#220_15g	2170	Port Input	1	25138021	5967	4
210218_RL#220_15g	2170	Response	1	25138021	5967	4
210218_RL#220_15g	2170	Port Input	1	25139558	7503	4
210218_RL#220_15g	2170	Response	1	25139558	7503	4
210218_RL#220_15g	2170	Port Input	1	25141091	9037	4
210218_RL#220_15g	2170	Response	1	25141091	9037	4
210218_RL#220_15g	2170	Port Input	1	25142792	10737	4
210218_RL#220_15g	2170	Response	1	25142792	10737	4
210218_RL#220_15g	2170	Port Input	1	25146151	14097	4
210218_RL#220_15g	2170	Response	1	25146151	14097	4
210218_RL#220_15g	2170	Port Input	1	25146155	14100	4
210218_RL#220_15g	2170	Response	1	25146155	14100	4
210218_RL#220_15g	2171	Picture	3521	25152361	0	1	666	1	0	next	other	0
210218_RL#220_15g	2172	Picture	666	25153027	0	1	20304	2	0	next	other	0
210218_RL#220_15g	2173	Picture	777	25173331	0	1	20304	4	0	next	other	0
210218_RL#220_15g	2173	Manual	2	25193348	20017	NA
210218_RL#220_15g	2174	Sound	2112	25195039	1404	1			0		other	0
210218_RL#220_15g	2175	Picture	55	25198960	0	3	10319	6	0	next	other	0
210218_RL#220_15g	2176	Picture	10	25209279	0	3	20138	7	0	next	miss	0
210218_RL#220_15g	2177	Picture	412	25229418	0	4	999	7	0	next	other	0
210218_RL#220_15g	2178	Picture	666	25230416	0	4	20139	7	0	next	other	0
210218_RL#220_15g	2179	Picture	777	25250555	0	4	20307	4	0	next	other	0
210218_RL#220_15g	2179	Manual	1	25270569	20014	NA
210218_RL#220_15g	2180	Sound	2122	25272039	1177	1			0		other	0
210218_RL#220_15g	2180	Port Input	1	25274410	3548	6
210218_RL#220_15g	2180	Response	1	25274410	3548	6
210218_RL#220_15g	2180	Port Input	1	25275803	4941	5
210218_RL#220_15g	2180	Response	1	25275803	4941	5
210218_RL#220_15g	2181	Picture	55	25276187	0	1	10319	2	0	next	false_alarm	9520
210218_RL#220_15g	2181	Port Input	1	25277360	1173	4
210218_RL#220_15g	2181	Response	1	25277360	1173	4
210218_RL#220_15g	2181	Port Input	1	25279045	2858	4
210218_RL#220_15g	2181	Response	1	25279045	2858	4
210218_RL#220_15g	2181	Port Input	1	25279049	2861	4
210218_RL#220_15g	2181	Response	1	25279049	2861	4
210218_RL#220_15g	2181	Port Input	1	25280580	4393	4
210218_RL#220_15g	2181	Response	1	25280580	4393	4
210218_RL#220_15g	2181	Port Input	1	25282050	5863	4
210218_RL#220_15g	2181	Response	1	25282050	5863	4
210218_RL#220_15g	2181	Port Input	1	25283433	7246	4
210218_RL#220_15g	2181	Response	1	25283433	7246	4
210218_RL#220_15g	2181	Port Input	1	25285044	8857	4
210218_RL#220_15g	2181	Response	1	25285044	8857	4
210218_RL#220_15g	2181	Port Input	1	25285048	8861	9
210218_RL#220_15g	2181	Response	1	25285048	8861	9
210218_RL#220_15g	2181	Port Input	1	25286361	10174	7
210218_RL#220_15g	2181	Response	1	25286361	10174	7
210218_RL#220_15g	2182	Picture	10	25286506	0	1	1664	2	0	next	hit	9539
210218_RL#220_15g	2182	Port Input	1	25287805	1299	4
210218_RL#220_15g	2182	Response	1	25287805	1299	4
210218_RL#220_15g	2183	Picture	352	25288170	0	1	666	1	0	next	other	0
210218_RL#220_15g	2184	Picture	12	25288836	0	1	20303	3	0	next	false_alarm	9543
210218_RL#220_15g	2184	Port Input	1	25289275	439	3
210218_RL#220_15g	2184	Response	1	25289275	439	3
210218_RL#220_15g	2184	Port Input	1	25290356	1520	5
210218_RL#220_15g	2184	Response	1	25290356	1520	5
210218_RL#220_15g	2184	Port Input	1	25291564	2728	4
210218_RL#220_15g	2184	Response	1	25291564	2728	4
210218_RL#220_15g	2184	Port Input	1	25291568	2732	4
210218_RL#220_15g	2184	Response	1	25291568	2732	4
210218_RL#220_15g	2184	Port Input	1	25292851	4014	4
210218_RL#220_15g	2184	Response	1	25292851	4014	4
210218_RL#220_15g	2184	Port Input	1	25294241	5405	4
210218_RL#220_15g	2184	Response	1	25294241	5405	4
210218_RL#220_15g	2184	Port Input	1	25294244	5408	4
210218_RL#220_15g	2184	Response	1	25294244	5408	4
210218_RL#220_15g	2184	Port Input	1	25295763	6927	4
210218_RL#220_15g	2184	Response	1	25295763	6927	4
210218_RL#220_15g	2184	Port Input	1	25297265	8428	4
210218_RL#220_15g	2184	Response	1	25297265	8428	4
210218_RL#220_15g	2184	Port Input	1	25298810	9974	4
210218_RL#220_15g	2184	Response	1	25298810	9974	4
210218_RL#220_15g	2184	Port Input	1	25300570	11733	4
210218_RL#220_15g	2184	Response	1	25300570	11733	4
210218_RL#220_15g	2184	Port Input	1	25300574	11737	4
210218_RL#220_15g	2184	Response	1	25300574	11737	4
210218_RL#220_15g	2184	Port Input	1	25302187	13351	4
210218_RL#220_15g	2184	Response	1	25302187	13351	4
210218_RL#220_15g	2184	Port Input	1	25302191	13355	4
210218_RL#220_15g	2184	Response	1	25302191	13355	4
210218_RL#220_15g	2184	Port Input	1	25303701	14865	4
210218_RL#220_15g	2184	Response	1	25303701	14865	4
210218_RL#220_15g	2184	Port Input	1	25305272	16436	4
210218_RL#220_15g	2184	Response	1	25305272	16436	4
210218_RL#220_15g	2184	Port Input	1	25305276	16440	4
210218_RL#220_15g	2184	Response	1	25305276	16440	4
210218_RL#220_15g	2184	Port Input	1	25308998	20162	5
210218_RL#220_15g	2184	Response	1	25308998	20162	5
210218_RL#220_15g	2185	Picture	3521	25309140	0	3	834	3	0	next	other	0
210218_RL#220_15g	2186	Picture	666	25309973	0	1	20304	4	0	next	other	0
210218_RL#220_15g	2187	Picture	777	25330277	0	3	20304	6	0	next	other	0
210218_RL#220_15g	2187	Manual	1	25350290	20013	NA
210218_RL#220_15g	2188	Sound	2122	25352039	1457	1			0		other	0
210218_RL#220_15g	2188	Port Input	1	25355108	4527	4
210218_RL#220_15g	2188	Response	1	25355108	4527	4
210218_RL#220_15g	2189	Picture	55	25355741	0	4	10154	5	0	next	false_alarm	9587
210218_RL#220_15g	2189	Port Input	1	25356371	630	4
210218_RL#220_15g	2189	Response	1	25356371	630	4
210218_RL#220_15g	2189	Port Input	1	25358048	2307	4
210218_RL#220_15g	2189	Response	1	25358048	2307	4
210218_RL#220_15g	2189	Port Input	1	25358051	2310	4
210218_RL#220_15g	2189	Response	1	25358051	2310	4
210218_RL#220_15g	2189	Port Input	1	25359658	3916	4
210218_RL#220_15g	2189	Response	1	25359658	3916	4
210218_RL#220_15g	2189	Port Input	1	25359662	3920	4
210218_RL#220_15g	2189	Response	1	25359662	3920	4
210218_RL#220_15g	2189	Port Input	1	25361312	5571	4
210218_RL#220_15g	2189	Response	1	25361312	5571	4
210218_RL#220_15g	2189	Port Input	1	25361316	5574	4
210218_RL#220_15g	2189	Response	1	25361316	5574	4
210218_RL#220_15g	2189	Port Input	1	25362961	7220	4
210218_RL#220_15g	2189	Response	1	25362961	7220	4
210218_RL#220_15g	2189	Port Input	1	25362965	7224	4
210218_RL#220_15g	2189	Response	1	25362965	7224	4
210218_RL#220_15g	2189	Port Input	1	25364456	8715	4
210218_RL#220_15g	2189	Response	1	25364456	8715	4
210218_RL#220_15g	2189	Port Input	1	25364460	8718	4
210218_RL#220_15g	2189	Response	1	25364460	8718	4
210218_RL#220_15g	2189	Port Input	1	25365849	10108	11
210218_RL#220_15g	2189	Response	1	25365849	10108	11
210218_RL#220_15g	2190	Picture	10	25365895	0	2	1996	6	0	next	hit	9612
210218_RL#220_15g	2190	Port Input	1	25367753	1858	4
210218_RL#220_15g	2190	Response	1	25367753	1858	4
210218_RL#220_15g	2191	Picture	352	25367891	0	4	665	7	0	next	other	0
210218_RL#220_15g	2192	Picture	12	25368556	0	4	20307	5	0	next	false_alarm	9616
210218_RL#220_15g	2192	Port Input	1	25369255	699	4
210218_RL#220_15g	2192	Response	1	25369255	699	4
210218_RL#220_15g	2192	Port Input	1	25370261	1705	4
210218_RL#220_15g	2192	Response	1	25370261	1705	4
210218_RL#220_15g	2192	Port Input	1	25371448	2892	4
210218_RL#220_15g	2192	Response	1	25371448	2892	4
210218_RL#220_15g	2192	Port Input	1	25372766	4210	4
210218_RL#220_15g	2192	Response	1	25372766	4210	4
210218_RL#220_15g	2192	Port Input	1	25372770	4214	4
210218_RL#220_15g	2192	Response	1	25372770	4214	4
210218_RL#220_15g	2192	Port Input	1	25374169	5613	4
210218_RL#220_15g	2192	Response	1	25374169	5613	4
210218_RL#220_15g	2192	Port Input	1	25375646	7090	4
210218_RL#220_15g	2192	Response	1	25375646	7090	4
210218_RL#220_15g	2192	Port Input	1	25377084	8528	5
210218_RL#220_15g	2192	Response	1	25377084	8528	5
210218_RL#220_15g	2192	Port Input	1	25378534	9978	4
210218_RL#220_15g	2192	Response	1	25378534	9978	4
210218_RL#220_15g	2192	Port Input	1	25380331	11775	4
210218_RL#220_15g	2192	Response	1	25380331	11775	4
210218_RL#220_15g	2192	Port Input	1	25381929	13372	4
210218_RL#220_15g	2192	Response	1	25381929	13372	4
210218_RL#220_15g	2192	Port Input	1	25383284	14728	4
210218_RL#220_15g	2192	Response	1	25383284	14728	4
210218_RL#220_15g	2193	Picture	3521	25388863	0	1	999	2	0	next	other	0
210218_RL#220_15g	2194	Picture	666	25389862	0	1	20304	2	0	next	false_alarm	9642
210218_RL#220_15g	2194	Port Input	1	25391998	2136	4
210218_RL#220_15g	2194	Response	1	25391998	2136	4
210218_RL#220_15g	2194	Port Input	1	25392001	2140	4
210218_RL#220_15g	2194	Response	1	25392001	2140	4
210218_RL#220_15g	2194	Port Input	1	25393344	3482	3
210218_RL#220_15g	2194	Response	1	25393344	3482	3
210218_RL#220_15g	2194	Port Input	1	25393347	3486	4
210218_RL#220_15g	2194	Response	1	25393347	3486	4
210218_RL#220_15g	2194	Port Input	1	25394941	5080	4
210218_RL#220_15g	2194	Response	1	25394941	5080	4
210218_RL#220_15g	2194	Port Input	1	25394945	5084	4
210218_RL#220_15g	2194	Response	1	25394945	5084	4
210218_RL#220_15g	2195	Picture	777	25410166	0	1	20305	2	0	next	other	0
210218_RL#220_15g	2195	Manual	2	25430180	20014	NA
210218_RL#220_15g	2196	Sound	2112	25432038	1567	1			0		other	0
210218_RL#220_15g	2197	Picture	55	25435795	0	3	10320	4	0	next	other	0
210218_RL#220_15g	2198	Picture	10	25446116	0	2	20137	5	0	next	miss	0
210218_RL#220_15g	2199	Picture	412	25466252	0	4	833	7	0	next	other	0
210218_RL#220_15g	2200	Picture	666	25467085	0	3	20138	7	0	next	other	0
210218_RL#220_15g	2201	Picture	777	25487223	0	4	20306	5	0	next	other	0
210218_RL#220_15g	2201	Manual	2	25507242	20019	NA
210218_RL#220_15g	2202	Sound	2122	25509038	1509	1			0		other	0
210218_RL#220_15g	2202	Port Input	1	25512009	4480	5
210218_RL#220_15g	2202	Response	1	25512009	4480	5
210218_RL#220_15g	2203	Picture	55	25512855	0	1	10319	2	0	next	false_alarm	9667
210218_RL#220_15g	2203	Port Input	1	25513254	398	3
210218_RL#220_15g	2203	Response	1	25513254	398	3
210218_RL#220_15g	2203	Port Input	1	25513256	401	3
210218_RL#220_15g	2203	Response	1	25513256	401	3
210218_RL#220_15g	2203	Port Input	1	25514912	2057	4
210218_RL#220_15g	2203	Response	1	25514912	2057	4
210218_RL#220_15g	2203	Port Input	1	25516430	3575	4
210218_RL#220_15g	2203	Response	1	25516430	3575	4
210218_RL#220_15g	2203	Port Input	1	25518098	5243	4
210218_RL#220_15g	2203	Response	1	25518098	5243	4
210218_RL#220_15g	2203	Port Input	1	25519631	6776	4
210218_RL#220_15g	2203	Response	1	25519631	6776	4
210218_RL#220_15g	2203	Port Input	1	25521239	8384	4
210218_RL#220_15g	2203	Response	1	25521239	8384	4
210218_RL#220_15g	2203	Port Input	1	25522839	9983	4
210218_RL#220_15g	2203	Response	1	25522839	9983	4
210218_RL#220_15g	2204	Picture	10	25523174	0	1	1332	2	0	next	hit	9684
210218_RL#220_15g	2204	Port Input	1	25524287	1113	3
210218_RL#220_15g	2204	Response	1	25524287	1113	3
210218_RL#220_15g	2205	Picture	352	25524506	0	1	832	2	0	next	other	0
210218_RL#220_15g	2206	Picture	12	25525338	0	1	20305	2	0	next	false_alarm	9688
210218_RL#220_15g	2206	Port Input	1	25525821	483	4
210218_RL#220_15g	2206	Response	1	25525821	483	4
210218_RL#220_15g	2206	Port Input	1	25526902	1564	4
210218_RL#220_15g	2206	Response	1	25526902	1564	4
210218_RL#220_15g	2206	Port Input	1	25528119	2781	4
210218_RL#220_15g	2206	Response	1	25528119	2781	4
210218_RL#220_15g	2206	Port Input	1	25529464	4126	4
210218_RL#220_15g	2206	Response	1	25529464	4126	4
210218_RL#220_15g	2206	Port Input	1	25530886	5548	4
210218_RL#220_15g	2206	Response	1	25530886	5548	4
210218_RL#220_15g	2206	Port Input	1	25532248	6910	8
210218_RL#220_15g	2206	Response	1	25532248	6910	8
210218_RL#220_15g	2206	Port Input	1	25533723	8385	5
210218_RL#220_15g	2206	Response	1	25533723	8385	5
210218_RL#220_15g	2206	Port Input	1	25535234	9896	4
210218_RL#220_15g	2206	Response	1	25535234	9896	4
210218_RL#220_15g	2206	Port Input	1	25536747	11409	4
210218_RL#220_15g	2206	Response	1	25536747	11409	4
210218_RL#220_15g	2206	Port Input	1	25536752	11414	4
210218_RL#220_15g	2206	Response	1	25536752	11414	4
210218_RL#220_15g	2206	Port Input	1	25538279	12941	4
210218_RL#220_15g	2206	Response	1	25538279	12941	4
210218_RL#220_15g	2206	Port Input	1	25539851	14513	5
210218_RL#220_15g	2206	Response	1	25539851	14513	5
210218_RL#220_15g	2207	Picture	3521	25545643	0	1	664	4	0	next	other	0
210218_RL#220_15g	2207	Port Input	1	25545661	19	210
210218_RL#220_15g	2207	Response	1	25545661	19	210
210218_RL#220_15g	2208	Picture	666	25546307	0	3	20305	6	0	next	false_alarm	9716
210218_RL#220_15g	2208	Port Input	1	25547334	1027	4
210218_RL#220_15g	2208	Response	1	25547334	1027	4
210218_RL#220_15g	2208	Port Input	1	25547339	1033	4
210218_RL#220_15g	2208	Response	1	25547339	1033	4
210218_RL#220_15g	2209	Picture	777	25566612	0	3	20305	6	0	next	other	0
210218_RL#220_15g	2209	Manual	1	25586626	20014	NA
210218_RL#220_15g	2210	Sound	2112	25588038	1121	1			0		other	0
210218_RL#220_15g	2211	Picture	55	25592076	0	4	10154	6	0	next	other	0
210218_RL#220_15g	2212	Picture	10	25602230	0	2	20137	6	0	next	miss	0
210218_RL#220_15g	2213	Picture	412	25622367	0	4	1000	5	0	next	other	0
210218_RL#220_15g	2214	Picture	666	25623367	0	1	20305	1	0	next	other	0
210218_RL#220_15g	2215	Picture	777	25643672	0	1	20305	2	0	next	other	0
210218_RL#220_15g	2215	Manual	2	25663685	20013	NA
210218_RL#220_15g	2216	Sound	2112	25665038	1061	1			0		other	0
210218_RL#220_15g	2217	Picture	55	25669301	0	3	10319	5	0	next	other	0
210218_RL#220_15g	2218	Picture	10	25679620	0	3	20138	6	0	next	miss	0
210218_RL#220_15g	2219	Picture	412	25699759	0	3	834	5	0	next	other	0
210218_RL#220_15g	2220	Picture	666	25700593	0	2	20136	5	0	next	false_alarm	9734
210218_RL#220_15g	2220	Port Input	1	25705449	4857	4
210218_RL#220_15g	2220	Response	1	25705449	4857	4
210218_RL#220_15g	2221	Picture	777	25720729	0	4	20139	8	0	next	other	0
210218_RL#220_15g	2221	Manual	2	25740742	20013	NA
210218_RL#220_15g	2222	Sound	2122	25742038	1170	1			0		other	0
210218_RL#220_15g	2222	Port Input	1	25745458	4590	5
210218_RL#220_15g	2222	Response	1	25745458	4590	5
210218_RL#220_15g	2223	Picture	55	25746195	0	1	10319	2	0	next	false_alarm	9742
210218_RL#220_15g	2223	Port Input	1	25746754	559	4
210218_RL#220_15g	2223	Response	1	25746754	559	4
210218_RL#220_15g	2223	Port Input	1	25748305	2110	4
210218_RL#220_15g	2223	Response	1	25748305	2110	4
210218_RL#220_15g	2223	Port Input	1	25750099	3904	4
210218_RL#220_15g	2223	Response	1	25750099	3904	4
210218_RL#220_15g	2223	Port Input	1	25751809	5614	4
210218_RL#220_15g	2223	Response	1	25751809	5614	4
210218_RL#220_15g	2223	Port Input	1	25753399	7204	4
210218_RL#220_15g	2223	Response	1	25753399	7204	4
210218_RL#220_15g	2223	Port Input	1	25754908	8713	4
210218_RL#220_15g	2223	Response	1	25754908	8713	4
210218_RL#220_15g	2223	Port Input	1	25756349	10154	6
210218_RL#220_15g	2223	Response	1	25756349	10154	6
210218_RL#220_15g	2224	Picture	10	25756514	0	1	1498	2	0	next	hit	9757
210218_RL#220_15g	2224	Port Input	1	25757756	1242	4
210218_RL#220_15g	2224	Response	1	25757756	1242	4
210218_RL#220_15g	2225	Picture	352	25758012	0	1	500	2	0	next	other	0
210218_RL#220_15g	2226	Picture	12	25758511	0	1	20305	1	0	next	false_alarm	9761
210218_RL#220_15g	2226	Port Input	1	25759242	731	4
210218_RL#220_15g	2226	Response	1	25759242	731	4
210218_RL#220_15g	2226	Port Input	1	25760311	1799	4
210218_RL#220_15g	2226	Response	1	25760311	1799	4
210218_RL#220_15g	2226	Port Input	1	25761527	3016	4
210218_RL#220_15g	2226	Response	1	25761527	3016	4
210218_RL#220_15g	2226	Port Input	1	25761530	3019	4
210218_RL#220_15g	2226	Response	1	25761530	3019	4
210218_RL#220_15g	2226	Port Input	1	25762839	4327	4
210218_RL#220_15g	2226	Response	1	25762839	4327	4
210218_RL#220_15g	2226	Port Input	1	25762842	4331	4
210218_RL#220_15g	2226	Response	1	25762842	4331	4
210218_RL#220_15g	2226	Port Input	1	25764107	5596	4
210218_RL#220_15g	2226	Response	1	25764107	5596	4
210218_RL#220_15g	2226	Port Input	1	25764112	5601	4
210218_RL#220_15g	2226	Response	1	25764112	5601	4
210218_RL#220_15g	2226	Port Input	1	25765427	6916	4
210218_RL#220_15g	2226	Response	1	25765427	6916	4
210218_RL#220_15g	2226	Port Input	1	25766877	8365	4
210218_RL#220_15g	2226	Response	1	25766877	8365	4
210218_RL#220_15g	2226	Port Input	1	25766880	8369	4
210218_RL#220_15g	2226	Response	1	25766880	8369	4
210218_RL#220_15g	2226	Port Input	1	25768372	9861	4
210218_RL#220_15g	2226	Response	1	25768372	9861	4
210218_RL#220_15g	2226	Port Input	1	25770082	11571	4
210218_RL#220_15g	2226	Response	1	25770082	11571	4
210218_RL#220_15g	2226	Port Input	1	25770087	11576	4
210218_RL#220_15g	2226	Response	1	25770087	11576	4
210218_RL#220_15g	2226	Port Input	1	25774854	16343	4
210218_RL#220_15g	2226	Response	1	25774854	16343	4
210218_RL#220_15g	2226	Port Input	1	25774858	16346	4
210218_RL#220_15g	2226	Response	1	25774858	16346	4
210218_RL#220_15g	2226	Port Input	1	25776156	17645	4
210218_RL#220_15g	2226	Response	1	25776156	17645	4
210218_RL#220_15g	2226	Port Input	1	25776161	17650	4
210218_RL#220_15g	2226	Response	1	25776161	17650	4
210218_RL#220_15g	2227	Picture	3521	25778816	0	1	666	1	0	next	other	0
210218_RL#220_15g	2228	Picture	666	25779482	0	1	20303	4	0	next	false_alarm	9799
210218_RL#220_15g	2228	Port Input	1	25781344	1862	3
210218_RL#220_15g	2228	Response	1	25781344	1862	3
210218_RL#220_15g	2228	Port Input	1	25781348	1867	4
210218_RL#220_15g	2228	Response	1	25781348	1867	4
210218_RL#220_15g	2228	Port Input	1	25783038	3556	4
210218_RL#220_15g	2228	Response	1	25783038	3556	4
210218_RL#220_15g	2228	Port Input	1	25784623	5141	4
210218_RL#220_15g	2228	Response	1	25784623	5141	4
210218_RL#220_15g	2229	Picture	777	25799785	0	3	20305	6	0	next	other	0
210218_RL#220_15g	2229	Manual	1	25819800	20016	NA
210218_RL#220_15g	2230	Sound	2122	25822038	1948	1			0		other	0
210218_RL#220_15g	2230	Port Input	1	25824046	3956	4
210218_RL#220_15g	2230	Response	1	25824046	3956	4
210218_RL#220_15g	2231	Picture	55	25825249	0	4	10153	7	0	next	false_alarm	9813
210218_RL#220_15g	2231	Port Input	1	25825348	99	5
210218_RL#220_15g	2231	Response	1	25825348	99	5
210218_RL#220_15g	2231	Port Input	1	25826895	1646	4
210218_RL#220_15g	2231	Response	1	25826895	1646	4
210218_RL#220_15g	2231	Port Input	1	25828491	3242	5
210218_RL#220_15g	2231	Response	1	25828491	3242	5
210218_RL#220_15g	2231	Port Input	1	25830144	4895	4
210218_RL#220_15g	2231	Response	1	25830144	4895	4
210218_RL#220_15g	2231	Port Input	1	25830148	4899	4
210218_RL#220_15g	2231	Response	1	25830148	4899	4
210218_RL#220_15g	2231	Port Input	1	25831762	6513	4
210218_RL#220_15g	2231	Response	1	25831762	6513	4
210218_RL#220_15g	2231	Port Input	1	25831765	6516	4
210218_RL#220_15g	2231	Response	1	25831765	6516	4
210218_RL#220_15g	2231	Port Input	1	25833263	8013	4
210218_RL#220_15g	2231	Response	1	25833263	8013	4
210218_RL#220_15g	2231	Port Input	1	25833266	8017	4
210218_RL#220_15g	2231	Response	1	25833266	8017	4
210218_RL#220_15g	2231	Port Input	1	25834767	9518	4
210218_RL#220_15g	2231	Response	1	25834767	9518	4
210218_RL#220_15g	2231	Port Input	1	25834771	9522	4
210218_RL#220_15g	2231	Response	1	25834771	9522	4
210218_RL#220_15g	2232	Picture	10	25835402	0	4	999	7	0	next	hit	9836
210218_RL#220_15g	2232	Port Input	1	25836189	787	4
210218_RL#220_15g	2232	Response	1	25836189	787	4
210218_RL#220_15g	2232	Port Input	1	25836193	791	4
210218_RL#220_15g	2232	Response	1	25836193	791	4
210218_RL#220_15g	2233	Picture	352	25836401	0	4	667	5	0	next	other	0
210218_RL#220_15g	2234	Picture	12	25837068	0	2	20137	6	0	next	false_alarm	9842
210218_RL#220_15g	2234	Port Input	1	25837766	698	4
210218_RL#220_15g	2234	Response	1	25837766	698	4
210218_RL#220_15g	2234	Port Input	1	25838811	1744	4
210218_RL#220_15g	2234	Response	1	25838811	1744	4
210218_RL#220_15g	2234	Port Input	1	25838815	1747	4
210218_RL#220_15g	2234	Response	1	25838815	1747	4
210218_RL#220_15g	2234	Port Input	1	25839945	2877	4
210218_RL#220_15g	2234	Response	1	25839945	2877	4
210218_RL#220_15g	2234	Port Input	1	25841220	4152	4
210218_RL#220_15g	2234	Response	1	25841220	4152	4
210218_RL#220_15g	2234	Port Input	1	25842505	5437	4
210218_RL#220_15g	2234	Response	1	25842505	5437	4
210218_RL#220_15g	2234	Port Input	1	25843710	6642	5
210218_RL#220_15g	2234	Response	1	25843710	6642	5
210218_RL#220_15g	2234	Port Input	1	25845073	8005	5
210218_RL#220_15g	2234	Response	1	25845073	8005	5
210218_RL#220_15g	2234	Port Input	1	25846532	9464	4
210218_RL#220_15g	2234	Response	1	25846532	9464	4
210218_RL#220_15g	2234	Port Input	1	25848360	11292	5
210218_RL#220_15g	2234	Response	1	25848360	11292	5
210218_RL#220_15g	2234	Port Input	1	25849816	12748	4
210218_RL#220_15g	2234	Response	1	25849816	12748	4
210218_RL#220_15g	2234	Port Input	1	25851438	14370	4
210218_RL#220_15g	2234	Response	1	25851438	14370	4
210218_RL#220_15g	2234	Port Input	1	25851442	14374	4
210218_RL#220_15g	2234	Response	1	25851442	14374	4
210218_RL#220_15g	2234	Port Input	1	25853182	16114	4
210218_RL#220_15g	2234	Response	1	25853182	16114	4
210218_RL#220_15g	2234	Port Input	1	25854753	17686	4
210218_RL#220_15g	2234	Response	1	25854753	17686	4
210218_RL#220_15g	2234	Port Input	1	25856152	19084	4
210218_RL#220_15g	2234	Response	1	25856152	19084	4
210218_RL#220_15g	2235	Picture	3521	25857204	0	5	832	9	0	next	other	0
210218_RL#220_15g	2235	Port Input	1	25857328	124	344
210218_RL#220_15g	2235	Response	1	25857328	124	344
210218_RL#220_15g	2236	Picture	666	25858037	0	4	20306	5	0	next	false_alarm	9878
210218_RL#220_15g	2236	Port Input	1	25860708	2671	4
210218_RL#220_15g	2236	Response	1	25860708	2671	4
210218_RL#220_15g	2236	Port Input	1	25862221	4184	4
210218_RL#220_15g	2236	Response	1	25862221	4184	4
210218_RL#220_15g	2236	Port Input	1	25862224	4188	4
210218_RL#220_15g	2236	Response	1	25862224	4188	4
210218_RL#220_15g	2237	Picture	777	25878343	0	1	20305	2	0	next	other	0
210218_RL#220_15g	2237	Manual	1	25898360	20017	NA
210218_RL#220_15g	2238	Sound	2112	25900038	1390	1			0		other	0
210218_RL#220_15g	2239	Picture	55	25903973	0	3	10319	5	0	next	other	0
210218_RL#220_15g	2240	Picture	10	25914291	0	3	20305	6	0	next	miss	0
210218_RL#220_15g	2241	Picture	412	25934596	0	3	834	5	0	next	other	0
210218_RL#220_15g	2242	Picture	666	25935430	0	2	20137	6	0	next	other	0
210218_RL#220_15g	2243	Picture	777	25955567	0	4	20139	8	0	next	other	0
210218_RL#220_15g	2243	Manual	1	25975581	20015	NA
210218_RL#220_15g	2244	Sound	2122	25977038	1333	1			0		other	0
210218_RL#220_15g	2244	Port Input	1	25980272	4567	4
210218_RL#220_15g	2244	Response	1	25980272	4567	4
210218_RL#220_15g	2244	Port Input	1	25980276	4570	4
210218_RL#220_15g	2244	Response	1	25980276	4570	4
210218_RL#220_15g	2245	Picture	55	25981033	0	1	10319	2	0	next	false_alarm	9899
210218_RL#220_15g	2245	Port Input	1	25981600	567	4
210218_RL#220_15g	2245	Response	1	25981600	567	4
210218_RL#220_15g	2245	Port Input	1	25981603	571	3
210218_RL#220_15g	2245	Response	1	25981603	571	3
210218_RL#220_15g	2245	Port Input	1	25983230	2197	4
210218_RL#220_15g	2245	Response	1	25983230	2197	4
210218_RL#220_15g	2245	Port Input	1	25985048	4016	4
210218_RL#220_15g	2245	Response	1	25985048	4016	4
210218_RL#220_15g	2245	Port Input	1	25986838	5805	4
210218_RL#220_15g	2245	Response	1	25986838	5805	4
210218_RL#220_15g	2245	Port Input	1	25988395	7363	4
210218_RL#220_15g	2245	Response	1	25988395	7363	4
210218_RL#220_15g	2245	Port Input	1	25988399	7366	4
210218_RL#220_15g	2245	Response	1	25988399	7366	4
210218_RL#220_15g	2245	Port Input	1	25989940	8907	4
210218_RL#220_15g	2245	Response	1	25989940	8907	4
210218_RL#220_15g	2245	Port Input	1	25989944	8911	4
210218_RL#220_15g	2245	Response	1	25989944	8911	4
210218_RL#220_15g	2246	Picture	10	25991351	0	1	499	2	0	next	hit	9918
210218_RL#220_15g	2246	Port Input	1	25991549	198	3
210218_RL#220_15g	2246	Response	1	25991549	198	3
210218_RL#220_15g	2247	Picture	352	25991851	0	1	499	2	0	next	other	0
210218_RL#220_15g	2248	Picture	12	25992350	0	1	20305	1	0	next	false_alarm	9922
210218_RL#220_15g	2248	Port Input	1	25993147	797	5
210218_RL#220_15g	2248	Response	1	25993147	797	5
210218_RL#220_15g	2248	Port Input	1	25994234	1884	4
210218_RL#220_15g	2248	Response	1	25994234	1884	4
210218_RL#220_15g	2248	Port Input	1	25995512	3162	4
210218_RL#220_15g	2248	Response	1	25995512	3162	4
210218_RL#220_15g	2248	Port Input	1	25995515	3165	4
210218_RL#220_15g	2248	Response	1	25995515	3165	4
210218_RL#220_15g	2248	Port Input	1	25996905	4555	4
210218_RL#220_15g	2248	Response	1	25996905	4555	4
210218_RL#220_15g	2248	Port Input	1	25998334	5984	4
210218_RL#220_15g	2248	Response	1	25998334	5984	4
210218_RL#220_15g	2248	Port Input	1	25999834	7484	4
210218_RL#220_15g	2248	Response	1	25999834	7484	4
210218_RL#220_15g	2248	Port Input	1	26001370	9020	4
210218_RL#220_15g	2248	Response	1	26001370	9020	4
210218_RL#220_15g	2248	Port Input	1	26002890	10540	4
210218_RL#220_15g	2248	Response	1	26002890	10540	4
210218_RL#220_15g	2248	Port Input	1	26002895	10545	4
210218_RL#220_15g	2248	Response	1	26002895	10545	4
210218_RL#220_15g	2248	Port Input	1	26004505	12155	5
210218_RL#220_15g	2248	Response	1	26004505	12155	5
210218_RL#220_15g	2248	Port Input	1	26007593	15243	4
210218_RL#220_15g	2248	Response	1	26007593	15243	4
210218_RL#220_15g	2248	Port Input	1	26009526	17176	4
210218_RL#220_15g	2248	Response	1	26009526	17176	4
210218_RL#220_15g	2248	Port Input	1	26011119	18768	4
210218_RL#220_15g	2248	Response	1	26011119	18768	4
210218_RL#220_15g	2249	Picture	3521	26012655	0	1	832	1	0	next	other	0
210218_RL#220_15g	2250	Picture	666	26013487	0	1	20305	2	0	next	other	0
210218_RL#220_15g	2251	Picture	777	26033792	0	1	20303	5	0	next	other	0
210218_RL#220_15g	2251	Manual	1	26053805	20013	NA
210218_RL#220_15g	2252	Sound	2112	26056038	1943	1			0		other	0
210218_RL#220_15g	2253	Picture	55	26059254	0	4	10154	6	0	next	other	0
210218_RL#220_15g	2254	Picture	10	26069409	0	2	20137	6	0	next	miss	0
210218_RL#220_15g	2255	Picture	412	26089546	0	4	1000	6	0	next	other	0
210218_RL#220_15g	2256	Picture	666	26090546	0	2	20305	3	0	next	other	0
210218_RL#220_15g	2257	Picture	777	26110850	0	1	20305	1	0	next	other	0
210218_RL#220_15g	2257	Manual	1	26130866	20016	NA
210218_RL#220_15g	2258	Sound	2112	26133038	1883	1			0		other	0
210218_RL#220_15g	2259	Picture	55	26136481	0	1	10313	8	0	next	other	0
210218_RL#220_15g	2260	Picture	10	26146795	0	7	20309	10	0	next	miss	0
210218_RL#220_15g	2261	Picture	412	26167103	0	4	834	5	0	next	other	0
210218_RL#220_15g	2262	Picture	666	26167937	0	2	20137	5	0	next	other	0
210218_RL#220_15g	2263	Picture	777	26188074	0	4	20139	7	0	next	other	0
210218_RL#220_15g	2263	Manual	2	26208088	20014	NA
210218_RL#220_15g	2264	Sound	2122	26210038	1825	1			0		other	0
210218_RL#220_15g	2265	Picture	55	26213372	0	4	10320	5	0	next	false_alarm	9970
210218_RL#220_15g	2265	Port Input	1	26213846	474	3
210218_RL#220_15g	2265	Response	1	26213846	474	3
210218_RL#220_15g	2265	Port Input	1	26215098	1726	4
210218_RL#220_15g	2265	Response	1	26215098	1726	4
210218_RL#220_15g	2265	Port Input	1	26216770	3398	4
210218_RL#220_15g	2265	Response	1	26216770	3398	4
210218_RL#220_15g	2265	Port Input	1	26218631	5259	4
210218_RL#220_15g	2265	Response	1	26218631	5259	4
210218_RL#220_15g	2265	Port Input	1	26220508	7136	4
210218_RL#220_15g	2265	Response	1	26220508	7136	4
210218_RL#220_15g	2265	Port Input	1	26222142	8770	4
210218_RL#220_15g	2265	Response	1	26222142	8770	4
210218_RL#220_15g	2266	Picture	10	26223692	0	1	333	2	0	next	hit	9983
210218_RL#220_15g	2266	Port Input	1	26223712	20	4
210218_RL#220_15g	2266	Response	1	26223712	20	4
210218_RL#220_15g	2267	Picture	352	26224025	0	1	499	1	0	next	other	0
210218_RL#220_15g	2268	Picture	12	26224525	0	1	20305	2	0	next	false_alarm	9987
210218_RL#220_15g	2268	Port Input	1	26225235	710	4
210218_RL#220_15g	2268	Response	1	26225235	710	4
210218_RL#220_15g	2268	Port Input	1	26226244	1719	4
210218_RL#220_15g	2268	Response	1	26226244	1719	4
210218_RL#220_15g	2268	Port Input	1	26227466	2941	4
210218_RL#220_15g	2268	Response	1	26227466	2941	4
210218_RL#220_15g	2268	Port Input	1	26227469	2945	4
210218_RL#220_15g	2268	Response	1	26227469	2945	4
210218_RL#220_15g	2268	Port Input	1	26228897	4372	4
210218_RL#220_15g	2268	Response	1	26228897	4372	4
210218_RL#220_15g	2268	Port Input	1	26230360	5835	4
210218_RL#220_15g	2268	Response	1	26230360	5835	4
210218_RL#220_15g	2268	Port Input	1	26231830	7305	4
210218_RL#220_15g	2268	Response	1	26231830	7305	4
210218_RL#220_15g	2268	Port Input	1	26233423	8899	4
210218_RL#220_15g	2268	Response	1	26233423	8899	4
210218_RL#220_15g	2268	Port Input	1	26234772	10247	4
210218_RL#220_15g	2268	Response	1	26234772	10247	4
210218_RL#220_15g	2268	Port Input	1	26236259	11734	5
210218_RL#220_15g	2268	Response	1	26236259	11734	5
210218_RL#220_15g	2268	Port Input	1	26236264	11739	4
210218_RL#220_15g	2268	Response	1	26236264	11739	4
210218_RL#220_15g	2268	Port Input	1	26237980	13456	4
210218_RL#220_15g	2268	Response	1	26237980	13456	4
210218_RL#220_15g	2268	Port Input	1	26241288	16763	4
210218_RL#220_15g	2268	Response	1	26241288	16763	4
210218_RL#220_15g	2268	Port Input	1	26242954	18429	4
210218_RL#220_15g	2268	Response	1	26242954	18429	4
210218_RL#220_15g	2268	Port Input	1	26242957	18432	4
210218_RL#220_15g	2268	Response	1	26242957	18432	4
210218_RL#220_15g	2268	Port Input	1	26244545	20021	5
210218_RL#220_15g	2268	Response	1	26244545	20021	5
210218_RL#220_15g	2269	Picture	3521	26244829	0	1	832	2	0	next	other	0
210218_RL#220_15g	2270	Picture	666	26245661	0	1	20304	3	0	next	false_alarm	10021
210218_RL#220_15g	2270	Port Input	1	26246080	418	3
210218_RL#220_15g	2270	Response	1	26246080	418	3
210218_RL#220_15g	2271	Picture	777	26265965	0	3	20305	6	0	next	other	0
210218_RL#220_15g	2271	Manual	1	26285979	20014	NA
210218_RL#220_15g	2272	Sound	2112	26288038	1768	1			0		other	0
210218_RL#220_15g	2273	Picture	55	26291429	0	4	10153	7	0	next	other	0
210218_RL#220_15g	2274	Picture	10	26301582	0	4	20138	7	0	next	miss	0
210218_RL#220_15g	2275	Picture	412	26321720	0	4	999	7	0	next	other	0
210218_RL#220_15g	2276	Picture	666	26322719	0	3	20306	4	0	next	other	0
210218_RL#220_15g	2277	Picture	777	26343025	0	2	20305	2	0	next	other	0
210218_RL#220_15g	2277	Manual	2	26363040	20015	NA
210218_RL#220_15g	2278	Sound	2122	26365038	1708	1			0		other	0
210218_RL#220_15g	2278	Port Input	1	26368019	4689	5
210218_RL#220_15g	2278	Response	1	26368019	4689	5
210218_RL#220_15g	2278	Port Input	1	26368025	4695	4
210218_RL#220_15g	2278	Response	1	26368025	4695	4
210218_RL#220_15g	2279	Picture	55	26368656	0	1	10319	2	0	next	false_alarm	10038
210218_RL#220_15g	2279	Port Input	1	26369270	615	4
210218_RL#220_15g	2279	Response	1	26369270	615	4
210218_RL#220_15g	2279	Port Input	1	26370847	2191	4
210218_RL#220_15g	2279	Response	1	26370847	2191	4
210218_RL#220_15g	2279	Port Input	1	26372557	3901	4
210218_RL#220_15g	2279	Response	1	26372557	3901	4
210218_RL#220_15g	2279	Port Input	1	26374191	5536	4
210218_RL#220_15g	2279	Response	1	26374191	5536	4
210218_RL#220_15g	2279	Port Input	1	26375789	7134	4
210218_RL#220_15g	2279	Response	1	26375789	7134	4
210218_RL#220_15g	2279	Port Input	1	26375793	7137	3
210218_RL#220_15g	2279	Response	1	26375793	7137	3
210218_RL#220_15g	2279	Port Input	1	26377276	8620	4
210218_RL#220_15g	2279	Response	1	26377276	8620	4
210218_RL#220_15g	2279	Port Input	1	26378719	10063	4
210218_RL#220_15g	2279	Response	1	26378719	10063	4
210218_RL#220_15g	2280	Picture	10	26378975	0	1	1496	4	0	next	hit	10055
210218_RL#220_15g	2280	Port Input	1	26380162	1188	4
210218_RL#220_15g	2280	Response	1	26380162	1188	4
210218_RL#220_15g	2281	Picture	352	26380471	0	3	499	6	0	next	other	0
210218_RL#220_15g	2282	Picture	12	26380970	0	3	20305	6	0	next	false_alarm	10059
210218_RL#220_15g	2282	Port Input	1	26381649	679	4
210218_RL#220_15g	2282	Response	1	26381649	679	4
210218_RL#220_15g	2282	Port Input	1	26382729	1758	4
210218_RL#220_15g	2282	Response	1	26382729	1758	4
210218_RL#220_15g	2282	Port Input	1	26383992	3022	4
210218_RL#220_15g	2282	Response	1	26383992	3022	4
210218_RL#220_15g	2282	Port Input	1	26385331	4361	4
210218_RL#220_15g	2282	Response	1	26385331	4361	4
210218_RL#220_15g	2282	Port Input	1	26386671	5700	4
210218_RL#220_15g	2282	Response	1	26386671	5700	4
210218_RL#220_15g	2282	Port Input	1	26388153	7183	4
210218_RL#220_15g	2282	Response	1	26388153	7183	4
210218_RL#220_15g	2282	Port Input	1	26389677	8707	4
210218_RL#220_15g	2282	Response	1	26389677	8707	4
210218_RL#220_15g	2282	Port Input	1	26389681	8710	4
210218_RL#220_15g	2282	Response	1	26389681	8710	4
210218_RL#220_15g	2282	Port Input	1	26391134	10164	4
210218_RL#220_15g	2282	Response	1	26391134	10164	4
210218_RL#220_15g	2282	Port Input	1	26392696	11726	4
210218_RL#220_15g	2282	Response	1	26392696	11726	4
210218_RL#220_15g	2282	Port Input	1	26394395	13425	4
210218_RL#220_15g	2282	Response	1	26394395	13425	4
210218_RL#220_15g	2282	Port Input	1	26394399	13429	4
210218_RL#220_15g	2282	Response	1	26394399	13429	4
210218_RL#220_15g	2282	Port Input	1	26398006	17035	4
210218_RL#220_15g	2282	Response	1	26398006	17035	4
210218_RL#220_15g	2282	Port Input	1	26398009	17039	4
210218_RL#220_15g	2282	Response	1	26398009	17039	4
210218_RL#220_15g	2282	Port Input	1	26399982	19012	4
210218_RL#220_15g	2282	Response	1	26399982	19012	4
210218_RL#220_15g	2283	Picture	3521	26401275	0	3	667	4	0	next	other	0
210218_RL#220_15g	2283	Port Input	1	26401543	268	199
210218_RL#220_15g	2283	Response	1	26401543	268	199
210218_RL#220_15g	2284	Picture	666	26401943	0	1	20137	5	0	next	false_alarm	10093
210218_RL#220_15g	2284	Port Input	1	26408133	6191	4
210218_RL#220_15g	2284	Response	1	26408133	6191	4
210218_RL#220_15g	2285	Picture	777	26422079	0	4	20139	7	0	next	other	0
210218_RL#220_15g	2285	Manual	2	26442097	20018	NA
210218_RL#220_15g	2286	Sound	2122	26444038	1820	1			0		other	0
210218_RL#220_15g	2286	Port Input	1	26446328	4110	4
210218_RL#220_15g	2286	Response	1	26446328	4110	4
210218_RL#220_15g	2287	Picture	55	26447379	0	2	10319	3	0	next	false_alarm	10101
210218_RL#220_15g	2287	Port Input	1	26447572	193	3
210218_RL#220_15g	2287	Response	1	26447572	193	3
210218_RL#220_15g	2287	Port Input	1	26449143	1764	4
210218_RL#220_15g	2287	Response	1	26449143	1764	4
210218_RL#220_15g	2287	Port Input	1	26450793	3414	4
210218_RL#220_15g	2287	Response	1	26450793	3414	4
210218_RL#220_15g	2287	Port Input	1	26452381	5002	4
210218_RL#220_15g	2287	Response	1	26452381	5002	4
210218_RL#220_15g	2287	Port Input	1	26453965	6586	4
210218_RL#220_15g	2287	Response	1	26453965	6586	4
210218_RL#220_15g	2287	Port Input	1	26453968	6589	4
210218_RL#220_15g	2287	Response	1	26453968	6589	4
210218_RL#220_15g	2287	Port Input	1	26455445	8067	4
210218_RL#220_15g	2287	Response	1	26455445	8067	4
210218_RL#220_15g	2287	Port Input	1	26455449	8070	4
210218_RL#220_15g	2287	Response	1	26455449	8070	4
210218_RL#220_15g	2287	Port Input	1	26456949	9570	4
210218_RL#220_15g	2287	Response	1	26456949	9570	4
210218_RL#220_15g	2288	Picture	10	26457698	0	1	1165	2	0	next	hit	10120
210218_RL#220_15g	2288	Port Input	1	26458575	877	4
210218_RL#220_15g	2288	Response	1	26458575	877	4
210218_RL#220_15g	2289	Picture	352	26458863	0	1	499	2	0	next	other	0
210218_RL#220_15g	2290	Picture	12	26459362	0	1	20305	2	0	next	false_alarm	10124
210218_RL#220_15g	2290	Port Input	1	26460150	788	4
210218_RL#220_15g	2290	Response	1	26460150	788	4
210218_RL#220_15g	2290	Port Input	1	26461123	1761	4
210218_RL#220_15g	2290	Response	1	26461123	1761	4
210218_RL#220_15g	2290	Port Input	1	26462297	2934	4
210218_RL#220_15g	2290	Response	1	26462297	2934	4
210218_RL#220_15g	2290	Port Input	1	26462300	2938	4
210218_RL#220_15g	2290	Response	1	26462300	2938	4
210218_RL#220_15g	2290	Port Input	1	26463484	4121	4
210218_RL#220_15g	2290	Response	1	26463484	4121	4
210218_RL#220_15g	2290	Port Input	1	26464770	5408	4
210218_RL#220_15g	2290	Response	1	26464770	5408	4
210218_RL#220_15g	2290	Port Input	1	26466129	6767	4
210218_RL#220_15g	2290	Response	1	26466129	6767	4
210218_RL#220_15g	2290	Port Input	1	26466133	6771	4
210218_RL#220_15g	2290	Response	1	26466133	6771	4
210218_RL#220_15g	2290	Port Input	1	26467632	8269	4
210218_RL#220_15g	2290	Response	1	26467632	8269	4
210218_RL#220_15g	2290	Port Input	1	26469201	9839	4
210218_RL#220_15g	2290	Response	1	26469201	9839	4
210218_RL#220_15g	2290	Port Input	1	26469205	9843	4
210218_RL#220_15g	2290	Response	1	26469205	9843	4
210218_RL#220_15g	2290	Port Input	1	26470963	11601	4
210218_RL#220_15g	2290	Response	1	26470963	11601	4
210218_RL#220_15g	2290	Port Input	1	26470968	11606	3
210218_RL#220_15g	2290	Response	1	26470968	11606	3
210218_RL#220_15g	2290	Port Input	1	26474432	15070	4
210218_RL#220_15g	2290	Response	1	26474432	15070	4
210218_RL#220_15g	2290	Port Input	1	26475828	16466	4
210218_RL#220_15g	2290	Response	1	26475828	16466	4
210218_RL#220_15g	2290	Port Input	1	26477454	18092	4
210218_RL#220_15g	2290	Response	1	26477454	18092	4
210218_RL#220_15g	2290	Port Input	1	26477458	18096	4
210218_RL#220_15g	2290	Response	1	26477458	18096	4
210218_RL#220_15g	2290	Port Input	1	26479273	19911	4
210218_RL#220_15g	2290	Response	1	26479273	19911	4
210218_RL#220_15g	2291	Picture	3521	26479667	0	1	832	2	0	next	other	0
210218_RL#220_15g	2292	Picture	666	26480499	0	1	20303	4	0	next	false_alarm	10162
210218_RL#220_15g	2292	Port Input	1	26480752	253	3
210218_RL#220_15g	2292	Response	1	26480752	253	3
210218_RL#220_15g	2292	Port Input	1	26482855	2356	4
210218_RL#220_15g	2292	Response	1	26482855	2356	4
210218_RL#220_15g	2292	Port Input	1	26482859	2360	4
210218_RL#220_15g	2292	Response	1	26482859	2360	4
210218_RL#220_15g	2292	Port Input	1	26484875	4377	4
210218_RL#220_15g	2292	Response	1	26484875	4377	4
210218_RL#220_15g	2292	Port Input	1	26484879	4380	4
210218_RL#220_15g	2292	Response	1	26484879	4380	4
210218_RL#220_15g	2293	Picture	777	26500802	0	3	20305	6	0	next	other	0
210218_RL#220_15g	2293	Manual	2	26520817	20015	NA
210218_RL#220_15g	2294	Sound	2112	26523038	1930	1			0		other	0
210218_RL#220_15g	2295	Picture	55	26526267	0	3	10152	7	0	next	other	0
210218_RL#220_15g	2296	Picture	10	26536419	0	4	20139	8	0	next	miss	0
210218_RL#220_15g	2297	Picture	412	26556557	0	4	833	7	0	next	other	0
210218_RL#220_15g	2298	Picture	666	26557390	0	4	20306	4	0	next	other	0
210218_RL#220_15g	2299	Picture	777	26577696	0	1	20305	2	0	next	other	0
210218_RL#220_15g	2299	Manual	2	26597712	20016	NA
210218_RL#220_15g	2300	Sound	2122	26600037	2036	1			0		other	0
210218_RL#220_15g	2300	Port Input	1	26602919	4918	4
210218_RL#220_15g	2300	Response	1	26602919	4918	4
210218_RL#220_15g	2301	Picture	55	26603327	0	1	10319	2	0	next	false_alarm	10185
210218_RL#220_15g	2301	Port Input	1	26604312	985	4
210218_RL#220_15g	2301	Response	1	26604312	985	4
210218_RL#220_15g	2301	Port Input	1	26604316	989	4
210218_RL#220_15g	2301	Response	1	26604316	989	4
210218_RL#220_15g	2301	Port Input	1	26606008	2682	4
210218_RL#220_15g	2301	Response	1	26606008	2682	4
210218_RL#220_15g	2301	Port Input	1	26607773	4447	4
210218_RL#220_15g	2301	Response	1	26607773	4447	4
210218_RL#220_15g	2301	Port Input	1	26609477	6150	5
210218_RL#220_15g	2301	Response	1	26609477	6150	5
210218_RL#220_15g	2301	Port Input	1	26611121	7794	4
210218_RL#220_15g	2301	Response	1	26611121	7794	4
210218_RL#220_15g	2301	Port Input	1	26611125	7798	4
210218_RL#220_15g	2301	Response	1	26611125	7798	4
210218_RL#220_15g	2301	Port Input	1	26612758	9431	4
210218_RL#220_15g	2301	Response	1	26612758	9431	4
210218_RL#220_15g	2302	Picture	10	26613646	0	1	1165	2	0	next	hit	10202
210218_RL#220_15g	2302	Port Input	1	26614492	846	5
210218_RL#220_15g	2302	Response	1	26614492	846	5
210218_RL#220_15g	2303	Picture	352	26614811	0	1	499	2	0	next	other	0
210218_RL#220_15g	2304	Picture	12	26615310	0	1	20303	4	0	next	false_alarm	10206
210218_RL#220_15g	2304	Port Input	1	26616215	905	4
210218_RL#220_15g	2304	Response	1	26616215	905	4
210218_RL#220_15g	2304	Port Input	1	26617295	1985	4
210218_RL#220_15g	2304	Response	1	26617295	1985	4
210218_RL#220_15g	2304	Port Input	1	26618544	3234	4
210218_RL#220_15g	2304	Response	1	26618544	3234	4
210218_RL#220_15g	2304	Port Input	1	26619873	4562	4
210218_RL#220_15g	2304	Response	1	26619873	4562	4
210218_RL#220_15g	2304	Port Input	1	26621160	5850	4
210218_RL#220_15g	2304	Response	1	26621160	5850	4
210218_RL#220_15g	2304	Port Input	1	26622467	7157	4
210218_RL#220_15g	2304	Response	1	26622467	7157	4
210218_RL#220_15g	2304	Port Input	1	26623952	8642	4
210218_RL#220_15g	2304	Response	1	26623952	8642	4
210218_RL#220_15g	2304	Port Input	1	26623956	8646	4
210218_RL#220_15g	2304	Response	1	26623956	8646	4
210218_RL#220_15g	2304	Port Input	1	26625447	10136	4
210218_RL#220_15g	2304	Response	1	26625447	10136	4
210218_RL#220_15g	2304	Port Input	1	26625450	10140	4
210218_RL#220_15g	2304	Response	1	26625450	10140	4
210218_RL#220_15g	2304	Port Input	1	26627107	11797	5
210218_RL#220_15g	2304	Response	1	26627107	11797	5
210218_RL#220_15g	2304	Port Input	1	26632063	16753	4
210218_RL#220_15g	2304	Response	1	26632063	16753	4
210218_RL#220_15g	2304	Port Input	1	26632067	16757	4
210218_RL#220_15g	2304	Response	1	26632067	16757	4
210218_RL#220_15g	2305	Picture	3521	26635614	0	3	832	6	0	next	other	0
210218_RL#220_15g	2306	Picture	666	26636445	0	3	20139	6	0	next	other	0
210218_RL#220_15g	2307	Picture	777	26656584	0	3	20138	7	0	next	other	0
210218_RL#220_15g	2307	Manual	1	26676597	20013	NA
210218_RL#220_15g	2308	Sound	2112	26678037	1315	1			0		other	0
210218_RL#220_15g	2309	Picture	55	26681882	0	4	10153	8	0	next	false_alarm	10238
210218_RL#220_15g	2309	Port Input	1	26691861	9980	4
210218_RL#220_15g	2309	Response	1	26691861	9980	4
210218_RL#220_15g	2309	Port Input	1	26691865	9983	4
210218_RL#220_15g	2309	Response	1	26691865	9983	4
210218_RL#220_15g	2310	Picture	10	26692035	0	4	20306	5	0	next	miss	0
210218_RL#220_15g	2311	Picture	412	26712341	0	1	1165	1	0	next	other	0
210218_RL#220_15g	2312	Picture	666	26713506	0	1	20305	2	0	next	false_alarm	10245
210218_RL#220_15g	2312	Port Input	1	26716467	2961	4
210218_RL#220_15g	2312	Response	1	26716467	2961	4
210218_RL#220_15g	2313	Picture	777	26733810	0	1	20304	4	0	next	other	0
210218_RL#220_15g	2313	Manual	2	26753828	20017	NA
210218_RL#220_15g	2314	Sound	2122	26756037	1923	1			0		other	0
210218_RL#220_15g	2314	Port Input	1	26757903	3789	4
210218_RL#220_15g	2314	Response	1	26757903	3789	4
210218_RL#220_15g	2314	Port Input	1	26758858	4744	4
210218_RL#220_15g	2314	Response	1	26758858	4744	4
210218_RL#220_15g	2315	Picture	55	26759273	0	3	10152	6	0	next	false_alarm	10255
210218_RL#220_15g	2315	Port Input	1	26760295	1022	4
210218_RL#220_15g	2315	Response	1	26760295	1022	4
210218_RL#220_15g	2315	Port Input	1	26760299	1026	5
210218_RL#220_15g	2315	Response	1	26760299	1026	5
210218_RL#220_15g	2315	Port Input	1	26761882	2608	4
210218_RL#220_15g	2315	Response	1	26761882	2608	4
210218_RL#220_15g	2315	Port Input	1	26763558	4285	4
210218_RL#220_15g	2315	Response	1	26763558	4285	4
210218_RL#220_15g	2315	Port Input	1	26763562	4288	4
210218_RL#220_15g	2315	Response	1	26763562	4288	4
210218_RL#220_15g	2315	Port Input	1	26765168	5894	5
210218_RL#220_15g	2315	Response	1	26765168	5894	5
210218_RL#220_15g	2315	Port Input	1	26766709	7435	4
210218_RL#220_15g	2315	Response	1	26766709	7435	4
210218_RL#220_15g	2315	Port Input	1	26768209	8935	6
210218_RL#220_15g	2315	Response	1	26768209	8935	6
210218_RL#220_15g	2316	Picture	10	26769426	0	3	499	7	0	next	hit	10272
210218_RL#220_15g	2316	Port Input	1	26769692	267	4
210218_RL#220_15g	2316	Response	1	26769692	267	4
210218_RL#220_15g	2317	Picture	352	26769925	0	4	499	7	0	next	other	0
210218_RL#220_15g	2318	Picture	12	26770424	0	4	20139	7	0	next	false_alarm	10276
210218_RL#220_15g	2318	Port Input	1	26771181	757	4
210218_RL#220_15g	2318	Response	1	26771181	757	4
210218_RL#220_15g	2318	Port Input	1	26772156	1732	4
210218_RL#220_15g	2318	Response	1	26772156	1732	4
210218_RL#220_15g	2318	Port Input	1	26773300	2876	4
210218_RL#220_15g	2318	Response	1	26773300	2876	4
210218_RL#220_15g	2318	Port Input	1	26774558	4134	4
210218_RL#220_15g	2318	Response	1	26774558	4134	4
210218_RL#220_15g	2318	Port Input	1	26775884	5460	4
210218_RL#220_15g	2318	Response	1	26775884	5460	4
210218_RL#220_15g	2318	Port Input	1	26777283	6859	4
210218_RL#220_15g	2318	Response	1	26777283	6859	4
210218_RL#220_15g	2318	Port Input	1	26777287	6862	4
210218_RL#220_15g	2318	Response	1	26777287	6862	4
210218_RL#220_15g	2318	Port Input	1	26778739	8315	4
210218_RL#220_15g	2318	Response	1	26778739	8315	4
210218_RL#220_15g	2318	Port Input	1	26780375	9951	5
210218_RL#220_15g	2318	Response	1	26780375	9951	5
210218_RL#220_15g	2318	Port Input	1	26782120	11696	4
210218_RL#220_15g	2318	Response	1	26782120	11696	4
210218_RL#220_15g	2318	Port Input	1	26783760	13336	4
210218_RL#220_15g	2318	Response	1	26783760	13336	4
210218_RL#220_15g	2318	Port Input	1	26783764	13340	4
210218_RL#220_15g	2318	Response	1	26783764	13340	4
210218_RL#220_15g	2318	Port Input	1	26785518	15094	4
210218_RL#220_15g	2318	Response	1	26785518	15094	4
210218_RL#220_15g	2318	Port Input	1	26787057	16632	4
210218_RL#220_15g	2318	Response	1	26787057	16632	4
210218_RL#220_15g	2318	Port Input	1	26787060	16636	4
210218_RL#220_15g	2318	Response	1	26787060	16636	4
210218_RL#220_15g	2318	Port Input	1	26788488	18064	4
210218_RL#220_15g	2318	Response	1	26788488	18064	4
210218_RL#220_15g	2318	Port Input	1	26789993	19569	4
210218_RL#220_15g	2318	Response	1	26789993	19569	4
210218_RL#220_15g	2319	Picture	3521	26790563	0	4	832	8	0	next	other	0
210218_RL#220_15g	2320	Picture	666	26791395	0	4	20307	5	0	next	false_alarm	10312
210218_RL#220_15g	2320	Port Input	1	26791740	345	4
210218_RL#220_15g	2320	Response	1	26791740	345	4
210218_RL#220_15g	2320	Port Input	1	26791745	351	4
210218_RL#220_15g	2320	Response	1	26791745	351	4
210218_RL#220_15g	2320	Port Input	1	26793601	2206	4
210218_RL#220_15g	2320	Response	1	26793601	2206	4
210218_RL#220_15g	2320	Port Input	1	26793605	2210	4
210218_RL#220_15g	2320	Response	1	26793605	2210	4
210218_RL#220_15g	2320	Port Input	1	26795579	4185	4
210218_RL#220_15g	2320	Response	1	26795579	4185	4
210218_RL#220_15g	2320	Port Input	1	26795583	4188	4
210218_RL#220_15g	2320	Response	1	26795583	4188	4
210218_RL#220_15g	2321	Picture	777	26811701	0	1	20305	1	0	next	other	0
210218_RL#220_15g	2321	Manual	2	26831715	20013	NA
210218_RL#220_15g	2322	Sound	2112	26834037	2031	1			0		other	0
210218_RL#220_15g	2323	Picture	55	26837332	0	1	10319	2	0	next	other	0
210218_RL#220_15g	2324	Picture	10	26847651	0	1	20303	4	0	next	miss	0
210218_RL#220_15g	2325	Picture	412	26867954	0	3	833	5	0	next	other	0
210218_RL#220_15g	2326	Picture	666	26868787	0	3	20138	6	0	next	other	0
210218_RL#220_15g	2327	Picture	777	26888925	0	4	20140	6	0	next	other	0
210218_RL#220_15g	2327	Manual	2	26908939	20014	NA
210218_RL#220_15g	2328	Sound	2122	26911037	1973	1			0		other	0
210218_RL#220_15g	2328	Port Input	1	26913221	4157	4
210218_RL#220_15g	2328	Response	1	26913221	4157	4
210218_RL#220_15g	2328	Port Input	1	26913225	4161	4
210218_RL#220_15g	2328	Response	1	26913225	4161	4
210218_RL#220_15g	2329	Picture	55	26914223	0	4	10152	8	0	next	false_alarm	10339
210218_RL#220_15g	2329	Port Input	1	26914488	265	4
210218_RL#220_15g	2329	Response	1	26914488	265	4
210218_RL#220_15g	2329	Port Input	1	26916022	1798	4
210218_RL#220_15g	2329	Response	1	26916022	1798	4
210218_RL#220_15g	2329	Port Input	1	26917791	3568	4
210218_RL#220_15g	2329	Response	1	26917791	3568	4
210218_RL#220_15g	2329	Port Input	1	26917795	3572	4
210218_RL#220_15g	2329	Response	1	26917795	3572	4
210218_RL#220_15g	2329	Port Input	1	26919448	5225	4
210218_RL#220_15g	2329	Response	1	26919448	5225	4
210218_RL#220_15g	2329	Port Input	1	26919452	5229	4
210218_RL#220_15g	2329	Response	1	26919452	5229	4
210218_RL#220_15g	2329	Port Input	1	26921140	6917	4
210218_RL#220_15g	2329	Response	1	26921140	6917	4
210218_RL#220_15g	2329	Port Input	1	26921144	6921	5
210218_RL#220_15g	2329	Response	1	26921144	6921	5
210218_RL#220_15g	2329	Port Input	1	26922717	8494	4
210218_RL#220_15g	2329	Response	1	26922717	8494	4
210218_RL#220_15g	2329	Port Input	1	26924321	10098	7
210218_RL#220_15g	2329	Response	1	26924321	10098	7
210218_RL#220_15g	2330	Picture	10	26924375	0	4	1665	8	0	next	hit	10360
210218_RL#220_15g	2330	Port Input	1	26925933	1558	4
210218_RL#220_15g	2330	Response	1	26925933	1558	4
210218_RL#220_15g	2330	Port Input	1	26925937	1561	5
210218_RL#220_15g	2330	Response	1	26925937	1561	5
210218_RL#220_15g	2331	Picture	352	26926040	0	4	661	12	0	next	other	0
210218_RL#220_15g	2332	Picture	12	26926701	0	8	20311	9	0	next	false_alarm	10366
210218_RL#220_15g	2332	Port Input	1	26927461	760	4
210218_RL#220_15g	2332	Response	1	26927461	760	4
210218_RL#220_15g	2332	Port Input	1	26928514	1813	4
210218_RL#220_15g	2332	Response	1	26928514	1813	4
210218_RL#220_15g	2332	Port Input	1	26929713	3012	4
210218_RL#220_15g	2332	Response	1	26929713	3012	4
210218_RL#220_15g	2332	Port Input	1	26931070	4369	4
210218_RL#220_15g	2332	Response	1	26931070	4369	4
210218_RL#220_15g	2332	Port Input	1	26932696	5995	4
210218_RL#220_15g	2332	Response	1	26932696	5995	4
210218_RL#220_15g	2332	Port Input	1	26932699	5998	4
210218_RL#220_15g	2332	Response	1	26932699	5998	4
210218_RL#220_15g	2332	Port Input	1	26934299	7598	4
210218_RL#220_15g	2332	Response	1	26934299	7598	4
210218_RL#220_15g	2332	Port Input	1	26935781	9079	4
210218_RL#220_15g	2332	Response	1	26935781	9079	4
210218_RL#220_15g	2332	Port Input	1	26937516	10814	4
210218_RL#220_15g	2332	Response	1	26937516	10814	4
210218_RL#220_15g	2332	Port Input	1	26939165	12463	4
210218_RL#220_15g	2332	Response	1	26939165	12463	4
210218_RL#220_15g	2332	Port Input	1	26939169	12467	5
210218_RL#220_15g	2332	Response	1	26939169	12467	5
210218_RL#220_15g	2332	Port Input	1	26940683	13981	4
210218_RL#220_15g	2332	Response	1	26940683	13981	4
210218_RL#220_15g	2332	Port Input	1	26940686	13985	4
210218_RL#220_15g	2332	Response	1	26940686	13985	4
210218_RL#220_15g	2332	Port Input	1	26942420	15718	5
210218_RL#220_15g	2332	Response	1	26942420	15718	5
210218_RL#220_15g	2332	Port Input	1	26944003	17301	4
210218_RL#220_15g	2332	Response	1	26944003	17301	4
210218_RL#220_15g	2332	Port Input	1	26944008	17307	4
210218_RL#220_15g	2332	Response	1	26944008	17307	4
210218_RL#220_15g	2332	Port Input	1	26945743	19042	4
210218_RL#220_15g	2332	Response	1	26945743	19042	4
210218_RL#220_15g	2332	Port Input	1	26945746	19045	3
210218_RL#220_15g	2332	Response	1	26945746	19045	3
210218_RL#220_15g	2333	Picture	3521	26947012	0	1	832	1	0	next	other	0
210218_RL#220_15g	2334	Picture	666	26947844	0	1	20305	2	0	next	false_alarm	10404
210218_RL#220_15g	2334	Port Input	1	26955139	7295	4
210218_RL#220_15g	2334	Response	1	26955139	7295	4
210218_RL#220_15g	2334	Port Input	1	26963404	15561	4
210218_RL#220_15g	2334	Response	1	26963404	15561	4
210218_RL#220_15g	2334	Port Input	1	26964966	17122	4
210218_RL#220_15g	2334	Response	1	26964966	17122	4
210218_RL#220_15g	2335	Picture	777	26968149	0	1	20304	4	0	next	false_alarm	10411
210218_RL#220_15g	2335	Port Input	1	26971262	3113	4
210218_RL#220_15g	2335	Response	1	26971262	3113	4
210218_RL#220_15g	2335	Port Input	1	26971265	3117	4
210218_RL#220_15g	2335	Response	1	26971265	3117	4
210218_RL#220_15g	2335	Port Input	1	26973345	5196	4
210218_RL#220_15g	2335	Response	1	26973345	5196	4
210218_RL#220_15g	2335	Port Input	1	26973348	5200	4
210218_RL#220_15g	2335	Response	1	26973348	5200	4
210218_RL#220_15g	2335	Manual	2	26988161	20013	NA
210218_RL#220_15g	2336	Port Input	1	26989460	1007	4
210218_RL#220_15g	2336	Response	1	26989460	1007	4
210218_RL#220_15g	2336	Port Input	1	26989463	1011	4
210218_RL#220_15g	2336	Response	1	26989463	1011	4
210218_RL#220_15g	2336	Sound	2112	26990037	1585	1			0		other	0
210218_RL#220_15g	2336	Port Input	1	26991041	2589	4
210218_RL#220_15g	2336	Response	1	26991041	2589	4
210218_RL#220_15g	2336	Port Input	1	26991045	2593	5
210218_RL#220_15g	2336	Response	1	26991045	2593	5
210218_RL#220_15g	2337	Picture	55	26993778	0	4	10153	6	0	next	false_alarm	10430
210218_RL#220_15g	2337	Port Input	1	26994799	1021	4
210218_RL#220_15g	2337	Response	1	26994799	1021	4
210218_RL#220_15g	2337	Port Input	1	26994803	1025	4
210218_RL#220_15g	2337	Response	1	26994803	1025	4
210218_RL#220_15g	2337	Port Input	1	27001154	7377	4
210218_RL#220_15g	2337	Response	1	27001154	7377	4
210218_RL#220_15g	2337	Port Input	1	27001158	7380	4
210218_RL#220_15g	2337	Response	1	27001158	7380	4
210218_RL#220_15g	2338	Picture	10	27003931	0	3	20139	7	0	next	miss	0
210218_RL#220_15g	2339	Picture	412	27024069	0	4	1333	5	0	next	other	0
210218_RL#220_15g	2340	Picture	666	27025402	0	2	20137	5	0	next	other	0
210218_RL#220_15g	2341	Picture	777	27045539	0	4	20306	5	0	next	other	0
210218_RL#220_15g	2341	Manual	2	27065563	20024	NA
210218_RL#220_15g	2342	Sound	2122	27067037	1192	1			0		other	0
210218_RL#220_15g	2342	Port Input	1	27070363	4518	4
210218_RL#220_15g	2342	Response	1	27070363	4518	4
210218_RL#220_15g	2343	Picture	55	27071171	0	1	10319	1	0	next	false_alarm	10447
210218_RL#220_15g	2343	Port Input	1	27080265	9094	5
210218_RL#220_15g	2343	Response	1	27080265	9094	5
210218_RL#220_15g	2344	Picture	10	27081490	0	1	998	1	0	next	hit	10450
210218_RL#220_15g	2344	Port Input	1	27082177	687	4
210218_RL#220_15g	2344	Response	1	27082177	687	4
210218_RL#220_15g	2345	Picture	352	27082488	0	1	666	1	0	next	other	0
210218_RL#220_15g	2346	Picture	12	27083154	0	1	20303	4	0	next	false_alarm	10454
210218_RL#220_15g	2346	Port Input	1	27084591	1437	4
210218_RL#220_15g	2346	Response	1	27084591	1437	4
210218_RL#220_15g	2346	Port Input	1	27085558	2403	4
210218_RL#220_15g	2346	Response	1	27085558	2403	4
210218_RL#220_15g	2346	Port Input	1	27086639	3485	4
210218_RL#220_15g	2346	Response	1	27086639	3485	4
210218_RL#220_15g	2346	Port Input	1	27087850	4696	4
210218_RL#220_15g	2346	Response	1	27087850	4696	4
210218_RL#220_15g	2346	Port Input	1	27089046	5892	4
210218_RL#220_15g	2346	Response	1	27089046	5892	4
210218_RL#220_15g	2346	Port Input	1	27090337	7183	4
210218_RL#220_15g	2346	Response	1	27090337	7183	4
210218_RL#220_15g	2346	Port Input	1	27091719	8564	4
210218_RL#220_15g	2346	Response	1	27091719	8564	4
210218_RL#220_15g	2346	Port Input	1	27093163	10009	4
210218_RL#220_15g	2346	Response	1	27093163	10009	4
210218_RL#220_15g	2346	Port Input	1	27094756	11602	4
210218_RL#220_15g	2346	Response	1	27094756	11602	4
210218_RL#220_15g	2346	Port Input	1	27098786	15632	4
210218_RL#220_15g	2346	Response	1	27098786	15632	4
210218_RL#220_15g	2346	Port Input	1	27098790	15636	4
210218_RL#220_15g	2346	Response	1	27098790	15636	4
210218_RL#220_15g	2346	Port Input	1	27100247	17093	7
210218_RL#220_15g	2346	Response	1	27100247	17093	7
210218_RL#220_15g	2346	Port Input	1	27101781	18627	4
210218_RL#220_15g	2346	Response	1	27101781	18627	4
210218_RL#220_15g	2347	Picture	3521	27103458	0	3	667	4	0	next	other	0
210218_RL#220_15g	2348	Picture	666	27104125	0	1	20303	4	0	next	other	0
210218_RL#220_15g	2349	Picture	777	27124428	0	4	20139	7	0	next	other	0
210218_RL#220_15g	2349	Manual	1	27144441	20013	NA
210218_RL#220_15g	2350	Sound	2112	27146037	1470	1			0		other	0
210218_RL#220_15g	2351	Picture	55	27149726	0	4	10153	8	0	next	other	0
210218_RL#220_15g	2352	Picture	10	27159878	0	4	20306	5	0	next	miss	0
210218_RL#220_15g	2353	Picture	412	27180185	0	1	1165	2	0	next	other	0
210218_RL#220_15g	2354	Picture	666	27181350	0	1	20304	1	0	next	other	0
210218_RL#220_15g	2355	Picture	777	27201655	0	1	20303	4	0	next	other	0
210218_RL#220_15g	2355	Manual	1	27221672	20017	NA
210218_RL#220_15g	2356	Sound	2122	27223037	1079	1			0		other	0
210218_RL#220_15g	2356	Port Input	1	27226409	4451	4
210218_RL#220_15g	2356	Response	1	27226409	4451	4
210218_RL#220_15g	2357	Picture	55	27227284	0	3	10152	6	0	next	false_alarm	10495
210218_RL#220_15g	2357	Port Input	1	27227859	574	4
210218_RL#220_15g	2357	Response	1	27227859	574	4
210218_RL#220_15g	2357	Port Input	1	27229435	2150	4
210218_RL#220_15g	2357	Response	1	27229435	2150	4
210218_RL#220_15g	2357	Port Input	1	27229438	2154	4
210218_RL#220_15g	2357	Response	1	27229438	2154	4
210218_RL#220_15g	2357	Port Input	1	27231135	3851	4
210218_RL#220_15g	2357	Response	1	27231135	3851	4
210218_RL#220_15g	2357	Port Input	1	27232799	5515	4
210218_RL#220_15g	2357	Response	1	27232799	5515	4
210218_RL#220_15g	2357	Port Input	1	27233383	6098	4
210218_RL#220_15g	2357	Response	1	27233383	6098	4
210218_RL#220_15g	2357	Port Input	1	27234731	7446	4
210218_RL#220_15g	2357	Response	1	27234731	7446	4
210218_RL#220_15g	2357	Port Input	1	27236264	8979	4
210218_RL#220_15g	2357	Response	1	27236264	8979	4
210218_RL#220_15g	2357	Port Input	1	27236268	8984	4
210218_RL#220_15g	2357	Response	1	27236268	8984	4
210218_RL#220_15g	2358	Picture	10	27237437	0	3	666	6	0	next	hit	10514
210218_RL#220_15g	2358	Port Input	1	27237941	504	4
210218_RL#220_15g	2358	Response	1	27237941	504	4
210218_RL#220_15g	2359	Picture	352	27238102	0	3	500	6	0	next	other	0
210218_RL#220_15g	2360	Picture	12	27238602	0	3	20134	10	0	next	false_alarm	10518
210218_RL#220_15g	2360	Port Input	1	27239898	1296	3
210218_RL#220_15g	2360	Response	1	27239898	1296	3
210218_RL#220_15g	2360	Port Input	1	27240915	2313	4
210218_RL#220_15g	2360	Response	1	27240915	2313	4
210218_RL#220_15g	2360	Port Input	1	27242152	3550	4
210218_RL#220_15g	2360	Response	1	27242152	3550	4
210218_RL#220_15g	2360	Port Input	1	27243519	4918	4
210218_RL#220_15g	2360	Response	1	27243519	4918	4
210218_RL#220_15g	2360	Port Input	1	27244959	6357	4
210218_RL#220_15g	2360	Response	1	27244959	6357	4
210218_RL#220_15g	2360	Port Input	1	27246480	7878	5
210218_RL#220_15g	2360	Response	1	27246480	7878	5
210218_RL#220_15g	2360	Port Input	1	27246485	7883	5
210218_RL#220_15g	2360	Response	1	27246485	7883	5
210218_RL#220_15g	2360	Port Input	1	27247996	9395	4
210218_RL#220_15g	2360	Response	1	27247996	9395	4
210218_RL#220_15g	2360	Port Input	1	27248000	9398	4
210218_RL#220_15g	2360	Response	1	27248000	9398	4
210218_RL#220_15g	2360	Port Input	1	27249439	10838	4
210218_RL#220_15g	2360	Response	1	27249439	10838	4
210218_RL#220_15g	2360	Port Input	1	27249443	10841	4
210218_RL#220_15g	2360	Response	1	27249443	10841	4
210218_RL#220_15g	2360	Port Input	1	27250955	12353	4
210218_RL#220_15g	2360	Response	1	27250955	12353	4
210218_RL#220_15g	2360	Port Input	1	27252579	13977	4
210218_RL#220_15g	2360	Response	1	27252579	13977	4
210218_RL#220_15g	2360	Port Input	1	27254128	15526	4
210218_RL#220_15g	2360	Response	1	27254128	15526	4
210218_RL#220_15g	2360	Port Input	1	27254131	15529	4
210218_RL#220_15g	2360	Response	1	27254131	15529	4
210218_RL#220_15g	2360	Port Input	1	27255592	16990	4
210218_RL#220_15g	2360	Response	1	27255592	16990	4
210218_RL#220_15g	2360	Port Input	1	27257118	18516	4
210218_RL#220_15g	2360	Response	1	27257118	18516	4
210218_RL#220_15g	2361	Picture	3521	27258736	0	8	836	11	0	next	other	0
210218_RL#220_15g	2362	Picture	666	27259572	0	4	20139	8	0	next	other	0
210218_RL#220_15g	2363	Picture	777	27279710	0	4	20306	5	0	next	other	0
210218_RL#220_15g	2363	Manual	1	27299727	20017	NA
210218_RL#220_15g	2364	Sound	2112	27301037	1020	1			0		other	0
210218_RL#220_15g	2365	Picture	55	27305343	0	1	10319	1	0	next	other	0
210218_RL#220_15g	2366	Picture	10	27315662	0	1	20303	4	0	next	miss	0
210218_RL#220_15g	2367	Picture	412	27335965	0	3	833	5	0	next	other	0
210218_RL#220_15g	2368	Picture	666	27336798	0	2	20306	4	0	next	other	0
210218_RL#220_15g	2369	Picture	777	27357103	0	2	20303	5	0	next	other	0
210218_RL#220_15g	2369	Manual	2	27377122	20019	NA
210218_RL#220_15g	2370	Sound	2112	27379037	1630	1			0		other	0
210218_RL#220_15g	2371	Picture	55	27382566	0	4	10152	7	0	next	other	0
210218_RL#220_15g	2372	Picture	10	27392719	0	4	20306	5	0	next	miss	0
210218_RL#220_15g	2373	Picture	412	27413025	0	1	999	2	0	next	other	0
210218_RL#220_15g	2374	Picture	666	27414024	0	1	20305	1	0	next	other	0
210218_RL#220_15g	2375	Picture	777	27434328	0	1	20303	4	0	next	other	0
210218_RL#220_15g	2375	Manual	2	27454342	20013	NA
210218_RL#220_15g	2376	Sound	2112	27456037	1405	1			0		other	0
210218_RL#220_15g	2377	Picture	55	27459958	0	3	10319	5	0	next	other	0
210218_RL#220_15g	2378	Picture	10	27470277	0	3	20139	6	0	next	miss	0
210218_RL#220_15g	2379	Picture	412	27490415	0	3	998	7	0	next	other	0
210218_RL#220_15g	2380	Picture	666	27491414	0	4	20139	7	0	next	other	0
210218_RL#220_15g	2381	Picture	777	27511552	0	4	20306	5	0	next	other	0
210218_RL#220_15g	2381	Manual	2	27531567	20014	NA
210218_RL#220_15g	2382	Sound	2122	27533037	1178	1			0		other	0
210218_RL#220_15g	2382	Port Input	1	27535672	3814	4
210218_RL#220_15g	2382	Response	1	27535672	3814	4
210218_RL#220_15g	2383	Picture	55	27537184	0	1	10319	2	0	next	false_alarm	10581
210218_RL#220_15g	2383	Port Input	1	27537261	76	4
210218_RL#220_15g	2383	Response	1	27537261	76	4
210218_RL#220_15g	2383	Port Input	1	27538956	1771	4
210218_RL#220_15g	2383	Response	1	27538956	1771	4
210218_RL#220_15g	2383	Port Input	1	27543874	6689	4
210218_RL#220_15g	2383	Response	1	27543874	6689	4
210218_RL#220_15g	2383	Port Input	1	27545614	8430	4
210218_RL#220_15g	2383	Response	1	27545614	8430	4
210218_RL#220_15g	2383	Port Input	1	27547397	10213	6
210218_RL#220_15g	2383	Response	1	27547397	10213	6
210218_RL#220_15g	2384	Picture	10	27547503	0	1	2330	1	0	next	hit	10592
210218_RL#220_15g	2384	Port Input	1	27549540	2037	6
210218_RL#220_15g	2384	Response	1	27549540	2037	6
210218_RL#220_15g	2384	Port Input	1	27549546	2043	5
210218_RL#220_15g	2384	Response	1	27549546	2043	5
210218_RL#220_15g	2385	Picture	352	27549833	0	1	666	1	0	next	other	0
210218_RL#220_15g	2385	Port Input	1	27550334	501	4
210218_RL#220_15g	2385	Response	1	27550334	501	4
210218_RL#220_15g	2386	Picture	12	27550499	0	1	20301	6	0	next	false_alarm	10600
210218_RL#220_15g	2386	Port Input	1	27551704	1204	5
210218_RL#220_15g	2386	Response	1	27551704	1204	5
210218_RL#220_15g	2386	Port Input	1	27552774	2274	4
210218_RL#220_15g	2386	Response	1	27552774	2274	4
210218_RL#220_15g	2386	Port Input	1	27553966	3467	5
210218_RL#220_15g	2386	Response	1	27553966	3467	5
210218_RL#220_15g	2386	Port Input	1	27555136	4637	4
210218_RL#220_15g	2386	Response	1	27555136	4637	4
210218_RL#220_15g	2386	Port Input	1	27555139	4640	4
210218_RL#220_15g	2386	Response	1	27555139	4640	4
210218_RL#220_15g	2386	Port Input	1	27556490	5991	4
210218_RL#220_15g	2386	Response	1	27556490	5991	4
210218_RL#220_15g	2386	Port Input	1	27557962	7463	4
210218_RL#220_15g	2386	Response	1	27557962	7463	4
210218_RL#220_15g	2386	Port Input	1	27559440	8941	4
210218_RL#220_15g	2386	Response	1	27559440	8941	4
210218_RL#220_15g	2386	Port Input	1	27560911	10412	4
210218_RL#220_15g	2386	Response	1	27560911	10412	4
210218_RL#220_15g	2386	Port Input	1	27562476	11977	4
210218_RL#220_15g	2386	Response	1	27562476	11977	4
210218_RL#220_15g	2386	Port Input	1	27564046	13547	4
210218_RL#220_15g	2386	Response	1	27564046	13547	4
210218_RL#220_15g	2386	Port Input	1	27565681	15182	4
210218_RL#220_15g	2386	Response	1	27565681	15182	4
210218_RL#220_15g	2386	Port Input	1	27567415	16916	4
210218_RL#220_15g	2386	Response	1	27567415	16916	4
210218_RL#220_15g	2386	Port Input	1	27569093	18594	4
210218_RL#220_15g	2386	Response	1	27569093	18594	4
210218_RL#220_15g	2387	Picture	3521	27570800	0	5	670	6	0	next	false_alarm	10629
210218_RL#220_15g	2387	Port Input	1	27570807	6	8
210218_RL#220_15g	2387	Response	1	27570807	6	8
210218_RL#220_15g	2387	Port Input	1	27570814	14	3
210218_RL#220_15g	2387	Response	1	27570814	14	3
210218_RL#220_15g	2388	Picture	666	27571470	0	1	20303	4	0	next	other	0
210218_RL#220_15g	2389	Picture	777	27591773	0	4	20307	5	0	next	other	0
210218_RL#220_15g	2389	Manual	2	27611787	20014	NA
210218_RL#220_15g	2390	Sound	2122	27614037	1957	1			0		other	0
210218_RL#220_15g	2390	Port Input	1	27616127	4047	4
210218_RL#220_15g	2390	Response	1	27616127	4047	4
210218_RL#220_15g	2391	Picture	55	27617237	0	4	10153	7	0	next	false_alarm	10640
210218_RL#220_15g	2391	Port Input	1	27617422	185	4
210218_RL#220_15g	2391	Response	1	27617422	185	4
210218_RL#220_15g	2391	Port Input	1	27617425	188	4
210218_RL#220_15g	2391	Response	1	27617425	188	4
210218_RL#220_15g	2391	Port Input	1	27619048	1811	5
210218_RL#220_15g	2391	Response	1	27619048	1811	5
210218_RL#220_15g	2391	Port Input	1	27620745	3508	4
210218_RL#220_15g	2391	Response	1	27620745	3508	4
210218_RL#220_15g	2391	Port Input	1	27622459	5222	4
210218_RL#220_15g	2391	Response	1	27622459	5222	4
210218_RL#220_15g	2391	Port Input	1	27624044	6806	4
210218_RL#220_15g	2391	Response	1	27624044	6806	4
210218_RL#220_15g	2391	Port Input	1	27625550	8313	5
210218_RL#220_15g	2391	Response	1	27625550	8313	5
210218_RL#220_15g	2391	Port Input	1	27626998	9760	4
210218_RL#220_15g	2391	Response	1	27626998	9760	4
210218_RL#220_15g	2391	Port Input	1	27627001	9764	4
210218_RL#220_15g	2391	Response	1	27627001	9764	4
210218_RL#220_15g	2392	Picture	10	27627390	0	4	1498	7	0	next	hit	10659
210218_RL#220_15g	2392	Port Input	1	27628658	1268	4
210218_RL#220_15g	2392	Response	1	27628658	1268	4
210218_RL#220_15g	2392	Port Input	1	27628661	1271	4
210218_RL#220_15g	2392	Response	1	27628661	1271	4
210218_RL#220_15g	2393	Picture	352	27628888	0	4	499	7	0	next	other	0
210218_RL#220_15g	2394	Picture	12	27629387	0	4	20306	5	0	next	false_alarm	10665
210218_RL#220_15g	2394	Port Input	1	27630136	749	4
210218_RL#220_15g	2394	Response	1	27630136	749	4
210218_RL#220_15g	2394	Port Input	1	27631269	1882	4
210218_RL#220_15g	2394	Response	1	27631269	1882	4
210218_RL#220_15g	2394	Port Input	1	27632464	3077	3
210218_RL#220_15g	2394	Response	1	27632464	3077	3
210218_RL#220_15g	2394	Port Input	1	27633845	4458	5
210218_RL#220_15g	2394	Response	1	27633845	4458	5
210218_RL#220_15g	2394	Port Input	1	27635249	5862	4
210218_RL#220_15g	2394	Response	1	27635249	5862	4
210218_RL#220_15g	2394	Port Input	1	27635253	5866	4
210218_RL#220_15g	2394	Response	1	27635253	5866	4
210218_RL#220_15g	2394	Port Input	1	27636728	7341	4
210218_RL#220_15g	2394	Response	1	27636728	7341	4
210218_RL#220_15g	2394	Port Input	1	27638230	8843	5
210218_RL#220_15g	2394	Response	1	27638230	8843	5
210218_RL#220_15g	2394	Port Input	1	27639931	10544	4
210218_RL#220_15g	2394	Response	1	27639931	10544	4
210218_RL#220_15g	2394	Port Input	1	27641646	12259	6
210218_RL#220_15g	2394	Response	1	27641646	12259	6
210218_RL#220_15g	2394	Port Input	1	27645233	15846	4
210218_RL#220_15g	2394	Response	1	27645233	15846	4
210218_RL#220_15g	2394	Port Input	1	27647341	17954	4
210218_RL#220_15g	2394	Response	1	27647341	17954	4
210218_RL#220_15g	2395	Picture	3521	27649693	0	1	999	2	0	next	other	0
210218_RL#220_15g	2396	Picture	666	27650692	0	1	20305	1	0	next	other	0
210218_RL#220_15g	2397	Picture	777	27670997	0	1	20303	4	0	next	other	0
210218_RL#220_15g	2397	Manual	1	27691014	20018	NA
210218_RL#220_15g	2398	Sound	2112	27693037	1737	1			0		other	0
210218_RL#220_15g	2399	Picture	55	27696626	0	3	10319	7	0	next	other	0
210218_RL#220_15g	2400	Picture	10	27706945	0	4	20139	7	0	next	miss	0
210218_RL#220_15g	2401	Picture	412	27727083	0	4	834	5	0	next	other	0
210218_RL#220_15g	2402	Picture	666	27727917	0	2	20137	5	0	next	other	0
210218_RL#220_15g	2403	Picture	777	27748054	0	4	20306	5	0	next	other	0
210218_RL#220_15g	2403	Manual	2	27768068	20014	NA
210218_RL#220_15g	2404	Sound	2122	27770036	1676	1			0		other	0
210218_RL#220_15g	2404	Port Input	1	27772781	4421	4
210218_RL#220_15g	2404	Response	1	27772781	4421	4
210218_RL#220_15g	2405	Picture	55	27773686	0	4	10319	4	0	next	false_alarm	10704
210218_RL#220_15g	2405	Port Input	1	27774146	460	4
210218_RL#220_15g	2405	Response	1	27774146	460	4
210218_RL#220_15g	2405	Port Input	1	27775780	2094	4
210218_RL#220_15g	2405	Response	1	27775780	2094	4
210218_RL#220_15g	2405	Port Input	1	27777501	3814	4
210218_RL#220_15g	2405	Response	1	27777501	3814	4
210218_RL#220_15g	2405	Port Input	1	27777504	3818	4
210218_RL#220_15g	2405	Response	1	27777504	3818	4
210218_RL#220_15g	2405	Port Input	1	27779182	5496	4
210218_RL#220_15g	2405	Response	1	27779182	5496	4
210218_RL#220_15g	2405	Port Input	1	27779186	5500	4
210218_RL#220_15g	2405	Response	1	27779186	5500	4
210218_RL#220_15g	2405	Port Input	1	27780763	7076	4
210218_RL#220_15g	2405	Response	1	27780763	7076	4
210218_RL#220_15g	2405	Port Input	1	27782356	8670	4
210218_RL#220_15g	2405	Response	1	27782356	8670	4
210218_RL#220_15g	2406	Picture	10	27784005	0	1	1997	2	0	next	hit	10723
210218_RL#220_15g	2406	Port Input	1	27784059	53	6
210218_RL#220_15g	2406	Response	1	27784059	53	6
210218_RL#220_15g	2406	Port Input	1	27785620	1615	4
210218_RL#220_15g	2406	Response	1	27785620	1615	4
210218_RL#220_15g	2407	Picture	352	27786002	0	1	666	2	0	next	other	0
210218_RL#220_15g	2408	Picture	12	27786668	0	1	20303	4	0	next	false_alarm	10727
210218_RL#220_15g	2408	Port Input	1	27787210	542	3
210218_RL#220_15g	2408	Response	1	27787210	542	3
210218_RL#220_15g	2408	Port Input	1	27788246	1579	6
210218_RL#220_15g	2408	Response	1	27788246	1579	6
210218_RL#220_15g	2408	Port Input	1	27789442	2774	4
210218_RL#220_15g	2408	Response	1	27789442	2774	4
210218_RL#220_15g	2408	Port Input	1	27790745	4077	4
210218_RL#220_15g	2408	Response	1	27790745	4077	4
210218_RL#220_15g	2408	Port Input	1	27792074	5407	4
210218_RL#220_15g	2408	Response	1	27792074	5407	4
210218_RL#220_15g	2408	Port Input	1	27793522	6854	4
210218_RL#220_15g	2408	Response	1	27793522	6854	4
210218_RL#220_15g	2408	Port Input	1	27794910	8242	4
210218_RL#220_15g	2408	Response	1	27794910	8242	4
210218_RL#220_15g	2408	Port Input	1	27796443	9776	4
210218_RL#220_15g	2408	Response	1	27796443	9776	4
210218_RL#220_15g	2408	Port Input	1	27798013	11346	4
210218_RL#220_15g	2408	Response	1	27798013	11346	4
210218_RL#220_15g	2408	Port Input	1	27798017	11349	4
210218_RL#220_15g	2408	Response	1	27798017	11349	4
210218_RL#220_15g	2408	Port Input	1	27801780	15112	4
210218_RL#220_15g	2408	Response	1	27801780	15112	4
210218_RL#220_15g	2408	Port Input	1	27801784	15116	4
210218_RL#220_15g	2408	Response	1	27801784	15116	4
210218_RL#220_15g	2408	Port Input	1	27804165	17497	4
210218_RL#220_15g	2408	Response	1	27804165	17497	4
210218_RL#220_15g	2408	Port Input	1	27804169	17501	4
210218_RL#220_15g	2408	Response	1	27804169	17501	4
210218_RL#220_15g	2409	Picture	3521	27806971	0	3	833	5	0	next	other	0
210218_RL#220_15g	2410	Picture	666	27807804	0	2	20304	5	0	next	other	0
210218_RL#220_15g	2411	Picture	777	27828108	0	3	20305	6	0	next	other	0
210218_RL#220_15g	2411	Manual	1	27848121	20013	NA
210218_RL#220_15g	2412	Sound	2112	27850036	1623	1			0		other	0
210218_RL#220_15g	2413	Picture	55	27853573	0	4	10152	8	0	next	other	0
210218_RL#220_15g	2414	Picture	10	27863725	0	4	20306	5	0	next	miss	0
210218_RL#220_15g	2415	Picture	412	27884031	0	1	999	2	0	next	other	0
210218_RL#220_15g	2416	Picture	666	27885030	0	1	20305	1	0	next	other	0
210218_RL#220_15g	2417	Picture	777	27905335	0	1	20304	3	0	next	other	0
210218_RL#220_15g	2417	Manual	1	27925349	20014	NA
210218_RL#220_15g	2418	Sound	2122	27927036	1398	1			0		other	0
210218_RL#220_15g	2418	Port Input	1	27930349	4710	4
210218_RL#220_15g	2418	Response	1	27930349	4710	4
210218_RL#220_15g	2419	Picture	55	27930964	0	3	10321	4	0	next	false_alarm	10770
210218_RL#220_15g	2419	Port Input	1	27931735	771	4
210218_RL#220_15g	2419	Response	1	27931735	771	4
210218_RL#220_15g	2419	Port Input	1	27933255	2291	4
210218_RL#220_15g	2419	Response	1	27933255	2291	4
210218_RL#220_15g	2419	Port Input	1	27934966	4002	8
210218_RL#220_15g	2419	Response	1	27934966	4002	8
210218_RL#220_15g	2419	Port Input	1	27936592	5628	4
210218_RL#220_15g	2419	Response	1	27936592	5628	4
210218_RL#220_15g	2419	Port Input	1	27938274	7310	5
210218_RL#220_15g	2419	Response	1	27938274	7310	5
210218_RL#220_15g	2419	Port Input	1	27939775	8811	4
210218_RL#220_15g	2419	Response	1	27939775	8811	4
210218_RL#220_15g	2420	Picture	10	27941285	0	2	333	2	0	next	hit	10783
210218_RL#220_15g	2420	Port Input	1	27941320	35	4
210218_RL#220_15g	2420	Response	1	27941320	35	4
210218_RL#220_15g	2421	Picture	352	27941618	0	1	499	2	0	next	other	0
210218_RL#220_15g	2422	Picture	12	27942117	0	2	20137	5	0	next	false_alarm	10787
210218_RL#220_15g	2422	Port Input	1	27942723	607	4
210218_RL#220_15g	2422	Response	1	27942723	607	4
210218_RL#220_15g	2422	Port Input	1	27943777	1660	4
210218_RL#220_15g	2422	Response	1	27943777	1660	4
210218_RL#220_15g	2422	Port Input	1	27945004	2888	4
210218_RL#220_15g	2422	Response	1	27945004	2888	4
210218_RL#220_15g	2422	Port Input	1	27945008	2891	4
210218_RL#220_15g	2422	Response	1	27945008	2891	4
210218_RL#220_15g	2422	Port Input	1	27946367	4251	4
210218_RL#220_15g	2422	Response	1	27946367	4251	4
210218_RL#220_15g	2422	Port Input	1	27947725	5608	4
210218_RL#220_15g	2422	Response	1	27947725	5608	4
210218_RL#220_15g	2422	Port Input	1	27949084	6967	4
210218_RL#220_15g	2422	Response	1	27949084	6967	4
210218_RL#220_15g	2422	Port Input	1	27950554	8437	4
210218_RL#220_15g	2422	Response	1	27950554	8437	4
210218_RL#220_15g	2422	Port Input	1	27950558	8441	5
210218_RL#220_15g	2422	Response	1	27950558	8441	5
210218_RL#220_15g	2422	Port Input	1	27952292	10176	5
210218_RL#220_15g	2422	Response	1	27952292	10176	5
210218_RL#220_15g	2422	Port Input	1	27955874	13757	4
210218_RL#220_15g	2422	Response	1	27955874	13757	4
210218_RL#220_15g	2422	Port Input	1	27955878	13761	4
210218_RL#220_15g	2422	Response	1	27955878	13761	4
210218_RL#220_15g	2422	Port Input	1	27957776	15660	4
210218_RL#220_15g	2422	Response	1	27957776	15660	4
210218_RL#220_15g	2422	Port Input	1	27957780	15663	4
210218_RL#220_15g	2422	Response	1	27957780	15663	4
210218_RL#220_15g	2423	Picture	3521	27962254	0	4	666	7	0	next	other	0
210218_RL#220_15g	2424	Picture	666	27962919	0	4	20138	7	0	next	false_alarm	10817
210218_RL#220_15g	2424	Port Input	1	27969213	6294	4
210218_RL#220_15g	2424	Response	1	27969213	6294	4
210218_RL#220_15g	2425	Picture	777	27983058	0	4	20307	5	0	next	other	0
210218_RL#220_15g	2425	Manual	2	28003074	20016	NA
210218_RL#220_15g	2426	Sound	2122	28005036	1672	1			0		other	0
210218_RL#220_15g	2426	Port Input	1	28007602	4238	4
210218_RL#220_15g	2426	Response	1	28007602	4238	4
210218_RL#220_15g	2426	Port Input	1	28007606	4242	8
210218_RL#220_15g	2426	Response	1	28007606	4242	8
210218_RL#220_15g	2427	Picture	55	28008690	0	1	10318	2	0	next	false_alarm	10827
210218_RL#220_15g	2427	Port Input	1	28008876	186	3
210218_RL#220_15g	2427	Response	1	28008876	186	3
210218_RL#220_15g	2427	Port Input	1	28010409	1718	4
210218_RL#220_15g	2427	Response	1	28010409	1718	4
210218_RL#220_15g	2427	Port Input	1	28012195	3505	4
210218_RL#220_15g	2427	Response	1	28012195	3505	4
210218_RL#220_15g	2427	Port Input	1	28013848	5157	4
210218_RL#220_15g	2427	Response	1	28013848	5157	4
210218_RL#220_15g	2427	Port Input	1	28015369	6678	4
210218_RL#220_15g	2427	Response	1	28015369	6678	4
210218_RL#220_15g	2427	Port Input	1	28015372	6682	4
210218_RL#220_15g	2427	Response	1	28015372	6682	4
210218_RL#220_15g	2427	Port Input	1	28016974	8284	4
210218_RL#220_15g	2427	Response	1	28016974	8284	4
210218_RL#220_15g	2427	Port Input	1	28016980	8290	4
210218_RL#220_15g	2427	Response	1	28016980	8290	4
210218_RL#220_15g	2427	Port Input	1	28018481	9790	4
210218_RL#220_15g	2427	Response	1	28018481	9790	4
210218_RL#220_15g	2428	Picture	10	28019009	0	1	1331	2	0	next	hit	10846
210218_RL#220_15g	2428	Port Input	1	28020056	1047	4
210218_RL#220_15g	2428	Response	1	28020056	1047	4
210218_RL#220_15g	2429	Picture	352	28020340	0	1	666	2	0	next	other	0
210218_RL#220_15g	2430	Picture	12	28021006	0	1	20305	2	0	next	false_alarm	10850
210218_RL#220_15g	2430	Port Input	1	28021460	454	3
210218_RL#220_15g	2430	Response	1	28021460	454	3
210218_RL#220_15g	2430	Port Input	1	28022524	1517	4
210218_RL#220_15g	2430	Response	1	28022524	1517	4
210218_RL#220_15g	2430	Port Input	1	28022528	1521	4
210218_RL#220_15g	2430	Response	1	28022528	1521	4
210218_RL#220_15g	2430	Port Input	1	28023716	2709	4
210218_RL#220_15g	2430	Response	1	28023716	2709	4
210218_RL#220_15g	2430	Port Input	1	28024996	3990	5
210218_RL#220_15g	2430	Response	1	28024996	3990	5
210218_RL#220_15g	2430	Port Input	1	28026346	5340	4
210218_RL#220_15g	2430	Response	1	28026346	5340	4
210218_RL#220_15g	2430	Port Input	1	28026350	5344	4
210218_RL#220_15g	2430	Response	1	28026350	5344	4
210218_RL#220_15g	2430	Port Input	1	28027675	6669	5
210218_RL#220_15g	2430	Response	1	28027675	6669	5
210218_RL#220_15g	2430	Port Input	1	28029039	8033	4
210218_RL#220_15g	2430	Response	1	28029039	8033	4
210218_RL#220_15g	2430	Port Input	1	28030562	9556	4
210218_RL#220_15g	2430	Response	1	28030562	9556	4
210218_RL#220_15g	2430	Port Input	1	28032020	11014	4
210218_RL#220_15g	2430	Response	1	28032020	11014	4
210218_RL#220_15g	2430	Port Input	1	28033600	12594	3
210218_RL#220_15g	2430	Response	1	28033600	12594	3
210218_RL#220_15g	2430	Port Input	1	28035502	14496	4
210218_RL#220_15g	2430	Response	1	28035502	14496	4
210218_RL#220_15g	2430	Port Input	1	28035505	14499	3
210218_RL#220_15g	2430	Response	1	28035505	14499	3
210218_RL#220_15g	2430	Port Input	1	28040545	19539	4
210218_RL#220_15g	2430	Response	1	28040545	19539	4
210218_RL#220_15g	2430	Port Input	1	28040548	19542	4
210218_RL#220_15g	2430	Response	1	28040548	19542	4
210218_RL#220_15g	2431	Picture	3521	28041311	0	1	666	2	0	next	other	0
210218_RL#220_15g	2432	Picture	666	28041977	0	1	20303	4	0	next	other	0
210218_RL#220_15g	2433	Picture	777	28062280	0	3	20307	5	0	next	other	0
210218_RL#220_15g	2433	Manual	2	28082296	20016	NA
210218_RL#220_15g	2434	Sound	2112	28084036	1450	1			0		other	0
210218_RL#220_15g	2435	Picture	55	28087745	0	4	10152	7	0	next	other	0
210218_RL#220_15g	2436	Picture	10	28097897	0	4	20138	8	0	next	miss	0
210218_RL#220_15g	2437	Picture	412	28118035	0	4	998	8	0	next	other	0
210218_RL#220_15g	2438	Picture	666	28119034	0	4	20307	5	0	next	other	0
210218_RL#220_15g	2439	Picture	777	28139340	0	1	20305	2	0	next	other	0
210218_RL#220_15g	2439	Manual	1	28159354	20013	NA
210218_RL#220_15g	2440	Sound	2112	28161036	1391	1			0		other	0
210218_RL#220_15g	2441	Picture	55	28164970	0	2	10319	5	0	next	other	0
210218_RL#220_15g	2442	Picture	10	28175288	0	3	20305	6	0	next	miss	0
210218_RL#220_15g	2443	Picture	412	28195593	0	4	833	6	0	next	other	0
210218_RL#220_15g	2444	Picture	666	28196426	0	3	20138	7	0	next	other	0
210218_RL#220_15g	2445	Picture	777	28216563	0	4	20139	8	0	next	other	0
210218_RL#220_15g	2445	Manual	2	28236577	20014	NA
210218_RL#220_15g	2446	Sound	2122	28238036	1334	1			0		other	0
210218_RL#220_15g	2446	Port Input	1	28241182	4479	4
210218_RL#220_15g	2446	Response	1	28241182	4479	4
210218_RL#220_15g	2447	Picture	55	28242030	0	1	10319	2	0	next	false_alarm	10904
210218_RL#220_15g	2447	Port Input	1	28242623	593	4
210218_RL#220_15g	2447	Response	1	28242623	593	4
210218_RL#220_15g	2447	Port Input	1	28244397	2367	3
210218_RL#220_15g	2447	Response	1	28244397	2367	3
210218_RL#220_15g	2447	Port Input	1	28246010	3980	4
210218_RL#220_15g	2447	Response	1	28246010	3980	4
210218_RL#220_15g	2447	Port Input	1	28247579	5550	4
210218_RL#220_15g	2447	Response	1	28247579	5550	4
210218_RL#220_15g	2447	Port Input	1	28247585	5555	4
210218_RL#220_15g	2447	Response	1	28247585	5555	4
210218_RL#220_15g	2447	Port Input	1	28249184	7155	4
210218_RL#220_15g	2447	Response	1	28249184	7155	4
210218_RL#220_15g	2447	Port Input	1	28250739	8709	3
210218_RL#220_15g	2447	Response	1	28250739	8709	3
210218_RL#220_15g	2447	Port Input	1	28252246	10217	7
210218_RL#220_15g	2447	Response	1	28252246	10217	7
210218_RL#220_15g	2448	Picture	10	28252348	0	1	1664	2	0	next	hit	10921
210218_RL#220_15g	2448	Port Input	1	28253620	1272	4
210218_RL#220_15g	2448	Response	1	28253620	1272	4
210218_RL#220_15g	2449	Picture	352	28254013	0	1	666	1	0	next	other	0
210218_RL#220_15g	2450	Picture	12	28254679	0	1	20305	2	0	next	false_alarm	10925
210218_RL#220_15g	2450	Port Input	1	28254995	316	3
210218_RL#220_15g	2450	Response	1	28254995	316	3
210218_RL#220_15g	2450	Port Input	1	28256143	1464	4
210218_RL#220_15g	2450	Response	1	28256143	1464	4
210218_RL#220_15g	2450	Port Input	1	28257367	2688	4
210218_RL#220_15g	2450	Response	1	28257367	2688	4
210218_RL#220_15g	2450	Port Input	1	28258807	4129	4
210218_RL#220_15g	2450	Response	1	28258807	4129	4
210218_RL#220_15g	2450	Port Input	1	28260303	5624	4
210218_RL#220_15g	2450	Response	1	28260303	5624	4
210218_RL#220_15g	2450	Port Input	1	28261769	7090	4
210218_RL#220_15g	2450	Response	1	28261769	7090	4
210218_RL#220_15g	2450	Port Input	1	28263211	8533	4
210218_RL#220_15g	2450	Response	1	28263211	8533	4
210218_RL#220_15g	2450	Port Input	1	28264775	10096	4
210218_RL#220_15g	2450	Response	1	28264775	10096	4
210218_RL#220_15g	2450	Port Input	1	28266368	11690	4
210218_RL#220_15g	2450	Response	1	28266368	11690	4
210218_RL#220_15g	2450	Port Input	1	28268195	13516	4
210218_RL#220_15g	2450	Response	1	28268195	13516	4
210218_RL#220_15g	2450	Port Input	1	28268199	13520	6
210218_RL#220_15g	2450	Response	1	28268199	13520	6
210218_RL#220_15g	2451	Picture	3521	28274984	0	1	666	2	0	next	other	0
210218_RL#220_15g	2452	Picture	666	28275649	0	1	20303	4	0	next	other	0
210218_RL#220_15g	2453	Picture	777	28295953	0	3	20305	6	0	next	other	0
210218_RL#220_15g	2453	Manual	1	28315970	20017	NA
210218_RL#220_15g	2454	Sound	2122	28318036	1778	1			0		other	0
210218_RL#220_15g	2454	Port Input	1	28320883	4625	4
210218_RL#220_15g	2454	Response	1	28320883	4625	4
210218_RL#220_15g	2455	Picture	55	28321417	0	4	10153	7	0	next	false_alarm	10955
210218_RL#220_15g	2455	Port Input	1	28322120	703	4
210218_RL#220_15g	2455	Response	1	28322120	703	4
210218_RL#220_15g	2455	Port Input	1	28323771	2355	4
210218_RL#220_15g	2455	Response	1	28323771	2355	4
210218_RL#220_15g	2455	Port Input	1	28325471	4055	4
210218_RL#220_15g	2455	Response	1	28325471	4055	4
210218_RL#220_15g	2455	Port Input	1	28327065	5649	4
210218_RL#220_15g	2455	Response	1	28327065	5649	4
210218_RL#220_15g	2455	Port Input	1	28327069	5652	4
210218_RL#220_15g	2455	Response	1	28327069	5652	4
210218_RL#220_15g	2455	Port Input	1	28329031	7615	4
210218_RL#220_15g	2455	Response	1	28329031	7615	4
210218_RL#220_15g	2455	Port Input	1	28329035	7618	4
210218_RL#220_15g	2455	Response	1	28329035	7618	4
210218_RL#220_15g	2455	Port Input	1	28330390	8973	4
210218_RL#220_15g	2455	Response	1	28330390	8973	4
210218_RL#220_15g	2455	Port Input	1	28330394	8977	4
210218_RL#220_15g	2455	Response	1	28330394	8977	4
210218_RL#220_15g	2456	Picture	10	28331570	0	4	499	7	0	next	hit	10974
210218_RL#220_15g	2456	Port Input	1	28331805	235	4
210218_RL#220_15g	2456	Response	1	28331805	235	4
210218_RL#220_15g	2456	Port Input	1	28331808	239	4
210218_RL#220_15g	2456	Response	1	28331808	239	4
210218_RL#220_15g	2457	Picture	352	28332069	0	3	501	5	0	next	other	0
210218_RL#220_15g	2458	Picture	12	28332570	0	2	20137	5	0	next	false_alarm	10980
210218_RL#220_15g	2458	Port Input	1	28333255	686	4
210218_RL#220_15g	2458	Response	1	28333255	686	4
210218_RL#220_15g	2458	Port Input	1	28334270	1701	4
210218_RL#220_15g	2458	Response	1	28334270	1701	4
210218_RL#220_15g	2458	Port Input	1	28335452	2883	4
210218_RL#220_15g	2458	Response	1	28335452	2883	4
210218_RL#220_15g	2458	Port Input	1	28336690	4120	4
210218_RL#220_15g	2458	Response	1	28336690	4120	4
210218_RL#220_15g	2458	Port Input	1	28336694	4124	4
210218_RL#220_15g	2458	Response	1	28336694	4124	4
210218_RL#220_15g	2458	Port Input	1	28337966	5396	4
210218_RL#220_15g	2458	Response	1	28337966	5396	4
210218_RL#220_15g	2458	Port Input	1	28339311	6742	4
210218_RL#220_15g	2458	Response	1	28339311	6742	4
210218_RL#220_15g	2458	Port Input	1	28340770	8201	4
210218_RL#220_15g	2458	Response	1	28340770	8201	4
210218_RL#220_15g	2458	Port Input	1	28342418	9849	4
210218_RL#220_15g	2458	Response	1	28342418	9849	4
210218_RL#220_15g	2458	Port Input	1	28342422	9852	4
210218_RL#220_15g	2458	Response	1	28342422	9852	4
210218_RL#220_15g	2458	Port Input	1	28344270	11701	5
210218_RL#220_15g	2458	Response	1	28344270	11701	5
210218_RL#220_15g	2458	Port Input	1	28347857	15288	4
210218_RL#220_15g	2458	Response	1	28347857	15288	4
210218_RL#220_15g	2458	Port Input	1	28349591	17022	4
210218_RL#220_15g	2458	Response	1	28349591	17022	4
210218_RL#220_15g	2458	Port Input	1	28349595	17026	5
210218_RL#220_15g	2458	Response	1	28349595	17026	5
210218_RL#220_15g	2459	Picture	3521	28352707	0	4	832	8	0	next	other	0
210218_RL#220_15g	2460	Picture	666	28353538	0	4	20307	5	0	next	other	0
210218_RL#220_15g	2461	Picture	777	28373845	0	1	20305	2	0	next	other	0
210218_RL#220_15g	2461	Manual	1	28393859	20014	NA
210218_RL#220_15g	2462	Sound	2112	28396036	1886	1			0		other	0
210218_RL#220_15g	2463	Picture	55	28399476	0	1	10318	4	0	next	other	0
210218_RL#220_15g	2464	Picture	10	28409793	0	3	20304	6	0	next	miss	0
210218_RL#220_15g	2465	Picture	412	28430098	0	4	832	7	0	next	other	0
210218_RL#220_15g	2466	Picture	666	28430930	0	4	20139	7	0	next	other	0
210218_RL#220_15g	2467	Picture	777	28451068	0	4	20139	7	0	next	other	0
210218_RL#220_15g	2467	Manual	2	28471081	20013	NA
210218_RL#220_15g	2468	Sound	2122	28473036	1829	1			0		other	0
210218_RL#220_15g	2468	Port Input	1	28475835	4628	3
210218_RL#220_15g	2468	Response	1	28475835	4628	3
210218_RL#220_15g	2468	Port Input	1	28475838	4631	4
210218_RL#220_15g	2468	Response	1	28475838	4631	4
210218_RL#220_15g	2469	Picture	55	28476366	0	4	10320	5	0	next	false_alarm	11025
210218_RL#220_15g	2469	Port Input	1	28477234	867	4
210218_RL#220_15g	2469	Response	1	28477234	867	4
210218_RL#220_15g	2469	Port Input	1	28478903	2537	4
210218_RL#220_15g	2469	Response	1	28478903	2537	4
210218_RL#220_15g	2469	Port Input	1	28478907	2540	4
210218_RL#220_15g	2469	Response	1	28478907	2540	4
210218_RL#220_15g	2469	Port Input	1	28480630	4263	4
210218_RL#220_15g	2469	Response	1	28480630	4263	4
210218_RL#220_15g	2469	Port Input	1	28482266	5899	4
210218_RL#220_15g	2469	Response	1	28482266	5899	4
210218_RL#220_15g	2469	Port Input	1	28483862	7495	4
210218_RL#220_15g	2469	Response	1	28483862	7495	4
210218_RL#220_15g	2469	Port Input	1	28483865	7499	4
210218_RL#220_15g	2469	Response	1	28483865	7499	4
210218_RL#220_15g	2469	Port Input	1	28485413	9047	4
210218_RL#220_15g	2469	Response	1	28485413	9047	4
210218_RL#220_15g	2469	Port Input	1	28485417	9050	4
210218_RL#220_15g	2469	Response	1	28485417	9050	4
210218_RL#220_15g	2470	Picture	10	28486686	0	1	500	2	0	next	hit	11044
210218_RL#220_15g	2470	Port Input	1	28486936	250	4
210218_RL#220_15g	2470	Response	1	28486936	250	4
210218_RL#220_15g	2470	Port Input	1	28486940	253	4
210218_RL#220_15g	2470	Response	1	28486940	253	4
210218_RL#220_15g	2471	Picture	352	28487186	0	1	499	1	0	next	other	0
210218_RL#220_15g	2472	Picture	12	28487686	0	1	20305	1	0	next	false_alarm	11050
210218_RL#220_15g	2472	Port Input	1	28488364	678	4
210218_RL#220_15g	2472	Response	1	28488364	678	4
210218_RL#220_15g	2472	Port Input	1	28488367	682	5
210218_RL#220_15g	2472	Response	1	28488367	682	5
210218_RL#220_15g	2472	Port Input	1	28489415	1730	5
210218_RL#220_15g	2472	Response	1	28489415	1730	5
210218_RL#220_15g	2472	Port Input	1	28490610	2924	4
210218_RL#220_15g	2472	Response	1	28490610	2924	4
210218_RL#220_15g	2472	Port Input	1	28491885	4200	4
210218_RL#220_15g	2472	Response	1	28491885	4200	4
210218_RL#220_15g	2472	Port Input	1	28493177	5492	4
210218_RL#220_15g	2472	Response	1	28493177	5492	4
210218_RL#220_15g	2472	Port Input	1	28493181	5496	4
210218_RL#220_15g	2472	Response	1	28493181	5496	4
210218_RL#220_15g	2472	Port Input	1	28494585	6899	4
210218_RL#220_15g	2472	Response	1	28494585	6899	4
210218_RL#220_15g	2472	Port Input	1	28496138	8452	4
210218_RL#220_15g	2472	Response	1	28496138	8452	4
210218_RL#220_15g	2472	Port Input	1	28496142	8456	4
210218_RL#220_15g	2472	Response	1	28496142	8456	4
210218_RL#220_15g	2472	Port Input	1	28498053	10367	4
210218_RL#220_15g	2472	Response	1	28498053	10367	4
210218_RL#220_15g	2472	Port Input	1	28501475	13790	4
210218_RL#220_15g	2472	Response	1	28501475	13790	4
210218_RL#220_15g	2472	Port Input	1	28503143	15458	4
210218_RL#220_15g	2472	Response	1	28503143	15458	4
210218_RL#220_15g	2473	Picture	3521	28507990	0	1	832	1	0	next	other	0
210218_RL#220_15g	2474	Picture	666	28508822	0	1	20305	2	0	next	other	0
210218_RL#220_15g	2475	Picture	777	28529127	0	2	20304	4	0	next	other	0
210218_RL#220_15g	2475	Manual	2	28549142	20015	NA
210218_RL#220_15g	2476	Sound	2112	28551036	1605	1			0		other	0
210218_RL#220_15g	2477	Picture	55	28554590	0	3	10152	6	0	next	other	0
210218_RL#220_15g	2478	Picture	10	28564743	0	4	20138	7	0	next	miss	0
210218_RL#220_15g	2479	Picture	412	28584881	0	4	1001	6	0	next	other	0
210218_RL#220_15g	2480	Picture	666	28585881	0	2	20304	3	0	next	other	0
210218_RL#220_15g	2481	Picture	777	28606186	0	1	20305	1	0	next	other	0
210218_RL#220_15g	2481	Manual	1	28626204	20018	NA
210218_RL#220_15g	2482	Sound	2112	28628036	1545	1			0		other	0
210218_RL#220_15g	2483	Picture	55	28631817	0	1	10317	4	0	next	other	0
210218_RL#220_15g	2484	Picture	10	28642134	0	3	20305	6	0	next	miss	0
210218_RL#220_15g	2485	Picture	412	28662439	0	3	998	6	0	next	other	0
210218_RL#220_15g	2486	Picture	666	28663437	0	4	20139	7	0	next	other	0
210218_RL#220_15g	2487	Picture	777	28683576	0	4	20138	8	0	next	other	0
210218_RL#220_15g	2487	Manual	2	28703590	20014	NA
210218_RL#220_15g	2488	Sound	2122	28705036	1322	1			0		other	0
210218_RL#220_15g	2488	Port Input	1	28708701	4987	4
210218_RL#220_15g	2488	Response	1	28708701	4987	4
210218_RL#220_15g	2488	Port Input	1	28708705	4991	4
210218_RL#220_15g	2488	Response	1	28708705	4991	4
210218_RL#220_15g	2489	Picture	55	28708874	0	4	10321	5	0	next	false_alarm	11100
210218_RL#220_15g	2489	Port Input	1	28710078	1204	4
210218_RL#220_15g	2489	Response	1	28710078	1204	4
210218_RL#220_15g	2489	Port Input	1	28711595	2721	4
210218_RL#220_15g	2489	Response	1	28711595	2721	4
210218_RL#220_15g	2489	Port Input	1	28713415	4542	5
210218_RL#220_15g	2489	Response	1	28713415	4542	5
210218_RL#220_15g	2489	Port Input	1	28715123	6249	4
210218_RL#220_15g	2489	Response	1	28715123	6249	4
210218_RL#220_15g	2489	Port Input	1	28716877	8003	4
210218_RL#220_15g	2489	Response	1	28716877	8003	4
210218_RL#220_15g	2489	Port Input	1	28716880	8006	4
210218_RL#220_15g	2489	Response	1	28716880	8006	4
210218_RL#220_15g	2489	Port Input	1	28718490	9617	4
210218_RL#220_15g	2489	Response	1	28718490	9617	4
210218_RL#220_15g	2490	Picture	10	28719194	0	1	1165	2	0	next	hit	11115
210218_RL#220_15g	2490	Port Input	1	28720028	833	4
210218_RL#220_15g	2490	Response	1	28720028	833	4
210218_RL#220_15g	2491	Picture	352	28720359	0	1	666	2	0	next	other	0
210218_RL#220_15g	2492	Picture	12	28721025	0	1	20305	2	0	next	false_alarm	11119
210218_RL#220_15g	2492	Port Input	1	28721682	657	4
210218_RL#220_15g	2492	Response	1	28721682	657	4
210218_RL#220_15g	2492	Port Input	1	28722713	1688	4
210218_RL#220_15g	2492	Response	1	28722713	1688	4
210218_RL#220_15g	2492	Port Input	1	28722717	1692	4
210218_RL#220_15g	2492	Response	1	28722717	1692	4
210218_RL#220_15g	2492	Port Input	1	28723936	2911	4
210218_RL#220_15g	2492	Response	1	28723936	2911	4
210218_RL#220_15g	2492	Port Input	1	28725215	4191	4
210218_RL#220_15g	2492	Response	1	28725215	4191	4
210218_RL#220_15g	2492	Port Input	1	28726581	5557	4
210218_RL#220_15g	2492	Response	1	28726581	5557	4
210218_RL#220_15g	2492	Port Input	1	28726585	5560	4
210218_RL#220_15g	2492	Response	1	28726585	5560	4
210218_RL#220_15g	2492	Port Input	1	28727957	6932	5
210218_RL#220_15g	2492	Response	1	28727957	6932	5
210218_RL#220_15g	2492	Port Input	1	28727962	6937	4
210218_RL#220_15g	2492	Response	1	28727962	6937	4
210218_RL#220_15g	2492	Port Input	1	28729338	8313	4
210218_RL#220_15g	2492	Response	1	28729338	8313	4
210218_RL#220_15g	2492	Port Input	1	28729341	8316	4
210218_RL#220_15g	2492	Response	1	28729341	8316	4
210218_RL#220_15g	2492	Port Input	1	28731037	10012	4
210218_RL#220_15g	2492	Response	1	28731037	10012	4
210218_RL#220_15g	2492	Port Input	1	28732964	11939	4
210218_RL#220_15g	2492	Response	1	28732964	11939	4
210218_RL#220_15g	2492	Port Input	1	28732968	11943	5
210218_RL#220_15g	2492	Response	1	28732968	11943	5
210218_RL#220_15g	2492	Port Input	1	28734927	13902	4
210218_RL#220_15g	2492	Response	1	28734927	13902	4
210218_RL#220_15g	2492	Port Input	1	28734931	13906	4
210218_RL#220_15g	2492	Response	1	28734931	13906	4
210218_RL#220_15g	2493	Picture	3521	28741329	0	1	832	2	0	next	other	0
210218_RL#220_15g	2494	Picture	666	28742162	0	1	20303	4	0	next	other	0
210218_RL#220_15g	2495	Picture	777	28762465	0	3	20303	8	0	next	other	0
210218_RL#220_15g	2495	Manual	2	28782478	20013	NA
210218_RL#220_15g	2496	Sound	2122	28784036	1268	1			0		other	0
210218_RL#220_15g	2496	Port Input	1	28786664	3896	4
210218_RL#220_15g	2496	Response	1	28786664	3896	4
210218_RL#220_15g	2497	Picture	55	28787930	0	3	10152	7	0	next	false_alarm	11159
210218_RL#220_15g	2497	Port Input	1	28788502	572	4
210218_RL#220_15g	2497	Response	1	28788502	572	4
210218_RL#220_15g	2497	Port Input	1	28790035	2105	4
210218_RL#220_15g	2497	Response	1	28790035	2105	4
210218_RL#220_15g	2497	Port Input	1	28790039	2109	4
210218_RL#220_15g	2497	Response	1	28790039	2109	4
210218_RL#220_15g	2497	Port Input	1	28791823	3893	4
210218_RL#220_15g	2497	Response	1	28791823	3893	4
210218_RL#220_15g	2497	Port Input	1	28791826	3897	4
210218_RL#220_15g	2497	Response	1	28791826	3897	4
210218_RL#220_15g	2497	Port Input	1	28793388	5458	4
210218_RL#220_15g	2497	Response	1	28793388	5458	4
210218_RL#220_15g	2497	Port Input	1	28794975	7045	4
210218_RL#220_15g	2497	Response	1	28794975	7045	4
210218_RL#220_15g	2497	Port Input	1	28796613	8683	4
210218_RL#220_15g	2497	Response	1	28796613	8683	4
210218_RL#220_15g	2498	Picture	10	28798082	0	4	333	7	0	next	hit	11176
210218_RL#220_15g	2498	Port Input	1	28798201	119	4
210218_RL#220_15g	2498	Response	1	28798201	119	4
210218_RL#220_15g	2498	Port Input	1	28798205	124	5
210218_RL#220_15g	2498	Response	1	28798205	124	5
210218_RL#220_15g	2499	Picture	352	28798415	0	3	667	5	0	next	other	0
210218_RL#220_15g	2500	Picture	12	28799082	0	2	20137	5	0	next	false_alarm	11182
210218_RL#220_15g	2500	Port Input	1	28799741	659	4
210218_RL#220_15g	2500	Response	1	28799741	659	4
210218_RL#220_15g	2500	Port Input	1	28800739	1657	4
210218_RL#220_15g	2500	Response	1	28800739	1657	4
210218_RL#220_15g	2500	Port Input	1	28801883	2801	4
210218_RL#220_15g	2500	Response	1	28801883	2801	4
210218_RL#220_15g	2500	Port Input	1	28803153	4071	4
210218_RL#220_15g	2500	Response	1	28803153	4071	4
210218_RL#220_15g	2500	Port Input	1	28804484	5402	4
210218_RL#220_15g	2500	Response	1	28804484	5402	4
210218_RL#220_15g	2500	Port Input	1	28805848	6766	4
210218_RL#220_15g	2500	Response	1	28805848	6766	4
210218_RL#220_15g	2500	Port Input	1	28807341	8259	4
210218_RL#220_15g	2500	Response	1	28807341	8259	4
210218_RL#220_15g	2500	Port Input	1	28809063	9981	4
210218_RL#220_15g	2500	Response	1	28809063	9981	4
210218_RL#220_15g	2500	Port Input	1	28810948	11866	4
210218_RL#220_15g	2500	Response	1	28810948	11866	4
210218_RL#220_15g	2500	Port Input	1	28810952	11869	4
210218_RL#220_15g	2500	Response	1	28810952	11869	4
210218_RL#220_15g	2500	Port Input	1	28815021	15939	4
210218_RL#220_15g	2500	Response	1	28815021	15939	4
210218_RL#220_15g	2500	Port Input	1	28815025	15943	4
210218_RL#220_15g	2500	Response	1	28815025	15943	4
210218_RL#220_15g	2500	Port Input	1	28816649	17567	4
210218_RL#220_15g	2500	Response	1	28816649	17567	4
210218_RL#220_15g	2500	Port Input	1	28816653	17571	4
210218_RL#220_15g	2500	Response	1	28816653	17571	4
210218_RL#220_15g	2501	Picture	3521	28819219	0	4	1000	6	0	next	other	0
210218_RL#220_15g	2502	Picture	666	28820220	0	2	20304	3	0	next	other	0
210218_RL#220_15g	2503	Picture	777	28840524	0	1	20305	2	0	next	other	0
210218_RL#220_15g	2503	Manual	2	28860536	20012	NA
210218_RL#220_15g	2504	Sound	2112	28862036	1207	1			0		other	0
210218_RL#220_15g	2505	Picture	55	28866155	0	1	10319	2	0	next	other	0
210218_RL#220_15g	2506	Picture	10	28876473	0	2	20304	4	0	next	miss	0
210218_RL#220_15g	2507	Picture	412	28896777	0	3	1000	4	0	next	other	0
210218_RL#220_15g	2508	Picture	666	28897777	0	1	20138	3	0	next	other	0
210218_RL#220_15g	2509	Picture	777	28917915	0	2	20137	6	0	next	other	0
210218_RL#220_15g	2509	Manual	1	28937931	20015	NA
210218_RL#220_15g	2510	Sound	2122	28940035	1983	1			0		other	0
210218_RL#220_15g	2510	Port Input	1	28942467	4414	4
210218_RL#220_15g	2510	Response	1	28942467	4414	4
210218_RL#220_15g	2511	Picture	55	28943212	0	4	10153	8	0	next	false_alarm	11225
210218_RL#220_15g	2511	Port Input	1	28943936	724	4
210218_RL#220_15g	2511	Response	1	28943936	724	4
210218_RL#220_15g	2511	Port Input	1	28943940	728	4
210218_RL#220_15g	2511	Response	1	28943940	728	4
210218_RL#220_15g	2511	Port Input	1	28945586	2374	4
210218_RL#220_15g	2511	Response	1	28945586	2374	4
210218_RL#220_15g	2511	Port Input	1	28945590	2378	4
210218_RL#220_15g	2511	Response	1	28945590	2378	4
210218_RL#220_15g	2511	Port Input	1	28947310	4098	4
210218_RL#220_15g	2511	Response	1	28947310	4098	4
210218_RL#220_15g	2511	Port Input	1	28947314	4102	4
210218_RL#220_15g	2511	Response	1	28947314	4102	4
210218_RL#220_15g	2511	Port Input	1	28949020	5808	4
210218_RL#220_15g	2511	Response	1	28949020	5808	4
210218_RL#220_15g	2511	Port Input	1	28950599	7387	4
210218_RL#220_15g	2511	Response	1	28950599	7387	4
210218_RL#220_15g	2511	Port Input	1	28950603	7391	4
210218_RL#220_15g	2511	Response	1	28950603	7391	4
210218_RL#220_15g	2511	Port Input	1	28952317	9106	4
210218_RL#220_15g	2511	Response	1	28952317	9106	4
210218_RL#220_15g	2512	Picture	10	28953364	0	4	665	8	0	next	hit	11246
210218_RL#220_15g	2512	Port Input	1	28953855	491	6
210218_RL#220_15g	2512	Response	1	28953855	491	6
210218_RL#220_15g	2512	Port Input	1	28953862	497	4
210218_RL#220_15g	2512	Response	1	28953862	497	4
210218_RL#220_15g	2513	Picture	352	28954030	0	5	501	7	0	next	other	0
210218_RL#220_15g	2514	Picture	12	28954531	0	3	20304	3	0	next	false_alarm	11252
210218_RL#220_15g	2514	Port Input	1	28955293	762	4
210218_RL#220_15g	2514	Response	1	28955293	762	4
210218_RL#220_15g	2514	Port Input	1	28955297	765	4
210218_RL#220_15g	2514	Response	1	28955297	765	4
210218_RL#220_15g	2514	Port Input	1	28956325	1793	5
210218_RL#220_15g	2514	Response	1	28956325	1793	5
210218_RL#220_15g	2514	Port Input	1	28957447	2915	4
210218_RL#220_15g	2514	Response	1	28957447	2915	4
210218_RL#220_15g	2514	Port Input	1	28958761	4230	4
210218_RL#220_15g	2514	Response	1	28958761	4230	4
210218_RL#220_15g	2514	Port Input	1	28958765	4234	4
210218_RL#220_15g	2514	Response	1	28958765	4234	4
210218_RL#220_15g	2514	Port Input	1	28960078	5547	4
210218_RL#220_15g	2514	Response	1	28960078	5547	4
210218_RL#220_15g	2514	Port Input	1	28960082	5550	4
210218_RL#220_15g	2514	Response	1	28960082	5550	4
210218_RL#220_15g	2514	Port Input	1	28961432	6900	4
210218_RL#220_15g	2514	Response	1	28961432	6900	4
210218_RL#220_15g	2514	Port Input	1	28962953	8422	4
210218_RL#220_15g	2514	Response	1	28962953	8422	4
210218_RL#220_15g	2514	Port Input	1	28964521	9990	4
210218_RL#220_15g	2514	Response	1	28964521	9990	4
210218_RL#220_15g	2514	Port Input	1	28966182	11651	4
210218_RL#220_15g	2514	Response	1	28966182	11651	4
210218_RL#220_15g	2514	Port Input	1	28969597	15066	4
210218_RL#220_15g	2514	Response	1	28969597	15066	4
210218_RL#220_15g	2515	Picture	3521	28974836	0	1	832	1	0	next	other	0
210218_RL#220_15g	2516	Picture	666	28975668	0	1	20305	1	0	next	other	0
210218_RL#220_15g	2517	Picture	777	28995973	0	1	20303	4	0	next	other	0
210218_RL#220_15g	2517	Manual	2	29015986	20013	NA
210218_RL#220_15g	2518	Sound	2112	29018035	1759	1			0		other	0
210218_RL#220_15g	2519	Picture	55	29021435	0	3	10153	6	0	next	other	0
210218_RL#220_15g	2520	Picture	10	29031588	0	3	20138	7	0	next	miss	0
210218_RL#220_15g	2521	Picture	412	29051726	0	4	1001	6	0	next	other	0
210218_RL#220_15g	2522	Picture	666	29052727	0	2	20304	3	0	next	other	0
210218_RL#220_15g	2523	Picture	777	29073031	0	1	20305	2	0	next	other	0
210218_RL#220_15g	2523	Manual	1	29093045	20013	NA
210218_RL#220_15g	2524	Sound	2112	29095035	1699	1			0		other	0
210218_RL#220_15g	2525	Picture	55	29098662	0	1	10319	2	0	next	other	0
210218_RL#220_15g	2526	Picture	10	29108981	0	1	20303	4	0	next	miss	0
210218_RL#220_15g	2527	Picture	412	29129284	0	3	999	6	0	next	other	0
210218_RL#220_15g	2528	Picture	666	29130283	0	3	20139	6	0	next	other	0
210218_RL#220_15g	2529	Picture	777	29150422	0	3	20138	7	0	next	other	0
210218_RL#220_15g	2529	Manual	2	29170435	20014	NA
210218_RL#220_15g	2530	Sound	2122	29172035	1475	1			0		other	0
210218_RL#220_15g	2530	Port Input	1	29174798	4238	4
210218_RL#220_15g	2530	Response	1	29174798	4238	4
210218_RL#220_15g	2531	Picture	55	29175719	0	4	10153	8	0	next	false_alarm	11300
210218_RL#220_15g	2531	Port Input	1	29176395	675	4
210218_RL#220_15g	2531	Response	1	29176395	675	4
210218_RL#220_15g	2531	Port Input	1	29176398	679	4
210218_RL#220_15g	2531	Response	1	29176398	679	4
210218_RL#220_15g	2531	Port Input	1	29178014	2295	4
210218_RL#220_15g	2531	Response	1	29178014	2295	4
210218_RL#220_15g	2531	Port Input	1	29178018	2299	4
210218_RL#220_15g	2531	Response	1	29178018	2299	4
210218_RL#220_15g	2531	Port Input	1	29179771	4051	4
210218_RL#220_15g	2531	Response	1	29179771	4051	4
210218_RL#220_15g	2531	Port Input	1	29181442	5723	4
210218_RL#220_15g	2531	Response	1	29181442	5723	4
210218_RL#220_15g	2531	Port Input	1	29183185	7466	4
210218_RL#220_15g	2531	Response	1	29183185	7466	4
210218_RL#220_15g	2531	Port Input	1	29184769	9050	4
210218_RL#220_15g	2531	Response	1	29184769	9050	4
210218_RL#220_15g	2532	Picture	10	29185872	0	4	666	8	0	next	hit	11317
210218_RL#220_15g	2532	Port Input	1	29186305	434	4
210218_RL#220_15g	2532	Response	1	29186305	434	4
210218_RL#220_15g	2533	Picture	352	29186538	0	4	499	8	0	next	other	0
210218_RL#220_15g	2534	Picture	12	29187037	0	4	20306	5	0	next	false_alarm	11321
210218_RL#220_15g	2534	Port Input	1	29187779	742	3
210218_RL#220_15g	2534	Response	1	29187779	742	3
210218_RL#220_15g	2534	Port Input	1	29188887	1850	5
210218_RL#220_15g	2534	Response	1	29188887	1850	5
210218_RL#220_15g	2534	Port Input	1	29188891	1854	4
210218_RL#220_15g	2534	Response	1	29188891	1854	4
210218_RL#220_15g	2534	Port Input	1	29190159	3122	4
210218_RL#220_15g	2534	Response	1	29190159	3122	4
210218_RL#220_15g	2534	Port Input	1	29191484	4448	4
210218_RL#220_15g	2534	Response	1	29191484	4448	4
210218_RL#220_15g	2534	Port Input	1	29192965	5928	4
210218_RL#220_15g	2534	Response	1	29192965	5928	4
210218_RL#220_15g	2534	Port Input	1	29194450	7413	4
210218_RL#220_15g	2534	Response	1	29194450	7413	4
210218_RL#220_15g	2534	Port Input	1	29195964	8928	4
210218_RL#220_15g	2534	Response	1	29195964	8928	4
210218_RL#220_15g	2534	Port Input	1	29197627	10591	4
210218_RL#220_15g	2534	Response	1	29197627	10591	4
210218_RL#220_15g	2534	Port Input	1	29197631	10594	3
210218_RL#220_15g	2534	Response	1	29197631	10594	3
210218_RL#220_15g	2534	Port Input	1	29199226	12189	4
210218_RL#220_15g	2534	Response	1	29199226	12189	4
210218_RL#220_15g	2534	Port Input	1	29200829	13792	5
210218_RL#220_15g	2534	Response	1	29200829	13792	5
210218_RL#220_15g	2535	Picture	3521	29207343	0	1	832	1	0	next	other	0
210218_RL#220_15g	2536	Picture	666	29208176	0	1	20305	1	0	next	other	0
210218_RL#220_15g	2537	Picture	777	29228480	0	1	20303	4	0	next	other	0
210218_RL#220_15g	2537	Manual	2	29248497	20017	NA
210218_RL#220_15g	2538	Sound	2112	29250035	1252	1			0		other	0
210218_RL#220_15g	2539	Picture	55	29254111	0	2	10151	5	0	next	other	0
210218_RL#220_15g	2540	Picture	10	29264262	0	4	20139	7	0	next	miss	0
210218_RL#220_15g	2541	Picture	412	29284400	0	4	833	7	0	next	other	0
210218_RL#220_15g	2542	Picture	666	29285233	0	3	20138	7	0	next	other	0
210218_RL#220_15g	2543	Picture	777	29305371	0	4	20306	5	0	next	other	0
210218_RL#220_15g	2543	Manual	1	29325386	20015	NA
210218_RL#220_15g	2544	Sound	2112	29327035	1358	1			0		other	0
210218_RL#220_15g	2545	Picture	55	29331003	0	1	10319	1	0	next	other	0
210218_RL#220_15g	2546	Picture	10	29341322	0	1	20303	4	0	next	miss	0
210218_RL#220_15g	2547	Picture	412	29361625	0	3	832	6	0	next	other	0
210218_RL#220_15g	2548	Picture	666	29362457	0	3	20301	11	0	next	other	0
210218_RL#220_15g	2549	Picture	777	29382759	0	8	20142	12	0	next	other	0
210218_RL#220_15g	2549	Manual	2	29402772	20014	NA
210218_RL#220_15g	2550	Sound	2122	29404035	1134	1			0		other	0
210218_RL#220_15g	2550	Port Input	1	29406901	4000	4
210218_RL#220_15g	2550	Response	1	29406901	4000	4
210218_RL#220_15g	2551	Picture	55	29408060	0	4	10152	8	0	next	false_alarm	11367
210218_RL#220_15g	2551	Port Input	1	29408221	161	3
210218_RL#220_15g	2551	Response	1	29408221	161	3
210218_RL#220_15g	2551	Port Input	1	29409843	1783	4
210218_RL#220_15g	2551	Response	1	29409843	1783	4
210218_RL#220_15g	2551	Port Input	1	29409846	1786	4
210218_RL#220_15g	2551	Response	1	29409846	1786	4
210218_RL#220_15g	2551	Port Input	1	29411651	3591	5
210218_RL#220_15g	2551	Response	1	29411651	3591	5
210218_RL#220_15g	2551	Port Input	1	29413400	5340	4
210218_RL#220_15g	2551	Response	1	29413400	5340	4
210218_RL#220_15g	2551	Port Input	1	29415146	7086	4
210218_RL#220_15g	2551	Response	1	29415146	7086	4
210218_RL#220_15g	2551	Port Input	1	29416702	8642	4
210218_RL#220_15g	2551	Response	1	29416702	8642	4
210218_RL#220_15g	2552	Picture	10	29418212	0	4	333	8	0	next	hit	11382
210218_RL#220_15g	2552	Port Input	1	29418333	120	4
210218_RL#220_15g	2552	Response	1	29418333	120	4
210218_RL#220_15g	2553	Picture	352	29418546	0	4	501	6	0	next	other	0
210218_RL#220_15g	2554	Picture	12	29419047	0	2	20305	3	0	next	false_alarm	11386
210218_RL#220_15g	2554	Port Input	1	29419823	776	4
210218_RL#220_15g	2554	Response	1	29419823	776	4
210218_RL#220_15g	2554	Port Input	1	29420892	1845	4
210218_RL#220_15g	2554	Response	1	29420892	1845	4
210218_RL#220_15g	2554	Port Input	1	29422130	3083	3
210218_RL#220_15g	2554	Response	1	29422130	3083	3
210218_RL#220_15g	2554	Port Input	1	29423400	4354	4
210218_RL#220_15g	2554	Response	1	29423400	4354	4
210218_RL#220_15g	2554	Port Input	1	29424800	5753	5
210218_RL#220_15g	2554	Response	1	29424800	5753	5
210218_RL#220_15g	2554	Port Input	1	29426282	7236	4
210218_RL#220_15g	2554	Response	1	29426282	7236	4
210218_RL#220_15g	2554	Port Input	1	29427929	8883	4
210218_RL#220_15g	2554	Response	1	29427929	8883	4
210218_RL#220_15g	2554	Port Input	1	29429627	10581	4
210218_RL#220_15g	2554	Response	1	29429627	10581	4
210218_RL#220_15g	2554	Port Input	1	29429631	10584	4
210218_RL#220_15g	2554	Response	1	29429631	10584	4
210218_RL#220_15g	2554	Port Input	1	29429634	10588	4
210218_RL#220_15g	2554	Response	1	29429634	10588	4
210218_RL#220_15g	2555	Picture	3521	29439351	0	1	832	1	0	next	other	0
210218_RL#220_15g	2556	Picture	666	29440184	0	1	20305	1	0	next	other	0
210218_RL#220_15g	2557	Picture	777	29460488	0	1	20304	3	0	next	other	0
210218_RL#220_15g	2557	Manual	2	29480504	20016	NA
210218_RL#220_15g	2558	Sound	2122	29482035	1243	1			0		other	0
210218_RL#220_15g	2558	Port Input	1	29485535	4743	4
210218_RL#220_15g	2558	Response	1	29485535	4743	4
210218_RL#220_15g	2559	Picture	55	29486118	0	3	10318	6	0	next	false_alarm	11414
210218_RL#220_15g	2559	Port Input	1	29486897	780	4
210218_RL#220_15g	2559	Response	1	29486897	780	4
210218_RL#220_15g	2559	Port Input	1	29488539	2421	4
210218_RL#220_15g	2559	Response	1	29488539	2421	4
210218_RL#220_15g	2559	Port Input	1	29490329	4212	4
210218_RL#220_15g	2559	Response	1	29490329	4212	4
210218_RL#220_15g	2559	Port Input	1	29492045	5928	4
210218_RL#220_15g	2559	Response	1	29492045	5928	4
210218_RL#220_15g	2559	Port Input	1	29493530	7413	4
210218_RL#220_15g	2559	Response	1	29493530	7413	4
210218_RL#220_15g	2559	Port Input	1	29495019	8902	4
210218_RL#220_15g	2559	Response	1	29495019	8902	4
210218_RL#220_15g	2560	Picture	10	29496436	0	4	333	7	0	next	hit	11427
210218_RL#220_15g	2560	Port Input	1	29496580	144	4
210218_RL#220_15g	2560	Response	1	29496580	144	4
210218_RL#220_15g	2561	Picture	352	29496769	0	4	666	7	0	next	other	0
210218_RL#220_15g	2562	Picture	12	29497435	0	4	20138	8	0	next	false_alarm	11431
210218_RL#220_15g	2562	Port Input	1	29497999	564	4
210218_RL#220_15g	2562	Response	1	29497999	564	4
210218_RL#220_15g	2562	Port Input	1	29499068	1633	4
210218_RL#220_15g	2562	Response	1	29499068	1633	4
210218_RL#220_15g	2562	Port Input	1	29500287	2852	4
210218_RL#220_15g	2562	Response	1	29500287	2852	4
210218_RL#220_15g	2562	Port Input	1	29500291	2856	4
210218_RL#220_15g	2562	Response	1	29500291	2856	4
210218_RL#220_15g	2562	Port Input	1	29501613	4178	4
210218_RL#220_15g	2562	Response	1	29501613	4178	4
210218_RL#220_15g	2562	Port Input	1	29503034	5600	4
210218_RL#220_15g	2562	Response	1	29503034	5600	4
210218_RL#220_15g	2562	Port Input	1	29504595	7161	4
210218_RL#220_15g	2562	Response	1	29504595	7161	4
210218_RL#220_15g	2562	Port Input	1	29506403	8968	4
210218_RL#220_15g	2562	Response	1	29506403	8968	4
210218_RL#220_15g	2562	Port Input	1	29513324	15890	4
210218_RL#220_15g	2562	Response	1	29513324	15890	4
210218_RL#220_15g	2562	Port Input	1	29513328	15893	4
210218_RL#220_15g	2562	Response	1	29513328	15893	4
210218_RL#220_15g	2562	Port Input	1	29515067	17632	4
210218_RL#220_15g	2562	Response	1	29515067	17632	4
210218_RL#220_15g	2563	Picture	3521	29517572	0	5	1001	6	0	next	other	0
210218_RL#220_15g	2564	Picture	666	29518574	0	2	20135	8	0	next	other	0
210218_RL#220_15g	2565	Picture	777	29538708	0	6	20308	7	0	next	other	0
210218_RL#220_15g	2565	Manual	1	29558723	20015	NA
210218_RL#220_15g	2566	Sound	2112	29560035	1018	1			0		other	0
210218_RL#220_15g	2567	Picture	55	29564343	0	1	10319	2	0	next	other	0
210218_RL#220_15g	2568	Picture	10	29574662	0	1	20303	3	0	next	miss	0
210218_RL#220_15g	2569	Picture	412	29594965	0	3	998	6	0	next	other	0
210218_RL#220_15g	2570	Picture	666	29595963	0	3	20305	6	0	next	other	0
210218_RL#220_15g	2571	Picture	777	29616268	0	3	20139	6	0	next	other	0
210218_RL#220_15g	2571	Manual	2	29636281	20012	NA
210218_RL#220_15g	2572	Sound	2122	29638035	1628	1			0		other	0
210218_RL#220_15g	2572	Port Input	1	29640771	4364	5
210218_RL#220_15g	2572	Response	1	29640771	4364	5
210218_RL#220_15g	2573	Picture	55	29641566	0	4	10152	8	0	next	false_alarm	11468
210218_RL#220_15g	2573	Port Input	1	29642104	538	4
210218_RL#220_15g	2573	Response	1	29642104	538	4
210218_RL#220_15g	2573	Port Input	1	29643729	2163	4
210218_RL#220_15g	2573	Response	1	29643729	2163	4
210218_RL#220_15g	2573	Port Input	1	29645400	3834	5
210218_RL#220_15g	2573	Response	1	29645400	3834	5
210218_RL#220_15g	2573	Port Input	1	29647106	5540	4
210218_RL#220_15g	2573	Response	1	29647106	5540	4
210218_RL#220_15g	2573	Port Input	1	29648669	7103	4
210218_RL#220_15g	2573	Response	1	29648669	7103	4
210218_RL#220_15g	2573	Port Input	1	29648672	7106	4
210218_RL#220_15g	2573	Response	1	29648672	7106	4
210218_RL#220_15g	2573	Port Input	1	29650135	8568	4
210218_RL#220_15g	2573	Response	1	29650135	8568	4
210218_RL#220_15g	2573	Port Input	1	29651617	10051	8
210218_RL#220_15g	2573	Response	1	29651617	10051	8
210218_RL#220_15g	2574	Picture	10	29651719	0	4	1664	8	0	next	hit	11485
210218_RL#220_15g	2574	Port Input	1	29653133	1415	4
210218_RL#220_15g	2574	Response	1	29653133	1415	4
210218_RL#220_15g	2574	Port Input	1	29653137	1418	4
210218_RL#220_15g	2574	Response	1	29653137	1418	4
210218_RL#220_15g	2575	Picture	352	29653383	0	4	501	6	0	next	other	0
210218_RL#220_15g	2576	Picture	12	29653884	0	2	20305	3	0	next	false_alarm	11491
210218_RL#220_15g	2576	Port Input	1	29654502	618	4
210218_RL#220_15g	2576	Response	1	29654502	618	4
210218_RL#220_15g	2576	Port Input	1	29655603	1719	4
210218_RL#220_15g	2576	Response	1	29655603	1719	4
210218_RL#220_15g	2576	Port Input	1	29656856	2972	4
210218_RL#220_15g	2576	Response	1	29656856	2972	4
210218_RL#220_15g	2576	Port Input	1	29656860	2976	4
210218_RL#220_15g	2576	Response	1	29656860	2976	4
210218_RL#220_15g	2576	Port Input	1	29658348	4464	5
210218_RL#220_15g	2576	Response	1	29658348	4464	5
210218_RL#220_15g	2576	Port Input	1	29659936	6052	4
210218_RL#220_15g	2576	Response	1	29659936	6052	4
210218_RL#220_15g	2576	Port Input	1	29661579	7695	4
210218_RL#220_15g	2576	Response	1	29661579	7695	4
210218_RL#220_15g	2576	Port Input	1	29662924	9040	4
210218_RL#220_15g	2576	Response	1	29662924	9040	4
210218_RL#220_15g	2576	Port Input	1	29662927	9043	4
210218_RL#220_15g	2576	Response	1	29662927	9043	4
210218_RL#220_15g	2576	Port Input	1	29664270	10386	4
210218_RL#220_15g	2576	Response	1	29664270	10386	4
210218_RL#220_15g	2576	Port Input	1	29665803	11919	4
210218_RL#220_15g	2576	Response	1	29665803	11919	4
210218_RL#220_15g	2576	Port Input	1	29667444	13560	4
210218_RL#220_15g	2576	Response	1	29667444	13560	4
210218_RL#220_15g	2576	Port Input	1	29672478	18594	4
210218_RL#220_15g	2576	Response	1	29672478	18594	4
210218_RL#220_15g	2576	Port Input	1	29672482	18598	4
210218_RL#220_15g	2576	Response	1	29672482	18598	4
210218_RL#220_15g	2577	Picture	3521	29674189	0	2	833	2	0	next	other	0
210218_RL#220_15g	2578	Picture	666	29675021	0	1	20304	1	0	next	other	0
210218_RL#220_15g	2579	Picture	777	29695326	0	1	20303	4	0	next	other	0
210218_RL#220_15g	2579	Manual	1	29715339	20013	NA
210218_RL#220_15g	2580	Sound	2122	29717035	1406	1			0		other	0
210218_RL#220_15g	2580	Port Input	1	29720034	4405	4
210218_RL#220_15g	2580	Response	1	29720034	4405	4
210218_RL#220_15g	2581	Picture	55	29720954	0	4	10321	4	0	next	false_alarm	11527
210218_RL#220_15g	2581	Port Input	1	29721535	581	4
210218_RL#220_15g	2581	Response	1	29721535	581	4
210218_RL#220_15g	2581	Port Input	1	29723135	2180	4
210218_RL#220_15g	2581	Response	1	29723135	2180	4
210218_RL#220_15g	2581	Port Input	1	29724825	3870	5
210218_RL#220_15g	2581	Response	1	29724825	3870	5
210218_RL#220_15g	2581	Port Input	1	29726501	5547	4
210218_RL#220_15g	2581	Response	1	29726501	5547	4
210218_RL#220_15g	2581	Port Input	1	29728038	7084	4
210218_RL#220_15g	2581	Response	1	29728038	7084	4
210218_RL#220_15g	2581	Port Input	1	29729625	8670	4
210218_RL#220_15g	2581	Response	1	29729625	8670	4
210218_RL#220_15g	2581	Port Input	1	29731054	10100	5
210218_RL#220_15g	2581	Response	1	29731054	10100	5
210218_RL#220_15g	2582	Picture	10	29731276	0	1	1498	2	0	next	hit	11542
210218_RL#220_15g	2582	Port Input	1	29732554	1278	4
210218_RL#220_15g	2582	Response	1	29732554	1278	4
210218_RL#220_15g	2582	Port Input	1	29732559	1283	13
210218_RL#220_15g	2582	Response	1	29732559	1283	13
210218_RL#220_15g	2583	Picture	352	29732773	0	2	498	4	0	next	other	0
210218_RL#220_15g	2584	Picture	12	29733271	0	3	20139	6	0	next	false_alarm	11548
210218_RL#220_15g	2584	Port Input	1	29733950	679	4
210218_RL#220_15g	2584	Response	1	29733950	679	4
210218_RL#220_15g	2584	Port Input	1	29735034	1763	4
210218_RL#220_15g	2584	Response	1	29735034	1763	4
210218_RL#220_15g	2584	Port Input	1	29736249	2978	4
210218_RL#220_15g	2584	Response	1	29736249	2978	4
210218_RL#220_15g	2584	Port Input	1	29737500	4229	4
210218_RL#220_15g	2584	Response	1	29737500	4229	4
210218_RL#220_15g	2584	Port Input	1	29738887	5616	4
210218_RL#220_15g	2584	Response	1	29738887	5616	4
210218_RL#220_15g	2584	Port Input	1	29740356	7085	4
210218_RL#220_15g	2584	Response	1	29740356	7085	4
210218_RL#220_15g	2584	Port Input	1	29741947	8676	4
210218_RL#220_15g	2584	Response	1	29741947	8676	4
210218_RL#220_15g	2584	Port Input	1	29743719	10448	4
210218_RL#220_15g	2584	Response	1	29743719	10448	4
210218_RL#220_15g	2584	Port Input	1	29743722	10451	4
210218_RL#220_15g	2584	Response	1	29743722	10451	4
210218_RL#220_15g	2584	Port Input	1	29745511	12240	5
210218_RL#220_15g	2584	Response	1	29745511	12240	5
210218_RL#220_15g	2584	Port Input	1	29747450	14179	4
210218_RL#220_15g	2584	Response	1	29747450	14179	4
210218_RL#220_15g	2584	Port Input	1	29751255	17984	4
210218_RL#220_15g	2584	Response	1	29751255	17984	4
210218_RL#220_15g	2584	Port Input	1	29751259	17988	4
210218_RL#220_15g	2584	Response	1	29751259	17988	4
210218_RL#220_15g	2584	Port Input	1	29753001	19730	4
210218_RL#220_15g	2584	Response	1	29753001	19730	4
210218_RL#220_15g	2585	Picture	3521	29753410	0	4	832	7	0	next	other	0
210218_RL#220_15g	2586	Picture	666	29754242	0	4	20138	7	0	next	other	0
210218_RL#220_15g	2587	Picture	777	29774380	0	4	20306	5	0	next	other	0
210218_RL#220_15g	2587	Manual	1	29794394	20014	NA
210218_RL#220_15g	2588	Sound	2112	29796035	1348	1			0		other	0
210218_RL#220_15g	2589	Picture	55	29800012	0	1	10319	1	0	next	other	0
210218_RL#220_15g	2590	Picture	10	29810331	0	1	20304	3	0	next	miss	0
210218_RL#220_15g	2591	Picture	412	29830635	0	3	1000	3	0	next	other	0
210218_RL#220_15g	2592	Picture	666	29831635	0	1	20303	4	0	next	other	0
210218_RL#220_15g	2593	Picture	777	29851938	0	3	20305	7	0	next	other	0
210218_RL#220_15g	2593	Manual	1	29871957	20019	NA
210218_RL#220_15g	2594	Sound	2122	29874035	1792	1			0		other	0
210218_RL#220_15g	2595	Picture	55	29877402	0	4	10152	8	0	next	false_alarm	11589
210218_RL#220_15g	2595	Port Input	1	29878587	1185	4
210218_RL#220_15g	2595	Response	1	29878587	1185	4
210218_RL#220_15g	2595	Port Input	1	29880401	2998	4
210218_RL#220_15g	2595	Response	1	29880401	2998	4
210218_RL#220_15g	2595	Port Input	1	29880404	3002	4
210218_RL#220_15g	2595	Response	1	29880404	3002	4
210218_RL#220_15g	2595	Port Input	1	29882333	4930	4
210218_RL#220_15g	2595	Response	1	29882333	4930	4
210218_RL#220_15g	2595	Port Input	1	29882337	4934	4
210218_RL#220_15g	2595	Response	1	29882337	4934	4
210218_RL#220_15g	2595	Port Input	1	29884506	7104	4
210218_RL#220_15g	2595	Response	1	29884506	7104	4
210218_RL#220_15g	2595	Port Input	1	29886446	9044	4
210218_RL#220_15g	2595	Response	1	29886446	9044	4
210218_RL#220_15g	2596	Picture	10	29887555	0	4	666	8	0	next	hit	11604
210218_RL#220_15g	2596	Port Input	1	29888108	554	4
210218_RL#220_15g	2596	Response	1	29888108	554	4
210218_RL#220_15g	2597	Picture	352	29888221	0	4	499	7	0	next	other	0
210218_RL#220_15g	2598	Picture	12	29888720	0	4	20306	4	0	next	false_alarm	11608
210218_RL#220_15g	2598	Port Input	1	29890126	1406	4
210218_RL#220_15g	2598	Response	1	29890126	1406	4
210218_RL#220_15g	2598	Port Input	1	29891210	2490	4
210218_RL#220_15g	2598	Response	1	29891210	2490	4
210218_RL#220_15g	2598	Port Input	1	29892494	3774	4
210218_RL#220_15g	2598	Response	1	29892494	3774	4
210218_RL#220_15g	2598	Port Input	1	29892498	3777	4
210218_RL#220_15g	2598	Response	1	29892498	3777	4
210218_RL#220_15g	2598	Port Input	1	29893874	5154	4
210218_RL#220_15g	2598	Response	1	29893874	5154	4
210218_RL#220_15g	2598	Port Input	1	29895383	6663	4
210218_RL#220_15g	2598	Response	1	29895383	6663	4
210218_RL#220_15g	2598	Port Input	1	29895387	6667	4
210218_RL#220_15g	2598	Response	1	29895387	6667	4
210218_RL#220_15g	2598	Port Input	1	29896909	8189	4
210218_RL#220_15g	2598	Response	1	29896909	8189	4
210218_RL#220_15g	2598	Port Input	1	29896912	8192	4
210218_RL#220_15g	2598	Response	1	29896912	8192	4
210218_RL#220_15g	2598	Port Input	1	29898511	9790	4
210218_RL#220_15g	2598	Response	1	29898511	9790	4
210218_RL#220_15g	2598	Port Input	1	29898514	9794	4
210218_RL#220_15g	2598	Response	1	29898514	9794	4
210218_RL#220_15g	2598	Port Input	1	29900298	11578	4
210218_RL#220_15g	2598	Response	1	29900298	11578	4
210218_RL#220_15g	2598	Port Input	1	29900302	11582	4
210218_RL#220_15g	2598	Response	1	29900302	11582	4
210218_RL#220_15g	2598	Port Input	1	29903811	15091	4
210218_RL#220_15g	2598	Response	1	29903811	15091	4
210218_RL#220_15g	2599	Picture	3521	29909026	0	1	832	2	0	next	other	0
210218_RL#220_15g	2600	Picture	666	29909859	0	1	20305	1	0	next	other	0
210218_RL#220_15g	2601	Picture	777	29930163	0	1	20303	3	0	next	other	0
210218_RL#220_15g	2601	Manual	1	29950183	20020	NA
210218_RL#220_15g	2602	Sound	2122	29952035	1568	1			0		other	0
210218_RL#220_15g	2602	Port Input	1	29954194	3727	5
210218_RL#220_15g	2602	Response	1	29954194	3727	5
210218_RL#220_15g	2602	Port Input	1	29955512	5046	4
210218_RL#220_15g	2602	Response	1	29955512	5046	4
210218_RL#220_15g	2603	Picture	55	29955792	0	3	10319	6	0	next	false_alarm	11646
210218_RL#220_15g	2603	Port Input	1	29957116	1323	6
210218_RL#220_15g	2603	Response	1	29957116	1323	6
210218_RL#220_15g	2603	Port Input	1	29958870	3078	4
210218_RL#220_15g	2603	Response	1	29958870	3078	4
210218_RL#220_15g	2603	Port Input	1	29960422	4629	4
210218_RL#220_15g	2603	Response	1	29960422	4629	4
210218_RL#220_15g	2603	Port Input	1	29961973	6180	4
210218_RL#220_15g	2603	Response	1	29961973	6180	4
210218_RL#220_15g	2603	Port Input	1	29963624	7832	5
210218_RL#220_15g	2603	Response	1	29963624	7832	5
210218_RL#220_15g	2603	Port Input	1	29965077	9284	4
210218_RL#220_15g	2603	Response	1	29965077	9284	4
210218_RL#220_15g	2603	Port Input	1	29965080	9288	4
210218_RL#220_15g	2603	Response	1	29965080	9288	4
210218_RL#220_15g	2604	Picture	10	29966111	0	3	832	6	0	next	hit	11661
210218_RL#220_15g	2604	Port Input	1	29966765	654	4
210218_RL#220_15g	2604	Response	1	29966765	654	4
210218_RL#220_15g	2605	Picture	352	29966943	0	3	499	6	0	next	other	0
210218_RL#220_15g	2606	Picture	12	29967442	0	4	20138	7	0	next	false_alarm	11665
210218_RL#220_15g	2606	Port Input	1	29968587	1145	4
210218_RL#220_15g	2606	Response	1	29968587	1145	4
210218_RL#220_15g	2606	Port Input	1	29969610	2167	4
210218_RL#220_15g	2606	Response	1	29969610	2167	4
210218_RL#220_15g	2606	Port Input	1	29970786	3344	5
210218_RL#220_15g	2606	Response	1	29970786	3344	5
210218_RL#220_15g	2606	Port Input	1	29972070	4628	4
210218_RL#220_15g	2606	Response	1	29972070	4628	4
210218_RL#220_15g	2606	Port Input	1	29972074	4632	4
210218_RL#220_15g	2606	Response	1	29972074	4632	4
210218_RL#220_15g	2606	Port Input	1	29973462	6019	4
210218_RL#220_15g	2606	Response	1	29973462	6019	4
210218_RL#220_15g	2606	Port Input	1	29973465	6023	4
210218_RL#220_15g	2606	Response	1	29973465	6023	4
210218_RL#220_15g	2606	Port Input	1	29974886	7444	5
210218_RL#220_15g	2606	Response	1	29974886	7444	5
210218_RL#220_15g	2606	Port Input	1	29976318	8876	4
210218_RL#220_15g	2606	Response	1	29976318	8876	4
210218_RL#220_15g	2606	Port Input	1	29978023	10581	4
210218_RL#220_15g	2606	Response	1	29978023	10581	4
210218_RL#220_15g	2606	Port Input	1	29978028	10586	4
210218_RL#220_15g	2606	Response	1	29978028	10586	4
210218_RL#220_15g	2606	Port Input	1	29979920	12477	4
210218_RL#220_15g	2606	Response	1	29979920	12477	4
210218_RL#220_15g	2606	Port Input	1	29981343	13901	4
210218_RL#220_15g	2606	Response	1	29981343	13901	4
210218_RL#220_15g	2606	Port Input	1	29982964	15522	4
210218_RL#220_15g	2606	Response	1	29982964	15522	4
210218_RL#220_15g	2606	Port Input	1	29982968	15526	4
210218_RL#220_15g	2606	Response	1	29982968	15526	4
210218_RL#220_15g	2607	Picture	3521	29987581	0	4	832	8	0	next	other	0
210218_RL#220_15g	2607	Port Input	1	29988382	801	6
210218_RL#220_15g	2607	Response	1	29988382	801	6
210218_RL#220_15g	2608	Picture	666	29988413	0	4	20139	7	0	next	other	0
210218_RL#220_15g	2609	Picture	777	30008552	0	4	20306	5	0	next	other	0
210218_RL#220_15g	2609	Manual	2	30028564	20012	NA
210218_RL#220_15g	2610	Sound	2112	30030035	1176	1			0		other	0
210218_RL#220_15g	2611	Picture	55	30034184	0	2	10319	2	0	next	other	0
210218_RL#220_15g	2612	Picture	10	30044503	0	1	20305	2	0	next	miss	0
210218_RL#220_15g	2613	Picture	412	30064808	0	1	999	2	0	next	other	0
210218_RL#220_15g	2614	Picture	666	30065806	0	1	20303	4	0	next	other	0
210218_RL#220_15g	2615	Picture	777	30086110	0	3	20305	7	0	next	other	0
210218_RL#220_15g	2615	Manual	1	30106126	20017	NA
210218_RL#220_15g	2616	Sound	2112	30108034	1620	1			0		other	0
210218_RL#220_15g	2617	Picture	55	30111574	0	3	10152	7	0	next	other	0
210218_RL#220_15g	2618	Picture	10	30121726	0	4	20139	8	0	next	miss	0
210218_RL#220_15g	2619	Picture	412	30141865	0	4	1167	6	0	next	other	0
210218_RL#220_15g	2620	Picture	666	30143032	0	2	20305	3	0	next	other	0
210218_RL#220_15g	2621	Picture	777	30163336	0	1	20304	3	0	next	other	0
210218_RL#220_15g	2621	Manual	1	30183354	20017	NA
210218_RL#220_15g	2622	Sound	2112	30185034	1394	1			0		other	0
210218_RL#220_15g	2623	Picture	55	30188965	0	3	10319	6	0	next	other	0
210218_RL#220_15g	2624	Picture	10	30199284	0	3	20305	6	0	next	miss	0
210218_RL#220_15g	2625	Picture	412	30219589	0	4	832	7	0	next	other	0
210218_RL#220_15g	2626	Picture	666	30220421	0	4	20139	7	0	next	other	0
210218_RL#220_15g	2627	Picture	777	30240560	0	4	20139	7	0	next	other	0
210218_RL#220_15g	2627	Manual	1	30260574	20014	NA
210218_RL#220_15g	2628	Sound	2112	30262034	1336	1			0		other	0
210218_RL#220_15g	2629	Picture	55	30266025	0	2	10319	3	0	next	other	0
210218_RL#220_15g	2630	Picture	10	30276344	0	1	20305	2	0	next	miss	0
210218_RL#220_15g	2631	Picture	412	30296649	0	1	1165	2	0	next	other	0
210218_RL#220_15g	2632	Picture	666	30297814	0	1	20303	4	0	next	other	0
210218_RL#220_15g	2633	Picture	777	30318118	0	3	20305	6	0	next	other	0
210218_RL#220_15g	2633	Manual	1	30338131	20013	NA
210218_RL#220_15g	2634	Sound	2122	30340034	1612	1			0		other	0
210218_RL#220_15g	2634	Port Input	1	30342049	3626	4
210218_RL#220_15g	2634	Response	1	30342049	3626	4
210218_RL#220_15g	2634	Port Input	1	30343426	5003	12
210218_RL#220_15g	2634	Response	1	30343426	5003	12
210218_RL#220_15g	2635	Picture	55	30343582	0	4	10153	7	0	next	false_alarm	11735
210218_RL#220_15g	2635	Port Input	1	30348898	5316	4
210218_RL#220_15g	2635	Response	1	30348898	5316	4
210218_RL#220_15g	2635	Port Input	1	30350686	7104	4
210218_RL#220_15g	2635	Response	1	30350686	7104	4
210218_RL#220_15g	2635	Port Input	1	30350692	7110	4
210218_RL#220_15g	2635	Response	1	30350692	7110	4
210218_RL#220_15g	2636	Picture	10	30353735	0	4	995	11	0	next	hit	11742
210218_RL#220_15g	2636	Port Input	1	30354532	797	4
210218_RL#220_15g	2636	Response	1	30354532	797	4
210218_RL#220_15g	2636	Port Input	1	30354535	801	4
210218_RL#220_15g	2636	Response	1	30354535	801	4
210218_RL#220_15g	2637	Picture	352	30354729	0	8	505	9	0	next	other	0
210218_RL#220_15g	2638	Picture	12	30355234	0	2	20137	6	0	next	false_alarm	11748
210218_RL#220_15g	2638	Port Input	1	30356644	1410	4
210218_RL#220_15g	2638	Response	1	30356644	1410	4
210218_RL#220_15g	2638	Port Input	1	30357699	2465	4
210218_RL#220_15g	2638	Response	1	30357699	2465	4
210218_RL#220_15g	2638	Port Input	1	30358894	3660	4
210218_RL#220_15g	2638	Response	1	30358894	3660	4
210218_RL#220_15g	2638	Port Input	1	30360230	4996	4
210218_RL#220_15g	2638	Response	1	30360230	4996	4
210218_RL#220_15g	2638	Port Input	1	30361625	6391	4
210218_RL#220_15g	2638	Response	1	30361625	6391	4
210218_RL#220_15g	2638	Port Input	1	30363161	7927	4
210218_RL#220_15g	2638	Response	1	30363161	7927	4
210218_RL#220_15g	2638	Port Input	1	30363165	7931	4
210218_RL#220_15g	2638	Response	1	30363165	7931	4
210218_RL#220_15g	2638	Port Input	1	30364830	9596	4
210218_RL#220_15g	2638	Response	1	30364830	9596	4
210218_RL#220_15g	2638	Port Input	1	30366701	11467	4
210218_RL#220_15g	2638	Response	1	30366701	11467	4
210218_RL#220_15g	2639	Picture	3521	30375371	0	4	665	8	0	next	other	0
210218_RL#220_15g	2640	Picture	666	30376036	0	4	20307	5	0	next	other	0
210218_RL#220_15g	2641	Picture	777	30396343	0	1	20304	2	0	next	other	0
210218_RL#220_15g	2641	Manual	2	30416356	20013	NA
210218_RL#220_15g	2642	Sound	2122	30418034	1387	1			0		other	0
210218_RL#220_15g	2642	Port Input	1	30420178	3530	4
210218_RL#220_15g	2642	Response	1	30420178	3530	4
210218_RL#220_15g	2642	Port Input	1	30421739	5091	4
210218_RL#220_15g	2642	Response	1	30421739	5091	4
210218_RL#220_15g	2643	Picture	55	30421974	0	1	10318	4	0	next	false_alarm	11776
210218_RL#220_15g	2643	Port Input	1	30423520	1546	3
210218_RL#220_15g	2643	Response	1	30423520	1546	3
210218_RL#220_15g	2643	Port Input	1	30426000	4026	4
210218_RL#220_15g	2643	Response	1	30426000	4026	4
210218_RL#220_15g	2643	Port Input	1	30426004	4030	6
210218_RL#220_15g	2643	Response	1	30426004	4030	6
210218_RL#220_15g	2643	Port Input	1	30427593	5619	3
210218_RL#220_15g	2643	Response	1	30427593	5619	3
210218_RL#220_15g	2643	Port Input	1	30427598	5624	3
210218_RL#220_15g	2643	Response	1	30427598	5624	3
210218_RL#220_15g	2643	Port Input	1	30429188	7214	4
210218_RL#220_15g	2643	Response	1	30429188	7214	4
210218_RL#220_15g	2643	Port Input	1	30429191	7218	4
210218_RL#220_15g	2643	Response	1	30429191	7218	4
210218_RL#220_15g	2643	Port Input	1	30431308	9335	4
210218_RL#220_15g	2643	Response	1	30431308	9335	4
210218_RL#220_15g	2644	Picture	10	30432291	0	3	999	5	0	next	hit	11793
210218_RL#220_15g	2644	Port Input	1	30433093	802	4
210218_RL#220_15g	2644	Response	1	30433093	802	4
210218_RL#220_15g	2645	Picture	352	30433290	0	3	665	5	0	next	other	0
210218_RL#220_15g	2646	Picture	12	30433955	0	3	20305	6	0	next	false_alarm	11797
210218_RL#220_15g	2646	Port Input	1	30434954	999	4
210218_RL#220_15g	2646	Response	1	30434954	999	4
210218_RL#220_15g	2646	Port Input	1	30436028	2073	4
210218_RL#220_15g	2646	Response	1	30436028	2073	4
210218_RL#220_15g	2646	Port Input	1	30437274	3318	5
210218_RL#220_15g	2646	Response	1	30437274	3318	5
210218_RL#220_15g	2646	Port Input	1	30438550	4595	4
210218_RL#220_15g	2646	Response	1	30438550	4595	4
210218_RL#220_15g	2646	Port Input	1	30438554	4599	5
210218_RL#220_15g	2646	Response	1	30438554	4599	5
210218_RL#220_15g	2646	Port Input	1	30439893	5937	4
210218_RL#220_15g	2646	Response	1	30439893	5937	4
210218_RL#220_15g	2646	Port Input	1	30441365	7410	8
210218_RL#220_15g	2646	Response	1	30441365	7410	8
210218_RL#220_15g	2646	Port Input	1	30442891	8936	4
210218_RL#220_15g	2646	Response	1	30442891	8936	4
210218_RL#220_15g	2646	Port Input	1	30444391	10436	4
210218_RL#220_15g	2646	Response	1	30444391	10436	4
210218_RL#220_15g	2646	Port Input	1	30444395	10440	4
210218_RL#220_15g	2646	Response	1	30444395	10440	4
210218_RL#220_15g	2646	Port Input	1	30445835	11880	4
210218_RL#220_15g	2646	Response	1	30445835	11880	4
210218_RL#220_15g	2646	Port Input	1	30445838	11883	4
210218_RL#220_15g	2646	Response	1	30445838	11883	4
210218_RL#220_15g	2647	Picture	3521	30454260	0	3	834	4	0	next	other	0
210218_RL#220_15g	2648	Picture	666	30455094	0	2	20137	5	0	next	other	0
210218_RL#220_15g	2649	Picture	777	30475231	0	4	20138	7	0	next	other	0
210218_RL#220_15g	2649	Manual	2	30495247	20016	NA
210218_RL#220_15g	2650	Sound	2122	30497034	1665	1			0		other	0
210218_RL#220_15g	2650	Port Input	1	30499502	4132	4
210218_RL#220_15g	2650	Response	1	30499502	4132	4
210218_RL#220_15g	2650	Port Input	1	30499505	4136	4
210218_RL#220_15g	2650	Response	1	30499505	4136	4
210218_RL#220_15g	2651	Picture	55	30500529	0	4	10320	5	0	next	false_alarm	11831
210218_RL#220_15g	2651	Port Input	1	30500791	262	4
210218_RL#220_15g	2651	Response	1	30500791	262	4
210218_RL#220_15g	2651	Port Input	1	30502430	1901	4
210218_RL#220_15g	2651	Response	1	30502430	1901	4
210218_RL#220_15g	2651	Port Input	1	30504072	3543	4
210218_RL#220_15g	2651	Response	1	30504072	3543	4
210218_RL#220_15g	2651	Port Input	1	30505645	5116	4
210218_RL#220_15g	2651	Response	1	30505645	5116	4
210218_RL#220_15g	2651	Port Input	1	30505649	5120	4
210218_RL#220_15g	2651	Response	1	30505649	5120	4
210218_RL#220_15g	2651	Port Input	1	30507282	6753	4
210218_RL#220_15g	2651	Response	1	30507282	6753	4
210218_RL#220_15g	2651	Port Input	1	30508782	8253	4
210218_RL#220_15g	2651	Response	1	30508782	8253	4
210218_RL#220_15g	2651	Port Input	1	30510312	9783	4
210218_RL#220_15g	2651	Response	1	30510312	9783	4
210218_RL#220_15g	2652	Picture	10	30510849	0	1	1332	2	0	next	hit	11848
210218_RL#220_15g	2652	Port Input	1	30511799	950	3
210218_RL#220_15g	2652	Response	1	30511799	950	3
210218_RL#220_15g	2653	Picture	352	30512181	0	1	499	1	0	next	other	0
210218_RL#220_15g	2654	Picture	12	30512680	0	1	20304	1	0	next	false_alarm	11852
210218_RL#220_15g	2654	Port Input	1	30513327	646	4
210218_RL#220_15g	2654	Response	1	30513327	646	4
210218_RL#220_15g	2654	Port Input	1	30514314	1633	4
210218_RL#220_15g	2654	Response	1	30514314	1633	4
210218_RL#220_15g	2654	Port Input	1	30515527	2847	4
210218_RL#220_15g	2654	Response	1	30515527	2847	4
210218_RL#220_15g	2654	Port Input	1	30516846	4166	3
210218_RL#220_15g	2654	Response	1	30516846	4166	3
210218_RL#220_15g	2654	Port Input	1	30516849	4169	3
210218_RL#220_15g	2654	Response	1	30516849	4169	3
210218_RL#220_15g	2654	Port Input	1	30518182	5502	4
210218_RL#220_15g	2654	Response	1	30518182	5502	4
210218_RL#220_15g	2654	Port Input	1	30519457	6776	4
210218_RL#220_15g	2654	Response	1	30519457	6776	4
210218_RL#220_15g	2654	Port Input	1	30520910	8230	4
210218_RL#220_15g	2654	Response	1	30520910	8230	4
210218_RL#220_15g	2654	Port Input	1	30522313	9632	4
210218_RL#220_15g	2654	Response	1	30522313	9632	4
210218_RL#220_15g	2654	Port Input	1	30523718	11038	4
210218_RL#220_15g	2654	Response	1	30523718	11038	4
210218_RL#220_15g	2654	Port Input	1	30523721	11041	4
210218_RL#220_15g	2654	Response	1	30523721	11041	4
210218_RL#220_15g	2654	Port Input	1	30525386	12706	5
210218_RL#220_15g	2654	Response	1	30525386	12706	5
210218_RL#220_15g	2654	Port Input	1	30525391	12711	4
210218_RL#220_15g	2654	Response	1	30525391	12711	4
210218_RL#220_15g	2654	Port Input	1	30526997	14317	4
210218_RL#220_15g	2654	Response	1	30526997	14317	4
210218_RL#220_15g	2654	Port Input	1	30529138	16458	4
210218_RL#220_15g	2654	Response	1	30529138	16458	4
210218_RL#220_15g	2654	Port Input	1	30529141	16461	4
210218_RL#220_15g	2654	Response	1	30529141	16461	4
210218_RL#220_15g	2654	Port Input	1	30530728	18048	4
210218_RL#220_15g	2654	Response	1	30530728	18048	4
210218_RL#220_15g	2655	Picture	3521	30532985	0	1	832	1	0	next	other	0
210218_RL#220_15g	2656	Picture	666	30533817	0	1	20303	3	0	next	false_alarm	11888
210218_RL#220_15g	2656	Port Input	1	30535330	1513	5
210218_RL#220_15g	2656	Response	1	30535330	1513	5
210218_RL#220_15g	2657	Picture	777	30554120	0	3	20306	4	0	next	other	0
210218_RL#220_15g	2657	Manual	1	30574134	20014	NA
210218_RL#220_15g	2658	Sound	2112	30576034	1607	1			0		other	0
210218_RL#220_15g	2659	Picture	55	30579584	0	4	10153	8	0	next	other	0
210218_RL#220_15g	2660	Picture	10	30589737	0	4	20139	8	0	next	miss	0
210218_RL#220_15g	2661	Picture	412	30609876	0	4	998	8	0	next	other	0
210218_RL#220_15g	2662	Picture	666	30610874	0	4	20306	5	0	next	other	0
210218_RL#220_15g	2663	Picture	777	30631180	0	1	20305	1	0	next	other	0
210218_RL#220_15g	2663	Manual	1	30651195	20015	NA
210218_RL#220_15g	2664	Sound	2112	30653034	1549	1			0		other	0
210218_RL#220_15g	2665	Picture	55	30656811	0	1	10317	4	0	next	other	0
210218_RL#220_15g	2666	Picture	10	30667129	0	3	20305	6	0	next	miss	0
210218_RL#220_15g	2667	Picture	412	30687434	0	3	1000	5	0	next	other	0
210218_RL#220_15g	2668	Picture	666	30688433	0	2	20137	5	0	next	other	0
210218_RL#220_15g	2669	Picture	777	30708571	0	4	20138	7	0	next	other	0
210218_RL#220_15g	2669	Manual	2	30728583	20013	NA
210218_RL#220_15g	2670	Sound	2122	30730034	1325	1			0		other	0
210218_RL#220_15g	2670	Port Input	1	30733783	5075	5
210218_RL#220_15g	2670	Response	1	30733783	5075	5
210218_RL#220_15g	2670	Port Input	1	30733789	5080	4
210218_RL#220_15g	2670	Response	1	30733789	5080	4
210218_RL#220_15g	2671	Picture	55	30733868	0	4	10320	5	0	next	false_alarm	11912
210218_RL#220_15g	2671	Port Input	1	30735207	1338	4
210218_RL#220_15g	2671	Response	1	30735207	1338	4
210218_RL#220_15g	2671	Port Input	1	30736820	2951	3
210218_RL#220_15g	2671	Response	1	30736820	2951	3
210218_RL#220_15g	2671	Port Input	1	30738701	4832	5
210218_RL#220_15g	2671	Response	1	30738701	4832	5
210218_RL#220_15g	2671	Port Input	1	30740400	6531	4
210218_RL#220_15g	2671	Response	1	30740400	6531	4
210218_RL#220_15g	2671	Port Input	1	30740403	6535	4
210218_RL#220_15g	2671	Response	1	30740403	6535	4
210218_RL#220_15g	2671	Port Input	1	30742445	8576	4
210218_RL#220_15g	2671	Response	1	30742445	8576	4
210218_RL#220_15g	2671	Port Input	1	30742448	8580	4
210218_RL#220_15g	2671	Response	1	30742448	8580	4
210218_RL#220_15g	2671	Port Input	1	30744096	10228	6
210218_RL#220_15g	2671	Response	1	30744096	10228	6
210218_RL#220_15g	2672	Picture	10	30744189	0	1	2163	2	0	next	hit	11929
210218_RL#220_15g	2672	Port Input	1	30746072	1883	4
210218_RL#220_15g	2672	Response	1	30746072	1883	4
210218_RL#220_15g	2672	Port Input	1	30746075	1887	5
210218_RL#220_15g	2672	Response	1	30746075	1887	5
210218_RL#220_15g	2673	Picture	352	30746352	0	1	666	2	0	next	other	0
210218_RL#220_15g	2674	Picture	12	30747018	0	1	20305	2	0	next	false_alarm	11935
210218_RL#220_15g	2674	Port Input	1	30748251	1233	4
210218_RL#220_15g	2674	Response	1	30748251	1233	4
210218_RL#220_15g	2674	Port Input	1	30749308	2290	5
210218_RL#220_15g	2674	Response	1	30749308	2290	5
210218_RL#220_15g	2674	Port Input	1	30750496	3478	4
210218_RL#220_15g	2674	Response	1	30750496	3478	4
210218_RL#220_15g	2674	Port Input	1	30751833	4815	4
210218_RL#220_15g	2674	Response	1	30751833	4815	4
210218_RL#220_15g	2674	Port Input	1	30753186	6168	4
210218_RL#220_15g	2674	Response	1	30753186	6168	4
210218_RL#220_15g	2674	Port Input	1	30754608	7590	4
210218_RL#220_15g	2674	Response	1	30754608	7590	4
210218_RL#220_15g	2674	Port Input	1	30756125	9107	5
210218_RL#220_15g	2674	Response	1	30756125	9107	5
210218_RL#220_15g	2674	Port Input	1	30757765	10747	4
210218_RL#220_15g	2674	Response	1	30757765	10747	4
210218_RL#220_15g	2674	Port Input	1	30757768	10750	4
210218_RL#220_15g	2674	Response	1	30757768	10750	4
210218_RL#220_15g	2674	Port Input	1	30759266	12248	4
210218_RL#220_15g	2674	Response	1	30759266	12248	4
210218_RL#220_15g	2674	Port Input	1	30760842	13823	4
210218_RL#220_15g	2674	Response	1	30760842	13823	4
210218_RL#220_15g	2674	Port Input	1	30762428	15409	4
210218_RL#220_15g	2674	Response	1	30762428	15409	4
210218_RL#220_15g	2674	Port Input	1	30762431	15413	4
210218_RL#220_15g	2674	Response	1	30762431	15413	4
210218_RL#220_15g	2674	Port Input	1	30764134	17116	4
210218_RL#220_15g	2674	Response	1	30764134	17116	4
210218_RL#220_15g	2674	Port Input	1	30765661	18643	4
210218_RL#220_15g	2674	Response	1	30765661	18643	4
210218_RL#220_15g	2675	Picture	3521	30767323	0	1	832	2	0	next	other	0
210218_RL#220_15g	2675	Port Input	1	30767395	72	6
210218_RL#220_15g	2675	Response	1	30767395	72	6
210218_RL#220_15g	2676	Picture	666	30768155	0	1	20305	2	0	next	false_alarm	11969
210218_RL#220_15g	2676	Port Input	1	30769050	895	4
210218_RL#220_15g	2676	Response	1	30769050	895	4
210218_RL#220_15g	2676	Port Input	1	30769055	900	4
210218_RL#220_15g	2676	Response	1	30769055	900	4
210218_RL#220_15g	2676	Port Input	1	30770680	2525	4
210218_RL#220_15g	2676	Response	1	30770680	2525	4
210218_RL#220_15g	2676	Port Input	1	30772180	4025	5
210218_RL#220_15g	2676	Response	1	30772180	4025	5
210218_RL#220_15g	2677	Picture	777	30788460	0	1	20304	4	0	next	other	0
210218_RL#220_15g	2677	Manual	2	30808476	20016	NA
210218_RL#220_15g	2678	Sound	2122	30810034	1270	1			0		other	0
210218_RL#220_15g	2678	Port Input	1	30812800	4037	4
210218_RL#220_15g	2678	Response	1	30812800	4037	4
210218_RL#220_15g	2678	Port Input	1	30812804	4041	5
210218_RL#220_15g	2678	Response	1	30812804	4041	5
210218_RL#220_15g	2679	Picture	55	30813923	0	4	10153	7	0	next	false_alarm	11985
210218_RL#220_15g	2679	Port Input	1	30814080	157	6
210218_RL#220_15g	2679	Response	1	30814080	157	6
210218_RL#220_15g	2679	Port Input	1	30815704	1781	4
210218_RL#220_15g	2679	Response	1	30815704	1781	4
210218_RL#220_15g	2679	Port Input	1	30817480	3557	4
210218_RL#220_15g	2679	Response	1	30817480	3557	4
210218_RL#220_15g	2679	Port Input	1	30819037	5114	4
210218_RL#220_15g	2679	Response	1	30819037	5114	4
210218_RL#220_15g	2679	Port Input	1	30819041	5118	4
210218_RL#220_15g	2679	Response	1	30819041	5118	4
210218_RL#220_15g	2679	Port Input	1	30820611	6689	4
210218_RL#220_15g	2679	Response	1	30820611	6689	4
210218_RL#220_15g	2679	Port Input	1	30820615	6692	4
210218_RL#220_15g	2679	Response	1	30820615	6692	4
210218_RL#220_15g	2679	Port Input	1	30822098	8175	4
210218_RL#220_15g	2679	Response	1	30822098	8175	4
210218_RL#220_15g	2679	Port Input	1	30823526	9604	4
210218_RL#220_15g	2679	Response	1	30823526	9604	4
210218_RL#220_15g	2680	Picture	10	30824075	0	4	1498	7	0	next	hit	12004
210218_RL#220_15g	2680	Port Input	1	30825390	1315	4
210218_RL#220_15g	2680	Response	1	30825390	1315	4
210218_RL#220_15g	2680	Port Input	1	30825394	1319	4
210218_RL#220_15g	2680	Response	1	30825394	1319	4
210218_RL#220_15g	2681	Picture	352	30825573	0	3	667	5	0	next	other	0
210218_RL#220_15g	2682	Picture	12	30826240	0	2	20137	6	0	next	false_alarm	12010
210218_RL#220_15g	2682	Port Input	1	30827039	798	4
210218_RL#220_15g	2682	Response	1	30827039	798	4
210218_RL#220_15g	2682	Port Input	1	30828103	1863	5
210218_RL#220_15g	2682	Response	1	30828103	1863	5
210218_RL#220_15g	2682	Port Input	1	30829370	3129	4
210218_RL#220_15g	2682	Response	1	30829370	3129	4
210218_RL#220_15g	2682	Port Input	1	30830712	4472	4
210218_RL#220_15g	2682	Response	1	30830712	4472	4
210218_RL#220_15g	2682	Port Input	1	30832093	5853	5
210218_RL#220_15g	2682	Response	1	30832093	5853	5
210218_RL#220_15g	2682	Port Input	1	30833617	7377	4
210218_RL#220_15g	2682	Response	1	30833617	7377	4
210218_RL#220_15g	2682	Port Input	1	30835060	8819	4
210218_RL#220_15g	2682	Response	1	30835060	8819	4
210218_RL#220_15g	2682	Port Input	1	30836487	10247	4
210218_RL#220_15g	2682	Response	1	30836487	10247	4
210218_RL#220_15g	2682	Port Input	1	30837939	11699	4
210218_RL#220_15g	2682	Response	1	30837939	11699	4
210218_RL#220_15g	2682	Port Input	1	30839526	13285	4
210218_RL#220_15g	2682	Response	1	30839526	13285	4
210218_RL#220_15g	2682	Port Input	1	30841286	15046	4
210218_RL#220_15g	2682	Response	1	30841286	15046	4
210218_RL#220_15g	2683	Picture	3521	30846377	0	4	832	8	0	next	other	0
210218_RL#220_15g	2683	Port Input	1	30846483	106	293
210218_RL#220_15g	2683	Response	1	30846483	106	293
210218_RL#220_15g	2684	Picture	666	30847210	0	4	20306	5	0	next	other	0
210218_RL#220_15g	2685	Picture	777	30867516	0	1	20305	2	0	next	other	0
210218_RL#220_15g	2685	Manual	2	30887529	20014	NA
210218_RL#220_15g	2686	Sound	2112	30889034	1213	1			0		other	0
210218_RL#220_15g	2687	Picture	55	30893147	0	1	10317	4	0	next	other	0
210218_RL#220_15g	2688	Picture	10	30903464	0	3	20305	6	0	next	miss	0
210218_RL#220_15g	2689	Picture	412	30923769	0	3	832	6	0	next	other	0
210218_RL#220_15g	2690	Picture	666	30924601	0	3	20139	6	0	next	other	0
210218_RL#220_15g	2691	Picture	777	30944740	0	4	20138	7	0	next	other	0
210218_RL#220_15g	2691	Manual	1	30964753	20013	NA
210218_RL#220_15g	2692	Sound	2112	30966034	1156	1			0		other	0
210218_RL#220_15g	2693	Picture	55	30970037	0	4	10320	5	0	next	other	0
210218_RL#220_15g	2694	Picture	10	30980358	0	1	20305	2	0	next	miss	0
210218_RL#220_15g	2695	Picture	412	31000662	0	1	999	2	0	next	other	0
210218_RL#220_15g	2696	Picture	666	31001661	0	1	20305	2	0	next	other	0
210218_RL#220_15g	2697	Picture	777	31021966	0	1	20303	4	0	next	other	0
210218_RL#220_15g	2697	Manual	2	31041981	20015	NA
210218_RL#220_15g	2698	Sound	2122	31044034	1765	1			0		other	0
210218_RL#220_15g	2698	Port Input	1	31046826	4557	4
210218_RL#220_15g	2698	Response	1	31046826	4557	4
210218_RL#220_15g	2698	Port Input	1	31046830	4562	4
210218_RL#220_15g	2698	Response	1	31046830	4562	4
210218_RL#220_15g	2699	Picture	55	31047429	0	4	10154	5	0	next	false_alarm	12058
210218_RL#220_15g	2699	Port Input	1	31048387	959	4
210218_RL#220_15g	2699	Response	1	31048387	959	4
210218_RL#220_15g	2699	Port Input	1	31049948	2520	4
210218_RL#220_15g	2699	Response	1	31049948	2520	4
210218_RL#220_15g	2699	Port Input	1	31051854	4426	4
210218_RL#220_15g	2699	Response	1	31051854	4426	4
210218_RL#220_15g	2699	Port Input	1	31053508	6079	4
210218_RL#220_15g	2699	Response	1	31053508	6079	4
210218_RL#220_15g	2699	Port Input	1	31055119	7691	4
210218_RL#220_15g	2699	Response	1	31055119	7691	4
210218_RL#220_15g	2699	Port Input	1	31055123	7694	4
210218_RL#220_15g	2699	Response	1	31055123	7694	4
210218_RL#220_15g	2699	Port Input	1	31056724	9295	6
210218_RL#220_15g	2699	Response	1	31056724	9295	6
210218_RL#220_15g	2700	Picture	10	31057583	0	2	832	4	0	next	hit	12073
210218_RL#220_15g	2700	Port Input	1	31058212	630	4
210218_RL#220_15g	2700	Response	1	31058212	630	4
210218_RL#220_15g	2701	Picture	352	31058415	0	2	498	5	0	next	other	0
210218_RL#220_15g	2702	Picture	12	31058913	0	3	20138	7	0	next	false_alarm	12077
210218_RL#220_15g	2702	Port Input	1	31059866	954	4
210218_RL#220_15g	2702	Response	1	31059866	954	4
210218_RL#220_15g	2702	Port Input	1	31059870	957	4
210218_RL#220_15g	2702	Response	1	31059870	957	4
210218_RL#220_15g	2702	Port Input	1	31060937	2025	4
210218_RL#220_15g	2702	Response	1	31060937	2025	4
210218_RL#220_15g	2702	Port Input	1	31062205	3292	5
210218_RL#220_15g	2702	Response	1	31062205	3292	5
210218_RL#220_15g	2702	Port Input	1	31063561	4648	4
210218_RL#220_15g	2702	Response	1	31063561	4648	4
210218_RL#220_15g	2702	Port Input	1	31064884	5971	6
210218_RL#220_15g	2702	Response	1	31064884	5971	6
210218_RL#220_15g	2702	Port Input	1	31066204	7291	4
210218_RL#220_15g	2702	Response	1	31066204	7291	4
210218_RL#220_15g	2702	Port Input	1	31066208	7295	4
210218_RL#220_15g	2702	Response	1	31066208	7295	4
210218_RL#220_15g	2702	Port Input	1	31067638	8725	4
210218_RL#220_15g	2702	Response	1	31067638	8725	4
210218_RL#220_15g	2702	Port Input	1	31069110	10197	4
210218_RL#220_15g	2702	Response	1	31069110	10197	4
210218_RL#220_15g	2702	Port Input	1	31070762	11849	4
210218_RL#220_15g	2702	Response	1	31070762	11849	4
210218_RL#220_15g	2702	Port Input	1	31070767	11855	4
210218_RL#220_15g	2702	Response	1	31070767	11855	4
210218_RL#220_15g	2702	Port Input	1	31072278	13365	4
210218_RL#220_15g	2702	Response	1	31072278	13365	4
210218_RL#220_15g	2702	Port Input	1	31072282	13369	4
210218_RL#220_15g	2702	Response	1	31072282	13369	4
210218_RL#220_15g	2702	Port Input	1	31073987	15075	4
210218_RL#220_15g	2702	Response	1	31073987	15075	4
210218_RL#220_15g	2702	Port Input	1	31077364	18451	6
210218_RL#220_15g	2702	Response	1	31077364	18451	6
210218_RL#220_15g	2702	Port Input	1	31078931	20018	5
210218_RL#220_15g	2702	Response	1	31078931	20018	5
210218_RL#220_15g	2703	Picture	3521	31079051	0	4	833	7	0	next	other	0
210218_RL#220_15g	2704	Picture	666	31079884	0	4	20306	4	0	next	other	0
210218_RL#220_15g	2705	Picture	777	31100190	0	1	20305	1	0	next	other	0
210218_RL#220_15g	2705	Manual	1	31120205	20015	NA
210218_RL#220_15g	2706	Sound	2122	31122034	1539	1			0		other	0
210218_RL#220_15g	2706	Port Input	1	31124793	4298	4
210218_RL#220_15g	2706	Response	1	31124793	4298	4
210218_RL#220_15g	2707	Picture	55	31125820	0	1	10319	2	0	next	false_alarm	12119
210218_RL#220_15g	2707	Port Input	1	31126281	461	3
210218_RL#220_15g	2707	Response	1	31126281	461	3
210218_RL#220_15g	2707	Port Input	1	31126284	464	4
210218_RL#220_15g	2707	Response	1	31126284	464	4
210218_RL#220_15g	2707	Port Input	1	31127991	2170	4
210218_RL#220_15g	2707	Response	1	31127991	2170	4
210218_RL#220_15g	2707	Port Input	1	31127994	2174	4
210218_RL#220_15g	2707	Response	1	31127994	2174	4
210218_RL#220_15g	2707	Port Input	1	31129738	3918	4
210218_RL#220_15g	2707	Response	1	31129738	3918	4
210218_RL#220_15g	2707	Port Input	1	31131510	5689	4
210218_RL#220_15g	2707	Response	1	31131510	5689	4
210218_RL#220_15g	2707	Port Input	1	31133139	7319	4
210218_RL#220_15g	2707	Response	1	31133139	7319	4
210218_RL#220_15g	2707	Port Input	1	31134761	8940	4
210218_RL#220_15g	2707	Response	1	31134761	8940	4
210218_RL#220_15g	2708	Picture	10	31136139	0	1	333	2	0	next	hit	12136
210218_RL#220_15g	2708	Port Input	1	31136270	131	3
210218_RL#220_15g	2708	Response	1	31136270	131	3
210218_RL#220_15g	2709	Picture	352	31136472	0	1	499	1	0	next	other	0
210218_RL#220_15g	2710	Picture	12	31136972	0	1	20303	4	0	next	false_alarm	12140
210218_RL#220_15g	2710	Port Input	1	31137693	722	4
210218_RL#220_15g	2710	Response	1	31137693	722	4
210218_RL#220_15g	2710	Port Input	1	31138772	1801	4
210218_RL#220_15g	2710	Response	1	31138772	1801	4
210218_RL#220_15g	2710	Port Input	1	31138776	1804	4
210218_RL#220_15g	2710	Response	1	31138776	1804	4
210218_RL#220_15g	2710	Port Input	1	31140013	3041	4
210218_RL#220_15g	2710	Response	1	31140013	3041	4
210218_RL#220_15g	2710	Port Input	1	31141390	4418	4
210218_RL#220_15g	2710	Response	1	31141390	4418	4
210218_RL#220_15g	2710	Port Input	1	31142811	5839	3
210218_RL#220_15g	2710	Response	1	31142811	5839	3
210218_RL#220_15g	2710	Port Input	1	31144294	7323	4
210218_RL#220_15g	2710	Response	1	31144294	7323	4
210218_RL#220_15g	2710	Port Input	1	31145775	8803	5
210218_RL#220_15g	2710	Response	1	31145775	8803	5
210218_RL#220_15g	2710	Port Input	1	31147360	10389	3
210218_RL#220_15g	2710	Response	1	31147360	10389	3
210218_RL#220_15g	2710	Port Input	1	31149118	12146	4
210218_RL#220_15g	2710	Response	1	31149118	12146	4
210218_RL#220_15g	2710	Port Input	1	31150643	13671	5
210218_RL#220_15g	2710	Response	1	31150643	13671	5
210218_RL#220_15g	2710	Port Input	1	31150648	13676	3
210218_RL#220_15g	2710	Response	1	31150648	13676	3
210218_RL#220_15g	2710	Port Input	1	31152114	15142	4
210218_RL#220_15g	2710	Response	1	31152114	15142	4
210218_RL#220_15g	2710	Port Input	1	31153801	16830	4
210218_RL#220_15g	2710	Response	1	31153801	16830	4
210218_RL#220_15g	2710	Port Input	1	31155548	18576	4
210218_RL#220_15g	2710	Response	1	31155548	18576	4
210218_RL#220_15g	2710	Port Input	1	31157043	20071	7
210218_RL#220_15g	2710	Response	1	31157043	20071	7
210218_RL#220_15g	2711	Picture	3521	31157275	0	3	832	6	0	next	other	0
210218_RL#220_15g	2712	Picture	666	31158107	0	4	20139	7	0	next	other	0
210218_RL#220_15g	2713	Picture	777	31178245	0	4	20139	7	0	next	other	0
210218_RL#220_15g	2713	Manual	1	31198258	20013	NA
210218_RL#220_15g	2714	Sound	2122	31200034	1650	1			0		other	0
210218_RL#220_15g	2714	Port Input	1	31202605	4221	5
210218_RL#220_15g	2714	Response	1	31202605	4221	5
210218_RL#220_15g	2715	Picture	55	31203543	0	4	10152	8	0	next	false_alarm	12180
210218_RL#220_15g	2715	Port Input	1	31203838	295	3
210218_RL#220_15g	2715	Response	1	31203838	295	3
210218_RL#220_15g	2715	Port Input	1	31203841	298	3
210218_RL#220_15g	2715	Response	1	31203841	298	3
210218_RL#220_15g	2715	Port Input	1	31205454	1910	4
210218_RL#220_15g	2715	Response	1	31205454	1910	4
210218_RL#220_15g	2715	Port Input	1	31207378	3835	4
210218_RL#220_15g	2715	Response	1	31207378	3835	4
210218_RL#220_15g	2715	Port Input	1	31207382	3839	4
210218_RL#220_15g	2715	Response	1	31207382	3839	4
210218_RL#220_15g	2715	Port Input	1	31209034	5490	4
210218_RL#220_15g	2715	Response	1	31209034	5490	4
210218_RL#220_15g	2715	Port Input	1	31209038	5494	4
210218_RL#220_15g	2715	Response	1	31209038	5494	4
210218_RL#220_15g	2715	Port Input	1	31210691	7148	4
210218_RL#220_15g	2715	Response	1	31210691	7148	4
210218_RL#220_15g	2715	Port Input	1	31212191	8647	4
210218_RL#220_15g	2715	Response	1	31212191	8647	4
210218_RL#220_15g	2716	Picture	10	31213696	0	4	1832	5	0	next	hit	12201
210218_RL#220_15g	2716	Port Input	1	31213717	21	5
210218_RL#220_15g	2716	Response	1	31213717	21	5
210218_RL#220_15g	2716	Port Input	1	31215135	1439	4
210218_RL#220_15g	2716	Response	1	31215135	1439	4
210218_RL#220_15g	2717	Picture	352	31215528	0	1	666	2	0	next	other	0
210218_RL#220_15g	2718	Picture	12	31216194	0	1	20305	1	0	next	false_alarm	12205
210218_RL#220_15g	2718	Port Input	1	31216552	358	3
210218_RL#220_15g	2718	Response	1	31216552	358	3
210218_RL#220_15g	2718	Port Input	1	31216555	361	3
210218_RL#220_15g	2718	Response	1	31216555	361	3
210218_RL#220_15g	2718	Port Input	1	31217663	1469	4
210218_RL#220_15g	2718	Response	1	31217663	1469	4
210218_RL#220_15g	2718	Port Input	1	31218767	2573	4
210218_RL#220_15g	2718	Response	1	31218767	2573	4
210218_RL#220_15g	2718	Port Input	1	31220003	3809	5
210218_RL#220_15g	2718	Response	1	31220003	3809	5
210218_RL#220_15g	2718	Port Input	1	31221231	5037	4
210218_RL#220_15g	2718	Response	1	31221231	5037	4
210218_RL#220_15g	2718	Port Input	1	31222562	6368	4
210218_RL#220_15g	2718	Response	1	31222562	6368	4
210218_RL#220_15g	2718	Port Input	1	31223925	7731	4
210218_RL#220_15g	2718	Response	1	31223925	7731	4
210218_RL#220_15g	2718	Port Input	1	31225255	9061	4
210218_RL#220_15g	2718	Response	1	31225255	9061	4
210218_RL#220_15g	2718	Port Input	1	31226846	10652	4
210218_RL#220_15g	2718	Response	1	31226846	10652	4
210218_RL#220_15g	2718	Port Input	1	31228760	12566	4
210218_RL#220_15g	2718	Response	1	31228760	12566	4
210218_RL#220_15g	2718	Port Input	1	31230470	14276	4
210218_RL#220_15g	2718	Response	1	31230470	14276	4
210218_RL#220_15g	2718	Port Input	1	31235946	19752	4
210218_RL#220_15g	2718	Response	1	31235946	19752	4
210218_RL#220_15g	2718	Port Input	1	31235950	19756	4
210218_RL#220_15g	2718	Response	1	31235950	19756	4
210218_RL#220_15g	2719	Picture	3521	31236499	0	1	832	1	0	next	other	0
210218_RL#220_15g	2720	Picture	666	31237331	0	1	20303	3	0	next	other	0
210218_RL#220_15g	2720	Port Input	1	31237468	137	6
210218_RL#220_15g	2720	Response	1	31237468	137	6
210218_RL#220_15g	2721	Picture	777	31257634	0	3	20305	6	0	next	other	0
210218_RL#220_15g	2721	Manual	1	31277648	20014	NA
210218_RL#220_15g	2722	Sound	2112	31279033	1095	1			0		other	0
210218_RL#220_15g	2723	Picture	55	31283098	0	3	10153	6	0	next	other	0
210218_RL#220_15g	2724	Picture	10	31293251	0	3	20138	7	0	next	miss	0
210218_RL#220_15g	2725	Picture	412	31313389	0	4	1000	6	0	next	other	0
210218_RL#220_15g	2726	Picture	666	31314390	0	2	20305	3	0	next	other	0
210218_RL#220_15g	2727	Picture	777	31334694	0	1	20305	2	0	next	other	0
210218_RL#220_15g	2727	Manual	2	31354709	20015	NA
210218_RL#220_15g	2728	Sound	2112	31357033	2034	1			0		other	0
210218_RL#220_15g	2728	Port Input	1	31358711	3712	3
210218_RL#220_15g	2728	Response	1	31358711	3712	3
210218_RL#220_15g	2728	Port Input	1	31358714	3715	3
210218_RL#220_15g	2728	Response	1	31358714	3715	3
210218_RL#220_15g	2729	Picture	55	31360325	0	1	10319	2	0	next	other	0
210218_RL#220_15g	2730	Picture	10	31370644	0	1	20303	4	0	next	miss	0
210218_RL#220_15g	2731	Picture	412	31390947	0	3	999	6	0	next	other	0
210218_RL#220_15g	2732	Picture	666	31391946	0	3	20304	6	0	next	other	0
210218_RL#220_15g	2733	Picture	777	31412250	0	4	20139	8	0	next	other	0
210218_RL#220_15g	2733	Manual	2	31432269	20019	NA
210218_RL#220_15g	2734	Sound	2122	31434033	1644	1			0		other	0
210218_RL#220_15g	2735	Picture	55	31437549	0	4	10152	8	0	next	false_alarm	12259
210218_RL#220_15g	2735	Port Input	1	31438479	930	4
210218_RL#220_15g	2735	Response	1	31438479	930	4
210218_RL#220_15g	2735	Port Input	1	31441797	4248	4
210218_RL#220_15g	2735	Response	1	31441797	4248	4
210218_RL#220_15g	2735	Port Input	1	31443338	5789	4
210218_RL#220_15g	2735	Response	1	31443338	5789	4
210218_RL#220_15g	2735	Port Input	1	31445549	8000	4
210218_RL#220_15g	2735	Response	1	31445549	8000	4
210218_RL#220_15g	2735	Port Input	1	31447623	10074	6
210218_RL#220_15g	2735	Response	1	31447623	10074	6
210218_RL#220_15g	2736	Picture	10	31447701	0	5	2664	8	0	next	hit	12270
210218_RL#220_15g	2736	Port Input	1	31450116	2415	4
210218_RL#220_15g	2736	Response	1	31450116	2415	4
210218_RL#220_15g	2737	Picture	352	31450364	0	4	499	8	0	next	other	0
210218_RL#220_15g	2738	Picture	12	31450863	0	4	20307	5	0	next	false_alarm	12274
210218_RL#220_15g	2738	Port Input	1	31451670	807	3
210218_RL#220_15g	2738	Response	1	31451670	807	3
210218_RL#220_15g	2738	Port Input	1	31451675	812	4
210218_RL#220_15g	2738	Response	1	31451675	812	4
210218_RL#220_15g	2738	Port Input	1	31452257	1394	4
210218_RL#220_15g	2738	Response	1	31452257	1394	4
210218_RL#220_15g	2738	Port Input	1	31453297	2434	4
210218_RL#220_15g	2738	Response	1	31453297	2434	4
210218_RL#220_15g	2738	Port Input	1	31454405	3542	5
210218_RL#220_15g	2738	Response	1	31454405	3542	5
210218_RL#220_15g	2738	Port Input	1	31455665	4802	5
210218_RL#220_15g	2738	Response	1	31455665	4802	5
210218_RL#220_15g	2738	Port Input	1	31455669	4806	4
210218_RL#220_15g	2738	Response	1	31455669	4806	4
210218_RL#220_15g	2738	Port Input	1	31457029	6166	4
210218_RL#220_15g	2738	Response	1	31457029	6166	4
210218_RL#220_15g	2738	Port Input	1	31458456	7593	4
210218_RL#220_15g	2738	Response	1	31458456	7593	4
210218_RL#220_15g	2738	Port Input	1	31459957	9094	4
210218_RL#220_15g	2738	Response	1	31459957	9094	4
210218_RL#220_15g	2738	Port Input	1	31461693	10830	4
210218_RL#220_15g	2738	Response	1	31461693	10830	4
210218_RL#220_15g	2738	Port Input	1	31461697	10833	4
210218_RL#220_15g	2738	Response	1	31461697	10833	4
210218_RL#220_15g	2738	Port Input	1	31465013	14150	5
210218_RL#220_15g	2738	Response	1	31465013	14150	5
210218_RL#220_15g	2739	Picture	3521	31471170	0	1	832	2	0	next	other	0
210218_RL#220_15g	2740	Picture	666	31472001	0	1	20305	2	0	next	false_alarm	12302
210218_RL#220_15g	2740	Port Input	1	31472435	433	4
210218_RL#220_15g	2740	Response	1	31472435	433	4
210218_RL#220_15g	2740	Port Input	1	31474755	2753	5
210218_RL#220_15g	2740	Response	1	31474755	2753	5
210218_RL#220_15g	2740	Port Input	1	31476871	4870	4
210218_RL#220_15g	2740	Response	1	31476871	4870	4
210218_RL#220_15g	2740	Port Input	1	31478808	6806	4
210218_RL#220_15g	2740	Response	1	31478808	6806	4
210218_RL#220_15g	2740	Port Input	1	31487671	15669	4
210218_RL#220_15g	2740	Response	1	31487671	15669	4
210218_RL#220_15g	2740	Port Input	1	31487674	15673	4
210218_RL#220_15g	2740	Response	1	31487674	15673	4
210218_RL#220_15g	2741	Picture	777	31492307	0	1	20303	4	0	next	other	0
210218_RL#220_15g	2741	Manual	2	31512321	20014	NA
210218_RL#220_15g	2742	Sound	2112	31514033	1423	1			0		other	0
210218_RL#220_15g	2743	Picture	55	31517770	0	3	10153	7	0	next	other	0
210218_RL#220_15g	2744	Picture	10	31527922	0	5	20138	8	0	next	miss	0
210218_RL#220_15g	2745	Picture	412	31548060	0	4	1000	6	0	next	other	0
210218_RL#220_15g	2746	Picture	666	31549061	0	2	20137	6	0	next	other	0
210218_RL#220_15g	2747	Picture	777	31569197	0	4	20306	5	0	next	other	0
210218_RL#220_15g	2747	Manual	2	31589213	20016	NA
210218_RL#220_15g	2748	Sound	2122	31591033	1530	1			0		other	0
210218_RL#220_15g	2748	Port Input	1	31592723	3219	4
210218_RL#220_15g	2748	Response	1	31592723	3219	4
210218_RL#220_15g	2748	Port Input	1	31594038	4535	4
210218_RL#220_15g	2748	Response	1	31594038	4535	4
210218_RL#220_15g	2749	Picture	55	31594829	0	1	10319	2	0	next	false_alarm	12329
210218_RL#220_15g	2749	Port Input	1	31595649	819	4
210218_RL#220_15g	2749	Response	1	31595649	819	4
210218_RL#220_15g	2749	Port Input	1	31597358	2528	4
210218_RL#220_15g	2749	Response	1	31597358	2528	4
210218_RL#220_15g	2749	Port Input	1	31597361	2532	4
210218_RL#220_15g	2749	Response	1	31597361	2532	4
210218_RL#220_15g	2749	Port Input	1	31599347	4517	3
210218_RL#220_15g	2749	Response	1	31599347	4517	3
210218_RL#220_15g	2749	Port Input	1	31599352	4523	3
210218_RL#220_15g	2749	Response	1	31599352	4523	3
210218_RL#220_15g	2749	Port Input	1	31600981	6152	4
210218_RL#220_15g	2749	Response	1	31600981	6152	4
210218_RL#220_15g	2749	Port Input	1	31602617	7787	4
210218_RL#220_15g	2749	Response	1	31602617	7787	4
210218_RL#220_15g	2749	Port Input	1	31602620	7791	4
210218_RL#220_15g	2749	Response	1	31602620	7791	4
210218_RL#220_15g	2749	Port Input	1	31604165	9335	4
210218_RL#220_15g	2749	Response	1	31604165	9335	4
210218_RL#220_15g	2750	Picture	10	31605149	0	1	999	2	0	next	hit	12348
210218_RL#220_15g	2750	Port Input	1	31605815	667	4
210218_RL#220_15g	2750	Response	1	31605815	667	4
210218_RL#220_15g	2750	Port Input	1	31605819	670	4
210218_RL#220_15g	2750	Response	1	31605819	670	4
210218_RL#220_15g	2751	Picture	352	31606147	0	1	499	2	0	next	other	0
210218_RL#220_15g	2752	Picture	12	31606647	0	1	20303	3	0	next	false_alarm	12354
210218_RL#220_15g	2752	Port Input	1	31607271	625	4
210218_RL#220_15g	2752	Response	1	31607271	625	4
210218_RL#220_15g	2752	Port Input	1	31608285	1638	4
210218_RL#220_15g	2752	Response	1	31608285	1638	4
210218_RL#220_15g	2752	Port Input	1	31609564	2917	4
210218_RL#220_15g	2752	Response	1	31609564	2917	4
210218_RL#220_15g	2752	Port Input	1	31610897	4251	4
210218_RL#220_15g	2752	Response	1	31610897	4251	4
210218_RL#220_15g	2752	Port Input	1	31612395	5748	4
210218_RL#220_15g	2752	Response	1	31612395	5748	4
210218_RL#220_15g	2752	Port Input	1	31613984	7337	4
210218_RL#220_15g	2752	Response	1	31613984	7337	4
210218_RL#220_15g	2752	Port Input	1	31615563	8917	4
210218_RL#220_15g	2752	Response	1	31615563	8917	4
210218_RL#220_15g	2752	Port Input	1	31616937	10290	4
210218_RL#220_15g	2752	Response	1	31616937	10290	4
210218_RL#220_15g	2752	Port Input	1	31616941	10294	4
210218_RL#220_15g	2752	Response	1	31616941	10294	4
210218_RL#220_15g	2752	Port Input	1	31618341	11694	4
210218_RL#220_15g	2752	Response	1	31618341	11694	4
210218_RL#220_15g	2752	Port Input	1	31619926	13280	3
210218_RL#220_15g	2752	Response	1	31619926	13280	3
210218_RL#220_15g	2752	Port Input	1	31619930	13283	4
210218_RL#220_15g	2752	Response	1	31619930	13283	4
210218_RL#220_15g	2752	Port Input	1	31624032	17386	5
210218_RL#220_15g	2752	Response	1	31624032	17386	5
210218_RL#220_15g	2753	Picture	3521	31626950	0	3	832	5	0	next	other	0
210218_RL#220_15g	2754	Picture	666	31627782	0	3	20139	6	0	next	other	0
210218_RL#220_15g	2755	Picture	777	31647921	0	3	20140	5	0	next	other	0
210218_RL#220_15g	2755	Manual	2	31667937	20016	NA
210218_RL#220_15g	2756	Sound	2112	31670033	1973	1			0		other	0
210218_RL#220_15g	2757	Picture	55	31673218	0	4	10153	8	0	next	other	0
210218_RL#220_15g	2758	Picture	10	31683371	0	4	20306	5	0	next	miss	0
210218_RL#220_15g	2759	Picture	412	31703677	0	1	999	2	0	next	other	0
210218_RL#220_15g	2760	Picture	666	31704676	0	1	20305	2	0	next	other	0
210218_RL#220_15g	2761	Picture	777	31724980	0	1	20303	4	0	next	other	0
210218_RL#220_15g	2761	Manual	2	31744997	20017	NA
210218_RL#220_15g	2762	Sound	2122	31747033	1749	1			0		other	0
210218_RL#220_15g	2762	Port Input	1	31750322	5038	5
210218_RL#220_15g	2762	Response	1	31750322	5038	5
210218_RL#220_15g	2763	Picture	55	31750610	0	3	10320	5	0	next	false_alarm	12395
210218_RL#220_15g	2763	Port Input	1	31751811	1201	4
210218_RL#220_15g	2763	Response	1	31751811	1201	4
210218_RL#220_15g	2763	Port Input	1	31751815	1205	4
210218_RL#220_15g	2763	Response	1	31751815	1205	4
210218_RL#220_15g	2763	Port Input	1	31753697	3087	4
210218_RL#220_15g	2763	Response	1	31753697	3087	4
210218_RL#220_15g	2763	Port Input	1	31755627	5018	4
210218_RL#220_15g	2763	Response	1	31755627	5018	4
210218_RL#220_15g	2763	Port Input	1	31755631	5021	4
210218_RL#220_15g	2763	Response	1	31755631	5021	4
210218_RL#220_15g	2763	Port Input	1	31757354	6745	5
210218_RL#220_15g	2763	Response	1	31757354	6745	5
210218_RL#220_15g	2763	Port Input	1	31759045	8436	4
210218_RL#220_15g	2763	Response	1	31759045	8436	4
210218_RL#220_15g	2763	Port Input	1	31760684	10075	8
210218_RL#220_15g	2763	Response	1	31760684	10075	8
210218_RL#220_15g	2764	Picture	10	31760930	0	2	1827	7	0	next	hit	12412
210218_RL#220_15g	2764	Port Input	1	31762481	1551	4
210218_RL#220_15g	2764	Response	1	31762481	1551	4
210218_RL#220_15g	2765	Picture	352	31762757	0	6	501	9	0	next	other	0
210218_RL#220_15g	2766	Picture	12	31763259	0	3	20139	7	0	next	false_alarm	12416
210218_RL#220_15g	2766	Port Input	1	31764092	834	4
210218_RL#220_15g	2766	Response	1	31764092	834	4
210218_RL#220_15g	2766	Port Input	1	31765251	1992	4
210218_RL#220_15g	2766	Response	1	31765251	1992	4
210218_RL#220_15g	2766	Port Input	1	31766621	3363	4
210218_RL#220_15g	2766	Response	1	31766621	3363	4
210218_RL#220_15g	2766	Port Input	1	31768009	4751	4
210218_RL#220_15g	2766	Response	1	31768009	4751	4
210218_RL#220_15g	2766	Port Input	1	31769415	6157	4
210218_RL#220_15g	2766	Response	1	31769415	6157	4
210218_RL#220_15g	2766	Port Input	1	31770963	7704	4
210218_RL#220_15g	2766	Response	1	31770963	7704	4
210218_RL#220_15g	2766	Port Input	1	31772517	9259	4
210218_RL#220_15g	2766	Response	1	31772517	9259	4
210218_RL#220_15g	2766	Port Input	1	31774193	10934	5
210218_RL#220_15g	2766	Response	1	31774193	10934	5
210218_RL#220_15g	2766	Port Input	1	31775871	12613	4
210218_RL#220_15g	2766	Response	1	31775871	12613	4
210218_RL#220_15g	2766	Port Input	1	31781507	18248	4
210218_RL#220_15g	2766	Response	1	31781507	18248	4
210218_RL#220_15g	2766	Port Input	1	31781511	18252	4
210218_RL#220_15g	2766	Response	1	31781511	18252	4
210218_RL#220_15g	2766	Port Input	1	31783271	20012	5
210218_RL#220_15g	2766	Response	1	31783271	20012	5
210218_RL#220_15g	2767	Picture	3521	31783397	0	4	667	6	0	next	other	0
210218_RL#220_15g	2768	Picture	666	31784064	0	2	20137	6	0	next	false_alarm	12442
210218_RL#220_15g	2768	Port Input	1	31787387	3323	4
210218_RL#220_15g	2768	Response	1	31787387	3323	4
210218_RL#220_15g	2768	Port Input	1	31788621	4557	4
210218_RL#220_15g	2768	Response	1	31788621	4557	4
210218_RL#220_15g	2769	Picture	777	31804202	0	4	20306	5	0	next	other	0
210218_RL#220_15g	2769	Manual	2	31824216	20014	NA
210218_RL#220_15g	2770	Sound	2112	31826033	1525	1			0		other	0
210218_RL#220_15g	2771	Picture	55	31829833	0	1	10319	1	0	next	other	0
210218_RL#220_15g	2772	Picture	10	31840152	0	1	20305	2	0	next	miss	0
210218_RL#220_15g	2773	Picture	412	31860457	0	2	830	4	0	next	other	0
210218_RL#220_15g	2774	Picture	666	31861288	0	3	20305	6	0	next	other	0
210218_RL#220_15g	2775	Picture	777	31881593	0	4	20139	7	0	next	other	0
210218_RL#220_15g	2775	Manual	2	31901607	20014	NA
210218_RL#220_15g	2776	Sound	2122	31903033	1301	1			0		other	0
210218_RL#220_15g	2776	Port Input	1	31906198	4466	4
210218_RL#220_15g	2776	Response	1	31906198	4466	4
210218_RL#220_15g	2776	Port Input	1	31906202	4470	4
210218_RL#220_15g	2776	Response	1	31906202	4470	4
210218_RL#220_15g	2777	Picture	55	31906892	0	2	10152	4	0	next	false_alarm	12461
210218_RL#220_15g	2777	Port Input	1	31907493	601	4
210218_RL#220_15g	2777	Response	1	31907493	601	4
210218_RL#220_15g	2777	Port Input	1	31907497	605	4
210218_RL#220_15g	2777	Response	1	31907497	605	4
210218_RL#220_15g	2777	Port Input	1	31909331	2438	4
210218_RL#220_15g	2777	Response	1	31909331	2438	4
210218_RL#220_15g	2777	Port Input	1	31911340	4448	4
210218_RL#220_15g	2777	Response	1	31911340	4448	4
210218_RL#220_15g	2777	Port Input	1	31911344	4452	5
210218_RL#220_15g	2777	Response	1	31911344	4452	5
210218_RL#220_15g	2777	Port Input	1	31913320	6428	4
210218_RL#220_15g	2777	Response	1	31913320	6428	4
210218_RL#220_15g	2777	Port Input	1	31915011	8119	4
210218_RL#220_15g	2777	Response	1	31915011	8119	4
210218_RL#220_15g	2777	Port Input	1	31915014	8122	5
210218_RL#220_15g	2777	Response	1	31915014	8122	5
210218_RL#220_15g	2777	Port Input	1	31916658	9766	5
210218_RL#220_15g	2777	Response	1	31916658	9766	5
210218_RL#220_15g	2778	Picture	10	31917045	0	3	1497	6	0	next	hit	12480
210218_RL#220_15g	2778	Port Input	1	31918372	1328	4
210218_RL#220_15g	2778	Response	1	31918372	1328	4
210218_RL#220_15g	2778	Port Input	1	31918376	1331	4
210218_RL#220_15g	2778	Response	1	31918376	1331	4
210218_RL#220_15g	2779	Picture	352	31918541	0	4	667	6	0	next	other	0
210218_RL#220_15g	2780	Picture	12	31919209	0	2	20304	3	0	next	false_alarm	12486
210218_RL#220_15g	2780	Port Input	1	31919969	760	4
210218_RL#220_15g	2780	Response	1	31919969	760	4
210218_RL#220_15g	2780	Port Input	1	31921069	1860	4
210218_RL#220_15g	2780	Response	1	31921069	1860	4
210218_RL#220_15g	2780	Port Input	1	31922417	3209	4
210218_RL#220_15g	2780	Response	1	31922417	3209	4
210218_RL#220_15g	2780	Port Input	1	31923765	4557	4
210218_RL#220_15g	2780	Response	1	31923765	4557	4
210218_RL#220_15g	2780	Port Input	1	31925117	5909	4
210218_RL#220_15g	2780	Response	1	31925117	5909	4
210218_RL#220_15g	2780	Port Input	1	31926624	7416	5
210218_RL#220_15g	2780	Response	1	31926624	7416	5
210218_RL#220_15g	2780	Port Input	1	31928175	8967	4
210218_RL#220_15g	2780	Response	1	31928175	8967	4
210218_RL#220_15g	2780	Port Input	1	31928179	8971	4
210218_RL#220_15g	2780	Response	1	31928179	8971	4
210218_RL#220_15g	2780	Port Input	1	31929990	10782	4
210218_RL#220_15g	2780	Response	1	31929990	10782	4
210218_RL#220_15g	2780	Port Input	1	31929994	10785	5
210218_RL#220_15g	2780	Response	1	31929994	10785	5
210218_RL#220_15g	2780	Port Input	1	31933469	14260	4
210218_RL#220_15g	2780	Response	1	31933469	14260	4
210218_RL#220_15g	2780	Port Input	1	31933472	14264	4
210218_RL#220_15g	2780	Response	1	31933472	14264	4
210218_RL#220_15g	2781	Picture	3521	31939513	0	1	832	2	0	next	other	0
210218_RL#220_15g	2782	Picture	666	31940345	0	1	20304	2	0	next	other	0
210218_RL#220_15g	2783	Picture	777	31960650	0	1	20305	2	0	next	other	0
210218_RL#220_15g	2783	Manual	2	31980663	20013	NA
210218_RL#220_15g	2784	Sound	2112	31982033	1078	1			0		other	0
210218_RL#220_15g	2785	Picture	55	31986279	0	3	10319	6	0	next	other	0
210218_RL#220_15g	2786	Picture	10	31996598	0	3	20138	7	0	next	miss	0
210218_RL#220_15g	2787	Picture	412	32016737	0	4	1000	6	0	next	other	0
210218_RL#220_15g	2788	Picture	666	32017737	0	2	20137	6	0	next	other	0
210218_RL#220_15g	2789	Picture	777	32037874	0	4	20306	5	0	next	other	0
210218_RL#220_15g	2790	Sound	8880	32060033	1853	1			0		other	0
210218_RL#220_15g	2791	Picture	888	32068499	0	1	666	1	0	next	other	0
210218_RL#220_15g	2792	Picture	777	32069165	0	1	20803	3	0	next	other	0
210218_RL#220_15g	2792	Manual	1	32089691	20526	NA
210218_RL#220_15g	2793	Sound	211	32091033	1065	1			0		other	0
210218_RL#220_15g	2793	Port Input	1	32091710	1742	4
210218_RL#220_15g	2793	Response	1	32091710	1742	4
210218_RL#220_15g	2793	Port Input	1	32091714	1746	4
210218_RL#220_15g	2793	Response	1	32091714	1746	4
210218_RL#220_15g	2794	Picture	555	32095294	0	2	10318	5	0	next	false_alarm	12530
210218_RL#220_15g	2794	Port Input	1	32104943	9649	4
210218_RL#220_15g	2794	Response	1	32104943	9649	4
210218_RL#220_15g	2795	Picture	10	32105612	0	3	10152	6	0	next	hit	12533
210218_RL#220_15g	2795	Port Input	1	32115471	9859	4
210218_RL#220_15g	2795	Response	1	32115471	9859	4
210218_RL#220_15g	2796	Picture	351	32115764	0	3	501	5	0	next	other	0
210218_RL#220_15g	2797	Picture	1	32116265	0	2	20138	3	0	next	false_alarm	12537
210218_RL#220_15g	2797	Port Input	1	32117371	1105	4
210218_RL#220_15g	2797	Response	1	32117371	1105	4
210218_RL#220_15g	2797	Port Input	1	32118451	2185	3
210218_RL#220_15g	2797	Response	1	32118451	2185	3
210218_RL#220_15g	2797	Port Input	1	32119627	3361	4
210218_RL#220_15g	2797	Response	1	32119627	3361	4
210218_RL#220_15g	2797	Port Input	1	32119630	3365	4
210218_RL#220_15g	2797	Response	1	32119630	3365	4
210218_RL#220_15g	2797	Port Input	1	32120929	4663	4
210218_RL#220_15g	2797	Response	1	32120929	4663	4
210218_RL#220_15g	2797	Port Input	1	32122352	6087	4
210218_RL#220_15g	2797	Response	1	32122352	6087	4
210218_RL#220_15g	2797	Port Input	1	32123792	7527	4
210218_RL#220_15g	2797	Response	1	32123792	7527	4
210218_RL#220_15g	2797	Port Input	1	32125418	9153	4
210218_RL#220_15g	2797	Response	1	32125418	9153	4
210218_RL#220_15g	2797	Port Input	1	32125422	9157	4
210218_RL#220_15g	2797	Response	1	32125422	9157	4
210218_RL#220_15g	2797	Port Input	1	32127057	10791	4
210218_RL#220_15g	2797	Response	1	32127057	10791	4
210218_RL#220_15g	2797	Port Input	1	32128690	12424	5
210218_RL#220_15g	2797	Response	1	32128690	12424	5
210218_RL#220_15g	2797	Port Input	1	32128697	12431	6
210218_RL#220_15g	2797	Response	1	32128697	12431	6
210218_RL#220_15g	2798	Picture	3511	32136404	0	2	999	4	0	next	other	0
210218_RL#220_15g	2799	Picture	666	32137403	0	2	20137	6	0	next	other	0
210218_RL#220_15g	2800	Picture	777	32157539	0	5	20306	5	0	next	other	0
210218_RL#220_15g	2800	Manual	1	32177552	20013	NA
210218_RL#220_15g	2801	Sound	212	32179033	1187	1			0		other	0
210218_RL#220_15g	2802	Picture	555	32183172	0	1	10319	1	0	next	other	0
210218_RL#220_15g	2803	Picture	10	32193490	0	1	20303	4	0	next	miss	0
210218_RL#220_15g	2804	Picture	411	32213793	0	3	832	6	0	next	other	0
210218_RL#220_15g	2805	Picture	666	32214626	0	3	20305	6	0	next	other	0
210218_RL#220_15g	2806	Picture	777	32234930	0	4	20139	7	0	next	other	0
210218_RL#220_15g	2806	Manual	1	32254944	20013	NA
210218_RL#220_15g	2807	Sound	211	32257033	1963	1			0		other	0
210218_RL#220_15g	2808	Picture	555	32260229	0	4	10152	7	0	next	other	0
210218_RL#220_15g	2809	Picture	10	32270381	0	4	20306	5	0	next	miss	0
210218_RL#220_15g	2810	Picture	451	32290687	0	1	1332	2	0	next	other	0
210218_RL#220_15g	2811	Picture	666	32292019	0	1	20304	1	0	next	other	0
210218_RL#220_15g	2812	Picture	777	32312324	0	1	20303	4	0	next	other	0
210218_RL#220_15g	2812	Manual	1	32332336	20013	NA
210218_RL#220_15g	2813	Sound	212	32334033	1406	1			0		other	0
210218_RL#220_15g	2814	Picture	555	32337953	0	3	10319	6	0	next	other	0
210218_RL#220_15g	2815	Picture	10	32348272	0	3	20139	6	0	next	miss	0
210218_RL#220_15g	2816	Picture	411	32368410	0	4	1000	5	0	next	other	0
210218_RL#220_15g	2817	Picture	666	32369411	0	2	20137	5	0	next	other	0
210218_RL#220_15g	2818	Picture	777	32389548	0	4	20306	5	0	next	other	0
210218_RL#220_15g	2818	Manual	1	32409564	20017	NA
210218_RL#220_15g	2819	Sound	212	32411033	1179	1			0		other	0
210218_RL#220_15g	2820	Picture	555	32415179	0	1	10319	2	0	next	other	0
210218_RL#220_15g	2821	Picture	10	32425499	0	1	20303	4	0	next	miss	0
210218_RL#220_15g	2822	Picture	411	32445802	0	3	999	5	0	next	other	0
210218_RL#220_15g	2823	Picture	666	32446801	0	2	20304	5	0	next	other	0
210218_RL#220_15g	2824	Picture	777	32467105	0	4	20306	7	0	next	other	0
210218_RL#220_15g	2824	Manual	1	32487118	20013	NA
210218_RL#220_15g	2825	Sound	212	32489032	1622	1			0		other	0
210218_RL#220_15g	2826	Picture	555	32492570	0	4	10148	11	0	next	other	0
210218_RL#220_15g	2827	Picture	10	32502718	0	8	20144	10	0	next	miss	0
210218_RL#220_15g	2828	Picture	411	32522862	0	3	999	3	0	next	other	0
210218_RL#220_15g	2829	Picture	666	32523861	0	1	20305	2	0	next	other	0
210218_RL#220_15g	2830	Picture	777	32544165	0	1	20305	2	0	next	other	0
210218_RL#220_15g	2830	Manual	2	32564179	20013	NA
210218_RL#220_15g	2831	Sound	211	32566032	1562	1			0		other	0
210218_RL#220_15g	2832	Picture	555	32569795	0	3	10318	6	0	next	other	0
210218_RL#220_15g	2833	Picture	10	32580113	0	4	20305	7	0	next	miss	0
210218_RL#220_15g	2834	Picture	451	32600419	0	4	1167	5	0	next	other	0
210218_RL#220_15g	2835	Picture	666	32601585	0	2	20137	5	0	next	other	0
210218_RL#220_15g	2836	Picture	777	32621722	0	4	20306	5	0	next	other	0
210218_RL#220_15g	2836	Manual	2	32641736	20013	NA
210218_RL#220_15g	2837	Sound	211	32644032	2004	1			0		other	0
210218_RL#220_15g	2838	Picture	555	32647354	0	1	10319	2	0	next	other	0
210218_RL#220_15g	2839	Picture	10	32657673	0	1	20305	2	0	next	miss	0
210218_RL#220_15g	2840	Picture	451	32677978	0	2	1165	2	0	next	other	0
210218_RL#220_15g	2841	Picture	666	32679143	0	1	20303	4	0	next	other	0
210218_RL#220_15g	2842	Picture	777	32699446	0	3	20305	6	0	next	other	0
210218_RL#220_15g	2842	Manual	1	32719467	20020	NA
210218_RL#220_15g	2843	Sound	212	32721032	1281	1			0		other	0
210218_RL#220_15g	2844	Picture	555	32724911	0	4	10152	8	0	next	other	0
210218_RL#220_15g	2845	Picture	10	32735063	0	4	20139	8	0	next	miss	0
210218_RL#220_15g	2846	Picture	411	32755202	0	4	1497	8	0	next	other	0
210218_RL#220_15g	2847	Picture	666	32756699	0	4	20307	5	0	next	other	0
210218_RL#220_15g	2848	Picture	777	32777006	0	1	20305	2	0	next	other	0
210218_RL#220_15g	2848	Manual	2	32797018	20012	NA
210218_RL#220_15g	2849	Sound	212	32799032	1722	1			0		other	0
210218_RL#220_15g	2850	Picture	555	32802637	0	1	10317	4	0	next	other	0
210218_RL#220_15g	2851	Picture	10	32812953	0	3	20307	5	0	next	miss	0
210218_RL#220_15g	2852	Picture	411	32833260	0	2	999	3	0	next	other	0
210218_RL#220_15g	2853	Picture	666	32834259	0	2	20137	5	0	next	other	0
210218_RL#220_15g	2854	Picture	777	32854396	0	4	20138	8	0	next	other	0
210218_RL#220_15g	2854	Manual	2	32874409	20013	NA
210218_RL#220_15g	2855	Sound	211	32876032	1498	1			0		other	0
210218_RL#220_15g	2856	Picture	555	32879694	0	4	10320	5	0	next	other	0
210218_RL#220_15g	2857	Picture	10	32890014	0	1	20305	1	0	next	miss	0
210218_RL#220_15g	2858	Picture	451	32910319	0	1	1332	1	0	next	other	0
210218_RL#220_15g	2859	Picture	666	32911650	0	1	20303	4	0	next	other	0
210218_RL#220_15g	2860	Picture	777	32931953	0	3	20305	6	0	next	other	0
210218_RL#220_15g	2860	Manual	1	32951967	20014	NA
210218_RL#220_15g	2861	Sound	211	32954032	1774	1			0		other	0
210218_RL#220_15g	2862	Picture	555	32957418	0	4	10153	7	0	next	other	0
210218_RL#220_15g	2863	Picture	10	32967571	0	4	20139	7	0	next	miss	0
210218_RL#220_15g	2864	Picture	451	32987709	0	4	1165	7	0	next	other	0
210218_RL#220_15g	2865	Picture	666	32988874	0	4	20306	5	0	next	other	0
210218_RL#220_15g	2866	Picture	777	33009180	0	1	20305	2	0	next	other	0
210218_RL#220_15g	2866	Manual	1	33029198	20018	NA
210218_RL#220_15g	2867	Sound	212	33031032	1547	1			0		other	0
210218_RL#220_15g	2868	Picture	555	33034811	0	1	10317	4	0	next	other	0
210218_RL#220_15g	2869	Picture	10	33045128	0	3	20305	6	0	next	miss	0
210218_RL#220_15g	2870	Picture	411	33065433	0	3	1165	6	0	next	other	0
210218_RL#220_15g	2871	Picture	666	33066598	0	3	20134	12	0	next	other	0
210218_RL#220_15g	2872	Picture	777	33086732	0	9	20143	12	0	next	other	0
210218_RL#220_15g	2872	Manual	2	33106746	20013	NA
210218_RL#220_15g	2873	Sound	211	33108032	1157	1			0		other	0
210218_RL#220_15g	2874	Picture	555	33112035	0	4	10320	5	0	next	other	0
210218_RL#220_15g	2875	Picture	10	33122355	0	1	20305	2	0	next	miss	0
210218_RL#220_15g	2876	Picture	451	33142660	0	1	1165	2	0	next	other	0
210218_RL#220_15g	2877	Picture	666	33143825	0	1	20303	4	0	next	other	0
210218_RL#220_15g	2878	Picture	777	33164128	0	4	20305	6	0	next	other	0
210218_RL#220_15g	2878	Manual	1	33184143	20015	NA
210218_RL#220_15g	2879	Sound	212	33186032	1599	1			0		other	0
210218_RL#220_15g	2880	Picture	555	33189592	0	4	10153	7	0	next	other	0
210218_RL#220_15g	2881	Picture	10	33199745	0	3	20138	7	0	next	miss	0
210218_RL#220_15g	2882	Picture	411	33219884	0	4	1332	7	0	next	other	0
210218_RL#220_15g	2883	Picture	666	33221215	0	4	20306	5	0	next	other	0
210218_RL#220_15g	2884	Picture	777	33241521	0	1	20305	2	0	next	other	0
210218_RL#220_15g	2884	Manual	1	33261535	20014	NA
210218_RL#220_15g	2885	Sound	211	33263032	1206	1			0		other	0
210218_RL#220_15g	2886	Picture	555	33267152	0	1	10319	2	0	next	other	0
210218_RL#220_15g	2887	Picture	10	33277471	0	1	20303	4	0	next	miss	0
210218_RL#220_15g	2888	Picture	451	33297774	0	3	1167	4	0	next	other	0
210218_RL#220_15g	2889	Picture	666	33298941	0	1	20137	5	0	next	other	0
210218_RL#220_15g	2890	Picture	777	33319078	0	4	20139	7	0	next	other	0
210218_RL#220_15g	2890	Manual	2	33339094	20016	NA
210218_RL#220_15g	2891	Sound	212	33341032	1815	1			0		other	0
210218_RL#220_15g	2892	Picture	555	33344377	0	2	10150	7	0	next	other	0
210218_RL#220_15g	2893	Picture	10	33354528	0	5	20306	6	0	next	miss	0
210218_RL#220_15g	2894	Picture	411	33374834	0	1	999	2	0	next	other	0
210218_RL#220_15g	2895	Picture	666	33375833	0	1	20305	2	0	next	other	0
210218_RL#220_15g	2896	Picture	777	33396138	0	1	20305	2	0	next	other	0
210218_RL#220_15g	2896	Manual	2	33416153	20015	NA
210218_RL#220_15g	2897	Sound	211	33418032	1589	1			0		other	0
210218_RL#220_15g	2898	Picture	555	33421601	0	3	10153	6	0	next	other	0
210218_RL#220_15g	2899	Picture	10	33431753	0	3	20138	7	0	next	miss	0
210218_RL#220_15g	2900	Picture	451	33451892	0	4	1165	7	0	next	other	0
210218_RL#220_15g	2901	Picture	666	33453056	0	4	20139	8	0	next	other	0
210218_RL#220_15g	2902	Picture	777	33473195	0	4	20306	5	0	next	other	0
210218_RL#220_15g	2902	Manual	2	33493208	20013	NA
210218_RL#220_15g	2903	Sound	212	33495032	1530	1			0		other	0
210218_RL#220_15g	2904	Picture	555	33498827	0	1	10319	1	0	next	other	0
210218_RL#220_15g	2905	Picture	10	33509146	0	1	20303	4	0	next	miss	0
210218_RL#220_15g	2906	Picture	411	33529449	0	3	832	6	0	next	other	0
210218_RL#220_15g	2907	Picture	666	33530282	0	3	20307	5	0	next	other	0
210218_RL#220_15g	2908	Picture	777	33550588	0	2	20135	7	0	next	other	0
210218_RL#220_15g	2908	Manual	2	33570603	20014	NA
210218_RL#220_15g	2909	Sound	211	33572032	1309	1			0		other	0
210218_RL#220_15g	2910	Picture	555	33575885	0	4	10152	7	0	next	other	0
210218_RL#220_15g	2911	Picture	10	33586037	0	4	20306	5	0	next	miss	0
210218_RL#220_15g	2912	Picture	451	33606343	0	1	1332	1	0	next	other	0
210218_RL#220_15g	2913	Picture	666	33607675	0	1	20305	1	0	next	other	0
210218_RL#220_15g	2914	Picture	777	33627980	0	1	20303	4	0	next	other	0
210218_RL#220_15g	2914	Manual	2	33647998	20018	NA
210218_RL#220_15g	2915	Sound	211	33650031	1749	1			0		other	0
210218_RL#220_15g	2916	Picture	555	33653608	0	3	10152	7	0	next	other	0
210218_RL#220_15g	2917	Picture	10	33663761	0	4	20139	7	0	next	miss	0
210218_RL#220_15g	2918	Picture	451	33683900	0	4	1000	5	0	next	other	0
210218_RL#220_15g	2919	Picture	666	33684900	0	2	20137	6	0	next	other	0
210218_RL#220_15g	2920	Picture	777	33705037	0	4	20306	5	0	next	other	0
210218_RL#220_15g	2920	Manual	1	33725050	20013	NA
210218_RL#220_15g	2921	Sound	212	33727031	1688	1			0		other	0
210218_RL#220_15g	2922	Picture	555	33730669	0	1	10319	2	0	next	other	0
210218_RL#220_15g	2923	Picture	10	33740988	0	1	20303	4	0	next	miss	0
210218_RL#220_15g	2924	Picture	411	33761291	0	3	832	6	0	next	other	0
210218_RL#220_15g	2925	Picture	666	33762123	0	3	20305	6	0	next	other	0
210218_RL#220_15g	2926	Picture	777	33782428	0	4	20139	7	0	next	other	0
210218_RL#220_15g	2926	Manual	1	33802441	20013	NA
210218_RL#220_15g	2927	Sound	211	33804031	1465	1			0		other	0
210218_RL#220_15g	2928	Picture	555	33807726	0	4	10152	8	0	next	other	0
210218_RL#220_15g	2929	Picture	10	33817878	0	4	20306	5	0	next	miss	0
210218_RL#220_15g	2930	Picture	451	33838185	0	1	1165	2	0	next	other	0
210218_RL#220_15g	2931	Picture	666	33839350	0	1	20305	2	0	next	other	0
210218_RL#220_15g	2932	Picture	777	33859655	0	1	20303	4	0	next	other	0
210218_RL#220_15g	2932	Manual	2	33879669	20015	NA
210218_RL#220_15g	2933	Sound	212	33881031	1073	1			0		other	0
210218_RL#220_15g	2934	Picture	555	33885284	0	3	10319	6	0	next	other	0
210218_RL#220_15g	2935	Picture	10	33895603	0	3	20140	5	0	next	miss	0
210218_RL#220_15g	2936	Picture	411	33915743	0	2	997	5	0	next	other	0
210218_RL#220_15g	2937	Picture	666	33916740	0	3	20138	7	0	next	other	0
210218_RL#220_15g	2938	Picture	777	33936878	0	4	20306	5	0	next	other	0
210218_RL#220_15g	2938	Manual	2	33956896	20018	NA
210218_RL#220_15g	2939	Sound	211	33959031	1847	1			0		other	0
210218_RL#220_15g	2940	Picture	555	33962511	0	1	10319	1	0	next	other	0
210218_RL#220_15g	2941	Picture	10	33972830	0	1	20305	2	0	next	miss	0
210218_RL#220_15g	2942	Picture	451	33993134	0	1	1163	3	0	next	other	0
210218_RL#220_15g	2943	Picture	666	33994298	0	3	20305	5	0	next	other	0
210218_RL#220_15g	2944	Picture	777	34014603	0	3	20306	5	0	next	other	0
210218_RL#220_15g	2944	Manual	2	34034616	20013	NA
210218_RL#220_15g	2945	Sound	212	34036031	1122	1			0		other	0
210218_RL#220_15g	2946	Picture	555	34040067	0	4	10152	7	0	next	other	0
210218_RL#220_15g	2947	Picture	10	34050220	0	4	20306	5	0	next	miss	0
210218_RL#220_15g	2948	Picture	411	34070526	0	1	999	2	0	next	other	0
210218_RL#220_15g	2949	Picture	666	34071525	0	1	20305	1	0	next	other	0
210218_RL#220_15g	2950	Picture	777	34091829	0	1	20304	3	0	next	other	0
210218_RL#220_15g	2950	Manual	1	34111843	20014	NA
210218_RL#220_15g	2951	Sound	211	34114031	1898	1			0		other	0
210218_RL#220_15g	2952	Picture	555	34117458	0	3	10319	6	0	next	other	0
210218_RL#220_15g	2953	Picture	10	34127777	0	3	20138	7	0	next	miss	0
210218_RL#220_15g	2954	Picture	451	34147915	0	4	1165	7	0	next	other	0
210218_RL#220_15g	2955	Picture	666	34149081	0	4	20139	7	0	next	other	0
210218_RL#220_15g	2956	Picture	777	34169219	0	4	20306	5	0	next	other	0
210218_RL#220_15g	2956	Manual	2	34189233	20014	NA
210218_RL#220_15g	2957	Sound	212	34191031	1505	1			0		other	0
210218_RL#220_15g	2958	Picture	555	34194852	0	1	10319	2	0	next	other	0
210218_RL#220_15g	2959	Picture	10	34205170	0	1	20305	2	0	next	miss	0
210218_RL#220_15g	2960	Picture	411	34225475	0	1	832	2	0	next	other	0
210218_RL#220_15g	2961	Picture	666	34226308	0	1	20305	2	0	next	other	0
210218_RL#220_15g	2962	Picture	777	34246613	0	1	20304	4	0	next	other	0
210218_RL#220_15g	2962	Manual	2	34266628	20016	NA
210218_RL#220_15g	2963	Sound	211	34268031	1115	1			0		other	0
210218_RL#220_15g	2964	Picture	555	34272075	0	4	10154	5	0	next	other	0
210218_RL#220_15g	2965	Picture	10	34282229	0	2	20137	6	0	next	miss	0
210218_RL#220_15g	2966	Picture	451	34302366	0	4	1331	8	0	next	other	0
210218_RL#220_15g	2967	Picture	666	34303697	0	4	20307	5	0	next	other	0
210218_RL#220_15g	2968	Picture	777	34324004	0	1	20305	2	0	next	other	0
210218_RL#220_15g	2968	Manual	1	34344018	20014	NA
210218_RL#220_15g	2969	Sound	212	34346031	1722	1			0		other	0
210218_RL#220_15g	2970	Picture	555	34349633	0	3	10319	6	0	next	other	0
210218_RL#220_15g	2971	Picture	10	34359952	0	3	20305	6	0	next	miss	0
210218_RL#220_15g	2972	Picture	411	34380257	0	3	832	6	0	next	other	0
210218_RL#220_15g	2973	Picture	666	34381089	0	3	20139	7	0	next	other	0
210218_RL#220_15g	2974	Picture	777	34401227	0	4	20138	8	0	next	other	0
210218_RL#220_15g	2974	Manual	1	34421242	20015	NA
210218_RL#220_15g	2975	Sound	212	34423031	1665	1			0		other	0
210218_RL#220_15g	2976	Picture	555	34426526	0	4	10320	5	0	next	other	0
210218_RL#220_15g	2977	Picture	10	34436846	0	1	20305	2	0	next	miss	0
210218_RL#220_15g	2978	Picture	411	34457150	0	1	1165	3	0	next	other	0
210218_RL#220_15g	2979	Picture	666	34458316	0	2	20303	5	0	next	other	0
210218_RL#220_15g	2980	Picture	777	34478619	0	3	20307	4	0	next	other	0
210218_RL#220_15g	2980	Manual	1	34498633	20014	NA
210218_RL#220_15g	2981	Sound	211	34500031	1105	1			0		other	0
210218_RL#220_15g	2982	Picture	555	34504083	0	3	10154	5	0	next	other	0
210218_RL#220_15g	2983	Picture	10	34514237	0	2	20137	6	0	next	miss	0
210218_RL#220_15g	2984	Picture	451	34534375	0	4	1165	7	0	next	other	0
210218_RL#220_15g	2985	Picture	666	34535540	0	4	20306	4	0	next	other	0
210218_RL#220_15g	2986	Picture	777	34555846	0	1	20305	2	0	next	other	0
210218_RL#220_15g	2986	Manual	2	34575863	20017	NA
210218_RL#220_15g	2987	Sound	211	34578031	1880	1			0		other	0
210218_RL#220_15g	2988	Picture	555	34581476	0	1	10318	4	0	next	other	0
210218_RL#220_15g	2989	Picture	10	34591794	0	3	20305	5	0	next	miss	0
210218_RL#220_15g	2990	Picture	451	34612099	0	3	1331	6	0	next	other	0
210218_RL#220_15g	2991	Picture	666	34613430	0	3	20138	7	0	next	other	0
210218_RL#220_15g	2992	Picture	777	34633568	0	4	20139	8	0	next	other	0
210218_RL#220_15g	2992	Manual	2	34653583	20015	NA
210218_RL#220_15g	2993	Sound	212	34655031	1324	1			0		other	0
210218_RL#220_15g	2994	Picture	555	34658867	0	4	10320	5	0	next	other	0
210218_RL#220_15g	2995	Picture	10	34669187	0	2	20305	2	0	next	miss	0
210218_RL#220_15g	2996	Picture	411	34689492	0	1	999	1	0	next	other	0
210218_RL#220_15g	2997	Picture	666	34690490	0	1	20301	5	0	next	other	0
210218_RL#220_15g	2998	Picture	777	34710792	0	5	20307	8	0	next	other	0
210218_RL#220_15g	2998	Manual	1	34730806	20014	NA
210218_RL#220_15g	2999	Sound	211	34733031	1932	1			0		other	0
210218_RL#220_15g	3000	Picture	555	34736258	0	4	10153	7	0	next	other	0
210218_RL#220_15g	3001	Picture	10	34746410	0	4	20138	8	0	next	miss	0
210218_RL#220_15g	3002	Picture	451	34766548	0	4	1165	8	0	next	other	0
210218_RL#220_15g	3003	Picture	666	34767714	0	4	20306	5	0	next	other	0
210218_RL#220_15g	3004	Picture	777	34788020	0	1	20305	2	0	next	other	0
210218_RL#220_15g	3004	Manual	2	34808034	20014	NA
210218_RL#220_15g	3005	Sound	212	34810030	1706	1			0		other	0
210218_RL#220_15g	3006	Picture	555	34813651	0	1	10319	2	0	next	other	0
210218_RL#220_15g	3007	Picture	10	34823970	0	1	20305	3	0	next	miss	0
210218_RL#220_15g	3008	Picture	411	34844275	0	2	997	5	0	next	other	0
210218_RL#220_15g	3009	Picture	666	34845271	0	3	20139	7	0	next	other	0
210218_RL#220_15g	3010	Picture	777	34865410	0	4	20139	7	0	next	other	0
210218_RL#220_15g	3010	Manual	2	34885428	20018	NA
210218_RL#220_15g	3011	Sound	212	34887030	1482	1			0		other	0
210218_RL#220_15g	3012	Picture	555	34890704	0	8	10157	12	0	next	other	0
210218_RL#220_15g	3013	Picture	10	34900860	0	4	20306	5	0	next	miss	0
210218_RL#220_15g	3014	Picture	411	34921167	0	1	999	1	0	next	other	0
210218_RL#220_15g	3015	Picture	666	34922165	0	1	20305	2	0	next	other	0
210218_RL#220_15g	3016	Picture	777	34942470	0	1	20303	4	0	next	other	0
210218_RL#220_15g	3016	Manual	2	34962486	20015	NA
210218_RL#220_15g	3017	Sound	212	34964030	1257	1			0		other	0
210218_RL#220_15g	3018	Picture	555	34967933	0	4	10153	7	0	next	other	0
210218_RL#220_15g	3019	Picture	10	34978085	0	4	20139	7	0	next	miss	0
210218_RL#220_15g	3020	Picture	411	34998224	0	4	1001	5	0	next	other	0
210218_RL#220_15g	3021	Picture	666	34999224	0	2	20136	6	0	next	other	0
210218_RL#220_15g	3022	Picture	777	35019361	0	4	20306	5	0	next	other	0
210218_RL#220_15g	3022	Manual	1	35039374	20013	NA
210218_RL#220_15g	3023	Sound	211	35041030	1363	1			0		other	0
210218_RL#220_15g	3024	Picture	555	35044993	0	1	10319	2	0	next	other	0
210218_RL#220_15g	3025	Picture	10	35055312	0	1	20303	4	0	next	miss	0
210218_RL#220_15g	3026	Picture	451	35075615	0	3	1166	6	0	next	other	0
210218_RL#220_15g	3027	Picture	666	35076781	0	3	20305	5	0	next	other	0
210218_RL#220_15g	3028	Picture	777	35097086	0	3	20138	7	0	next	other	0
210218_RL#220_15g	3028	Manual	1	35117100	20014	NA
210218_RL#220_15g	3029	Sound	211	35119030	1807	1			0		other	0
210218_RL#220_15g	3030	Picture	555	35122383	0	4	10152	8	0	next	other	0
210218_RL#220_15g	3031	Picture	10	35132536	0	4	20307	5	0	next	miss	0
210218_RL#220_15g	3032	Picture	451	35152842	0	1	1165	2	0	next	other	0
210218_RL#220_15g	3033	Picture	666	35154007	0	1	20305	2	0	next	other	0
210218_RL#220_15g	3034	Picture	777	35174312	0	1	20305	2	0	next	other	0
210218_RL#220_15g	3034	Manual	2	35194329	20016	NA
210218_RL#220_15g	3035	Sound	212	35196030	1413	1			0		other	0
210218_RL#220_15g	3036	Picture	555	35199941	0	3	10153	6	0	next	other	0
210218_RL#220_15g	3037	Picture	10	35210094	0	3	20138	6	0	next	miss	0
210218_RL#220_15g	3038	Picture	411	35230232	0	4	999	7	0	next	other	0
210218_RL#220_15g	3039	Picture	666	35231231	0	4	20139	7	0	next	other	0
210218_RL#220_15g	3040	Picture	777	35251369	0	4	20306	4	0	next	other	0
210218_RL#220_15g	3040	Manual	1	35271383	20014	NA
210218_RL#220_15g	3041	Sound	211	35273030	1354	1			0		other	0
210218_RL#220_15g	3042	Picture	555	35277001	0	1	10319	2	0	next	other	0
210218_RL#220_15g	3043	Picture	10	35287320	0	1	20304	4	0	next	miss	0
210218_RL#220_15g	3044	Picture	451	35307624	0	3	1165	5	0	next	other	0
210218_RL#220_15g	3045	Picture	666	35308788	0	3	20305	6	0	next	other	0
210218_RL#220_15g	3046	Picture	777	35329093	0	3	20305	7	0	next	other	0
210218_RL#220_15g	3046	Manual	2	35349111	20018	NA
210218_RL#220_15g	3047	Sound	211	35351030	1632	1			0		other	0
210218_RL#220_15g	3048	Picture	555	35354558	0	4	10152	7	0	next	other	0
210218_RL#220_15g	3049	Picture	10	35364710	0	4	20307	5	0	next	miss	0
210218_RL#220_15g	3050	Picture	451	35385017	0	1	1165	2	0	next	other	0
210218_RL#220_15g	3051	Picture	666	35386182	0	1	20305	2	0	next	other	0
210218_RL#220_15g	3052	Picture	777	35406486	0	1	20299	8	0	next	other	0
210218_RL#220_15g	3052	Manual	2	35426504	20017	NA
210218_RL#220_15g	3053	Sound	212	35428030	1244	1			0		other	0
210218_RL#220_15g	3054	Picture	555	35432116	0	3	10319	6	0	next	other	0
210218_RL#220_15g	3055	Picture	10	35442435	0	3	20138	6	0	next	miss	0
210218_RL#220_15g	3056	Picture	411	35462573	0	4	834	5	0	next	other	0
210218_RL#220_15g	3057	Picture	666	35463407	0	2	20137	5	0	next	other	0
210218_RL#220_15g	3058	Picture	777	35483544	0	4	27709	4	0	next	other	0


{
   "app": "Presentation Version 21.1 Build 09.05.19",
   "device": "Gigabyte Technology Co., Ltd. H81M-DS2V",
   "experiment": "{4966F466-F22F-445F-BC2F-3C4E2DE351EB}",
   "os": "Windows 10 64 bit",
   "package": "",
   "parameters": {
      "configuration": "Default configuration"
   },
   "scenario": "210202_CuedAudRL_delay1000_NoCS_[R#1Hit]_[R#2Hit].sce",
   "subject": "210218_RL#220_15g",
   "timestamp": "2021/02/18 02:54:20 GMT"
}
